text,label,source
GlutenFreeOmegaFlax&FibeerBread,food,synthetic_ocr_aug
Beer,food,receipt_ocr
Organicparsley,food,synthetic_ocr_aug
Uncuredapplewoodsmokedbacon,food,synthetic_ocr_aug
Baby Spinach & Arugula,food,instacart_web
$1-.,not_food,receipt_ocr
Welght1.89lbs@$19.50/bs,not_food,receipt_ocr
Vanilla Pure Almond Milk,food,instacart_web
127.20,not_food,receipt_ocr
ADD RAW ONIONS& SACON PLL,food,receipt_ocr
Organic Flax Plus Multibran Flakes Cereal,food,instacart_web
Alla Vodka Sauce,food,instacart_web
WATER YTEAQO.50,food,receipt_ocr
Chocolate Chip & Oatmeal Cookies,food,instacart_web
comp,not_food,receipt_ocr
Labn<U+00E9> Kefir Cheese,food,instacart_web
Mascarpone,food,instacart_web
Orange Strawberry Banana Juice,food,instacart_web
LEMONCAYENNEAGAVECOLDPRESSED,food,synthetic_ocr_aug
DOSEOUlS:,not_food,receipt_ocr
Egg & Smoked Gouda Multi-Grain Flatbread Breakfast Sandwich,food,instacart_web
Essentials Organic Green Delight Juice,food,instacart_web
Alessi Balsalmic Vinegar,food,branded_items_web
America'sFavoriteTea,food,synthetic_ocr_aug
87.45,not_food,receipt_ocr
Bistro Bowl Chicken Caesar Salad,food,instacart_web
Fully Cooked Boneless Ribs in Sweet Hickory Sauce,food,instacart_web
nAtuRalmiLKcHOCOLaTebar,food,synthetic_ocr_aug
Organic Romaine Lettuce Hearts,food,instacart_web
Birthday Candles,food,instacart_web
bout barley,food,receipt_ocr
$FiveLU,not_food,receipt_ocr
170.00,not_food,receipt_ocr
ROL,food,receipt_ocr
BRCFLRTEAT SMART,food,receipt_ocr
32 oz UHT Eggnog Eggnog,food,instacart_web
EXTRASTOUT,food,synthetic_ocr_aug
CHTCHAMORADA,food,receipt_ocr
S3.75,not_food,receipt_ocr
Hemp Vanilla Unsweetened Non-Dairy Beverage,food,instacart_web
Chipotle Hot Sauce,food,instacart_web
Traditional Style Pink Salmon,food,instacart_web
TSKIRT,food,receipt_ocr
SEDAAPMIE BASOSPZT,food,receipt_ocr
Teriyaki Don Burt,food,receipt_ocr
Sweet & Salty Kettlecorn,food,instacart_web
150.00.4,not_food,receipt_ocr
Dijon Honey Mustard Dressing,food,instacart_web
Green Tea Bottled,food,synthetic_food_list
15da71bb84eec7d54bsd7cec031,not_food,receipt_ocr
Grade A Extra Large Eggs,food,instacart_web
VNBB5LOOO,not_food,receipt_ocr
Plain Non-Fat Greek Yogurt,food,instacart_web
Organic Cinnamon Crunch Cereal,food,instacart_web
Panko Bread Crumbs,food,instacart_web
Reconstituted Lemon Juice,food,instacart_web
$5220,not_food,receipt_ocr
French Onion Dip Mix,food,instacart_web
Classic Meal For 2 Shrimp Scampi & Linguine,food,instacart_web
GlutenFreeMultiSeedRiceThinCrackers,food,synthetic_ocr_aug
OrgnicBraebrnApple,food,synthetic_ocr_aug
Mitu wipes5os,not_food,receipt_ocr
AYAMGORENGMEDJA,food,receipt_ocr
1Box,not_food,receipt_ocr
rganich<U+00E8>vreFleurieSoftRipenedGoatChese,food,synthetic_ocr_aug
Turkey Franks,food,instacart_web
Wild Caught Skinless & Boneless Sardines Packed in Pure Olive Oil,food,instacart_web
3OCHA（DR1),food,receipt_ocr
PeachCitrrusSoda,food,synthetic_ocr_aug
Sweet & Salty Nut Peanut Granola Bars,food,instacart_web
1895,not_food,receipt_ocr
2% Reduced Fat Milk,food,instacart_web
X650,not_food,receipt_ocr
Pomelo Grapefruit & Aloe Appeal,food,instacart_web
RegularPrice.Grilled Onion(so.75),food,receipt_ocr
Bubblemint Sugarfree Gum,food,instacart_web
00.57,not_food,receipt_ocr
Red Beans In Mild Chili Sauce,food,instacart_web
Pretzel Hamburger Buns,food,instacart_web
HamburgerHelperCheddarCheeeseMelt,food,synthetic_ocr_aug
Crispy Fruit Freeze-Dried Asian Pear,food,instacart_web
Original Potato Crisps,food,instacart_web
FABER,not_food,receipt_ocr
1.00,not_food,receipt_ocr
Enchilada Black Bean Vegetable,food,instacart_web
BET YOUWANNA (CARDI B),food,receipt_ocr
349,not_food,receipt_ocr
Living Potted Rosemary,food,instacart_web
Sweet White Rice Flour,food,instacart_web
$12/95,not_food,receipt_ocr
298.00,not_food,receipt_ocr
whisky,food,basket_categories_web
Red Onions,food,instacart_web
THIRSPGBTTIPST,food,synthetic_ocr_aug
Chocolate Cookie with Salted Caramel Ice Cream,food,instacart_web
Thai Coconut Soup,food,instacart_web
BBQ Sauce,food,synthetic_food_list
Fry,not_food,receipt_ocr
LASTIC,not_food,receipt_ocr
Mild Cheddar Semisoft Cheese,food,instacart_web
Thur.2CockShrimp,food,receipt_ocr
Tofus0.00,food,receipt_ocr
Original Wraps 6 Ct,food,instacart_web
Organic Eggplant,food,instacart_web
Petite White Corn,food,instacart_web
Medleys Assorted Fruit Fruit Flavored Snacks,food,instacart_web
BCODE&DESC-,not_food,receipt_ocr
Shelled Pistachios,food,instacart_web
3662675RBORBSPRINGD0ORSTOP5,not_food,receipt_ocr
Whole Wheat Bunnies Baked Snack Crackers,food,instacart_web
Double Fiber Bread,food,instacart_web
Vanilla Coke,food,instacart_web
Herb Roasted Chicken Dinner,food,instacart_web
spices,food,basket_categories_web
LEMAK+fCE,food,receipt_ocr
85.00,not_food,receipt_ocr
1500ZR,not_food,receipt_ocr
Organic Garnet Sweet Potato (Yam),food,instacart_web
Shrimp Entnee,food,receipt_ocr
Tropicana Mandarin Morning,food,produce_classes_web
Broccoli Cheddar Quiche,food,instacart_web
Blueberry Swirl,food,instacart_web
Organic Dark Chocolate Bar with Sea Salt and Turbinado Cane Sugar,food,instacart_web
Snuceensi,not_food,receipt_ocr
oRGANIchOtCOcOamiX,food,synthetic_ocr_aug
Chocolate Fudge High Protein Bars,food,instacart_web
FRIED RICE,food,receipt_ocr
ITENNAME,not_food,receipt_ocr
"NutrITIOnBAr,dARKCHocoLatEPome",food,synthetic_ocr_aug
1All starMeal #tti,food,receipt_ocr
ANEE,food,receipt_ocr
Pur.eCoconutWater,food,synthetic_ocr_aug
Kelloggs Special K Protein Cinnamon Brown Sugar Crunch,food,instacart_web
(ttews),not_food,receipt_ocr
Organic Premium Sweet Petite Mini Peeled Carrots,food,instacart_web
Raw Almond Nut Butter,food,instacart_web
42..00,not_food,receipt_ocr
Hodgson Mill Whole Wheat Penne Pasta,food,branded_items_web
Pan Seared Tilapia,food,receipt_ocr
Peanut Butter Chocolate Chip Meal Bar,food,instacart_web
Original Recipe Snack Mix,food,instacart_web
ActveDryYeast,food,synthetic_ocr_aug
1X020,not_food,receipt_ocr
THaricotsVert,food,receipt_ocr
1 Sauteed Spinach,food,receipt_ocr
SCAC,not_food,receipt_ocr
Ritz Peanut Butter Cracker Sandwiches,food,instacart_web
Orange Mints,food,instacart_web
TANDOORI ROT.I,food,receipt_ocr
BUCATINI,food,receipt_ocr
KINGOF EVERYTHING,not_food,receipt_ocr
OrganicAllNaturalBlueberry,food,synthetic_ocr_aug
NATURALSOURCREAM,food,synthetic_ocr_aug
Whole Wheat Blueberry Fig Bars,food,instacart_web
119,not_food,receipt_ocr
1Pint Bisque,food,receipt_ocr
19.90.5,not_food,receipt_ocr
OrganicRawKom,food,synthetic_ocr_aug
46MM*5M.(GREEND,food,receipt_ocr
GT,not_food,receipt_ocr
CinnmonTastCrnch,food,synthetic_ocr_aug
Shaved Parmesan,food,instacart_web
Serambiic.BudsSR-1o2,not_food,receipt_ocr
Organic Dill,food,instacart_web
Sparkling Natural Mineral Water,food,instacart_web
TomatoPur<U00E9>e,food,synthetic_ocr_aug
Chicken Noodle Condensed Soup,food,instacart_web
Lamb,food,receipt_ocr
All Natural Marinara Sauce,food,instacart_web
Cakn Specialty(Various),food,receipt_ocr
$2155,not_food,receipt_ocr
23.60,not_food,receipt_ocr
Stracciatella Gelato,food,instacart_web
Natural Bliss Hazelnut Coffee Creamer,food,instacart_web
Cheese Party Pizza,food,instacart_web
40100,not_food,receipt_ocr
Matcha Powder,food,instacart_web
blackben8onanzotamales,food,synthetic_ocr_aug
10800,not_food,receipt_ocr
iorchata,food,receipt_ocr
Organic Sprouted Wheat Bagels,food,instacart_web
ClassicCaesarDressing,food,synthetic_ocr_aug
"Kombucha, Organic Raw, Citrus",food,instacart_web
"RussianLowfatYogurt,2%Milkfat",food,synthetic_ocr_aug
1O4COTTONGLOVE(DOZEN),not_food,receipt_ocr
Organic Extra Firm Tofu,food,instacart_web
Protein Chocolate Peanut Butter Nourishing Food Bar,food,instacart_web
NA36,not_food,receipt_ocr
Oat Milk,food,synthetic_food_list
Extra Cheesy Cheddar Bunnies Crackers,food,instacart_web
Bur itto,food,receipt_ocr
Old Rasputin Stout Beer,food,instacart_web
Fresh Asparagus,food,instacart_web
XXXXXX,not_food,receipt_ocr
SOUP,food,receipt_ocr
Oven Baked Scoops Tortilla Chips,food,instacart_web
Pink Cripps Apple,food,instacart_web
Organic Extra Large Brown Eggs,food,instacart_web
1-00,not_food,receipt_ocr
Seedless Jewish Rye Bread,food,instacart_web
Crackers Almond Flour Rosemary Sea Salt,food,instacart_web
Organic Dark Milk Chocolate Velvet Truffles,food,instacart_web
GoldBites Soft Caramel and Almonds Dipped in Dark Chocolate,food,instacart_web
8888888,not_food,receipt_ocr
TDHSpecial,food,receipt_ocr
5.98,not_food,receipt_ocr
Deluxe Blueberry Bagels,food,instacart_web
LESSSODIUMSOYSAUCE,food,synthetic_ocr_aug
Milk Chocolate Chip Cookies,food,instacart_web
HOMECARESASCOALSOMG,not_food,receipt_ocr
Zero Kiwi Strawberry Nutrient Enhanced Water,food,instacart_web
AcaJuice Xl,food,receipt_ocr
Soft Rye Loaf Bread,food,instacart_web
Organic Genoa Salami,food,instacart_web
8cefLit'lSmokies,food,synthetic_ocr_aug
UassoTer,not_food,receipt_ocr
Sparkling Clementine Juice,food,instacart_web
Organic Mint Bunch,food,instacart_web
Goat Cheese Log,food,instacart_web
$110,not_food,receipt_ocr
Ikurashoyuzuke,food,receipt_ocr
88R89,not_food,receipt_ocr
20.00,not_food,receipt_ocr
Jumbo Butterfly Shrimp,food,instacart_web
SptcyDrnRed,food,receipt_ocr
Feta Crumbles Cheese,food,instacart_web
Galia Melon,food,produce_classes_web
OriginalChocolateChipCo1okies,food,synthetic_ocr_aug
Kettle Cooked Potato Chips Original,food,instacart_web
Hot Diced Tomatoes With Habaneros,food,instacart_web
Grinder Himalayan Salt Pink,food,instacart_web
44957612-INSAND/GRAY.ALAMEDAE,food,receipt_ocr
ass,not_food,receipt_ocr
Jasmine Enriched Long Grain Rice,food,instacart_web
-6:00,not_food,receipt_ocr
Trilogy Kombucha,food,instacart_web
100% Grated Parmesan Cheese,food,instacart_web
Organic Low Fat Vanila Milk,food,instacart_web
PORCINI*,food,receipt_ocr
Super Colossal Pimento Stuffed Spanish Queen Olives,food,instacart_web
64.95,not_food,receipt_ocr
a158.00,not_food,receipt_ocr
5.49,not_food,receipt_ocr
Beef Corn Dogs,food,instacart_web
36.0,not_food,receipt_ocr
Roasted Red Pepper Hommus,food,instacart_web
Snow Peas,food,instacart_web
Vacherousse DArgental,food,receipt_ocr
ActieDryYeas,food,synthetic_ocr_aug
GaricParm,food,receipt_ocr
Organic Gracious Granola,food,instacart_web
KissesMilkChoclateCandy,food,synthetic_ocr_aug
"Supremely Spicy Hummus, Family Size",food,instacart_web
Real Mayonnaise,food,instacart_web
yukongoldpotato,food,synthetic_ocr_aug
Vrfce,not_food,receipt_ocr
CIMORYUHT CHOML250,food,receipt_ocr
Rainbow Sherbet,food,instacart_web
Gelato Fudge Brownie<U+00A0>,food,instacart_web
192.000,not_food,receipt_ocr
Fruit and Nut Granola,food,instacart_web
HOMEStyLePoPcorN,food,synthetic_ocr_aug
Rus1ticWheatBread,food,synthetic_ocr_aug
WEEKDAY DINNE,not_food,receipt_ocr
SparkingWater#,food,synthetic_ocr_aug
Just Slop It On! West Texas Original Recipe Bar-B-Que Sawce,food,instacart_web
OrganicSlicedProvaloneCheese,food,synthetic_ocr_aug
Mixed Fruit Fruit Snacks,food,instacart_web
vinegar,food,basket_categories_web
Classic coke,food,instacart_web
1PARTYPK18-22,not_food,receipt_ocr
$dfpotong,not_food,receipt_ocr
Gluten Free Crunchy Vanilla Cereal,food,instacart_web
Salted Peanut Butter Filled Pretzels,food,instacart_web
028,not_food,receipt_ocr
Soft Family 100% Whole Wheat Bread,food,instacart_web
OrganicGroundTuurkey,food,synthetic_ocr_aug
Organic Veggie Bites,food,instacart_web
Mini Seedless Watermelon Pack,food,instacart_web
LumpCrab&SpinachDip,food,receipt_ocr
KidZBorOrganicS'moresEnergyBors,food,synthetic_ocr_aug
S2135,not_food,receipt_ocr
Frica,not_food,receipt_ocr
Dairy Pure Fat Free Milk,food,instacart_web
Premium Sweet Petites Carrots,food,instacart_web
Mild Red Enchilada Sauce,food,instacart_web
Organic Asian Sesame Dressing,food,instacart_web
Decorating Sugar Raspberry Red,food,instacart_web
ZE,not_food,receipt_ocr
Frozen Pizza Pepperoni,food,synthetic_food_list
000001888854,not_food,receipt_ocr
ShrreddedHashBrowns,food,synthetic_ocr_aug
25G,not_food,receipt_ocr
"Salad Dressing & Dip, Ranch Chia",food,instacart_web
orgANiCskIM,food,synthetic_ocr_aug
Organic Unsweetened Vanilla Coconut Non-Dairy Beverage,food,instacart_web
RegularPriceGilledonionsozs,not_food,receipt_ocr
Organic Animal Crackers,food,instacart_web
Cold Pressed Watermelon Juice,food,instacart_web
Sliced Prosciutto,food,instacart_web
Raspberry Gelatin Dessert,food,instacart_web
Renew Vegetable and Fruit Juice,food,instacart_web
Red Plums,food,instacart_web
"Organic Qi'a Superfood Oatmeal, Cinnamon Pumpkin Seed",food,instacart_web
Parmesan Cheese Crisps,food,instacart_web
140500,not_food,receipt_ocr
Gluten Free Fusilli Brown Rice Pasta,food,instacart_web
Bread Co New York Rye,food,instacart_web
Crepes,food,instacart_web
Hab RoJasRedBean,food,receipt_ocr
Ita1ianStyleRoastedPeppcrs,food,synthetic_ocr_aug
Macaroni and Cheese,food,instacart_web
(1-3),not_food,receipt_ocr
Organic Extra Thick Rolled Oats,food,instacart_web
Grade A Pasturized Lowfat Cottage Cheese,food,instacart_web
Crlspyaked.w,food,receipt_ocr
Blueberry Soft-Baked Oatmeal Squares,food,instacart_web
"167,99s",not_food,receipt_ocr
2Pint Yeungling,food,receipt_ocr
"$15,50",not_food,receipt_ocr
Ground Beef 93/7,food,synthetic_food_list
High Protein Bar Creamy Peanut Butter,food,instacart_web
Honey Smoked Turkey,food,instacart_web
Mediurnchnkysols,food,synthetic_ocr_aug
1640310083,not_food,receipt_ocr
Tea,food,receipt_ocr
Organic Roasted Dandelion Root Herbal Tea,food,instacart_web
Garant Ecological Medium Fat Milk,food,produce_classes_web
Cherry Lime Vitality Beverage,food,instacart_web
Pizza Dough,food,instacart_web
Microwave Mac And Cheese,food,synthetic_food_list
curry,food,receipt_ocr
S6,not_food,receipt_ocr
R-CORN,food,receipt_ocr
Hard Salami,food,instacart_web
NonPareil,food,synthetic_ocr_aug
Organic Dijon Mustard,food,instacart_web
Original Soda Crackers,food,instacart_web
Soft Honey Whole Wheat Bread,food,instacart_web
Plantain Chips,food,instacart_web
OrganicWhiteCaneSuugar,food,synthetic_ocr_aug
SALMON ABURI ROLL,food,receipt_ocr
1Cheeseburpor,food,receipt_ocr
30 Dullet,food,receipt_ocr
DictRoot8eer,food,synthetic_ocr_aug
Synergy Organic Kombucha Gingerberry,food,instacart_web
WellDone,not_food,receipt_ocr
Hershey's Cr<U+00E8>me Pie with a Chocolate Cookie Crust,food,instacart_web
1e215/ea,not_food,receipt_ocr
680,not_food,receipt_ocr
chole,food,receipt_ocr
Cafe Latte Pure Lightly Sweetened Iced Coffee With Almond Milk,food,instacart_web
M&M'sVanilla,food,synthetic_ocr_aug
Regular Tomato,food,produce_classes_web
Mozzarella String Cheese Made with 2% Reduced Fat Milk,food,instacart_web
Fusilli No. 34,food,instacart_web
Organi Cheddar Cheese Mild sliced,food,instacart_web
LARGEGRADEAACAGEF,food,synthetic_ocr_aug
2%MILKfatreDUCEDFaTmILK,food,synthetic_ocr_aug
Diet Dr.Pepper Soda Pack,food,instacart_web
055.000,not_food,receipt_ocr
chsnese,not_food,receipt_ocr
baoheuBe,food,receipt_ocr
OrganicCaliforniaSushiRice1,food,synthetic_ocr_aug
Sara Lee Strawberry Cheesecake Light Ice Cream,food,instacart_web
Chives,food,instacart_web
a188.00,not_food,receipt_ocr
DeliShavedOveenRoastedTurkey,food,synthetic_ocr_aug
0Rgancgrund6Ingr,food,synthetic_ocr_aug
Original Cafe Mix Granola,food,instacart_web
Gluten-FreeOriginalVeggieCChips,food,synthetic_ocr_aug
Cheose,food,receipt_ocr
18,not_food,receipt_ocr
cocoa drinks,food,basket_categories_web
"Glass,LargeSheet",not_food,receipt_ocr
FRIED/CMEIN,food,receipt_ocr
Country White Bread,food,instacart_web
LADY,food,receipt_ocr
Rice Cakes,food,synthetic_food_list
Rice Mac & Cheese,food,instacart_web
Organic Mac And Trees Fun Shape Macaroni & Cheese,food,instacart_web
Cold-Brew Black Coffee,food,instacart_web
Panko Breaded Chicken Breast Tenderloins,food,instacart_web
Pepst,food,receipt_ocr
"Certified Organic Spanish Style Rice With Quinoa, Red Bell Peppers & Corn",food,instacart_web
Black Cherry Seltzer,food,instacart_web
Raspberry Cereal,food,instacart_web
LightHarvestPeacchYogurt,food,synthetic_ocr_aug
"50,000",not_food,receipt_ocr
1K30.00,not_food,receipt_ocr
Kosher Dills Fresh Pack,food,instacart_web
Snacks String Cheese Natural Mozzarella Cheese,food,instacart_web
TPOS,not_food,receipt_ocr
Organic Bancha Hojicha Green Tea,food,instacart_web
OnionN.,food,receipt_ocr
S16,not_food,receipt_ocr
Sharp Original Semisoft Cheese,food,instacart_web
KidsFries,food,receipt_ocr
Mineralwater,food,receipt_ocr
Sprite,food,receipt_ocr
ST,not_food,receipt_ocr
OrganicFatFreeDhaOmega3Milk,food,synthetic_ocr_aug
Hr,not_food,receipt_ocr
NachtssMMoriawase,food,receipt_ocr
Grovestand Lots of Pulp Orange Juice,food,instacart_web
Mango Slices,food,instacart_web
080458,not_food,receipt_ocr
Perrier,food,receipt_ocr
Chocolate Chip Peanut Crunch Bars,food,instacart_web
Organic Not Salted Pistachios,food,instacart_web
Organic Montebello Spaghetti Italian Pasta,food,instacart_web
TWR,not_food,receipt_ocr
OrganicCreamyPeanutButterHintofSeaSalt,food,synthetic_ocr_aug
Sriracha,food,receipt_ocr
$15.95,not_food,receipt_ocr
Vanilla Pot De Creme,food,instacart_web
KOBS,food,receipt_ocr
Sea Salt & Vinegar Potato Chips,food,instacart_web
3.5MM,not_food,receipt_ocr
LONGROCERY,not_food,receipt_ocr
Mild Salsa,food,instacart_web
Artisan Sausage Pineapple Uncured Bacon Hardwood Smoked with Vermont Maple Syrup,food,instacart_web
a74:00,not_food,receipt_ocr
GETABLESHORBA,food,receipt_ocr
Traditionals,food,synthetic_ocr_aug
Duisauteiruredolor,not_food,receipt_ocr
"Stock, Roasted Chicken",food,instacart_web
Saltedbutter,food,synthetic_ocr_aug
Root Beer Soda,food,instacart_web
PU,not_food,receipt_ocr
Organic AppleBerry Applesauce on the Go,food,instacart_web
BULBSIGNAL12V8RXZG18.5,not_food,receipt_ocr
Beefsteak Tomato,food,instacart_web
MiniVanillaWa*fersCookies,food,synthetic_ocr_aug
Souper6-PackChickenFlavorRamenNoodleSoup,food,synthetic_ocr_aug
UnsweetenedTerereYerb,food,synthetic_ocr_aug
250/12,not_food,receipt_ocr
2.59,not_food,receipt_ocr
Teriyaki Marinade & Sauce,food,instacart_web
9.90,not_food,receipt_ocr
CreamyFouCheee,food,synthetic_ocr_aug
Sugar Free Gum with Xylitol Spearmint,food,instacart_web
Organic Lentil Soup,food,instacart_web
Muenster Slices,food,instacart_web
Spanish Queen Olives,food,instacart_web
nosBava,not_food,receipt_ocr
Bur-BRC @1.89,food,receipt_ocr
Band2oogm,not_food,receipt_ocr
Rastaurant,not_food,receipt_ocr
93% Ground Beef,food,instacart_web
Signature Spicy Pickle Chips,food,instacart_web
Sweet Iced Tea,food,instacart_web
ERUNG,not_food,receipt_ocr
Carrot Raisin Flax Muffins,food,instacart_web
Almond Breeze Almond & Coconut Milk Blend,food,instacart_web
24X18#,not_food,receipt_ocr
CHOWMEIN-1/2,food,receipt_ocr
Jet Puffed Miniature Marshmallows,food,instacart_web
HouseRecipe,food,receipt_ocr
52-62,not_food,receipt_ocr
9-3,not_food,receipt_ocr
1486,not_food,receipt_ocr
1SUB FIXN,food,receipt_ocr
SUMMERTIMEBLUESMULTIGRAINTORTILLACHIPS,food,synthetic_ocr_aug
stlver,not_food,receipt_ocr
GlutenFreeMultiScedRiceThirCrackers,food,synthetic_ocr_aug
Beef Short Ribs,food,synthetic_food_list
OrganicClascHummu,food,synthetic_ocr_aug
50000,not_food,receipt_ocr
PeanutButterFilledPretels,food,synthetic_ocr_aug
"KaleKrunch,rganic,SouthwstRanch",food,synthetic_ocr_aug
CHA MILK,food,receipt_ocr
GOOMG,not_food,receipt_ocr
GranPolntaxprss,food,synthetic_ocr_aug
48X403,not_food,receipt_ocr
09.6,not_food,receipt_ocr
$48,not_food,receipt_ocr
114-00,not_food,receipt_ocr
Tartare diTonno,food,receipt_ocr
Extra Lean Ground Turkey Breast,food,instacart_web
13.300,not_food,receipt_ocr
OrganicRedLenti1Perne,food,synthetic_ocr_aug
Organic Grass-Fed Classic Mild Cheddar Macaroni & Cheese,food,instacart_web
HeartyGrains10O%WholeWheatEng1ishMuffins,food,synthetic_ocr_aug
BRUNCH4COURSE,food,receipt_ocr
Turkey Burger,food,receipt_ocr
Peanut Butter Protein Bar,food,instacart_web
BTMERLOT,food,receipt_ocr
0riginalTofurkyDeli5lices,food,synthetic_ocr_aug
Mini Blueberry Muffins,food,instacart_web
Organic Hass Avocado Bag,food,instacart_web
SOUR CREAM,food,receipt_ocr
HOWYOULIKETHAT,not_food,receipt_ocr
Dijon Mustard Squeeze Bottle,food,instacart_web
BaikedPotata,food,receipt_ocr
Mozzarella Cheese,food,instacart_web
Organic Fudge Bars,food,instacart_web
Gindarasaikyo,not_food,receipt_ocr
DecoratingSugarRaspberryRed,food,synthetic_ocr_aug
Ground Beef,food,receipt_ocr
Glazed Chicken,food,instacart_web
Pasta Sauce Tomato Basil,food,instacart_web
Corn Bread Mix,food,instacart_web
Raw Coconut Crystals,food,instacart_web
Natural Fresh Goat Cheese,food,instacart_web
16.98DTSCOUNT EACH,food,receipt_ocr
34.00,not_food,receipt_ocr
Fun Size Crunch Candy Bars,food,instacart_web
1Vittel100 cl,food,receipt_ocr
Italian Style Chicken Meatballs with Mozarella Cheese,food,instacart_web
Whippe,food,synthetic_ocr_aug
AllNaturalPeachTeaBBottles,food,synthetic_ocr_aug
Veggie Penne Pasta,food,instacart_web
BcrryVeggieJuiceSmootbie,food,synthetic_ocr_aug
1-X18.00,not_food,receipt_ocr
Lasagna Noodles,food,synthetic_food_list
Boniato Sweet Potato,food,instacart_web
Descr,not_food,receipt_ocr
"Jalape<U+00F1>o String Cheese, Low Moisture Part Skim Mozzarella Cheese with Jalape<U+00F1>o Peppers",food,instacart_web
11.00,not_food,receipt_ocr
$0.00,not_food,receipt_ocr
Unbleached Enriched Super-Fine Cake Flour,food,instacart_web
Piain Rice + 2VegSet,food,receipt_ocr
OrgaricBroccoli5law,food,synthetic_ocr_aug
1Aoi Bubblegun,food,receipt_ocr
$4.95,not_food,receipt_ocr
Sun Dried Tomatoes,food,instacart_web
Tropical Burst Kids Tea,food,instacart_web
"Oats, Gluten Free, Old Fashioned",food,instacart_web
sadt1a,food,receipt_ocr
Buttermilk Biscuits Value Pack,food,instacart_web
COSTOLETTE,food,receipt_ocr
ORGANICFROSTEDFLAKESCE,food,synthetic_ocr_aug
Non-Fat Vanilla Yogurt,food,instacart_web
All Natural Sweet Onion & Roasted Garlic Pasta Sauce,food,instacart_web
$40.00,not_food,receipt_ocr
InSodas,food,receipt_ocr
"Vanilla, Chocolate, Strawberry Ice Cream",food,instacart_web
"Creamy Potato Leek Organic Soup,",food,instacart_web
s0.50,not_food,receipt_ocr
Organic Premium Tomato Paste,food,instacart_web
Chicken Tenders,food,receipt_ocr
Signature Pepperoni Crispy Thin Crust Pizza,food,instacart_web
Beancurd,food,receipt_ocr
Organic Whole String Cheese,food,instacart_web
Artisan Goat Milk Ricotta Cheese,food,instacart_web
oRGRicreFRiEDvegETArIn8lACKbnS,food,synthetic_ocr_aug
3:14,not_food,receipt_ocr
BOnelEsSSkINLesScHickEnThIGhS,food,synthetic_ocr_aug
Original Dairy Free Coconut Milk,food,instacart_web
High Performace Energy Drink,food,instacart_web
RM5.30,not_food,receipt_ocr
1.x.19-00,not_food,receipt_ocr
Large Soft Dr,food,receipt_ocr
Lighty Salted Potato Chips,food,instacart_web
Organic Agave Five Calorie Sweetener,food,instacart_web
Organic Creamy Chocolate Fudge Nutritional Shake,food,instacart_web
Triple Distilled Vodka,food,instacart_web
Watermelon Agave Frozen Pops,food,instacart_web
Bamba Peanut Snack,food,instacart_web
Cran-Raspberry Flavored Sparkling Water,food,instacart_web
NaturallySmok,food,synthetic_ocr_aug
"Omega Natural Blend Of Canola, Soy & Olive Oils",food,instacart_web
$12.95,not_food,receipt_ocr
GARLTCBREAD,food,receipt_ocr
Sourdough English Muffins,food,instacart_web
Home Style Beefless Tips,food,instacart_web
frankfurter,food,basket_categories_web
PIE SLICE,food,receipt_ocr
Honeycrisp Apples,food,instacart_web
Garlic Marinara Pasta Sauce,food,instacart_web
Organic Unsalted Diced Tomatoes,food,instacart_web
SpecialKFruit&Yogur,food,synthetic_ocr_aug
HampsbireI00%NaturalSourCream,food,synthetic_ocr_aug
T72PCR&BMEAL,food,receipt_ocr
"Pistachios, Premium Blend, Pomegranate, with Almonds, Cherries + Black Pepper",food,instacart_web
1ORDEN CHIPS,food,receipt_ocr
ECO ROAST,food,receipt_ocr
2250C,not_food,receipt_ocr
SPAGHETTI POM BASILICO,food,receipt_ocr
Organic Blueberries Clamshell,food,instacart_web
Vegetables so.ao,food,receipt_ocr
EBSSrChz,food,receipt_ocr
3 x.,not_food,receipt_ocr
Broccolini,food,instacart_web
Extra Fine Flour,food,instacart_web
Organic Bread with 21 Whole Grains,food,instacart_web
Cereal Variety Fun Pack,food,instacart_web
S89,not_food,receipt_ocr
Whole Milk Yogurt,food,instacart_web
100% Whole Wheat Hamburger Buns,food,instacart_web
Organic Pinto Beans,food,instacart_web
Builder's<U+00AE>ChocolatePea1nutButterProteinBars,food,synthetic_ocr_aug
WA38,not_food,receipt_ocr
B.OOSR+,not_food,receipt_ocr
Ind.Chips,food,receipt_ocr
Shells&WhiteCheddarPasta,food,synthetic_ocr_aug
$425,not_food,receipt_ocr
Zero Calorie Cola Soda,food,instacart_web
Organic Sweet Relish,food,instacart_web
L-SMALL,not_food,receipt_ocr
MuffinCheese,food,receipt_ocr
Crunchy Chickpeas Falafel,food,instacart_web
10.90,not_food,receipt_ocr
GRAINFREEMAPLEGRANOLA,food,synthetic_ocr_aug
Mini Chocolate Donuts,food,instacart_web
Organic Crushed Fire Roasted Tomatoes,food,instacart_web
Original Whole Grain Chips,food,instacart_web
GreekFetaCheese,food,synthetic_ocr_aug
Natural Chunky Peanut Butter,food,instacart_web
LowFatVanillaonDairyYogurt,food,synthetic_ocr_aug
"Kale Krunch, Organic, Southwest Ranch",food,instacart_web
SweetBaguette,food,synthetic_ocr_aug
Sweet Italian Style Chicken Sausage,food,instacart_web
Ramen Noodles Instant,food,synthetic_food_list
Dried Tart Cherries,food,instacart_web
Cash,not_food,receipt_ocr
oreganoleav,food,synthetic_ocr_aug
Natural Swiss Cheese Slices,food,instacart_web
Natural Shredded Mexican Style Four Cheese,food,instacart_web
9.75,not_food,receipt_ocr
cken,food,receipt_ocr
GreekFetaCbcese,food,synthetic_ocr_aug
SPCY FRY,food,receipt_ocr
ORGARCCAESARPRERNIUMCRUTONS,food,synthetic_ocr_aug
Veggie Loaf & Mashed Potatoes Entr<U+00E9>e,food,instacart_web
SEDAAPMI AYBWTL73,food,receipt_ocr
Original Velveeta Shells & Cheese,food,instacart_web
240G,not_food,receipt_ocr
Angel Hair Pasta,food,instacart_web
Best Vegetarian Baked Beans,food,instacart_web
15.90,not_food,receipt_ocr
16.600X,not_food,receipt_ocr
Chocolate Fudge Brownie Frozen Yogurt,food,instacart_web
KJ ESSENCE.MERAH,food,receipt_ocr
12.50*2,not_food,receipt_ocr
"cheese,marinated,sheep&go",food,synthetic_ocr_aug
Small Enriched Bread,food,instacart_web
Pastured Eggs,food,instacart_web
Land  O’Lakes Salted Butter,food,branded_items_web
Pure Water,food,instacart_web
"Taquitos, Crispy, Large, Vegan Chorizo & Black Bean Style 8 Count",food,instacart_web
2Minera,food,receipt_ocr
2..*Spark1ing Wine,food,receipt_ocr
350,not_food,receipt_ocr
Mozzarella Frttta,food,receipt_ocr
Sea Salt Caramel Frozen Greek Yogurt Bars,food,instacart_web
27.38,not_food,receipt_ocr
White Cannellini Kidney Beans,food,instacart_web
NachoCheesse&BeanSnacks,food,synthetic_ocr_aug
Romaine Hearts,food,instacart_web
APpie Pi,food,receipt_ocr
SlicedWhiteMush,food,synthetic_ocr_aug
ROLLUPBUNTING,not_food,receipt_ocr
AppiePi,food,receipt_ocr
359.56,not_food,receipt_ocr
NASIPUTTH,food,receipt_ocr
CramOfCelryCondnsdSoup,food,synthetic_ocr_aug
1.91,not_food,receipt_ocr
Smartfood White Cheddar Cheese Popcorn,food,instacart_web
31,not_food,receipt_ocr
Braided Twist Honey Wheat,food,instacart_web
Organic Thyme,food,instacart_web
StrawberryBanan,food,synthetic_ocr_aug
BANH BAO KEP,food,receipt_ocr
Gluten Free Vegetable Dumplings,food,instacart_web
FRENCHBATARD,food,synthetic_ocr_aug
8.45,not_food,receipt_ocr
SweetSo,food,receipt_ocr
Sauvignon Blanc,food,instacart_web
WheatGlutenFFreeWaffles,food,synthetic_ocr_aug
All Natural Creamy Caesar Dressing,food,instacart_web
6.00,not_food,receipt_ocr
DIE-CUT TRANSPARENT PP S,not_food,receipt_ocr
$15:00,not_food,receipt_ocr
GREENTEA,food,receipt_ocr
Cabbage,food,produce_classes_web
"Tofu, Extra Firm",food,instacart_web
K10:_1.X.8,not_food,receipt_ocr
D17000,not_food,receipt_ocr
#6.3 TENDERML,food,receipt_ocr
ChickenStock,food,synthetic_ocr_aug
Gluten Free White Sandwich Bread,food,instacart_web
Uncured Pepperoni Pizza,food,instacart_web
Original Cold Brew  Coffee With Milk,food,instacart_web
63,not_food,receipt_ocr
DESCRIPTIUN,not_food,receipt_ocr
MangoSrbetPops,food,synthetic_ocr_aug
12150,not_food,receipt_ocr
OriginalSparkklingSeltzerWaterCans,food,synthetic_ocr_aug
Organic Whole Grain Wheat English Muffins,food,instacart_web
Kekwa,not_food,receipt_ocr
? Fish ana Sopup Bow. ss?,food,receipt_ocr
Jugo de Chtnola,food,receipt_ocr
DOLS,not_food,receipt_ocr
Nibby Dark Chocolate,food,instacart_web
KCATOILETROLL3PLY IOR,not_food,receipt_ocr
Original Flavor Bean Dip,food,instacart_web
"Coco-Roons, Cacao Nib",food,instacart_web
Organic Natural Creations Light in Sodium Creamy Garden Tomato Soup,food,instacart_web
originai,not_food,receipt_ocr
"Cr/ispyWheat,Crackers",food,synthetic_ocr_aug
9690059,not_food,receipt_ocr
HANDLE,not_food,receipt_ocr
ks19.95,not_food,receipt_ocr
3.88,not_food,receipt_ocr
100% Pure Concord Grape Juice,food,instacart_web
Enmoladas with Meat,food,receipt_ocr
YoKids Blueberry & Strawberry/Vanilla Yogurt,food,instacart_web
"Cheese, Thin Sliced Muenster",food,instacart_web
Linguica,food,instacart_web
35995,not_food,receipt_ocr
Unsweetened Almondmilk,food,instacart_web
HATER,food,receipt_ocr
ROnionRing,food,receipt_ocr
Original Soy Milk,food,instacart_web
Muenster Cheese,food,instacart_web
Pure Vanilla Extract Madagascar Bourbon,food,instacart_web
ORGANICTRADITIONALPLAINKEFIR,food,synthetic_ocr_aug
100140,not_food,receipt_ocr
19K,not_food,receipt_ocr
Earlgreytea,food,synthetic_ocr_aug
KANISALAD,food,receipt_ocr
Dairy Alternative Vegan Sour Cream,food,instacart_web
Hacedonta,food,receipt_ocr
CHOICE3L,not_food,receipt_ocr
Organic Mint Terer<U+00E9> Yerba Mate Blend,food,instacart_web
Cinnamon Raisin Swirl Pre-Sliced Bagels,food,instacart_web
Red Sangrta Glass,food,receipt_ocr
1LCoke,food,receipt_ocr
OrganicBanchaHojichaGrreenTea,food,synthetic_ocr_aug
Classic Blend Vegan Shreds Cheese,food,instacart_web
TandooriRoti,food,receipt_ocr
335mTNat.NutriSerum,not_food,receipt_ocr
Allnaturalras,food,synthetic_ocr_aug
FaBean,food,synthetic_ocr_aug
Lactose Free Low Fat Vanilla Yogurt,food,instacart_web
Gluten Free Fettuccine,food,instacart_web
Lychee Wakoucha,food,receipt_ocr
Total(MYR),not_food,receipt_ocr
TAdd.Bacon,food,receipt_ocr
Burrata Cheese,food,instacart_web
4 Cheese Mexican Fine Cut Shredded Cheese,food,instacart_web
Kool Ranch Kale Chips,food,instacart_web
Fries LG,food,receipt_ocr
MAREITMILDPLEASE,not_food,receipt_ocr
LRG,not_food,receipt_ocr
Mini Peppers,food,instacart_web
gaPokeBowl,food,receipt_ocr
JaipurVegetables,food,synthetic_ocr_aug
"White meat chipotle chicken, corn, black beans, bell peppers, and onions Fajita-Style Chicken Spring Rolls",food,instacart_web
code,not_food,receipt_ocr
Breakfast Honey Oat Gluten Free Non GMO 5 Super Grains Bar Packs,food,instacart_web
Sesame Street Organic Homestyle Mini Pancakes,food,instacart_web
ank,not_food,receipt_ocr
TANDOORLROTI,food,receipt_ocr
RHE,not_food,receipt_ocr
2Taquitos Carne Asada (@15.00/ea),food,receipt_ocr
Crinkle Cut French Fries,food,instacart_web
Gluten Free Fudge Covered Pretzels,food,instacart_web
Kosher Whole Dill Pickles,food,instacart_web
2 Santa Fe Ckn,food,receipt_ocr
17808,not_food,receipt_ocr
OriginalCooking5proy,food,synthetic_ocr_aug
EgyptianLicoriceTeaBags,food,synthetic_ocr_aug
Orga0nic85%CacaoDarkChocolateBar,food,synthetic_ocr_aug
Sea Salt & Butter Baked Corn,food,instacart_web
OrgonicSpinochPowSalad,food,synthetic_ocr_aug
Prosciutto Cotto,food,instacart_web
"Brown Rice, Organic",food,instacart_web
Dutch Country Potato Bread,food,instacart_web
Miracle Whip Original Squeeze Bottle,food,instacart_web
Sea Salt Brownies,food,instacart_web
Cool Mint Chocolate,food,instacart_web
BUTTERNAAN,food,receipt_ocr
Caesar Salad Dressing,food,instacart_web
$25.00,not_food,receipt_ocr
Add Tequtla,food,receipt_ocr
SuperMoistYel,food,synthetic_ocr_aug
Tropical Fruit in 100% Juice,food,instacart_web
88,not_food,receipt_ocr
KITO1,not_food,receipt_ocr
Organic Love Crunch Granola Apple Crumble,food,instacart_web
05.99,not_food,receipt_ocr
Chicken Nuggets,food,instacart_web
Trilogy Kombucha Drink,food,instacart_web
Descripuion,not_food,receipt_ocr
2 Menu Decouverte29.90,food,receipt_ocr
W/ Beef,food,receipt_ocr
Organic Cooked Beets,food,instacart_web
GoodSeedOrganicThiinSlicedBread,food,synthetic_ocr_aug
Coke,food,receipt_ocr
Honey Wheat Bread,food,instacart_web
Large Pitted California Ripe Olives,food,instacart_web
curd cheese,food,basket_categories_web
"62,000",not_food,receipt_ocr
Double Noodle Classic Recipe Condensed Soup,food,instacart_web
"Master Brew Kombucha, Pineapple Peach",food,instacart_web
arge,not_food,receipt_ocr
DEPOSIT（CS00489793),not_food,receipt_ocr
PASIR KASAR (DS,not_food,receipt_ocr
65.00,not_food,receipt_ocr
Vanilla Almond Breeze Almond Milk,food,instacart_web
Buttermilk,food,instacart_web
OrganicCinnamonCrunch,food,synthetic_ocr_aug
EMAS,not_food,receipt_ocr
Caffe Verona Dark Keurig Brewed K-Cups Ground Coffee,food,instacart_web
Best Cinnamon Bread,food,instacart_web
Ground Coffee Classico Medium Roast,food,instacart_web
Banana Quick Bread and Muffin Mix,food,instacart_web
Braeburn Apple,food,instacart_web
Turkey Chili,food,instacart_web
liqueur,food,basket_categories_web
Cannellini White Kidney Beans No Salt Added,food,instacart_web
Baby Back Ribs,food,synthetic_food_list
Orange Calcium & Vitamin D Pulp Free,food,instacart_web
saLSaCaSE,food,synthetic_ocr_aug
Spaoh,food,receipt_ocr
Fresh CutHones,food,receipt_ocr
Peeled Shallots,food,instacart_web
Organic Iceberg Lettuce,food,instacart_web
Chopped Green Chiles,food,instacart_web
Cream of Mushroom Condensed Soup,food,instacart_web
Zero Calorie Orange Soda,food,instacart_web
/Pric,not_food,receipt_ocr
"Organicturkeywithrosemary,Sage&Thyme",food,synthetic_ocr_aug
Vitamin D Milk,food,instacart_web
HEaltHyrcqeSTCrdEnsEdsuPcRAmOfmsHrom,food,synthetic_ocr_aug
776,not_food,receipt_ocr
VEGMANCHOW,food,receipt_ocr
Thousand Island Dressing,food,instacart_web
Cobb Salad,food,instacart_web
Wate,food,receipt_ocr
Applesauce Pouches,food,synthetic_food_list
Chantilly Creme,food,instacart_web
REGMACHEESE,food,receipt_ocr
Organic Dark Brown Sugar,food,instacart_web
Organic Jalapeno Cilantro Hummus,food,instacart_web
Cold Brew Coffee Nitro Can,food,instacart_web
TSubSweetPotato Fres,food,receipt_ocr
Amt(RM),not_food,receipt_ocr
XoScaTlop Dumpling,food,receipt_ocr
aving,not_food,receipt_ocr
1X 6.50,not_food,receipt_ocr
Lemon with Electrolytes & Vitamins Water Beverage,food,instacart_web
Banana Bread Sprouted Bar,food,instacart_web
PEPPERCORNSHRIMP,food,receipt_ocr
"Organic Mango Acai Fruit Leather, 12 Ct",food,instacart_web
23.98,not_food,receipt_ocr
BERN,not_food,receipt_ocr
Love Crunch Dark Chocolate And Peanut Butter Granola,food,instacart_web
Frozen Dark Sweet Pitted Cherries,food,instacart_web
Marjoram Leaves,food,instacart_web
KdsGrilledcheese,food,receipt_ocr
Medium Roast Original Blend Ground Coffee,food,instacart_web
Extra KidsFry,food,receipt_ocr
Clasico Nacho Chipotle Tortilla Chips,food,instacart_web
Bacon2ySlicet,food,receipt_ocr
Milano Mint Cookies,food,instacart_web
Corn Muffin Mix,food,instacart_web
5 BUFFET50.00,food,receipt_ocr
Hoega,not_food,receipt_ocr
BarmicaFrles,food,receipt_ocr
Combo.GrilledOnion (so.75),food,receipt_ocr
CreamofMushroom,food,synthetic_ocr_aug
2-5KG,not_food,receipt_ocr
Original Baked Cheese Puffs,food,instacart_web
Hickory Smoked Classic Cut Bacon,food,instacart_web
"PantanChis,Sweet",food,synthetic_ocr_aug
OrganicExtraThickRolledOats,food,synthetic_ocr_aug
"Cereal, Puffed Rice",food,instacart_web
Cheddar Broccoli Pasta Sides,food,instacart_web
1THE UANILLE,food,receipt_ocr
Lchickenl15**,food,receipt_ocr
Original Thin Pepperoni Pizza,food,instacart_web
French Baguette,food,instacart_web
Classic Meal for 2 Chicken Florentine & Farfalle,food,instacart_web
Uncured Canadian Bacon Breakfast Burrito,food,instacart_web
Mild Italian Sausage,food,instacart_web
Cold Brew Coffee With Milk Chocolate,food,instacart_web
Farmhouse Mac & Cheese,food,instacart_web
PureOlveOi,food,synthetic_ocr_aug
COCOnUtAlmOndUNsweEtENEDcreaMerBleND,food,synthetic_ocr_aug
spinachDumpking,food,receipt_ocr
Natur1alGingerAle,food,synthetic_ocr_aug
5375,not_food,receipt_ocr
66.8S,not_food,receipt_ocr
TSOSR,not_food,receipt_ocr
330ML,not_food,receipt_ocr
ORgaNCMOntBlloOREccHIcTte1tALIaNPstA,food,synthetic_ocr_aug
9/16INWORD,not_food,receipt_ocr
868,not_food,receipt_ocr
1AmericanCoffee,food,receipt_ocr
Taco De Pescado,food,receipt_ocr
PANEERM,food,receipt_ocr
Organic Lasagna with Meat Sauce,food,instacart_web
Vegetable Tray With Low Fat Dressing,food,instacart_web
orgonzola,food,receipt_ocr
SR Cake Bundle3,food,receipt_ocr
Garlic Granules,food,instacart_web
Roka Blue Cheese Salad Dressing,food,instacart_web
SALSA aPARTE,food,receipt_ocr
30.Dullet,food,receipt_ocr
Bosc Pear,food,instacart_web
$3.81,not_food,receipt_ocr
SALMERINOPIASTRA,food,receipt_ocr
MINRALWATER,food,receipt_ocr
7.50-1,not_food,receipt_ocr
No Beverage,food,receipt_ocr
Organic Unsweetened Vanilla Almond Milk,food,instacart_web
1LTBIG TREEHIGHGLOSSPAINT,not_food,receipt_ocr
Whole Grain Organic Blueberry Waffles,food,instacart_web
Organic Cherry Tomatoes,food,instacart_web
8oogrHisau,not_food,receipt_ocr
OriginalPloinYoghvrt,food,synthetic_ocr_aug
145.00,not_food,receipt_ocr
Hazelnut Light Roast K-Cup Packs,food,instacart_web
Butter Microwave Popcorn,food,instacart_web
Origina1ThinBaconChceseburgerPizza,food,synthetic_ocr_aug
Vegan Cheddar Style Cheese Slices,food,instacart_web
Tortillas Flour,food,synthetic_food_list
"Ttem""No",not_food,receipt_ocr
.60,not_food,receipt_ocr
Classic Recipe Hazelnut Milk Chocolate,food,instacart_web
"Salame, Italian Dry",food,instacart_web
25.44,not_food,receipt_ocr
425-00,not_food,receipt_ocr
Organic Pumpkin Seeds,food,instacart_web
Sweet Potato Tortilla Chips,food,instacart_web
Sea Salt Crisps,food,instacart_web
Milk and Cookies Ice Cream,food,instacart_web
LE CLASSIDUE,not_food,receipt_ocr
Homestyle Breaded Chicken Breast Tenders,food,instacart_web
Organic Cookies 'n Cream Ice Cream,food,instacart_web
cbcolatmrshmollw,food,synthetic_ocr_aug
Steamfresh Chef's Favorites Lightly Sauced Creamed Spinach,food,instacart_web
KEEBLHI2BECEIBL,not_food,receipt_ocr
$3.29,not_food,receipt_ocr
Crunchy Rice Rollers,food,instacart_web
TENS,not_food,receipt_ocr
Organic Ch<U+00E8>vre Fleurie Soft Ripened Goat Cheese,food,instacart_web
Large Brown Free Range Eggs Grade A,food,instacart_web
IHMGrChsS-FryYog,food,receipt_ocr
Raisin Cinnamon Bread,food,instacart_web
Itemescription,not_food,receipt_ocr
12.00 Z,not_food,receipt_ocr
O.20.SR,not_food,receipt_ocr
leFrench Toast,food,receipt_ocr
Triple Layer Fruit Snack,food,instacart_web
0651b0,not_food,receipt_ocr
UNICORN2OCMHALEWHIERULEF SR,not_food,receipt_ocr
Organic Green Lentils,food,instacart_web
San Jose Ocana Bourbon Whole Bean Coffee,food,instacart_web
Premium Chocolate Coconut Water,food,instacart_web
TROPICALGOLDCHUNKSALLNATURALPINEAPPLE,food,synthetic_ocr_aug
222,not_food,receipt_ocr
Lobster Roll,food,receipt_ocr
1MFrenchFrtes,food,receipt_ocr
399,not_food,receipt_ocr
Roasted Garlic & Peppercorn Dressing & Quick Marinade,food,instacart_web
Smoked Pulled Pork,food,instacart_web
Double Protein Oatmeal English Muffins,food,instacart_web
eSaladST,food,receipt_ocr
Organic Coconut Chia Granola,food,instacart_web
miik4,food,receipt_ocr
Organic Soft White Bread,food,instacart_web
Classic Caesar Dressing,food,instacart_web
"Proscivtto,Americono",food,synthetic_ocr_aug
237,not_food,receipt_ocr
Mini Crispy Crabless Cakes,food,instacart_web
Jalapeno Kettle Cooked Potato Chips,food,instacart_web
HomeStyleChampagneCaperVinaigretteDressing,food,synthetic_ocr_aug
Chocolate Chip Cookie Dough Ice Cream,food,instacart_web
Milk Chocolate Peanut Butter Cups,food,instacart_web
"Fruitspread,Deluxe,",food,synthetic_ocr_aug
Pomegranate,food,instacart_web
Whole Berry Cranberry Sauce,food,instacart_web
FXN,not_food,receipt_ocr
Chopped Ham,food,instacart_web
Quick Cooking Rolled Oats Irish Oatmeal,food,instacart_web
Original Circus Animal Cookies,food,instacart_web
100363103,not_food,receipt_ocr
PYRAMIDBLACKTEABAGS,food,synthetic_ocr_aug
@1783,not_food,receipt_ocr
5-95,not_food,receipt_ocr
Essentials Organic Mighty Greens Juice,food,instacart_web
Coconut Oil,food,synthetic_food_list
Gacacnp,not_food,receipt_ocr
Hings,food,receipt_ocr
Hot Cocoa Mix With Marshmallows Envelopes,food,instacart_web
3025,not_food,receipt_ocr
1ARTICHAUT,food,receipt_ocr
puesNads,not_food,receipt_ocr
F04,not_food,receipt_ocr
HcirloomTornato,food,synthetic_ocr_aug
RawCAshEWnuTBUTteR,food,synthetic_ocr_aug
Turbinado Cane Sugar,food,instacart_web
CHOW MEIN-112,food,receipt_ocr
Bean Sprouts,food,instacart_web
Whole Milk,food,instacart_web
NoKetchp,not_food,receipt_ocr
$79.95,not_food,receipt_ocr
(2)REGRootbeer,food,receipt_ocr
8882-22,not_food,receipt_ocr
1810064501,not_food,receipt_ocr
3.*Patron,food,receipt_ocr
Old Fashioned Hot Dog Buns,food,instacart_web
"Hummus, Hope, Original Recipe",food,instacart_web
皖7·95,not_food,receipt_ocr
Original 5-Cheese Pizza,food,instacart_web
uesadllla,food,receipt_ocr
P.A.Souffle,food,receipt_ocr
Garden Vegetable Cream Cheese Spread,food,instacart_web
SeaSalt&VinegarKettleCook,food,synthetic_ocr_aug
Curried Lentil Soup,food,instacart_web
Organic Limes,food,instacart_web
Lori's Lemon Tea,food,instacart_web
Raisin Bread,food,instacart_web
100% Apple Juice,food,instacart_web
Fat Free Whipped Topping,food,instacart_web
COMPSCRAMBLED EGG WIT,food,receipt_ocr
Eggo Mini Homestyle Waffles,food,instacart_web
44.000,not_food,receipt_ocr
6racleAOrganicLargeBrownEggs,food,synthetic_ocr_aug
Gluten Free Honey Mustard & Onion Pretzel Sticks,food,instacart_web
Green Peas No Salt Added,food,instacart_web
$9,not_food,receipt_ocr
ShiitakeMshrms,food,synthetic_ocr_aug
Chicken Pho Concentrate,food,instacart_web
12.,not_food,receipt_ocr
Organic  Unsweetened & Salt Free Sunflower Seed Butter,food,instacart_web
UF,not_food,receipt_ocr
ImtnicoSteak,food,receipt_ocr
Light Agave Nectar,food,instacart_web
"Yogurt,SheepMilk,",food,synthetic_ocr_aug
Strawberry Lemonade,food,instacart_web
FRI-SUN DINNER $29.88,not_food,receipt_ocr
BANNERBXAFEET,not_food,receipt_ocr
HendrickGin &Tonic,food,receipt_ocr
1155,not_food,receipt_ocr
Organic Marinara Pasta Sauce,food,instacart_web
Sesame Street Friends Cookie Monster's Orange Tangerine Juice,food,instacart_web
Organic Whole Kernel Sweet Corn No Salt Added,food,instacart_web
BeefConsomm<U+00E9>CondensedSoup,food,synthetic_ocr_aug
MNALK,food,receipt_ocr
"Veggie Sausage, Egg &Cheese Breakfast Sandwich",food,instacart_web
Pinot Noir Sonoma Coast,food,instacart_web
Vegan Cheese Shreds,food,synthetic_food_list
Original Chili Con Carne With Beans,food,instacart_web
3383,not_food,receipt_ocr
123ANDROID,not_food,receipt_ocr
00000111,not_food,receipt_ocr
RLY,not_food,receipt_ocr
Cabernet Sauvignon,food,instacart_web
Italian Pasta Salad,food,instacart_web
OrgaricFrosteclMapleBrownSugarToasterPastries,food,synthetic_ocr_aug
Kopi.,food,receipt_ocr
Italian Herb Porcini Mushrooms Chicken Sausage,food,instacart_web
Baby Corn on the Cob Whole Spears,food,instacart_web
$4715,not_food,receipt_ocr
6odMorgonOrangeRedGrapcfruitJuice,food,synthetic_ocr_aug
Super Greens Salad,food,instacart_web
Macaroni & Cheese Dinner,food,instacart_web
[Ch1cken][5*****][Smal]BrownRice],food,receipt_ocr
Ciabatta,food,instacart_web
POSSIORFRT,food,synthetic_ocr_aug
ARTHURTTTBLACKCALE,not_food,receipt_ocr
Chocolate Style Cheesecake,food,instacart_web
35.95,not_food,receipt_ocr
Cadi1lac Margarita (2 @14.00),food,receipt_ocr
in,not_food,receipt_ocr
OrganicShellsAndWhiteCheddar,food,synthetic_ocr_aug
somepulporangejuice,food,synthetic_ocr_aug
atyPrloe,not_food,receipt_ocr
Royal Gala Apples,food,instacart_web
Pepper Greens,food,instacart_web
Frosted Flakes,food,instacart_web
1Box#1,not_food,receipt_ocr
"FanyLumpWhite,CrabMa",food,synthetic_ocr_aug
Whole Mushrooms,food,instacart_web
Mixed Berry Sports Drink,food,instacart_web
RIBS12STS,food,receipt_ocr
WA36,not_food,receipt_ocr
WDao Gan(s),food,receipt_ocr
Chocolate Peanut Butter Protein Bar,food,instacart_web
White Mangosteen Peach Green Tea Superfruit,food,instacart_web
Clam Juice,food,instacart_web
Chickencurry,food,receipt_ocr
Minis Original Saltine Crackers,food,instacart_web
TCECREAM(UITHSELENAGOMEZ),food,receipt_ocr
Honey Vanilla Chamomile Caffeine-Free Herbal Tea,food,instacart_web
long life bakery product,food,basket_categories_web
FrenchVanilla5uperMoistCakcMix,food,synthetic_ocr_aug
"OrganicButterhead(Boston,But",food,synthetic_ocr_aug
Organic Chocolate Chip Chewy Granola Bars,food,instacart_web
SIDECLEAR,not_food,receipt_ocr
Kitchen Cheese Enchilada,food,instacart_web
100-00,not_food,receipt_ocr
ManzanitaSo1,food,receipt_ocr
Diet Caffeine Free Naturally Flavored Lemon Lime Soda,food,instacart_web
***,not_food,receipt_ocr
8514.00,not_food,receipt_ocr
Oregano Leaves,food,instacart_web
Enlightened Organic Raw Kombucha,food,instacart_web
No Salt Added Sweet Peas,food,instacart_web
RGT,not_food,receipt_ocr
Chocolate Peanut Crisp Protein Bar,food,instacart_web
"Brownie Bites, Petite",food,instacart_web
7.20,not_food,receipt_ocr
SouthernButterPeanGourmetCoffeeCreamer,food,synthetic_ocr_aug
Original Mountain Blueberry Low Fat Yogurt,food,instacart_web
Organic Thompson Raisins,food,instacart_web
Grilled Chicken Breasts,food,instacart_web
Miso Horseradish Kimchi,food,instacart_web
Pomegranate Molasses,food,instacart_web
World Cuisine Certified Halal Chicken Tikka Masala With Basmati Rice,food,instacart_web
ShamiMasala chicken,food,receipt_ocr
1/3 Less Fat Cream Cheese,food,instacart_web
OrriginalColdBrewCoffeeWithMilk,food,synthetic_ocr_aug
Organic Red Cabbage,food,instacart_web
Caesardress,food,synthetic_ocr_aug
BEANCURD WITH,food,receipt_ocr
berotempore,not_food,receipt_ocr
PKLI Green Curry Scallops,food,receipt_ocr
NEERBEMTSAE,food,receipt_ocr
34% Cacao Milk Chocolate Bar,food,instacart_web
Buest,not_food,receipt_ocr
WALK,not_food,receipt_ocr
Unsweetened Vanilla Almondmilk,food,instacart_web
whipped cream,food,receipt_ocr
Organic Seasoned Yukon Select Potatoes Hashed Browns,food,instacart_web
Organic Italian Herb Pasta Sauce,food,instacart_web
Vanilla Almond,food,instacart_web
2.89,not_food,receipt_ocr
TIRAMISUL,food,receipt_ocr
Frozen Yogurt,food,synthetic_food_list
Cinnamon Raisin Granola,food,instacart_web
Inc.,not_food,receipt_ocr
omall Carrier,not_food,receipt_ocr
Mustard Greens,food,synthetic_food_list
61..60,not_food,receipt_ocr
11 (28.01) Acult,not_food,receipt_ocr
SUNRTSE,not_food,receipt_ocr
Havarti Dill Cheese,food,instacart_web
NN22,not_food,receipt_ocr
GFILE,not_food,receipt_ocr
Soft Baked Double Chocolate Brownie Cookies,food,instacart_web
1.X,not_food,receipt_ocr
7314,not_food,receipt_ocr
Consectetur adipiscing,not_food,receipt_ocr
HomeMenuMealsfor2OrangeChicken,food,synthetic_ocr_aug
sptnachDumping,food,receipt_ocr
ReadyRiceRedB1eans&Rice,food,synthetic_ocr_aug
OrgaicBartlePear,food,synthetic_ocr_aug
"6,300",not_food,receipt_ocr
Organic Seaweed Black Sesame Super Seed Crackers,food,instacart_web
Lowfat Raspberry Kefir Probiotic Cultured Milk Smoothie,food,instacart_web
Pineapple Yogurt 2%,food,instacart_web
Chewy 25% Low Sugar Chocolate Chip Granola,food,instacart_web
Corn Chips,food,instacart_web
UnrefinedVirginCoconutOil,food,synthetic_ocr_aug
2 DoUBLE DIP1 tky.bowl barley,food,receipt_ocr
KidsFnes,food,receipt_ocr
CRAB CAKE,food,receipt_ocr
Brownie Crunch High Protein Bar,food,instacart_web
Toatllo,food,synthetic_ocr_aug
9834915,not_food,receipt_ocr
OrgannicSproutedSpeltFlour,food,synthetic_ocr_aug
Plate,not_food,receipt_ocr
PKLT,food,receipt_ocr
tbinpzzcrvst,food,synthetic_ocr_aug
Honey Dijon Potato Chips,food,instacart_web
DoubleConcertratedTornatoPasteinTube,food,synthetic_ocr_aug
S400,not_food,receipt_ocr
CARVNgboarDrotsserIeSasNCLCHicKNbRcST,food,synthetic_ocr_aug
Natural Medium Cheddar Cheese,food,instacart_web
DURINFO,not_food,receipt_ocr
No Sugar Added Variety Fruit Bars,food,instacart_web
Organic Chicken Pot Pie,food,instacart_web
SOUTH-HIPPOCAHPUS,not_food,receipt_ocr
wholewheatcrackers,food,synthetic_ocr_aug
Kid Z Bar Organic S'mores Energy Bars,food,instacart_web
1.45,not_food,receipt_ocr
Pizza slice,food,receipt_ocr
Huevos Rancheros Breakfast Wrap,food,instacart_web
Wild Watermelon Chewing Gum,food,instacart_web
OILFILTERLCI3S,not_food,receipt_ocr
Maple Glazed Pecan & Sea Salt Bar,food,instacart_web
Tempeh,food,synthetic_food_list
Rotisserie Chicken,food,synthetic_food_list
350.00,not_food,receipt_ocr
10014,not_food,receipt_ocr
275.00,not_food,receipt_ocr
ChlckenLollipop,food,receipt_ocr
YE,not_food,receipt_ocr
3180,not_food,receipt_ocr
Real2 Alkalized Water 500 ml,food,instacart_web
CROISSANTAUXRAISINS,food,receipt_ocr
4strTp160z,not_food,receipt_ocr
Oikos Greek Nonfat Yogurt Crunch Key Lime Crumble,food,instacart_web
FroZenpiZZapePPERoNi,food,synthetic_ocr_aug
rt13.50,not_food,receipt_ocr
combo.Grilled Onion (so.75),food,receipt_ocr
Apple Cinnamon Instant Oatmeal,food,instacart_web
FLAN DECAJETA,food,receipt_ocr
Russet Potato,food,instacart_web
OrgnicHeriageFlakesCreal,food,synthetic_ocr_aug
Organic Coconut Yogurt,food,instacart_web
Organic Orange Juice with Pulp,food,instacart_web
Electrolyte Water,food,instacart_web
BabiBalah,food,receipt_ocr
Grandmas Brownie Bc 2.875 Oz,food,instacart_web
YODEL,food,receipt_ocr
DINO,not_food,receipt_ocr
Hibiscus Organic Raw Kombucha,food,instacart_web
JASMINEGREENICEDTEA,food,synthetic_ocr_aug
/48,not_food,receipt_ocr
Pasteurized Apple Juice,food,instacart_web
Organic Tofu,food,instacart_web
6034290389,not_food,receipt_ocr
Organic Chocolate Ice Cream,food,instacart_web
PremiumOrganicStrawberryS.pread,food,synthetic_ocr_aug
4.50SR,not_food,receipt_ocr
1ightlyToastedAlmondButtcrCrunchy,food,synthetic_ocr_aug
EMMENTALERSWISSSLICES,food,synthetic_ocr_aug
Panko Breadcrumbs Original,food,instacart_web
coiiar,not_food,receipt_ocr
FriseeSalad,food,receipt_ocr
PREPAREDCHEESEPRODUCTSLICES,food,synthetic_ocr_aug
GST@6%+1.25,not_food,receipt_ocr
@35-50,not_food,receipt_ocr
$4:00,not_food,receipt_ocr
Aad One Meatbali,food,receipt_ocr
Flavor Variety Instant Oatmeal,food,instacart_web
ElbowMacaroniPosto,food,synthetic_ocr_aug
Wild Blueberry Crisp Protein Bar,food,instacart_web
Toasted Sesame Seed Oil,food,instacart_web
DairyFreeGlutenFreeChocolateAlmondButtterMiracleTart,food,synthetic_ocr_aug
Beef Brisket Flat Cut,food,instacart_web
Plain Soymilk Creamer,food,instacart_web
LemnGrass,food,synthetic_ocr_aug
9034915,not_food,receipt_ocr
Organic Grade A Large Brown Eggs,food,instacart_web
Tyson Foods Chicken Breast,food,branded_items_web
Presliced Everything Bagels,food,instacart_web
1BAR SAUUAGE,food,receipt_ocr
6-36SR,not_food,receipt_ocr
Chefs Special,food,receipt_ocr
Rosemary Truffle Gourmet Popcorn,food,instacart_web
Spectacular Speculoos<U+2122> Cookie Core<U+2122> Ice Cream,food,instacart_web
BLAGKOXIDE,not_food,receipt_ocr
ChickenKatsu,food,receipt_ocr
hioke,food,receipt_ocr
Coconut Cream Pie,food,instacart_web
Fresh Squeezed Grapefruit Juice,food,instacart_web
heIRlOomTO,food,synthetic_ocr_aug
48:00,not_food,receipt_ocr
Old Style Whole Grain Dijon Mustard,food,instacart_web
Vanilla Skyr Style Yogurt,food,instacart_web
UnrefinedVirgin,food,synthetic_ocr_aug
2.Glass,not_food,receipt_ocr
Pepsi,food,receipt_ocr
19-80S,not_food,receipt_ocr
$12,not_food,receipt_ocr
2 Menu Decouverte 29.90,food,receipt_ocr
Whole Tellicherry Peppercorns,food,instacart_web
34.000,not_food,receipt_ocr
Classiccoke,food,synthetic_ocr_aug
Ice Lemon Tea (L),food,receipt_ocr
"Chicken Breast Nuggets, Dinosaur Shaped",food,instacart_web
Ziti Bolognese Pasta Bowl,food,instacart_web
Pinot Noir,food,instacart_web
69-90,not_food,receipt_ocr
19.300,not_food,receipt_ocr
JerseyTommatoSauce,food,synthetic_ocr_aug
Pepperontdcgwsiowz,food,receipt_ocr
alRnNdnT&riceCRckER5NACkS,food,synthetic_ocr_aug
organiccrunchypeanutbuttergranolabar,food,synthetic_ocr_aug
Very Berry Flavor Sparkling Mineral Water,food,instacart_web
processed cheese,food,basket_categories_web
Fat Free Half And Half Creamer,food,instacart_web
UnsaltedSweetCreamBut#ter,food,synthetic_ocr_aug
CARTRIDGE,not_food,receipt_ocr
WholeAlmon1ds,food,synthetic_ocr_aug
"Crackers, Puffed, Lightly Salted Brown Rice",food,instacart_web
Cheese Finely Shredded Mexican Four Cheese Blend Reduced Fat 2%,food,instacart_web
Organic Small Curd Cottage Cheese,food,instacart_web
Beef Franks,food,instacart_web
SCRAMBLEDEGGWIT,not_food,receipt_ocr
YoTotOrganicRaspbcrryPearYogvrt,food,synthetic_ocr_aug
SIERRA,not_food,receipt_ocr
"Delights Turkey Sausage, Egg Whites & Cheese Croissant",food,instacart_web
MediumRare:,not_food,receipt_ocr
Tzatziki,food,instacart_web
LEDP,not_food,receipt_ocr
organicgarlicgranulates,food,synthetic_ocr_aug
atyPrle,not_food,receipt_ocr
SAUCE,food,receipt_ocr
$3.45,not_food,receipt_ocr
3#99,not_food,receipt_ocr
45BX3,not_food,receipt_ocr
"YoKids Squeezers Organic Low-Fat Yogurt, Strawberry",food,instacart_web
8-80,not_food,receipt_ocr
BITTERBALEN,food,receipt_ocr
Peanut Butter Whole Grain Clusters,food,instacart_web
COSTOLETTE/ALLA/PAP*,food,receipt_ocr
Craveables Supreme Pizza,food,instacart_web
STREITS      UNSLTD MATZO CRKRS 11Z,food,instacart_web
Passionberry Bliss Kombucha Drink,food,instacart_web
Black Cherry Soda,food,instacart_web
OriginalSweetChiliDippinggSauce,food,synthetic_ocr_aug
Manwich Original Sloppy Joe Sauce,food,instacart_web
spatron,food,receipt_ocr
Pomgraratscls,food,synthetic_ocr_aug
Organic Refried Vegetarian Black Beans,food,instacart_web
Cornmeal/,food,synthetic_ocr_aug
Power Grains Waffles 6 ct,food,instacart_web
OrgnicxtraLargeBrwnEggs,food,synthetic_ocr_aug
Alpine Spring Water,food,instacart_web
Chicken Alfredo,food,instacart_web
RTEDSRLMP,food,receipt_ocr
anaehicotar,not_food,receipt_ocr
Tropical Gold Chunks All Natural Pineapple,food,instacart_web
LTEMS,not_food,receipt_ocr
ROSEMARYOLIVEO,food,synthetic_ocr_aug
NaturalsChickenPattiees,food,synthetic_ocr_aug
Organic Mung-Bean Sprouts,food,instacart_web
Simply Cocoa Milk Chocolate,food,instacart_web
Super Soft Flour Tortillas,food,instacart_web
Angel Hair,food,instacart_web
ORGANICGARLIC,food,synthetic_ocr_aug
Lrg Mash Only,food,receipt_ocr
4971858134824,not_food,receipt_ocr
Za'atar Veggie Burger,food,instacart_web
78.000,not_food,receipt_ocr
Ground Chicken Breast,food,instacart_web
20.90 Eur*,not_food,receipt_ocr
$29.35,not_food,receipt_ocr
Organic Whole Fryer Chicken,food,instacart_web
Gummy Bears,food,instacart_web
Yukon Gold Potatoes,food,instacart_web
$1399,not_food,receipt_ocr
Mocca-Java Decaffeinated Ground Coffee,food,instacart_web
Organic Sliced Kalamata Olives,food,instacart_web
IDM KTG PLSTK1WSDG,not_food,receipt_ocr
NUT-rition Protein Mix Honey Nut,food,instacart_web
Gade A Natural Sour Cream,food,instacart_web
Organicblueberriesclamshell,food,synthetic_ocr_aug
Organic Unbleached All Purpose Flour,food,instacart_web
Naturc'Scalorie-Fresweetencr,food,synthetic_ocr_aug
皖7.95,not_food,receipt_ocr
Thick & Chunky Salsa,food,instacart_web
Basil Pesto Alfredo Sauce,food,instacart_web
LOVESIOK GIRLS,not_food,receipt_ocr
Organic Chocolate Animal Cookies,food,instacart_web
Honey Ham & Smoked White Turkey Sub Sandwich Kit,food,instacart_web
SPicyNAchOTo,food,synthetic_ocr_aug
TenderBranchHibiscus,not_food,receipt_ocr
Chickpea Salad,food,instacart_web
Organic Medium Chili,food,instacart_web
OrganicExtraLargeGradeAABr,food,synthetic_ocr_aug
95.00,not_food,receipt_ocr
COOKMEDIUM,not_food,receipt_ocr
Organic Mint,food,instacart_web
Saladcrlpy,food,receipt_ocr
Organic Cinnamon Harvest Cereal,food,instacart_web
Mexican Style Taco Shredded Cheese,food,instacart_web
BANNERX4,not_food,receipt_ocr
SKNISH,food,receipt_ocr
nese,not_food,receipt_ocr
19,not_food,receipt_ocr
Beet Apple Carrot Lemon Ginger Organic Cold Pressed Juice Beverage,food,instacart_web
5830,not_food,receipt_ocr
Frozen Organic Blueberries,food,instacart_web
CHICKEN(MURGH),food,receipt_ocr
11(28.01)Acult,not_food,receipt_ocr
40ZRL,not_food,receipt_ocr
Gluten Free Wraps,food,instacart_web
Italian Sausage Pizza,food,instacart_web
1HMAppleJulce,food,receipt_ocr
Pho Ga,food,receipt_ocr
06-62,not_food,receipt_ocr
Peach Chia Vanilla Oatmeal Fruit Squeeze Pouch,food,instacart_web
Balsamic Vinegar of Modena,food,instacart_web
Turkey Meatball Bites,food,instacart_web
Diet Trop-A-Rocka Tea,food,instacart_web
#Naam,food,receipt_ocr
B1oMacHI-Lrg,food,receipt_ocr
GRILLED CHEESE,food,receipt_ocr
WaffTe,food,receipt_ocr
Curr,food,receipt_ocr
"Tomatoes, Whole Peeled",food,instacart_web
31.80,not_food,receipt_ocr
0.84,not_food,receipt_ocr
Organic Sun Dried Dates,food,instacart_web
Dairy-Free Cheddar Style Shreds,food,instacart_web
Unsweetened Soy Milk,food,instacart_web
Chocolate5caSalt,food,synthetic_ocr_aug
WhzteRiae,food,receipt_ocr
Cola Soft Drink,food,instacart_web
Original Cashew Milk,food,instacart_web
English Breakfast,food,instacart_web
Unsweetened Iced Tea,food,instacart_web
California Sourdough Bread,food,instacart_web
Organics Vitamin C Fortified 100% Apple Juice,food,instacart_web
Gluten Free Sugar Cones,food,instacart_web
Rum Raisin Ice Cream,food,instacart_web
Organic Frosted Maple Brown Sugar Toaster Pastries,food,instacart_web
Mini Lemon Pie Coco-Roons,food,instacart_web
OrganicL,food,synthetic_ocr_aug
23.96,not_food,receipt_ocr
00363103,not_food,receipt_ocr
4.00,not_food,receipt_ocr
APE,not_food,receipt_ocr
4 HH MIGUELS MARGARIT 0 3.3813.52,food,receipt_ocr
Vegan Oatmeal Chocolate Chip Cookies,food,instacart_web
Peanut Butter Dark Chocolate Fruit & Nut Protein Bars,food,instacart_web
Premium Breast of Chicken in Water,food,instacart_web
Oikos Greek Vanilla Yogurt,food,instacart_web
Organic Dried Porcini Mushrooms,food,instacart_web
Ruro,not_food,receipt_ocr
SON,not_food,receipt_ocr
No,not_food,receipt_ocr
Classic Hummus,food,instacart_web
2.Chocomelk,food,receipt_ocr
Fire Roasted Diced Tomatoes With Seasonings,food,instacart_web
USHIRTPRINTING,not_food,receipt_ocr
70% Dark Chocolate With Chile Bar,food,instacart_web
NaturalSunflowerSeedBread,food,synthetic_ocr_aug
"WhiippedLightCream,Original",food,synthetic_ocr_aug
Organic Chicken Thighs,food,instacart_web
DRAWER,not_food,receipt_ocr
1Snoopy,not_food,receipt_ocr
Organic Garlic Roasted Garlic Pasta Sauce,food,instacart_web
2:29,not_food,receipt_ocr
1 Brusse1Sprouts,food,receipt_ocr
Reduced Fat Swiss Cheese,food,instacart_web
U2B4KN0FLUX,not_food,receipt_ocr
3voss Sparkling,food,receipt_ocr
Real Vegetable Chips Original Sea Salt Non GMO,food,instacart_web
NatvralsChickenPotties,food,synthetic_ocr_aug
Original Thin Bacon Cheeseburger Pizza,food,instacart_web
Low Sodium Organic Medium Chili,food,instacart_web
Gluten Free Mushroom Risotto Bowl,food,instacart_web
Coke Classic,food,instacart_web
Chopp,food,synthetic_ocr_aug
GS.2OOA CUTTING WHEEL,not_food,receipt_ocr
Fiber One Oat & Chocolate Bar,food,instacart_web
All-Natural Autumn Apple  Fruit Strip,food,instacart_web
Egg Nog,food,instacart_web
White Cheddar Baked Snack Crackers,food,instacart_web
96,not_food,receipt_ocr
Franks,food,instacart_web
72,not_food,receipt_ocr
Roast Turkey Breast & Stuffing Dinner,food,instacart_web
Glacier Freeze,food,instacart_web
AVOCADO SALAD,food,receipt_ocr
Vegetarian Organic Golden Corn,food,instacart_web
Wasabi Peas,food,instacart_web
Banana Bread Fruit & Nut Bar,food,instacart_web
Rubber,not_food,receipt_ocr
OrganicStonegroundFlakesCo1coaClustersCereal,food,synthetic_ocr_aug
Microwave in Bag Green Beans,food,instacart_web
Veggie Curls,food,instacart_web
NVOLEWHEAT BREAD,food,receipt_ocr
288,not_food,receipt_ocr
"Fava Crisps, Santa Barbara Ranch",food,instacart_web
All Natural Original Guacamole Mix,food,instacart_web
28:00,not_food,receipt_ocr
Bunny-Luv Organic Carrots,food,instacart_web
Enlighten Mint Organic,food,instacart_web
Breakfast Blend Organic Tea,food,instacart_web
8itterswectChocolate,food,synthetic_ocr_aug
Red Lentil Spaghetti Pasta,food,instacart_web
Organic Green Seedless Grapes,food,instacart_web
Broccoli Rabe,food,instacart_web
D'anjou Pears 90/100 Sz,food,instacart_web
Carrot Juice,food,instacart_web
FrozenPizzoPepperori,food,synthetic_ocr_aug
Organic Yellow Onion,food,instacart_web
specialty cheese,food,basket_categories_web
Say Cheese! Crispy Whole Grain Baked Crackers,food,instacart_web
Add OneMeatbaTi,food,receipt_ocr
Mini Original Babybel Cheese,food,instacart_web
rganicVirginCoconutOil,food,synthetic_ocr_aug
LowSodiumSoySa,food,synthetic_ocr_aug
OrganicHafSprigMix,food,synthetic_ocr_aug
LOUETO HATEME,not_food,receipt_ocr
LonengAya,food,receipt_ocr
>FriedOnionstrings,food,receipt_ocr
Spirals Macaroni & Cheese Dinner,food,instacart_web
RAGONJOSH,food,receipt_ocr
16.98DISCOUNT ERCH,not_food,receipt_ocr
Butter Spreadable with Canola Oil Tub,food,instacart_web
"SpecialKSausage,Egg&CheeseFlatbreadB1reakfastSandwich",food,synthetic_ocr_aug
06.6,not_food,receipt_ocr
Cauliflower Orange,food,instacart_web
ToastedAlmondR,food,synthetic_ocr_aug
100% Lactose Free Milk,food,instacart_web
2300,not_food,receipt_ocr
FrozenBreadedBagged,food,synthetic_ocr_aug
Daacription,not_food,receipt_ocr
chocolate marshmallow,food,basket_categories_web
californiawhitejasminerice,food,synthetic_ocr_aug
Organic Instant Coffee,food,instacart_web
Crackers,food,instacart_web
CorrF1akesCrumbs,food,synthetic_ocr_aug
Natural Brown Basket Style Coffee Filters,food,instacart_web
Peanut Milk Chocolate XXL Bag,food,instacart_web
Omega-3 Buttery Spread,food,instacart_web
Fun,not_food,receipt_ocr
2000,not_food,receipt_ocr
1PineappleJuice,food,receipt_ocr
Tastore,food,receipt_ocr
Dark Chocolate With Caramel & Sea Salt,food,instacart_web
Goat Cheese Crumbles,food,instacart_web
Greek Feta Cheese,food,instacart_web
Vegetablebase,food,synthetic_ocr_aug
NO FLAVOR,food,receipt_ocr
LghtOrignalRanchSldDrssng,food,synthetic_ocr_aug
MeiumEggNodls,food,synthetic_ocr_aug
Original Pepperoni Pizza,food,instacart_web
3FISHBALL NOODLE G7.0021.00,food,receipt_ocr
PB,not_food,receipt_ocr
RedC#ookingWine,food,synthetic_ocr_aug
8888240000897,not_food,receipt_ocr
ThousardIslandDressirg,food,synthetic_ocr_aug
Asian Pear,food,synthetic_food_list
3FISHBALL NOODLE Q7.00721.00,food,receipt_ocr
Turnip,food,instacart_web
Shaved Brussel Sprouts,food,instacart_web
#3 3WING MEAL,food,receipt_ocr
Kit Kat & Reese's Assorted Miniatures,food,instacart_web
VEGETABLESHORBA,food,receipt_ocr
Baby Lima Beans,food,instacart_web
Gouda Cheese,food,instacart_web
A.50,not_food,receipt_ocr
Spinach,food,instacart_web
Organic Multigrain English Muffins,food,instacart_web
WAXCO WINDSHILED CLEANER 12OML,not_food,receipt_ocr
American Cheese Singles 16 Count,food,instacart_web
LQuarterPounder,food,receipt_ocr
FacoTuesday,not_food,receipt_ocr
EFHoneyNtRiceCakesEco-FarmedRiceCakes,food,synthetic_ocr_aug
"Farrnhouse,Pancake&WafflcMix",food,synthetic_ocr_aug
12.49,not_food,receipt_ocr
Seasonal,food,instacart_web
Natural Mini Pork Pepperoni,food,instacart_web
Gluten-Free Lemon Thyme Linguine,food,instacart_web
Kids Cheeseburger,food,receipt_ocr
Slow Roasted Sesame Garlic Chick'n,food,instacart_web
Gluten Free Fire-Roasted Vegetable Pizza,food,instacart_web
Mediterranean Lentil Salad,food,instacart_web
1DaikonHamachi,food,receipt_ocr
RTEOVCMELN,not_food,receipt_ocr
Tofu Shirataki,food,instacart_web
STUFFED ARTICHOKE*,food,receipt_ocr
Orange Juice,food,instacart_web
MexicanFinlyShredddChese,food,synthetic_ocr_aug
t13.50,not_food,receipt_ocr
1 Open Food,food,receipt_ocr
Red Hot Original Cayenne Pepper Sauce,food,instacart_web
Low Fat Strawberry Yogurt Bars,food,instacart_web
668,not_food,receipt_ocr
Organic Unsweetened Plain Soymilk,food,instacart_web
11SKGSOXT8,not_food,receipt_ocr
4 Reg Ketel One,food,receipt_ocr
CArAMelappLEDrEaMHeRbalteA,food,synthetic_ocr_aug
V-Fusion Energy Peach Mango Vegetable Fruit Juice,food,instacart_web
Chopped Spinach Steamers,food,instacart_web
Organic Boneless Skinless Chicken Thighs,food,instacart_web
ADD Leaf LettiCa,food,receipt_ocr
Grade A Goat Milk,food,instacart_web
Cornichons Extra Fine Gherkins Hand-Picked,food,instacart_web
Little JuicyPork Buns,food,receipt_ocr
BBQ & BlueChzchips,food,receipt_ocr
COMP EGGBENEDIOT,food,receipt_ocr
Gluten Free Pancake Mix,food,instacart_web
wildcherrycola,food,synthetic_ocr_aug
Organic Honey Hemp Sprouted Oat Granola,food,instacart_web
Popsicles,food,synthetic_food_list
Organic Spinach Bunch,food,instacart_web
Z EnchiOmelete,food,receipt_ocr
Little MDoShake,food,receipt_ocr
2.10ZRET,not_food,receipt_ocr
Protein Plus Rotini Pasta,food,instacart_web
90CaloreLmonBrs,food,synthetic_ocr_aug
TRUE,not_food,receipt_ocr
18*15M,not_food,receipt_ocr
DISKON,not_food,receipt_ocr
Solid Pack Light Tuna,food,instacart_web
Lit'l Smokies Smoked Sausage,food,instacart_web
Pulao,food,receipt_ocr
6.002,not_food,receipt_ocr
I1H A410SC/0.,not_food,receipt_ocr
BESIR5.5(CQ),not_food,receipt_ocr
Low Fat Ice Cream Bars Peanut Butter,food,instacart_web
"favcrsps,sontbarbararonch",food,synthetic_ocr_aug
HardwoodSmokedCentrCutOrgnalBacon,food,synthetic_ocr_aug
101275,not_food,receipt_ocr
"Hot Pocket  Applewood Bacon, Egg and Low Fat Cheese Breakfast Sandwich",food,instacart_web
26.000,not_food,receipt_ocr
Baby Persian Cucumbers,food,instacart_web
Organic Apricot,food,instacart_web
OFFERUD,not_food,receipt_ocr
0.78,not_food,receipt_ocr
8riochc,food,synthetic_ocr_aug
RAFFIE,not_food,receipt_ocr
1240,not_food,receipt_ocr
Natural Artisan Water,food,instacart_web
Apple Grape 100% Juice,food,instacart_web
BeefRibeye,food,synthetic_ocr_aug
Ginger-O's Creme Filled Ginger Cookies,food,instacart_web
Halibut Fillet,food,synthetic_food_list
Italian Style Wedding With Meatballs & Spinach Soup,food,instacart_web
Med 0.00,not_food,receipt_ocr
Dubliner Cheddar,food,instacart_web
"Bread, Gluten Free, Seeded",food,instacart_web
BoNE1EssSKINLSscHICkEnTBgHs,food,synthetic_ocr_aug
AOZ,not_food,receipt_ocr
Organic Lemonade,food,instacart_web
Organic Acai Juice,food,instacart_web
3X,not_food,receipt_ocr
Pizza Amercana,food,receipt_ocr
SHREDDEDPIZZA,food,synthetic_ocr_aug
1 Onion Rings,food,receipt_ocr
Sparkling Probiotic Drink Mojita Lime Mint Coconut,food,instacart_web
312-,not_food,receipt_ocr
1 CHES&GUAC,food,receipt_ocr
Semolina Flour,food,instacart_web
"White Wine Winemaker's Blend California, 2010",food,instacart_web
$16.00,not_food,receipt_ocr
LightlySaltedKettlePotatoChips-SeaSal1t,food,synthetic_ocr_aug
ZeroCalorieLemonnLimeSportsDrink,food,synthetic_ocr_aug
VrmontMapleSyrpBrkfastSusage,food,synthetic_ocr_aug
NAPA,food,receipt_ocr
Organic Seaweed Snack Sea Salt,food,instacart_web
Organic Shiitake Sesame Dressing,food,instacart_web
$14.50,not_food,receipt_ocr
"Master Brew Kombucha, Tart Cherry",food,instacart_web
Sparkling Water Grapefruit,food,instacart_web
Soft and Chewy Candy,food,instacart_web
Original Coconut Milk Beverage,food,instacart_web
Spinach & Cheese Enchilada Verde Meal,food,instacart_web
INDOMIKARIAYAM72G,food,receipt_ocr
Oragnic Ginger Lemon Kombucha,food,instacart_web
AI31,not_food,receipt_ocr
Chocolate Dark Chocolate Ice Cream Bars,food,instacart_web
58052,not_food,receipt_ocr
Flame BrolledChicken,food,receipt_ocr
#4-COMBOFAJITAS,food,receipt_ocr
sugar,food,basket_categories_web
S67.99,not_food,receipt_ocr
Beef Flavor Ramen Noodle Soup,food,instacart_web
MARGARINEFORTUNE1/2KG,food,receipt_ocr
CHICTENDAP,food,receipt_ocr
High Heat Canola Spray Oil,food,instacart_web
D8BL,not_food,receipt_ocr
8.48,not_food,receipt_ocr
TE2188:88,not_food,receipt_ocr
BABAL HUTDLY,food,receipt_ocr
"Rising Crust Supreme (Sausage, Pepperoni, Red Peppers, Green Peppers, Onions, Black Olives) Frozen Pizza",food,instacart_web
Pop Up Bowl Movie Theater Butter Popcorn,food,instacart_web
4.50CHF,not_food,receipt_ocr
"Tuna, Solid Pack Light",food,instacart_web
Fried Rice l3 Pax,food,receipt_ocr
MILDPLEASE,not_food,receipt_ocr
BO,not_food,receipt_ocr
1pirtscup,food,receipt_ocr
36.00,not_food,receipt_ocr
200033100148002149,not_food,receipt_ocr
YoTotOrganicRas,food,synthetic_ocr_aug
LeBrieMiniSoftRipenedCheese,food,synthetic_ocr_aug
Plantation Mint Herbal Tea,food,instacart_web
OrganicSweetPotatoP#uree,food,synthetic_ocr_aug
10.95,not_food,receipt_ocr
23,not_food,receipt_ocr
SteamersAntioxidantVegetableBlend,food,synthetic_ocr_aug
Bacon,food,receipt_ocr
Hoeg,not_food,receipt_ocr
BBQSauce,food,receipt_ocr
Lemon Hummus,food,instacart_web
Plain Pre-Sliced Bagels,food,instacart_web
Goat Milk Yogurt Vanilla,food,instacart_web
9oz Buca Chlantt(2 e14.00),food,receipt_ocr
Direct Trade Organic El Gallo Breakfast Blend Whole Bean Coffee,food,instacart_web
Krinkle Cut Sea Salt Potato Chips,food,instacart_web
PYE921PLASTER,not_food,receipt_ocr
Fruit & Nutty Almonds Raisins Cranberries Pecans Granola,food,instacart_web
sol,not_food,receipt_ocr
SLEePyTimeeXtraHeRbALteabaGS,food,synthetic_ocr_aug
MDRASCURRYSPICYINDINSMRNERSOUC,food,synthetic_ocr_aug
Macaroni & Mild Cheddar Cheese,food,instacart_web
Traditional Italian-Style Wedding Soup,food,instacart_web
Organic Strawberry Lowfat Yogurt Smoothie,food,instacart_web
Yummy Berry Kids Tea,food,instacart_web
3/200,not_food,receipt_ocr
Ketchup,food,receipt_ocr
Pure Canola Oil,food,instacart_web
Add Steak,food,receipt_ocr
JOBBERDRILLS,not_food,receipt_ocr
Lunchables Turkey & Cheddar with Crackers,food,instacart_web
"NaturalArtesianWater,,Mini&Mobile",food,synthetic_ocr_aug
Whole Hearts of Palm,food,instacart_web
Organic Z  Mixed Berry Fruit Rope,food,instacart_web
PP,not_food,receipt_ocr
chickan,food,receipt_ocr
tichokeHart,food,synthetic_ocr_aug
Amazin Prunes Pitted,food,instacart_web
24,not_food,receipt_ocr
Organics Chocolate Milk with DHA,food,instacart_web
dPork Ribs,food,receipt_ocr
4Reo Ketelne,food,receipt_ocr
CP$5.50,not_food,receipt_ocr
StrowberryTwizz1ers,food,synthetic_ocr_aug
OldNo7Tennesse,food,synthetic_ocr_aug
No CeboTTa,food,receipt_ocr
Shredded Almond Mozzarella Cheese,food,instacart_web
50/50 Spring Mix & Baby Spinach,food,instacart_web
Sour Batard,food,instacart_web
2.00X150,not_food,receipt_ocr
SweetGarden*Peas,food,synthetic_ocr_aug
Potato Puffs with Roasted Garlic and Cracked Black Pepper,food,instacart_web
WEEKEND DINNER BUFFET,food,receipt_ocr
Yogurt Tubes Blueberry,food,instacart_web
TPlatanosorden,food,receipt_ocr
210-00,not_food,receipt_ocr
Lowfat Milk,food,instacart_web
SourdoughBaguette,food,synthetic_ocr_aug
Salt & Pepper Shakers,food,instacart_web
Regular Concrete,food,receipt_ocr
Organic Bran Flakes Cereal,food,instacart_web
Euro Classic Brioche Hot Dog Buns,food,instacart_web
Extra Virgin Olive,food,instacart_web
INNER$29.88,not_food,receipt_ocr
KidssOfTanDcHEwYcAnDY,food,synthetic_ocr_aug
White Chocolate Raspberry Truffle Ice Cream,food,instacart_web
Garlic Marinara Cooking Sauce,food,instacart_web
Organic Spring Mix Salad,food,instacart_web
Dark Chocolate Cherry Cashew Plus Antioxidants Bars,food,instacart_web
Organic Artichoke,food,instacart_web
50.000,not_food,receipt_ocr
"15,000",not_food,receipt_ocr
Crab Legs,food,synthetic_food_list
$2.49,not_food,receipt_ocr
CRAB,food,receipt_ocr
101870,not_food,receipt_ocr
4strip 160z,not_food,receipt_ocr
Organic White Cheddar Popcorn,food,instacart_web
14.,not_food,receipt_ocr
Multi Grain English Muffins,food,instacart_web
DALTADKANAGAUR,not_food,receipt_ocr
Frozen Unsweetened Whole Strawberries,food,instacart_web
215.00,not_food,receipt_ocr
Organic Bagged Valencia Oranges,food,instacart_web
Feta Cheese,food,instacart_web
"Chao, Vegan, Coconut Herb, Slices",food,instacart_web
Vidalia Onions,food,instacart_web
Salted Almond Milk Chocolate Bar,food,instacart_web
Bag of Oranges,food,instacart_web
Add Carnitas,food,receipt_ocr
Chopped Kit Southwest Salad Greek Yogurt Jalapeno Ranch Dessing,food,instacart_web
combe,not_food,receipt_ocr
Fresh European Style Baby Spinach,food,instacart_web
BeefMerlot,food,synthetic_ocr_aug
0RomaTomatoes,food,synthetic_ocr_aug
Hazelnut Truffle Dark Chocolate Bar,food,instacart_web
LobsterTail,food,receipt_ocr
chewing gum,food,basket_categories_web
Iced Cappuctno,food,receipt_ocr
Honey Maid Cinnamon Grahams,food,instacart_web
Golden Grahams Cereal,food,instacart_web
LOWBROCERY,not_food,receipt_ocr
NOonions,food,receipt_ocr
irice,food,receipt_ocr
Moiito piteheroriginaiw/ie.oo,food,receipt_ocr
TcoSsnngMix,food,synthetic_ocr_aug
Organic Jazz Apple,food,instacart_web
vamosa,food,receipt_ocr
1Open Food,food,receipt_ocr
SUBFIXN,food,receipt_ocr
Egg Whites Carton,food,synthetic_food_list
Small Size Flour Tortillas,food,instacart_web
Original Snack Crackers,food,instacart_web
XTRA ENTREE,food,receipt_ocr
Organic 2% Chocolate Milk,food,instacart_web
ERBLU,not_food,receipt_ocr
Rib EyeSteak,food,receipt_ocr
Garlic Basil Tomato Hummus,food,instacart_web
Organic Super Fruit Punch Juice Drink,food,instacart_web
CIF REGULAR 50,food,receipt_ocr
Philadelphia Cream Cheese,food,instacart_web
SIN,not_food,receipt_ocr
8888,not_food,receipt_ocr
(G8T),not_food,receipt_ocr
Ham and Cheese Scramble Tasty American Favorites,food,instacart_web
Paleo English Muffins,food,instacart_web
7.45,not_food,receipt_ocr
Peanut Butter Creamy,food,synthetic_food_list
Imported Sardines in Pure Olive Oil Skinless & Boneless Salt Added,food,instacart_web
Blueberry Lowfat Yogurt,food,instacart_web
Rospberryjrn,food,synthetic_ocr_aug
GB,not_food,receipt_ocr
Blueberry,food,instacart_web
.Ro,not_food,receipt_ocr
packaged fruit/vegetables,food,basket_categories_web
2.69,not_food,receipt_ocr
Oven Roasted Turkey,food,instacart_web
ShreddedPa0rmigianoReggiano,food,synthetic_ocr_aug
GINGER ROOT,food,receipt_ocr
HOVYWHIPCRCAM,food,synthetic_ocr_aug
LgFries,food,receipt_ocr
W34BURRITO SUPREME,food,receipt_ocr
175,not_food,receipt_ocr
Wrigley's Orbit Wintermint Sugar Free Gum- 3 PK,food,instacart_web
BUNCHEDCARROTS,food,synthetic_ocr_aug
3:51,not_food,receipt_ocr
VEG SPRING ROLL,food,receipt_ocr
GARLICENAAN,food,receipt_ocr
rganicRedLetiPenne,food,synthetic_ocr_aug
SleepytimeExraHerbalTaags,food,synthetic_ocr_aug
MARGARINE FORTUNE 1/2KG,food,receipt_ocr
Coconut Flavored Sparkling Water,food,instacart_web
Creamy Beef Stroganoff Velveeta Cheesy Skillets,food,instacart_web
Chocolate Vanilla Mochi Ice Cream,food,instacart_web
#6 3TENDER ML,food,receipt_ocr
HOUSE YEDKILA2.00,food,receipt_ocr
Becf8risket,food,synthetic_ocr_aug
-$3.00,not_food,receipt_ocr
Organicmaplebrownsugargranola,food,synthetic_ocr_aug
QuesoFresco Guacamole,food,receipt_ocr
Whole Wheat Bread,food,instacart_web
Tofu Spring Roll,food,instacart_web
1590,not_food,receipt_ocr
BBloodOrange,food,synthetic_ocr_aug
TaconcarneAsndn,food,receipt_ocr
1038,not_food,receipt_ocr
53-08,not_food,receipt_ocr
30.000,not_food,receipt_ocr
9072318,not_food,receipt_ocr
Sesame Prawn Toast,food,receipt_ocr
TEHS,food,receipt_ocr
1014,not_food,receipt_ocr
NROU,not_food,receipt_ocr
DUAL,food,receipt_ocr
LightMozarellaSt,food,synthetic_ocr_aug
Original Rice Drink,food,instacart_web
Organic Japanes Sweet Yam,food,instacart_web
Tilapia.whi,food,receipt_ocr
S7.00,not_food,receipt_ocr
Protein Energy Bar Original French Vanilla Creme,food,instacart_web
DEPOSITCS00530344,not_food,receipt_ocr
100% Whole Wheat Pre-Sliced Bagels,food,instacart_web
Organic Quinoa & Brown Rice With Garlic,food,instacart_web
12.99,not_food,receipt_ocr
LargChckn&CheesTqts,food,synthetic_ocr_aug
Sparkling Water,food,receipt_ocr
POUER PWDDETERGENT,not_food,receipt_ocr
牛内面,not_food,receipt_ocr
SET DOSE,not_food,receipt_ocr
Pure Clover Honey,food,instacart_web
KAUUBUTTERMASA,food,receipt_ocr
Q0Q.69,not_food,receipt_ocr
Buroe,food,receipt_ocr
Humboldt Fog,food,instacart_web
LemorSparklingMireralWater,food,synthetic_ocr_aug
Creme Caramel Flan,food,instacart_web
Organic Brown Rice Crisps Cereal,food,instacart_web
TALAPLA,food,receipt_ocr
CALCULATOR SCIENTIFIC,not_food,receipt_ocr
inItalianEggplant,food,synthetic_ocr_aug
BBeef&BeanBurrito,food,synthetic_ocr_aug
Arborio White Rice,food,instacart_web
BETYOU MANNA(FEATCARDIB),not_food,receipt_ocr
Classic Hummus with Rold Gold Petzels Snack,food,instacart_web
1PALAK,food,receipt_ocr
ECODEGTYUIPRICEANT,not_food,receipt_ocr
>Lettuce,food,receipt_ocr
iffee,food,receipt_ocr
Classic Almond Butter All Natural,food,instacart_web
FopoomCnicken,food,receipt_ocr
Premium Lots of Pulp Orange Juice,food,instacart_web
ppasta,food,synthetic_ocr_aug
Organic Trail Mixer Gluten Free Chewy Granola Bars,food,instacart_web
Four Cheese Pasta Sauce,food,instacart_web
TERLYAKTALCART,food,receipt_ocr
12.72,not_food,receipt_ocr
Wblgrirchddarbkdgoldfishcrackers,food,synthetic_ocr_aug
Unsweetened Coconut Water,food,instacart_web
24.00,not_food,receipt_ocr
Pepperoni Party Pizza,food,instacart_web
Decaffeinated English Breakfast Black Tea,food,instacart_web
OriginolCcreal,food,synthetic_ocr_aug
Organic Sage,food,instacart_web
Non Fat Greek Yogurt,food,instacart_web
"Pancake&WaffleMix,AlmondFlou1r",food,synthetic_ocr_aug
Cheeseburger Macaroni Home Cooked Skillet Meal,food,instacart_web
0.65,not_food,receipt_ocr
*2,not_food,receipt_ocr
Outshine Creamy Coconut Fruit Bars,food,instacart_web
Veryweldone,not_food,receipt_ocr
Passion Herbal Infusion Caffeine Free Tea Bags,food,instacart_web
Peanut Butter Cracker Sandwiches,food,instacart_web
Packaged Grape Tomatoes,food,instacart_web
Protein & Fiber Hot Oatmeal Farmer's Market Berry Crumble,food,instacart_web
RTAP,not_food,receipt_ocr
Tamarind Paste,food,instacart_web
Accents Organic Sprouted Quinoa Trio,food,instacart_web
QTYUOM,not_food,receipt_ocr
Bread & Butter Chips,food,instacart_web
CherryPomegranateDr,food,synthetic_ocr_aug
consecteurcoffe,food,receipt_ocr
OrganicReducedFatMilk,food,synthetic_ocr_aug
500SR,not_food,receipt_ocr
PP·BOWL,food,receipt_ocr
Organic Strawberry Ice Cream,food,instacart_web
Double Espresso Cold Brew Coffee,food,instacart_web
Colby Jack Cheese Block,food,instacart_web
AlproBlue.berrySoyghurt,food,synthetic_ocr_aug
$16/00,not_food,receipt_ocr
Chopped Baby Spinach,food,instacart_web
Soy Free Buttery Sticks,food,instacart_web
Turk'y Roast,food,instacart_web
Fave Reds Fruit,food,instacart_web
"Yogurt, Strained Low-Fat, Coconut",food,instacart_web
188822982,not_food,receipt_ocr
Peach Mango Iced Green Tea,food,instacart_web
PBXTHCKL/SBACON,food,receipt_ocr
7%GST,not_food,receipt_ocr
Mushroom Mezzluna Ravioli,food,instacart_web
Dinning,not_food,receipt_ocr
MILO,food,receipt_ocr
TilapiaFilett,food,synthetic_ocr_aug
Cauliflower Head,food,synthetic_food_list
Organic 85% Cacao Dark Chocolate Bar,food,instacart_web
1-000,not_food,receipt_ocr
Fully Cooked Turkey Sausage Patties,food,instacart_web
Taco Tuesday Pastor,food,receipt_ocr
Belgian Milk Chocolate Gelato,food,instacart_web
514.00,not_food,receipt_ocr
GlutenFreeCommfortChickenInSweetBBQSauceFrozenDinner,food,synthetic_ocr_aug
"Clementines, Bag",food,instacart_web
EF Honey Nut Rice Cakes Eco-Farmed Rice Cakes,food,instacart_web
Organic Oil Canola,food,instacart_web
Sesame Seaweed Salad,food,instacart_web
"Crispety, Crunchety Peanut Buttery Candy Chocolate Candy Pieces",food,instacart_web
Mozzarella di Bufala Campana,food,instacart_web
80.00,not_food,receipt_ocr
O40ZRL,not_food,receipt_ocr
2ACQUA NAT,food,receipt_ocr
VALENCIASA(IOS)BS,food,receipt_ocr
DEF6SITCS00530344),not_food,receipt_ocr
Organic Whole Milk Strawberry Kefir,food,instacart_web
Basmati Ready Rice,food,instacart_web
BtatecPalomJlla,not_food,receipt_ocr
100PLUSLIME325ML,food,receipt_ocr
Olive Oil & Garlic Pasta Sauce,food,instacart_web
English Breakfast Black Tea,food,instacart_web
Original Snack Mix 40 Ounce,food,instacart_web
Roma Tomato,food,instacart_web
FRIEDEGG（S),food,receipt_ocr
frCSbsPARgs,food,synthetic_ocr_aug
3021.98,not_food,receipt_ocr
DftGuiness,food,receipt_ocr
21093307GBXTISSU4X150,not_food,receipt_ocr
CinamonBunnyGrahamsholeGrainGrahamSncksBunnyGrahams,food,synthetic_ocr_aug
Breaded Raw Stuffed Chicken Breasts Kiev,food,instacart_web
Mild Chili Seasoning Mix,food,instacart_web
Organic Whole Wheat Elbows,food,instacart_web
Homemade Corn Chips,food,instacart_web
ogura lce Cream,food,receipt_ocr
Sweet Drops SteviaClear Sweetener,food,instacart_web
20.0000,not_food,receipt_ocr
Smokehouse Almonds,food,instacart_web
Imported Italian Peeled Tomatoes,food,instacart_web
Cream Top Peach on the Bottom Yogurt,food,instacart_web
Ice Cream Bars With Reese's Peanut Butter Cups,food,instacart_web
CMORYUHT HZLNUT 250,food,receipt_ocr
96-6,not_food,receipt_ocr
stRAwbeRRymiLk,food,synthetic_ocr_aug
Grilled Chicken Breast,food,instacart_web
shells&whtcchcddarpasta,food,synthetic_ocr_aug
SteelCutIri/shOatmeal,food,synthetic_ocr_aug
Baef,food,receipt_ocr
Whole Grain White Corn Salted Tortilla Chips,food,instacart_web
Cut Okra,food,instacart_web
Regular,food,receipt_ocr
Organic Fair Trade 70% Dark Chocolate with Sea Salt,food,instacart_web
Organic Spearmint Tea,food,instacart_web
stBourgugorn,food,receipt_ocr
Litchesprs1Ced8Onuspck,food,synthetic_ocr_aug
Herb Crackers,food,instacart_web
Chicken Parmigiana Complete Meals,food,instacart_web
125,not_food,receipt_ocr
140.00,not_food,receipt_ocr
SporklirgWaterBerry,food,synthetic_ocr_aug
OrangeSeltzerWater,food,synthetic_ocr_aug
Original Fat Free Powder Coffee Creamer,food,instacart_web
3:21,not_food,receipt_ocr
1Jeruk,food,receipt_ocr
Organic Yukon Gold Potato,food,instacart_web
"cabbage,napa,tablecut",food,synthetic_ocr_aug
Ready Rice  Pilaf,food,instacart_web
ESODEOTYU/PRICE4ANT,food,receipt_ocr
bajumuslimah,not_food,receipt_ocr
814,not_food,receipt_ocr
Green Salad,food,receipt_ocr
*1450,not_food,receipt_ocr
Organic Vanilla Bean Ice Cream,food,instacart_web
"Salad,Cobb",food,synthetic_ocr_aug
LE CLASSIQUE,food,receipt_ocr
Green Tea Peach,food,instacart_web
1 ARTICHAUT,food,receipt_ocr
soFTFaMILy100%WhoLEWHeATBREaD,food,synthetic_ocr_aug
Beef Broth,food,synthetic_food_list
VSBLTYYELLOW150Z,not_food,receipt_ocr
Ice Tea,food,receipt_ocr
ADD RAN ONIONS& SACON PL,food,receipt_ocr
1Grande Chicken,food,receipt_ocr
Organic Half And Half,food,instacart_web
T-S,not_food,receipt_ocr
42.000,not_food,receipt_ocr
LEMAK+,not_food,receipt_ocr
Dill Rye Bread,food,instacart_web
Pop-Tarts Frosted Strawberry/Frosted Brown Sugar Cinnamon Variety Pack Toaster Pastries,food,instacart_web
PARIS,not_food,receipt_ocr
Organic Whole Milk French Vanilla Yogurt,food,instacart_web
BoogrHiJau,not_food,receipt_ocr
Quaker Life Cinnamon Cereal,food,instacart_web
Organic Cacao Powder,food,instacart_web
"Juice Blend, Mega Antioxidant",food,instacart_web
Upen,not_food,receipt_ocr
Fresh Mozzarella Snacking Cheese,food,instacart_web
Stove Top Stuffing Mix For Chicken,food,instacart_web
136,not_food,receipt_ocr
Nectarines,food,instacart_web
Asparaguus,food,synthetic_ocr_aug
120.000,not_food,receipt_ocr
BRUSH,not_food,receipt_ocr
Multigrain Bread,food,synthetic_food_list
Jack's Special Salsa Medium Hot,food,instacart_web
Sweet & Sour Sauce,food,instacart_web
Skillet Refried Red Beans Saut<U+00E9>ed With Onion & Tomatillo,food,instacart_web
IPA,food,instacart_web
Whole Kernel Corn No Salt Added,food,instacart_web
TaHings,food,receipt_ocr
Instant Oatmeal Variety Pack,food,instacart_web
Kale Greens,food,instacart_web
Crispy Mango Fruit,food,instacart_web
oRganicJuMbOEGGS,food,synthetic_ocr_aug
Organic Honey'd Corn Flakes Cereal Gluten Free,food,instacart_web
Farfalle No. 93,food,instacart_web
Chicken Free Strips Grilled,food,instacart_web
50:00,not_food,receipt_ocr
pumpkin spice,food,instacart_web
House wine,food,receipt_ocr
No Calorie Sweetener,food,instacart_web
70,not_food,receipt_ocr
ropiekles,food,receipt_ocr
Beef Bologna,food,instacart_web
MultigainPitaChis,food,synthetic_ocr_aug
1 SUBFIXN,food,receipt_ocr
1 Chicken Caesar Salad,food,receipt_ocr
Spreadable Butter with Canola Oil,food,instacart_web
OO66L8NA,not_food,receipt_ocr
Pure Goat Milk Cheese Log,food,instacart_web
nesc,not_food,receipt_ocr
Z Enchi.Omelete,food,receipt_ocr
Price,not_food,receipt_ocr
Beef Eye Of Round Steak,food,instacart_web
Artisan Spinach Pesto Sausage,food,instacart_web
Cream Bruille,food,receipt_ocr
Watermelon Chunks,food,instacart_web
Crtspy.naked.1,food,receipt_ocr
"Original Supreme Sausage, Pepperoni, Peppers, Black Olives, Onions",food,instacart_web
Tiny Twists Pretzels,food,instacart_web
Blue MoonTap,food,receipt_ocr
13.90/S,not_food,receipt_ocr
A000,not_food,receipt_ocr
CheddarGrits,food,receipt_ocr
Tate*rPuffs,food,synthetic_ocr_aug
2%LactoseFreeMilk,food,synthetic_ocr_aug
35.50SR,not_food,receipt_ocr
Shredded Parmesan Cheese,food,instacart_web
Sharp Cheddar,food,instacart_web
Nohun,food,receipt_ocr
Pale Ale,food,instacart_web
9.30,not_food,receipt_ocr
Large Brown Grade AA Eggs,food,instacart_web
cade,not_food,receipt_ocr
Organic Soups Alphabet Fat Free,food,instacart_web
Steak Seasoning,food,instacart_web
Cast,not_food,receipt_ocr
9 PP PLATECSOOPCS)CTN,not_food,receipt_ocr
ruitPnchSportsDrik,food,synthetic_ocr_aug
ANCHORFLOUR,food,receipt_ocr
All star Meal #1tie,food,receipt_ocr
BONELESSPO,food,synthetic_ocr_aug
Honey Snack Packs Bunny Grahams,food,instacart_web
（$12.00),not_food,receipt_ocr
Sweet Garden Peas,food,instacart_web
Sun Blossom Probiotic Kombucha,food,instacart_web
Aquafiria CM.Water),food,receipt_ocr
MINIBROWNI,food,synthetic_ocr_aug
KTOO2,not_food,receipt_ocr
TParkBunger,food,receipt_ocr
Organic Red Grapes,food,instacart_web
PIZZA,food,receipt_ocr
Chardonnay,food,instacart_web
Macaroni & Cheese Dinner Original Flavor,food,instacart_web
SalsaCasera,food,synthetic_ocr_aug
Beef Jerky,food,synthetic_food_list
4%MLkfAtlaRGecUrclcoTtGCHEcS,food,synthetic_ocr_aug
Steel Cut Irish Oatmeal,food,instacart_web
Original Baked Whole Grain Wheat Crackers,food,instacart_web
Caffeine Free Diet Coke Mini Bottles,food,instacart_web
rag,not_food,receipt_ocr
Whipped Cream Cheese Frosting,food,instacart_web
Pork Chorizo,food,instacart_web
Quattro Formaggi Four Cheeses Pizza,food,instacart_web
Organic Strawberry Lemonade,food,instacart_web
Dark Red Kidney Beans No Salt Added,food,instacart_web
Double Concentrated Tomato Paste in Tube,food,instacart_web
Dragon Fruit,food,synthetic_food_list
2 SAUN BLANC,food,receipt_ocr
"39,00",not_food,receipt_ocr
Dark Chocolate with 88% Cocoa,food,instacart_web
PROTEINBARCHOCOLATEPEANUTBUTTER,food,synthetic_ocr_aug
frozenmels,food,synthetic_ocr_aug
JustOr/ganicStrawberries,food,synthetic_ocr_aug
#SmallBatchAuthenticTaqueriaTortillaChips,food,synthetic_ocr_aug
OrganicStrawberryLowffatYogurtSmoothie,food,synthetic_ocr_aug
Chicken Flavor Cup Noodles,food,instacart_web
1 CVeg Spare Ribs BBs,food,receipt_ocr
Cat,not_food,receipt_ocr
No Salt Added Black Beans,food,instacart_web
4.85,not_food,receipt_ocr
Bag of Organic Bananas,food,instacart_web
Sliced Almonds,food,instacart_web
Cappucino,food,receipt_ocr
3X2-49,not_food,receipt_ocr
Total 2% All Natural Low Fat 2% Milkfat Greek Strained Yogurt,food,instacart_web
Spaghetti Brown Rice Pasta,food,instacart_web
HardwoodSmokedLowerSodiumBacon,food,synthetic_ocr_aug
Organic Deep Green Blends Power Greens,food,instacart_web
1X6.50,not_food,receipt_ocr
SOOMG,not_food,receipt_ocr
00019,not_food,receipt_ocr
9.54,not_food,receipt_ocr
1 x,not_food,receipt_ocr
EFHonyNutRceCkesc-FrmdRcCakes,food,synthetic_ocr_aug
Strawberry Fruit Bars,food,instacart_web
HERBALCAFFEINFRES1EPYTIRNETE,food,synthetic_ocr_aug
$1570,not_food,receipt_ocr
Hot & Spicy Chicken Flavor Ramen Noodle Soup,food,instacart_web
.30,not_food,receipt_ocr
13.69,not_food,receipt_ocr
Sea Salt Flakes Original,food,instacart_web
Peppered Turkey Jerky,food,instacart_web
Natural Goddess Dressing,food,instacart_web
MexicanStyleFourCheeseShred#dedCheese,food,synthetic_ocr_aug
FridgePckCola,food,synthetic_ocr_aug
5liceclHavartiCheese,food,synthetic_ocr_aug
Organic Teas Black Tea Organic English Breakfast Tea Bags - 16 CT,food,instacart_web
Organic White Mushrooms Pieces & Stems,food,instacart_web
Butter with Canola Oil Spread,food,instacart_web
Utenimadminima,not_food,receipt_ocr
Classiccok,food,synthetic_ocr_aug
Organic Reduced Fat 2% Milk,food,instacart_web
Dine fin,not_food,receipt_ocr
Organic Grade A Free Range Large Brown Eggs,food,instacart_web
ChettinadSpicy,food,receipt_ocr
3ICETEHANA,food,receipt_ocr
Cut Hearts Of Palm,food,instacart_web
0.73,not_food,receipt_ocr
Coconut Water,food,instacart_web
English Peas Pack,food,instacart_web
Strawberry Licorice Twist,food,instacart_web
Grainiac Organic Bread,food,instacart_web
JH32,not_food,receipt_ocr
Baked Snack Crackers Original,food,instacart_web
Medium Scarlet Raspberries,food,instacart_web
PulledPorkSand,not_food,receipt_ocr
TMoleEnchjTada,food,receipt_ocr
[Chicken][5*****][SmalnBrown.Rtce],food,receipt_ocr
Fresh Roasted Tomate & Chile Asado Medium Salsa,food,instacart_web
Organic Strawberry Smoothie,food,instacart_web
Large Greenhouse Tomato,food,instacart_web
1130,not_food,receipt_ocr
Lemon Butter Cookies,food,instacart_web
Honey & Maple Turkey Breast,food,instacart_web
0.20,not_food,receipt_ocr
Natural Butter Flavor Lite Maple Syrup,food,instacart_web
Crinkle Cut Fries,food,instacart_web
4400,not_food,receipt_ocr
TATINEFRLTTE,food,receipt_ocr
Organic Multi Grain Squares Cereal,food,instacart_web
1.5,not_food,receipt_ocr
6.88,not_food,receipt_ocr
Steamers Antioxidant Vegetable Blend,food,instacart_web
BozF Bearn,food,receipt_ocr
1.59,not_food,receipt_ocr
OtMenuIteu,not_food,receipt_ocr
BeefMrlot,food,synthetic_ocr_aug
CCC222,not_food,receipt_ocr
Tall,not_food,receipt_ocr
Deep Green Power Blends Salad Mix,food,instacart_web
Oafkon Hanacht,food,receipt_ocr
S12.95,not_food,receipt_ocr
Honey Bunny Grahams,food,instacart_web
Shrimp Peeled Deveined,food,synthetic_food_list
Signature Classics Fettuccini Alfredo,food,instacart_web
xTea,food,receipt_ocr
Pecan Caramel Almond Creamer,food,instacart_web
ready soups,food,basket_categories_web
Hotscra,not_food,receipt_ocr
Braided Honey Wheat Pretzels,food,instacart_web
Apple Pie Fruit & Nut Food Bar,food,instacart_web
Organic Turkey Bacon,food,instacart_web
Italian Deli Slices,food,instacart_web
53.00,not_food,receipt_ocr
Mahi Mahi,food,synthetic_food_list
TPrenDooCoeb,not_food,receipt_ocr
Artisan French Rolls,food,instacart_web
XX Espresso Iced Coffee With Almond Milk,food,instacart_web
"Parsley, Italian (Flat), New England Grown",food,instacart_web
Sweet Baguette,food,instacart_web
Mini Stoned Wheat Thins Crackers,food,instacart_web
TMARYCHICKEN,food,receipt_ocr
CanfieldQuickSetolderibspool,not_food,receipt_ocr
OrganicSimp1yNakeclPitaChips,food,synthetic_ocr_aug
PremimDliOvenRoastdTurkeyBrest,food,synthetic_ocr_aug
Raspberry Filmjolk Non-Fat Drinkable Yogurt,food,instacart_web
Lemon Lime Thirst Quencher,food,instacart_web
SheepMilkYogurtVanilla,food,synthetic_ocr_aug
510,not_food,receipt_ocr
Organic White Basmati Rice,food,instacart_web
$15.00,not_food,receipt_ocr
Fuji Apples,food,instacart_web
Stat-Great,not_food,receipt_ocr
Organic Rainbow Chard Vegetable,food,instacart_web
Pesto Pizza,food,instacart_web
Boneless Pork Loin Chops,food,instacart_web
AlmondMikBlueberryYogurt,food,synthetic_ocr_aug
Organic Mini Homestyle Waffles,food,instacart_web
agapokeBoul,food,receipt_ocr
Milk Chocolate Crunch Bunch Candy in Stand Up Bag,food,instacart_web
NIBbYDaRKChoCoLaTe,food,synthetic_ocr_aug
TRKYBRGR,food,receipt_ocr
Dairy Free Coconut Milk Beverage,food,instacart_web
Lemon Curd,food,instacart_web
Mayonnaise,food,instacart_web
sashimi,food,receipt_ocr
PURECANEGOLDENBROWNSUGAR,food,synthetic_ocr_aug
035.50,not_food,receipt_ocr
SEDAAPMTESOLOTSGR,food,receipt_ocr
Grass Fed Ground Beef,food,instacart_web
1 PEPSI20.0Z,food,receipt_ocr
Triple Zero Strawberry Oikos Greek Yogurt,food,instacart_web
CjnTurkeyBreast,food,synthetic_ocr_aug
aMK,not_food,receipt_ocr
Twinkies,food,instacart_web
1699,not_food,receipt_ocr
$115.50,not_food,receipt_ocr
Apple Cider Spice,food,instacart_web
1 Becks NonAlcoholic,food,receipt_ocr
$0:70,not_food,receipt_ocr
Belgian Endive,food,instacart_web
Organic Maple Brown Sugar Granola,food,instacart_web
FLYERS,not_food,receipt_ocr
ROLL1.O,food,receipt_ocr
Saving,not_food,receipt_ocr
YobabyOrganicPlainYogurrt,food,synthetic_ocr_aug
+ Pickles,food,receipt_ocr
MopleHoneyHom,food,synthetic_ocr_aug
Tuscan Kale & Quinoa Salad,food,instacart_web
wLcLskIPjCKLGHtTUNo,food,synthetic_ocr_aug
ATRAI,not_food,receipt_ocr
lightmozarellas,food,synthetic_ocr_aug
-10,not_food,receipt_ocr
ebbsnps,not_food,receipt_ocr
Taco Tuesday Pollo,food,receipt_ocr
1xSchweinschnitze1,food,receipt_ocr
5-40,not_food,receipt_ocr
Dairy Free Coconut Milk Yogurt Alternative,food,instacart_web
Manzanilla Pimiento Stuffed Olives,food,instacart_web
Gum Ginger,food,instacart_web
SIDE(SMOX3,not_food,receipt_ocr
Flavor Blasted Xtra Cheddar Goldfish Crackers,food,instacart_web
1810061602,not_food,receipt_ocr
Live Butter Lettuce,food,instacart_web
Table,not_food,receipt_ocr
1 Pint Bisque,food,receipt_ocr
Crunchy Oats N' Honey Granola Bars,food,instacart_web
Asian Vegetable Ramen,food,instacart_web
Despicable Me Bello! Strawberry Banana/Bello! Strawberry Variety Pack Low Fat Yogurt,food,instacart_web
RedSangrta Glass,food,receipt_ocr
Organic Balance Milk Protein Shake Dark Chocolate,food,instacart_web
Los Osos Merlot,food,instacart_web
SA,not_food,receipt_ocr
2.85F,not_food,receipt_ocr
Some Pulp Orange Juice,food,instacart_web
Tart Cherry Yoghurt,food,instacart_web
herita,food,receipt_ocr
NashtssMiMortawase,not_food,receipt_ocr
Vanilla Soy Milk,food,instacart_web
Mojo Chocolate Almond Coconut Bar,food,instacart_web
Organic Raisin Bran Cereal,food,instacart_web
Oh My Yog! Madagascar Vanilla Trilayer Yogyurt,food,instacart_web
Smoked Gouda,food,instacart_web
caramel,food,receipt_ocr
Te#mpeh,food,synthetic_ocr_aug
Yellow Corn Taco Shells - 12 CT,food,instacart_web
JAMUN BUTERCHX,food,receipt_ocr
Organic Greek Whole Milk Blended Vanilla Bean Yogurt,food,instacart_web
Copavino,food,receipt_ocr
Organic Low Sodium Chicken Cooking Stock,food,instacart_web
Chunky Blue Cheese Dressing,food,instacart_web
Organic Mini Peeled Carrots,food,instacart_web
Lemon Cayenne Agave Cold Pressed Juice Beverage,food,instacart_web
Organic Broccolette,food,instacart_web
Cranberry Almond Plus Antioxidants 1.4 oz Fruit & Nut Bars,food,instacart_web
UUNCHFAJI,food,receipt_ocr
*DON'T MAKE*,food,receipt_ocr
hard cheese,food,basket_categories_web
193:00,not_food,receipt_ocr
Dark Coconut Toffee Organic Chocolate,food,instacart_web
Reduced Fat Creamy Peanut Butter Spread,food,instacart_web
Chicken Enchilada Bowl,food,instacart_web
BeyondBeefBeefyCrumble,food,synthetic_ocr_aug
819.99,not_food,receipt_ocr
India Pale Ale,food,instacart_web
sourdoughBr,food,synthetic_ocr_aug
"Ground Pork, Extra Lean, 4% Fat",food,instacart_web
buttrtopwhite8recl,food,synthetic_ocr_aug
1 x 22.90,not_food,receipt_ocr
cokelat,food,receipt_ocr
RedEnc.hiladaSauce,food,synthetic_ocr_aug
Rich Dark Chocolate,food,instacart_web
255.00,not_food,receipt_ocr
Kid is waiting,not_food,receipt_ocr
YEEZY B00ST 350 V2 CLOUD WHITE-11,food,receipt_ocr
thousandislanddressing,food,synthetic_ocr_aug
19.90-1,not_food,receipt_ocr
Smooth & Creamy Organic Lowfat French Vanilla Yogurt,food,instacart_web
Corn Flakes Crumbs,food,instacart_web
Key Lime Yoghurt,food,instacart_web
StirBeef Filletw.Tofu,food,receipt_ocr
ELASSE,not_food,receipt_ocr
Bite Size Tortilla Chips,food,instacart_web
Aged White Cheddar Baked Rice & Corn Puffs Gluten Free Lunch Packs,food,instacart_web
Organic Black Truffles Dark Chocolate,food,instacart_web
2.40,not_food,receipt_ocr
C2,not_food,receipt_ocr
Diet Pepsi Pack,food,instacart_web
catohotzeTuma,not_food,receipt_ocr
99% Fat Free Natural Goodness Chicken Broth,food,instacart_web
Coarse Grind Cornmeal,food,instacart_web
Yellow Grape Tomatoes,food,instacart_web
Kosher Salt,food,instacart_web
Medium Thick'n Chunky Salsa,food,instacart_web
66.8,not_food,receipt_ocr
K SPLCHIK W/BP,food,receipt_ocr
Organic Peaches,food,instacart_web
Dark Blackout Organic Chocolate,food,instacart_web
ChickenLollipop,food,receipt_ocr
Stringless Sugar Snap Peas,food,instacart_web
Organic Southwest Taco Seasoning,food,instacart_web
GO,not_food,receipt_ocr
Arancita Rossa,food,instacart_web
Bananas,food,instacart_web
Green Onions,food,instacart_web
LasooniDalTadka,food,receipt_ocr
BUFFET DINNER （ADULT),food,receipt_ocr
Organic Wildberry Yogurt,food,instacart_web
Strawberry Lemonade Frozen Pops,food,instacart_web
Peach Mango Juice,food,instacart_web
Bahamian Coffee,food,receipt_ocr
eork,food,receipt_ocr
French Baguette Bread,food,instacart_web
Hamburger Buns 8 Ct,food,instacart_web
Beef Tamale,food,instacart_web
LowSodiumBeef0Broth,food,synthetic_ocr_aug
20.0020400,not_food,receipt_ocr
50%LessS#odiumGarbanzoBeans,food,synthetic_ocr_aug
2iGass,food,receipt_ocr
Raw Whole Milk,food,instacart_web
Jolly Rancher,food,instacart_web
Light Cranberry Juice,food,instacart_web
OrganicRawCoconutAmiinos,food,synthetic_ocr_aug
Sweet Potato and Roasted Onion Brown Rice and Wheat Crackers,food,instacart_web
"Pure, All-Natural Clam Juice",food,instacart_web
283500,not_food,receipt_ocr
OrganicRawCoconutButter,food,synthetic_ocr_aug
AauafinacM.water),food,receipt_ocr
Shrimp,food,receipt_ocr
Cherry Gelatin Dessert,food,instacart_web
Chicken Marsala & Roasted Redskin Potatoes Classic Meal for 2,food,instacart_web
Creamed Spinach,food,instacart_web
Organic SprouTofu Super Firm Tofu,food,instacart_web
Pripes BIaFATaB7O,food,receipt_ocr
100 Calorie Pretzels Packs,food,instacart_web
Organic Quinoa Dark Chocolate Bar,food,instacart_web
Organicquinoa&Brownricewithgarlic,food,synthetic_ocr_aug
Zucchini Gingerbread Carrot Smart Cookies,food,instacart_web
Sitmeat,food,receipt_ocr
HERnp&GRrsbRGER,food,synthetic_ocr_aug
Doubleshot Espresso & Cream Premium Coffee Drink,food,instacart_web
818:8,not_food,receipt_ocr
1 CITRON EN CROQUANT.FONDA,food,receipt_ocr
Mango,food,produce_classes_web
icken,food,receipt_ocr
Creamy Poppyseed Salad Dressing Smooth & Sweet,food,instacart_web
COMPLETE MIROIR,food,receipt_ocr
3.200,not_food,receipt_ocr
"Chia Seed, Organic, Ground",food,instacart_web
Animal,not_food,receipt_ocr
Tangerine,food,instacart_web
Organic Honey Grade A,food,instacart_web
1HALIBUT,food,receipt_ocr
1:70,not_food,receipt_ocr
ORGRICTRKEYBCR,food,synthetic_ocr_aug
N/O LFWHEATBREAD,food,receipt_ocr
Organic Red Grape Tomato,food,instacart_web
DIET KANTONG PLASTIK,not_food,receipt_ocr
$21.95,not_food,receipt_ocr
EFAL25G,not_food,receipt_ocr
Chorizo Sausage,food,synthetic_food_list
Cola Soda,food,instacart_web
Chettinad Spicy,food,receipt_ocr
PKLI Piri Piri Chicken,food,receipt_ocr
Classic Mild Cheddar Macaroni & Cheese 25% Less Sodium,food,instacart_web
CRAZYOVERYOU,not_food,receipt_ocr
CHOTCE3L,not_food,receipt_ocr
Tempt Unsweetened Vanilla Hemp Milk,food,instacart_web
212.00,not_food,receipt_ocr
Organic Frosted Flakes Cereal,food,instacart_web
EXTRAPIECES PLANTAINS,food,receipt_ocr
#1.50,not_food,receipt_ocr
FrenchOni,food,synthetic_ocr_aug
Clementina Sparkling Beverage,food,instacart_web
Satsumas,food,produce_classes_web
GrinderHimalaanSaltPin,food,synthetic_ocr_aug
84.000,not_food,receipt_ocr
SHTP,food,receipt_ocr
SPCYFRY,food,receipt_ocr
Multi0-GrainSeaSaltCrackers,food,synthetic_ocr_aug
OUALTINE,food,receipt_ocr
Rice Crust Roasted Vegetable Pizza,food,instacart_web
C120,not_food,receipt_ocr
Lettuoe,food,receipt_ocr
CC0222,not_food,receipt_ocr
Plain Yogurt,food,instacart_web
Soft Taco Size White Flour Tortillas,food,instacart_web
CAFEEXPRESS,food,receipt_ocr
Etouffee,food,receipt_ocr
Unsweetened Cocoa Powder,food,instacart_web
9555590500184,not_food,receipt_ocr
KJUTOT,not_food,receipt_ocr
PastaJoy Brown Rice Pasta Elbow,food,instacart_web
MENU2,not_food,receipt_ocr
Condensed Cream of Potato Soup,food,instacart_web
Frozen Organic Red Raspberries,food,instacart_web
Oh My Yog! Gingered Pear Trilayer Yogurt,food,instacart_web
TEOU,not_food,receipt_ocr
2002837,not_food,receipt_ocr
VegetableClassi,food,synthetic_ocr_aug
TchocPot De Cren,food,receipt_ocr
Frostedberrystrawberrytoasterp,food,synthetic_ocr_aug
Grape Fruit Ice Bars,food,instacart_web
Prid,not_food,receipt_ocr
DeliStyleParmesnCaesrCroutons,food,synthetic_ocr_aug
turkey,food,basket_categories_web
Organic Pure Concord Grape Juice,food,instacart_web
Lady Gaga,food,receipt_ocr
Country Potato Hot Dog Buns,food,instacart_web
Grass-fed 90% Ground Beef,food,instacart_web
MILK,food,receipt_ocr
Homestyle Savory Chicken Bone Broth,food,instacart_web
Wasabi Crunchy Chickpeas,food,instacart_web
Natural Simply Salted Microwave Popcorn,food,instacart_web
DarkMagicExtraBold0DarkRoastCoffeeKCups,food,synthetic_ocr_aug
Low Fat Vanilla Yogurt,food,instacart_web
GarloPstm,food,receipt_ocr
Stevia Extract Liquid Sweetener,food,instacart_web
14.00,not_food,receipt_ocr
Organic Harmony Blend Tri-Color,food,instacart_web
Edamarnc,food,synthetic_ocr_aug
#L14Gar1icDe1ight,food,receipt_ocr
014.00,not_food,receipt_ocr
0.49,not_food,receipt_ocr
210,not_food,receipt_ocr
TPARGO FRITD,food,receipt_ocr
NAtraLmCDiVMcheddRches,food,synthetic_ocr_aug
Iced Green Tea Organic Super Fruit,food,instacart_web
ERIED EGG(S),food,receipt_ocr
10.99T,not_food,receipt_ocr
Kava Stress Relief Tea,food,instacart_web
Asian Pear Crisps,food,instacart_web
9-00,not_food,receipt_ocr
Mozzarella Ciliegine,food,instacart_web
YoKids Squeeze Organic Blueberry Blue Yogurt,food,instacart_web
Red Chile Barbacoa Slow Cook Sauce,food,instacart_web
Feta Cheese with Herbs & Spices in Oil,food,instacart_web
Organic & Raw Strawberry Serenity Kombucha,food,instacart_web
Calcium Pulp Free Orange Juice,food,instacart_web
thenticRedCrryPst,food,synthetic_ocr_aug
Gluten Free Rice Chex,food,instacart_web
1156,not_food,receipt_ocr
Organic Green Onions,food,instacart_web
Rate,not_food,receipt_ocr
meSaladST,food,receipt_ocr
￥14,not_food,receipt_ocr
2.00,not_food,receipt_ocr
WALLS PP CHOLAVA56,food,receipt_ocr
1 STUFFED ARTICHOKE*,food,receipt_ocr
S5.00,not_food,receipt_ocr
2PC,not_food,receipt_ocr
Sea Salt Pita Chips,food,instacart_web
NewYork,food,receipt_ocr
"All White Meat Turkey Burgers, 93% Lean",food,instacart_web
Organic Gluten Free Spaghetti,food,instacart_web
ETABLEFSHORBA,food,receipt_ocr
Natural Goodness 33% Less Sodium Chicken Broth,food,instacart_web
A4.000,not_food,receipt_ocr
CEMENT(5OKG),not_food,receipt_ocr
IceTea,food,receipt_ocr
$7.55,not_food,receipt_ocr
BefConsomm<U+00E9>CondensedSoup,food,synthetic_ocr_aug
Onion Flavor Organic Roasted Seaweed Snack,food,instacart_web
TAD,not_food,receipt_ocr
Sea Salt & Pepper Popcorn,food,instacart_web
(MODEL:SC1201(MT),not_food,receipt_ocr
KCATOILETROLL3PLY1OR,not_food,receipt_ocr
"Miso, Organic, Mellow, Red",food,instacart_web
MOdgsCrbOrBnPUrEvAriLLAeXTRct,food,synthetic_ocr_aug
WATER TEAQO50,food,receipt_ocr
SEDAAPMTESOTOTSGR,food,receipt_ocr
Heavy Whip Cream,food,instacart_web
0.70,not_food,receipt_ocr
Natural Skinless & Boneless Sardines In Water,food,instacart_web
1Piscup,food,receipt_ocr
Fried Rice3,food,receipt_ocr
Instant French Vanilla Pudding & Pie Filling,food,instacart_web
Whipped Cream Cheese Spread,food,instacart_web
"Organic Snack Mix Bunnies Snack Mix, Organic",food,instacart_web
90 Calorie Chocolate Chewy Bars,food,instacart_web
NameBadgeH)@05500,not_food,receipt_ocr
Organic Vegetable Broth,food,instacart_web
Gluten Free Original Baguettes,food,instacart_web
"Tortillas, Corn, Organic",food,instacart_web
Eco-Pac Kamut Puffs Cereal,food,instacart_web
European Style Salted Butter,food,instacart_web
DairyFreeCreamCheeseStyle*SpreadChive&Onion,food,synthetic_ocr_aug
NaturalButtermilkPancake&WaffleMix,food,synthetic_ocr_aug
Ranch Crunchy Corn Snack,food,instacart_web
Masala Dosa,food,receipt_ocr
10-500,not_food,receipt_ocr
Reduced Fat Shredded Mozzarella Cheese,food,instacart_web
Builder's<U+00AEChocolatePeanutButterProteinBars,food,synthetic_ocr_aug
YokidsOrgoricStrawberryBananaLowfatYogurtSqueeze,food,synthetic_ocr_aug
4.9,not_food,receipt_ocr
6GL:,not_food,receipt_ocr
Red Peppers,food,instacart_web
VODK,food,receipt_ocr
1 SPARKLING WATER LARG,food,receipt_ocr
Mochi Ice Cream Green Tea - 6 CT,food,instacart_web
112.50,not_food,receipt_ocr
Lemonade Drink Mix,food,instacart_web
Original Breakfast Sausage Links,food,instacart_web
Organic Crunchy Street Taco Slaw Blend,food,instacart_web
OBLDESPRESSO*,food,receipt_ocr
135,not_food,receipt_ocr
"100% Fruit Bar, Blueberry Pomegranate",food,instacart_web
6400,not_food,receipt_ocr
Smok Cured Turkey Bacon,food,instacart_web
100% Organic Yellow Pop Corn,food,instacart_web
1 Sml Coffee Frap,food,receipt_ocr
Sea Salt Roasted Seaweed,food,instacart_web
15da71bb84eec7d54bd7cec031,not_food,receipt_ocr
100% Tomato Juice,food,instacart_web
Organic Large Flour Tortillas 6 Count,food,instacart_web
Crunchy Cheddar Jalapeno,food,instacart_web
Greek Cook,food,receipt_ocr
ECoebo,food,receipt_ocr
Raspberry Preserves,food,instacart_web
Small Walnut Levain Bread,food,instacart_web
SPRING,not_food,receipt_ocr
Sea Salt Macadamias,food,instacart_web
Dry Roasted 100 Calorie Packs Almonds,food,instacart_web
allntrlpcchtea8ttles,food,synthetic_ocr_aug
B0ARD35.5X25.5CM803M#,food,receipt_ocr
Refresh Herbal Tea,food,instacart_web
Sweet Italian Sasuage,food,instacart_web
POTATOESSWEET,food,receipt_ocr
Whole Grain Brown Rice,food,instacart_web
79,not_food,receipt_ocr
WINGS(5),food,receipt_ocr
Madras Curry Spicy Indian Simmer Sauce,food,instacart_web
Vanilla Pudding,food,instacart_web
Chicken Stock,food,instacart_web
1664,not_food,receipt_ocr
22.9OSR,not_food,receipt_ocr
FreshFettuccini.,food,synthetic_ocr_aug
Zero Calorie Lemon Lime Twist Soda,food,instacart_web
200,not_food,receipt_ocr
Coffee Chocolate Chip Frozen Greek Yogurt Bars,food,instacart_web
955783740003E,not_food,receipt_ocr
raspberryzingercaffeinefreeherbaltea,food,synthetic_ocr_aug
Particulars,not_food,receipt_ocr
Stuffed Peppers,food,instacart_web
French Roast Organic Whole Bean Coffee,food,instacart_web
Origina,not_food,receipt_ocr
DiscountBBa &Blue Chz,not_food,receipt_ocr
1 Liter,food,instacart_web
Cheese Pizza Snacks,food,instacart_web
Plum,food,produce_classes_web
Mild Taco Sauce,food,instacart_web
1SCok,food,receipt_ocr
UBE,not_food,receipt_ocr
1.70,not_food,receipt_ocr
Organic Celery Hearts,food,instacart_web
XscalopDumpng,food,receipt_ocr
ProtcinPlusRotiniPasto,food,synthetic_ocr_aug
MINT,not_food,receipt_ocr
Tikka Masala,food,instacart_web
Hint of Lime Flavored Tortilla Chips,food,instacart_web
Organic Lettuce,food,instacart_web
Chocolate Hazelnut Butter,food,instacart_web
Chicken Tenderloins,food,instacart_web
Gluten Free Original English Muffins,food,instacart_web
Organic Free Range Low Sodium Chicken Broth,food,instacart_web
Oatmeal Raisin Cookies,food,instacart_web
Frozen Burritos,food,synthetic_food_list
Grape 100% Juice,food,instacart_web
Chicharrones Fried Pork Rinds,food,instacart_web
666168,not_food,receipt_ocr
Darkchocolateacaiblueberry,food,synthetic_ocr_aug
"The Original Picante Sauce, Medium",food,instacart_web
$2.95,not_food,receipt_ocr
Organic Crunchy Peanut Butter,food,instacart_web
Sandwich Cookies & Crackers Variety Snack Packs,food,instacart_web
3.29,not_food,receipt_ocr
Veggie Tray,food,instacart_web
Honeydew Chunks,food,instacart_web
Grape Sunflower Butter Sunwiches,food,instacart_web
LactoseFreeSour,food,synthetic_ocr_aug
Organic Milkmaid Tea,food,instacart_web
Strawberry Lowfat Organic Milk,food,instacart_web
25.00SR,not_food,receipt_ocr
HD32X4O3K9,not_food,receipt_ocr
RoastedPineNu*tHummus,food,synthetic_ocr_aug
864,not_food,receipt_ocr
Total 2% Greek Mixed Berries Yogurt,food,instacart_web
ChickcnPadTbaiWithRiceNoodles,food,synthetic_ocr_aug
Dark Chocolate Bar,food,instacart_web
EC,not_food,receipt_ocr
1255/ea,not_food,receipt_ocr
45,not_food,receipt_ocr
ClasslcfcakeGiazad,not_food,receipt_ocr
Orange & Lemon Flavor Variety Pack Sparkling Fruit Beverage,food,instacart_web
3C013.69,not_food,receipt_ocr
Farmer Cheese No Salt Added,food,instacart_web
74.00,not_food,receipt_ocr
CheddarSnackCrackersCheddarB,food,synthetic_ocr_aug
1x100.000,not_food,receipt_ocr
7og P.Copy,not_food,receipt_ocr
Apples & Cinnamon Instant Oatmeal,food,instacart_web
SCLROSE DE UOIR,food,receipt_ocr
x Tea,food,receipt_ocr
BRUNHZ COURSE,not_food,receipt_ocr
1XTRAENTREE,not_food,receipt_ocr
Sushi,food,receipt_ocr
Dijon Mustard,food,instacart_web
TacoDcochihits,not_food,receipt_ocr
27.00,not_food,receipt_ocr
Vitamin D Organic Milk,food,instacart_web
Gluten Free Multigrain Baked Crackers,food,instacart_web
RE,not_food,receipt_ocr
Flaxmilk 1200 mg Omega-3 Vanilla,food,instacart_web
Whole Grain Quinoa,food,instacart_web
PureCaneIndividua1lPacketsSugar,food,synthetic_ocr_aug
Vodka,food,instacart_web
TIKKA,food,receipt_ocr
502,not_food,receipt_ocr
100% Whole Wheat Pre-Sliced Sandwich Thins,food,instacart_web
49.00,not_food,receipt_ocr
Rip Eyesria,food,receipt_ocr
KZSIGNALCONDENSORKOZI)IZV,not_food,receipt_ocr
MANOORANGEEEZE5.000,food,receipt_ocr
Organic Peeled Whole Baby Carrots,food,instacart_web
Direct Trade Black Cat Classic Espresso Roast Whole Bean Coffee,food,instacart_web
Negombo,not_food,receipt_ocr
iption,food,receipt_ocr
oRganiCstrAwBERRYSMO,food,synthetic_ocr_aug
Special K Red Berries Cereal,food,instacart_web
"KaleKrunch,Organic,South",food,synthetic_ocr_aug
Organic Bell Pepper,food,instacart_web
TtemNo.,not_food,receipt_ocr
Roman Raspberry Sorbetto,food,instacart_web
DaryPreFrshHlf&Hlf,food,synthetic_ocr_aug
Organic Cannellini Beans,food,instacart_web
GULALOKAL1KG,food,receipt_ocr
Pirouette Chocolate Hazelnut Creme Filled Wafers,food,instacart_web
Peach Iced Tea Mix Packets,food,instacart_web
AmericanCheeseS,food,synthetic_ocr_aug
OrganicKetchupG,food,synthetic_ocr_aug
Chix Parm Sandwich,food,receipt_ocr
Monster Trail Mix,food,instacart_web
GST@6%A,not_food,receipt_ocr
Very well done,not_food,receipt_ocr
L123ANDROID,not_food,receipt_ocr
2 SAUV BLANC JB,food,receipt_ocr
Chicken Broth,food,instacart_web
Yorkshire Black Tea,food,instacart_web
That Filed Rice,food,receipt_ocr
11300,not_food,receipt_ocr
9066468,not_food,receipt_ocr
Zero Ultra Energy Drink,food,instacart_web
Organic Red Chard Greens,food,instacart_web
BCOLLEGRN,not_food,receipt_ocr
Home Style Champagne Caper Vinaigrette Dressing,food,instacart_web
Lowfat & Strawberry Topping Cottage Cheese,food,instacart_web
Organic Dark Chocolate Chips,food,instacart_web
1Milk Shake,food,receipt_ocr
Gluten Free Rice & Shine Hot Cereal,food,instacart_web
ADD SALAD,food,receipt_ocr
CaramclFil1edChocolateCandy,food,synthetic_ocr_aug
Belgium Beer,food,instacart_web
"13.90*1,",not_food,receipt_ocr
Organic Bunny Fruit Tropical Treat Fruit Snacks,food,instacart_web
BLuebErRy,food,synthetic_ocr_aug
1/2AND1/2COMBO,food,receipt_ocr
White Glass Pinot,food,receipt_ocr
Spring Mix,food,instacart_web
MENTATROLL,food,receipt_ocr
Whole Natural Value Pack Almonds,food,instacart_web
Lemon Italian Sparkling Mineral Water,food,instacart_web
0201,not_food,receipt_ocr
84885585,not_food,receipt_ocr
Hint Of Sea Salt Almond Nut Thins,food,instacart_web
Dairy Free Mocha Almond Fudge Frozen Coconut Milk,food,instacart_web
Country Morning White Bread,food,instacart_web
Sweet Kale Chopped Salad,food,instacart_web
SPCClTYFot,food,synthetic_ocr_aug
1 Apple + 1 Pear Fruit Bar,food,instacart_web
12pcFalafel,food,receipt_ocr
Gluten Free Rice Crust Spinach Pizza,food,instacart_web
Worcestershire Sauce,food,synthetic_food_list
Hamburger Buns,food,instacart_web
EdamameSoybeansinPods,food,synthetic_ocr_aug
Pea&Carrots,food,synthetic_ocr_aug
Who#leWhiteMushrooms,food,synthetic_ocr_aug
Groundchuck,food,synthetic_ocr_aug
Unit,not_food,receipt_ocr
Organic Rainbow Carrots,food,instacart_web
Freshasparagus,food,synthetic_ocr_aug
Frozen Mango Chunks,food,instacart_web
1iqucur,food,synthetic_ocr_aug
lessspicy,not_food,receipt_ocr
Spanish Style Ready Rice,food,instacart_web
Consectetur,not_food,receipt_ocr
SeaSaltCaramelFroze,food,synthetic_ocr_aug
Original Ice Cream Bar,food,instacart_web
OrganicHeritageFlakesCCereal,food,synthetic_ocr_aug
Pistachioinstantpu,food,synthetic_ocr_aug
WissmachPaleBlueCathedralFlemish,not_food,receipt_ocr
KEYCFIAIN,not_food,receipt_ocr
Coke de Mexico Glass,food,instacart_web
Teriyaki & Pineapple Chicken Meatballs,food,instacart_web
Oats & Honey Granola,food,instacart_web
Insalata Negombo,food,receipt_ocr
MakeTtBTue,food,receipt_ocr
Fresh Ground Turkey,food,instacart_web
25.000,not_food,receipt_ocr
NaturalllyBrewedSoySauce,food,synthetic_ocr_aug
CookieDovghNutritionBor,food,synthetic_ocr_aug
2Teh,food,receipt_ocr
Banana Oat Bars,food,instacart_web
Light Bologna,food,instacart_web
Smoked Turkey Sausage,food,instacart_web
RTPAKO,not_food,receipt_ocr
52,not_food,receipt_ocr
Black Grapes,food,instacart_web
Rp48.000,not_food,receipt_ocr
Arrachera solo,food,receipt_ocr
Half And Half Cream,food,instacart_web
Shole,not_food,receipt_ocr
DriedOregano,food,synthetic_ocr_aug
WalnutHalves,food,synthetic_ocr_aug
Cereal Honey Bears,food,instacart_web
6.40,not_food,receipt_ocr
Naturally Rising Crust Canadian Style Bacon & Pineapple Pizza,food,instacart_web
Cheese Slices,food,instacart_web
Ground Lamb,food,instacart_web
4EA,not_food,receipt_ocr
Summertime Blues Multigrain Tortilla Chips,food,instacart_web
Organic  Dried & Unsulfured Orchard Select Apricots,food,instacart_web
1.elasTempranillo,food,receipt_ocr
BeefChopped,food,receipt_ocr
Yellow Corn Taco Dinner Kit,food,instacart_web
Chk Ranchero Bur,food,receipt_ocr
Gluten Free Smoked Gouda Mac and Cheese,food,instacart_web
oiorsit,not_food,receipt_ocr
Diet Coke,food,receipt_ocr
"9,500",not_food,receipt_ocr
Tmny,not_food,receipt_ocr
3-,not_food,receipt_ocr
69,not_food,receipt_ocr
Half Baked Frozen Yogurt,food,instacart_web
$9:00,not_food,receipt_ocr
63:60,not_food,receipt_ocr
Gourmet 100 Calorie 100% Whole Wheat Tortillas,food,instacart_web
1G14 HandsCab,food,receipt_ocr
Coconuts For Caramel,food,instacart_web
22.00,not_food,receipt_ocr
OatmealBlueberr,food,synthetic_ocr_aug
1NO BEVEPAGE,food,receipt_ocr
hch,not_food,receipt_ocr
Chilpotles in Adobo Sauce,food,instacart_web
All Natural Raspberries,food,instacart_web
Fig Newtons,food,instacart_web
TakeiAway,not_food,receipt_ocr
SHRIMP SUB,food,receipt_ocr
Organic Italian Salad,food,instacart_web
6 Coke Btl,food,receipt_ocr
Riesling,food,instacart_web
CrunchyChocolateBlissCoconutChips,food,synthetic_ocr_aug
Descripiion,not_food,receipt_ocr
MoceloTap,food,receipt_ocr
CRTNK,not_food,receipt_ocr
Cheddar Cheese Medium,food,instacart_web
Lori'sLemonTea,food,synthetic_ocr_aug
1Cauliflower,food,receipt_ocr
ICECREAMCUITH SELENAGOMEZ),food,receipt_ocr
Classic Mac,food,instacart_web
FrozenGreekYogurtB.arsBlueberry,food,synthetic_ocr_aug
BasmatiReadyRicee,food,synthetic_ocr_aug
Organic Razzi Raspberry Frosted Toaster Pastries 6 Count,food,instacart_web
HerbalCaffeineFreeSleepytimeTea,food,synthetic_ocr_aug
1611,not_food,receipt_ocr
OrangePeachM,food,synthetic_ocr_aug
Mediterranean Mint Gelato,food,instacart_web
Organic Pineapple Chunks,food,instacart_web
TPulledChickencubhous,food,receipt_ocr
Flying Dog Numero Uno BTL,food,receipt_ocr
OSEPUMPC88351#,not_food,receipt_ocr
9600,not_food,receipt_ocr
Camaron,food,receipt_ocr
Beef & Cheese Mini Tacos,food,instacart_web
VND1OOOOO,not_food,receipt_ocr
5.60,not_food,receipt_ocr
Organic Shells & White Cheddar Macaroni and Cheese,food,instacart_web
Greek 100 Whips! Black Cherry Yogurt,food,instacart_web
Unbleached All-Purpose Flour,food,instacart_web
BROCCOLT BEEF,food,receipt_ocr
AUUBUTTERMASA,food,receipt_ocr
Pita Chips Simply Naked Nothing but Sea Salt Baked,food,instacart_web
Tzatz,food,synthetic_ocr_aug
17.000,not_food,receipt_ocr
Quinoa Chips Barbeque,food,instacart_web
Organic Whole Grain,food,instacart_web
Wild Maine Blueberry Jam,food,instacart_web
MAUESTAHSS,food,receipt_ocr
456,not_food,receipt_ocr
Pitted Prunes,food,instacart_web
Banihana Roll,food,receipt_ocr
PintBostonLager,food,receipt_ocr
Organic Yams,food,instacart_web
CaramelFrapuccino),food,receipt_ocr
cheese&broccol,food,synthetic_ocr_aug
pinKLAdY(CRIpPs)apPle,food,synthetic_ocr_aug
"Watercress, Bunch",food,instacart_web
Sourdough Bread Loaf,food,synthetic_food_list
5.00,not_food,receipt_ocr
148.00,not_food,receipt_ocr
salad dressing,food,basket_categories_web
2 Vanilla Bean,food,receipt_ocr
RT,not_food,receipt_ocr
Brioche Buns,food,synthetic_food_list
AntioxidantInfusionsIpanemaPomegran,food,synthetic_ocr_aug
Michigan Organic Kale,food,instacart_web
hrimp,food,receipt_ocr
Skinny Cow Vanilla Low Fat Ice Cream Sandwiches,food,instacart_web
Organicwholemilkfrenc,food,synthetic_ocr_aug
Organic Quick Oats,food,instacart_web
Wild Blueberry Preserves,food,instacart_web
250C,not_food,receipt_ocr
Chicken Cooking Stock,food,instacart_web
Shr,food,receipt_ocr
26.70Z,not_food,receipt_ocr
ROSEMARYMINICROCCANTINI,food,synthetic_ocr_aug
Barcelona Vinaigrette Mediterranean Style,food,instacart_web
Egg & Green Chile Burrito,food,instacart_web
TacoD Chorizo,food,receipt_ocr
56,not_food,receipt_ocr
Daserrpt,not_food,receipt_ocr
Organic Stoneground Wheat Crackers,food,instacart_web
S1.2.00,not_food,receipt_ocr
NEERDOSA5PCS,food,receipt_ocr
0..00,not_food,receipt_ocr
Organic Apple Cider Vinegar & Honey All Natural Drink,food,instacart_web
Basil Pesto,food,instacart_web
Tomato Paste,food,instacart_web
GarbnzBans,food,synthetic_ocr_aug
Butternut Squash Tamales With Cheese,food,instacart_web
31561408,not_food,receipt_ocr
Light & Fit Strawberry Non Fat Greek Yogurt,food,instacart_web
Cinnamon Bunny Grahams Whole Grain Graham Snacks Bunny Grahams,food,instacart_web
Raw Jumbo Cashews,food,instacart_web
174.00,not_food,receipt_ocr
Traditional Egg Pasta Pappardelle,food,instacart_web
BUTTERLACCHA PARATHA,food,receipt_ocr
CarrotCake,food,receipt_ocr
"Breod,SproutedGrain&SeedLoof,Genesis1:29",food,synthetic_ocr_aug
Blueberry Pint,food,instacart_web
jVegetableBlryanl,food,receipt_ocr
Organicchickenpotpie,food,synthetic_ocr_aug
SparklingBlackberrryJuice,food,synthetic_ocr_aug
our TorttTia,food,receipt_ocr
House Salad,food,receipt_ocr
RRTNG,not_food,receipt_ocr
6R*60,not_food,receipt_ocr
GriledMushroons,food,receipt_ocr
Non Alcoholic The Original Irish Cream Coffee Creamer,food,instacart_web
13.25,not_food,receipt_ocr
Gluten Free Strawberry Breakfast Bars,food,instacart_web
Cran-Grape Juice,food,instacart_web
00,not_food,receipt_ocr
Shredded Beef Burrito,food,instacart_web
Wheat Gluten Free Waffles,food,instacart_web
Peppercna,food,receipt_ocr
100%WholeWheatMediumSoftTacoFlourTo,food,synthetic_ocr_aug
EOR,not_food,receipt_ocr
sMie,food,receipt_ocr
Organic Apple Butter Spread,food,instacart_web
Naturals Sweet & Spicy BBQ Sauce,food,instacart_web
Four Cheese Thin Crust Pizza,food,instacart_web
2505,not_food,receipt_ocr
Iodized Salt,food,instacart_web
[Rol],food,receipt_ocr
Minced Garlic,food,instacart_web
FullyCookedBonelessRibsinS,food,synthetic_ocr_aug
"hIntofMint,RiChCHocOlaTEwiTHASPLaSHoFMintfITf",food,synthetic_ocr_aug
Halos Mandarin Oranges,food,instacart_web
nte,not_food,receipt_ocr
Simply Granola,food,instacart_web
TGUACAMOLE DIP,food,receipt_ocr
KID ALFREDO,food,receipt_ocr
Rosemary Chicken Roasting Sauce,food,instacart_web
Jicama Sticks,food,instacart_web
Organic Caesar Premium Croutons,food,instacart_web
Macaroni Salad,food,instacart_web
IPP,not_food,receipt_ocr
Slow Churned Light Classic Vanilla Ice Cream,food,instacart_web
$10.24,not_food,receipt_ocr
STRING,food,receipt_ocr
549T,not_food,receipt_ocr
Reduced Fat Milk 100% Lactose Free,food,instacart_web
Grain Free Maple Granola,food,instacart_web
originalglute,food,synthetic_ocr_aug
GOGL,not_food,receipt_ocr
Rty,not_food,receipt_ocr
Butter Chicken,food,receipt_ocr
Organic Sweet Potato Puree,food,instacart_web
Yoggi Strawberry Yoghurt,food,produce_classes_web
sweet spreads,food,basket_categories_web
Organic Dark Salted Burnt Caramel Chocolate Bar,food,instacart_web
Crob1egs,food,synthetic_ocr_aug
2% Milkfat Greek Yogurt Key Lime Blended,food,instacart_web
DIET,not_food,receipt_ocr
TOPSIRLOINSTEAK,food,receipt_ocr
Italian Seasoning,food,instacart_web
errer,not_food,receipt_ocr
Bank Of Chocolat,food,receipt_ocr
Sub sourdough,food,receipt_ocr
40.00.,not_food,receipt_ocr
Thin & Light Tortilla Chips,food,instacart_web
LCONSOME,food,receipt_ocr
Lightly Salted Crispy Onions,food,instacart_web
113Shnim,food,receipt_ocr
ADD Leaf Lettca,food,receipt_ocr
Raisin Crunch Sprouted Granola,food,instacart_web
Turkey Breakfast Sausage Patties,food,instacart_web
Glass Camus Zin,food,receipt_ocr
No Sugar Added Vanilla Frozen Dairy Dessert,food,instacart_web
$8.67,not_food,receipt_ocr
Comfort Chicken Marsala,food,instacart_web
Organic Baby Arugula,food,instacart_web
Organic D'Anjou Pears,food,instacart_web
Master Brew Kombucha Ginger,food,instacart_web
ORGANICSOUPSALP,food,synthetic_ocr_aug
TeriyakfRice,food,receipt_ocr
Diced Peaches in 100% Fruit Juice,food,instacart_web
$54.00,not_food,receipt_ocr
28-00,not_food,receipt_ocr
IndianPaneerkka,food,synthetic_ocr_aug
Mint Chip Coconut Milk Ice Cream,food,instacart_web
Sed Do.,not_food,receipt_ocr
"Waffles, Sweet Belgian, Vanilla",food,instacart_web
Shaved Parmesan Cheese,food,instacart_web
Teriyaki Noodle Bowl,food,instacart_web
Ginger Energizer,food,instacart_web
Thai Fried Rice,food,receipt_ocr
TheBacon-Cheese Burger,food,receipt_ocr
Natural Buttermilk Pancake & Waffle Mix,food,instacart_web
1HMGrChsS-FryYog,food,receipt_ocr
Bing Cherries,food,instacart_web
Cheesy Mexican Rice,food,instacart_web
PE,not_food,receipt_ocr
2 DON DON GOZEN(PMB),food,receipt_ocr
18.00SR+,not_food,receipt_ocr
RG RED BEANS,food,receipt_ocr
Assorted Bagels,food,instacart_web
Original Sugar Free Coconut Milk,food,instacart_web
Ultra Thin Slices Sharp Cheddar Cheese,food,instacart_web
4-50,not_food,receipt_ocr
DrPepper,food,receipt_ocr
1CRABCAKES,food,receipt_ocr
18900,not_food,receipt_ocr
Leaf Spinach,food,instacart_web
Lasagna Italiano,food,instacart_web
Aat,not_food,receipt_ocr
Donettes Frosted Mini Donuts,food,instacart_web
Organic Fire Roasted Red Pepper Dinner Sausage,food,instacart_web
Salt & Pepper Krinkle Chips,food,instacart_web
empuraoakpEbikka,food,receipt_ocr
Alpro Shelf Soy Milk,food,produce_classes_web
110.00,not_food,receipt_ocr
DeliShavecl0venRoastedTurkey,food,synthetic_ocr_aug
ChickenCh,food,receipt_ocr
ITEMS SOLD,food,receipt_ocr
Apricot Conserves,food,instacart_web
Organic Edensoy Extra Original Soy Milk,food,instacart_web
onions,food,receipt_ocr
Sriracha Mayonnaise,food,instacart_web
OrganicWhitCnSgar,food,synthetic_ocr_aug
Chunky Sausage & Pepper Rigatoni Soup,food,instacart_web
Signature Recipes Four Cheese Alfredo Pasta Sauce,food,instacart_web
365 Dried Peppermint Flakes,food,branded_items_web
1090SR,not_food,receipt_ocr
S08.5,not_food,receipt_ocr
BlackBeansNoSaltAded,food,synthetic_ocr_aug
aecunt,not_food,receipt_ocr
Soft 10 Grain Bread,food,instacart_web
on OyakoRoll,food,receipt_ocr
5202-3#*VS,not_food,receipt_ocr
Wagon Wheels Mac + Cheese,food,instacart_web
SUB FIXN,food,receipt_ocr
ROTMANISMEXLCAPC,food,receipt_ocr
SDA,food,receipt_ocr
IDePollo,food,receipt_ocr
ClovrOrgGreePlain,food,synthetic_ocr_aug
COMP EGGBENEDICT,food,receipt_ocr
Butter with Coarse Sea Salt,food,instacart_web
16Cook1es,food,receipt_ocr
4.25,not_food,receipt_ocr
Pvon La,not_food,receipt_ocr
Chai Rooibos Herbal Tea Bags,food,instacart_web
Original Dark Rum,food,instacart_web
$26.35,not_food,receipt_ocr
Raspberry on the Bottom Nonfat Greek Yogurt,food,instacart_web
SEASALT&VINEGARKETTLEC,food,synthetic_ocr_aug
Freeze Dried Blueberries,food,instacart_web
Jameson（60ml),food,receipt_ocr
AIRADAPTOR@1,not_food,receipt_ocr
Pepperoni,food,instacart_web
Indian Samosa Organic Wrap,food,instacart_web
Reese's Peanut Butter Chips,food,instacart_web
Red & White Candy Canes,food,instacart_web
Organic Fettuccine,food,instacart_web
Tater Puffs,food,instacart_web
TPulTedChickenClubhous,not_food,receipt_ocr
3:50,not_food,receipt_ocr
07,not_food,receipt_ocr
BloodorangeMag,food,receipt_ocr
SugarFreeLowCalorieGelati,food,synthetic_ocr_aug
STIR,not_food,receipt_ocr
Gluten Free All Natural Chocolate Chip Cookies,food,instacart_web
Medium House Blend Ground Coffee,food,instacart_web
FRD ONION,food,receipt_ocr
Uncured Slow Cooked Ham,food,instacart_web
Jameson(6oml),food,receipt_ocr
SeesameBluesCornTortillaChips,food,synthetic_ocr_aug
DOSA,food,receipt_ocr
ASADA,food,receipt_ocr
OrganicRealyPeelyBendyerryFruitTape,food,synthetic_ocr_aug
Thick Cut Bacon,food,instacart_web
Hamachi Teriyaki,food,receipt_ocr
Organic Wild Blueberries,food,instacart_web
Milano Dark Chocolate Cookies,food,instacart_web
Vine Ripe Tomatoes,food,instacart_web
Sparkling French Berry Lemonade,food,instacart_web
"Muffin & Quick Bread Mix, Premium, Cinnabon Cinnamon Streusel",food,instacart_web
Expeller Pressed Coconut Oil Spray,food,instacart_web
Sierra Trail Mix Energy Bar,food,instacart_web
"Yogurt, Lowfat, Strawberry",food,instacart_web
Hampshire100%NatrlSourCram,food,synthetic_ocr_aug
0% Fat Black Cherry Greek Yogurt y,food,instacart_web
Zante Currants,food,instacart_web
17.49,not_food,receipt_ocr
Unsweetened Whole Blueberries,food,instacart_web
BrownRiceSnapsBlackSe,food,synthetic_ocr_aug
OriginalCrumbledGoatCheese,food,synthetic_ocr_aug
pudding powder,food,basket_categories_web
Organic Homogenized Whole Milk,food,instacart_web
Compleats Roast Beef & Gravy With Mashed Potatoes,food,instacart_web
5parkIRgwtEr,food,synthetic_ocr_aug
TBelvedere,food,receipt_ocr
CulinaryCocoonutMilk,food,synthetic_ocr_aug
Mild Shredded Cheddar Cheese,food,instacart_web
Plain Greek Yogurt,food,instacart_web
Organic Spelt Pie Crusts,food,instacart_web
Total 2% Lowfat Greek Yogurt with Honey,food,instacart_web
Chewy Dipps Peanut Butter Granola Bar,food,instacart_web
Salsa,food,receipt_ocr
Fat Free Milk,food,instacart_web
QtyiRate,not_food,receipt_ocr
Smoked Salmon,food,instacart_web
CREAMOF,food,receipt_ocr
fChoc PotDe Cren,food,receipt_ocr
Antioxidant1nfusionsIpanemaPomegranateBevcrage,food,synthetic_ocr_aug
Thin Spaghetti No 11,food,instacart_web
1BarbequeSauce,food,receipt_ocr
13901S,not_food,receipt_ocr
TACOS,food,receipt_ocr
2 Enchiomelete,food,receipt_ocr
Lemon Blended Non-Fat Greek Yogurt,food,instacart_web
NaturalSunflowe1rSeedBread,food,synthetic_ocr_aug
LPORCINI*,food,receipt_ocr
Apple & Cherry Fruit Bar,food,instacart_web
Whole Wheat Spaghetti,food,instacart_web
SKIRT,food,receipt_ocr
LargeChicken&Chees,food,synthetic_ocr_aug
Artesian Sparkling Water,food,instacart_web
CERAH.25G,not_food,receipt_ocr
Lower Sodium Honey Ham,food,instacart_web
"WissmachBlackPean Fusible96Glass,",not_food,receipt_ocr
Chicken Torta,food,receipt_ocr
828266,not_food,receipt_ocr
brown bread,food,basket_categories_web
Sweet Potato,food,produce_classes_web
Black Cherry,food,instacart_web
White Horseradish,food,instacart_web
DursfileH3991T10x95mm),not_food,receipt_ocr
RanchDr,food,synthetic_ocr_aug
Oreganol,food,synthetic_ocr_aug
"PINOTNOIR,CALIFORNIA",food,synthetic_ocr_aug
Black Beans,food,instacart_web
KIDSSOFTAN,food,synthetic_ocr_aug
Raisin Cinnamon Swirl Bread,food,instacart_web
(Sma11),not_food,receipt_ocr
1Plt Lunch 2 Choices,food,receipt_ocr
KUNGPAOCKN,food,receipt_ocr
Unsweetened Elegant Jasmine Green Tea,food,instacart_web
Jalapeno Peppers,food,instacart_web
Buttermilk Pancakes 8 Count,food,instacart_web
Big Stick Cherry Pineapple Swirl Ice Pops,food,instacart_web
Non-Fat Vanilla Blended Greek Yogurt,food,instacart_web
OrganicCann,food,synthetic_ocr_aug
Spicy Hummus,food,instacart_web
7.75,not_food,receipt_ocr
10:000,not_food,receipt_ocr
PureCoc0onutWater,food,synthetic_ocr_aug
1KG-,not_food,receipt_ocr
Nutri-Grain Soft Baked Mixed Berry Cereal Breakfast Bars,food,instacart_web
OnionNaan,food,receipt_ocr
FFCOCONUTTPK225ML,food,receipt_ocr
Original Apple 100% Juice,food,instacart_web
Lil Dreamers Vanilla Ice Cream Sandwiches,food,instacart_web
"Cheese,Goatmilk,Purplehaze",food,synthetic_ocr_aug
BudLight(2@3.70),food,receipt_ocr
WTH,not_food,receipt_ocr
CaliforniaWhiteJasmineRice,food,synthetic_ocr_aug
Mild Chunky Salsa,food,instacart_web
Organic Navel Orange,food,instacart_web
Green Jalapeno Pepper Sauce,food,instacart_web
Crimin1,food,receipt_ocr
Gluten Free Bread,food,synthetic_food_list
Mega Poke Bowl,food,receipt_ocr
"bout barley,",food,receipt_ocr
Organic Quinoa Hot Cereal Flakes,food,instacart_web
SaImon Teriyaki Don Buri,food,receipt_ocr
COEURRUMSTEACK,food,receipt_ocr
kenel,not_food,receipt_ocr
a55.00,not_food,receipt_ocr
68,not_food,receipt_ocr
PLASTICTRAY-GLDSSR,not_food,receipt_ocr
OrganicBlueberries,food,synthetic_ocr_aug
Particunars,not_food,receipt_ocr
6.25 Oz LifeSavers Peppomint Peg,food,instacart_web
Simply Smart Olive Oil & Rosemary Chicken Strips,food,instacart_web
Total TAX,not_food,receipt_ocr
6.89,not_food,receipt_ocr
Tradtttonal Ponk Clans,food,receipt_ocr
Crunchy Seven Nut & Seed Butter,food,instacart_web
LoremI,not_food,receipt_ocr
done,not_food,receipt_ocr
Am,not_food,receipt_ocr
BuncheCarrots,food,synthetic_ocr_aug
Organic Original Hummus,food,instacart_web
Bell Peppers Mixed,food,synthetic_food_list
S1.75,not_food,receipt_ocr
Essential Greens with Lime Vegetable and Fruit Juice Blend,food,instacart_web
"TEA,POT",food,receipt_ocr
150SR,not_food,receipt_ocr
KutTeh,food,receipt_ocr
.90-4,not_food,receipt_ocr
FruitBarsMadeeWithRealStrawberry,food,synthetic_ocr_aug
SUBCORNBREAD,food,receipt_ocr
5.95,not_food,receipt_ocr
SFL ACO BF6.99,food,receipt_ocr
SoftPototoBreacl,food,synthetic_ocr_aug
Lime Slim Can,food,instacart_web
SALADE VERTE,food,receipt_ocr
cues,not_food,receipt_ocr
White Enriched & Degermed Corn Meal,food,instacart_web
33-53,not_food,receipt_ocr
Brownie Batter Core,food,instacart_web
Stadium Style Cooked Bratwurst,food,instacart_web
ZEGGS,food,receipt_ocr
X2,not_food,receipt_ocr
Philly Cheese Steak Sandwich,food,instacart_web
Organic Beef Bone Broth,food,instacart_web
"Milk, Vitamin D",food,instacart_web
CrysallizedGingerInDarkChocolateBar,food,synthetic_ocr_aug
GRNIER M.COOL FOAM50,not_food,receipt_ocr
Dill Sandwich Pickle Slices,food,instacart_web
Organic Red Onion,food,instacart_web
$3.98,not_food,receipt_ocr
MediumRaie:,not_food,receipt_ocr
$8.99,not_food,receipt_ocr
"Traditional Crust Supreme (Sausage, Pepperoni, Green Peppers, Red Peppers, Onions) Pizza",food,instacart_web
Linen,not_food,receipt_ocr
BlackBeanBonanzaTamales,food,synthetic_ocr_aug
88.000,not_food,receipt_ocr
StraightBourbonWhiskey,food,synthetic_ocr_aug
rganicYellowPeachs,food,synthetic_ocr_aug
Fuji Apple Juice,food,instacart_web
ChlGarlicHotSac,food,synthetic_ocr_aug
RODIZIO,food,receipt_ocr
ITALIanexTRAvirg,food,synthetic_ocr_aug
Stoviglie,not_food,receipt_ocr
Corn Tortilla Chips,food,instacart_web
950,not_food,receipt_ocr
All Natural Raspberry Sorbet,food,instacart_web
SodghetttMarinara,food,receipt_ocr
"Egg, Uncured Bacon & Cheese Scramble Cups",food,instacart_web
2Quesadilla salvadorena,food,receipt_ocr
HONTANT,not_food,receipt_ocr
66SS,not_food,receipt_ocr
cokezero,food,synthetic_ocr_aug
Chicken Tortilla Soup,food,instacart_web
Naturals Chicken Patties,food,instacart_web
Grande Chtcken,food,receipt_ocr
Heavy Cream,food,instacart_web
Curly Parsley Bunch,food,instacart_web
DZ,not_food,receipt_ocr
MoZZarLL5tRiNGcBESE,food,synthetic_ocr_aug
ATO,not_food,receipt_ocr
Organic White Rice Flour,food,instacart_web
Sunflower Seed Spread Crunch,food,instacart_web
LabneeKefirCheese,food,synthetic_ocr_aug
Tonic Water,food,instacart_web
1400,not_food,receipt_ocr
Distilled White Vinegar,food,instacart_web
#Lz8Red curry,food,receipt_ocr
Veggie Rotini Pasta,food,instacart_web
Sz Mix Veg Rice,food,receipt_ocr
"Coconut Water, Pure Organic",food,instacart_web
Green Leaf Shreds,food,instacart_web
Almond Milk Strawberry Yogurt,food,instacart_web
cheese fries,food,receipt_ocr
Sparkling Water Lime,food,synthetic_food_list
"Mozzarella String Cheese Sticks, Light Low-Moisture Part Skim",food,instacart_web
"10,000",not_food,receipt_ocr
Berry Harvest Spread,food,instacart_web
668S,not_food,receipt_ocr
Red Onion,food,instacart_web
Fresh Mozzarella Cheese,food,instacart_web
Brie Cheese Wheel,food,synthetic_food_list
Light Brown Sugar,food,instacart_web
"39,800",not_food,receipt_ocr
COPAS.ROJA,food,receipt_ocr
Sriracha Hot Chili Sauce,food,instacart_web
rgANIcGreNLMoracl,food,synthetic_ocr_aug
Power-C Dragonfruit Vitamin Water Drink,food,instacart_web
199,not_food,receipt_ocr
Organic Gluten Free Non-Dairy Beans & Rice Burrito,food,instacart_web
JmonSerranoDryCurdHam,food,synthetic_ocr_aug
Flip Peanut Butter Dream Greek Yogurt,food,instacart_web
Organic Chicken & Wild Rice Soup,food,instacart_web
Original Enriched Rice Drink,food,instacart_web
ncuredPepperoniPzz,food,synthetic_ocr_aug
Puffs Simply White Cheddar Cheese Flavored Snacks,food,instacart_web
Grande Chitcken,food,receipt_ocr
Lowfat Peach Yogurt,food,instacart_web
Cookie Tray,food,instacart_web
Old Fashioned Rods Pretzels,food,instacart_web
Berry Bunnies Cereal Organic,food,instacart_web
Coconut Fruit Bars,food,instacart_web
S6.6,not_food,receipt_ocr
Double Fiber Whole Grain Sliced English Muffins,food,instacart_web
Tax,not_food,receipt_ocr
12 Grain Bread,food,instacart_web
Organic Corn Tortillas,food,instacart_web
7-29,not_food,receipt_ocr
Simply Fruit Strawberry Spreadable Fruit,food,instacart_web
12:000,not_food,receipt_ocr
Croissants,food,instacart_web
VintageExtaSarpWhiteCheddaCheese,food,synthetic_ocr_aug
TDHSpecal,food,receipt_ocr
Quick & Easy Steel Cut Irish Oatmeal,food,instacart_web
48MM*100MCLEAR,not_food,receipt_ocr
Original Molasses,food,instacart_web
Pad See Ew Noodles,food,instacart_web
Gluten-Free Edamame,food,instacart_web
Soup of Day,food,receipt_ocr
rTdAsparagus,food,receipt_ocr
-600,not_food,receipt_ocr
Sonoma Traditional Flour Tortillas 10 Count,food,instacart_web
Whole Wheat Sourdough,food,instacart_web
Or/iginalLifeCereal,food,synthetic_ocr_aug
Vanilla Pudding & Pie Filling,food,instacart_web
Kalamata Pitted Olives,food,instacart_web
5 WINGS,food,receipt_ocr
11746,not_food,receipt_ocr
Organic Vegetable Lentil & Roasted Red Pepper Soup,food,instacart_web
sCvLpiN1p,food,synthetic_ocr_aug
Hyderabadi Biryani,food,receipt_ocr
(SM0X3,not_food,receipt_ocr
Honey Greek Yogurt,food,instacart_web
Organic Romaine Lettuce,food,instacart_web
1$ ADD GARLIC FRIES,food,receipt_ocr
chipotlepepprsinadobosauce,food,synthetic_ocr_aug
lrnoNClFlr,food,synthetic_ocr_aug
Kielbas.a,food,synthetic_ocr_aug
Grated Parmesan Romano Cheese,food,instacart_web
Coffee Chocolate Bar,food,instacart_web
IBeefw.Broccoli,food,receipt_ocr
TRUFFLEROLLT.O,food,receipt_ocr
But 1 must explain,not_food,receipt_ocr
sliced cheese,food,basket_categories_web
Italian Batard,food,instacart_web
2The Dr1fter,food,receipt_ocr
AndEgg,food,receipt_ocr
naturalsourcream,food,synthetic_ocr_aug
Breyer’s Chocolate Ice Cream,food,branded_items_web
DOGCr,food,receipt_ocr
Radish,food,instacart_web
4% Milkfat Small Curd Cottage Cheese with Chives,food,instacart_web
$74,not_food,receipt_ocr
IGarden Fresh Salad,food,receipt_ocr
Ground Black Pepper,food,instacart_web
SIOBM,not_food,receipt_ocr
Finely Shredded Natural Parmesan Cheese,food,instacart_web
God Morgon Orange Juice,food,produce_classes_web
Red Pear,food,instacart_web
Gourmet Delicate Avocado Oil,food,instacart_web
French Bread,food,instacart_web
Buffalo Milk Butter,food,instacart_web
Orange 100% Juice,food,instacart_web
ENCHMA,food,receipt_ocr
Original Turkey Jerky,food,instacart_web
4-90,not_food,receipt_ocr
DESIGNSKER,not_food,receipt_ocr
Organic Large Grade AA Brown Eggs,food,instacart_web
Original Gluten Free Crackers,food,instacart_web
Organic Sweet Apple Chicken Sausage,food,instacart_web
Cherry Vanilla Cherry On The Bottom Cream Top,food,instacart_web
Indian Dal Golden Lentil Soups,food,instacart_web
3..MONSTAHrOT1,food,receipt_ocr
Organic Honey Green Tea Drink,food,instacart_web
TALAPIA,food,receipt_ocr
667S,not_food,receipt_ocr
Raw Pure Goat Milk,food,instacart_web
Brown Rice Sea Salt & Pepper Rice Thins,food,instacart_web
PAGES SINGLELIN,not_food,receipt_ocr
Pepperidge Farm Colors Cheddar Baked Snack Crackers,food,instacart_web
Whole Wheat Pita Bread,food,instacart_web
Extra Light Tasting Olive Oil,food,instacart_web
$2.06,not_food,receipt_ocr
Organic Seasoned Rice Vinegar Dressing,food,instacart_web
BUTTER LACCHA PARATHA,food,receipt_ocr
AND 1/2COHDO,food,receipt_ocr
Fiautas Chicken,food,receipt_ocr
Greek Whips Chocolate Cherry,food,instacart_web
choppedspinachs,food,synthetic_ocr_aug
0.0,not_food,receipt_ocr
Sriracha Roasted Broad Beans,food,instacart_web
EEODEOTYU/PRICEAANT,not_food,receipt_ocr
French Vanilla Coconut Milk Creamer,food,instacart_web
Lunchable Extra Cheesy Pizza,food,instacart_web
Stand 'n Stuff Taco Shells,food,instacart_web
SA-COMBOFAUTTAS,food,receipt_ocr
F/MAGICSPRYLEMN600,not_food,receipt_ocr
AIRAD,not_food,receipt_ocr
Triple Zero Coffee Greek Yogurt,food,instacart_web
Original Vegetable Oil Spread,food,instacart_web
Toasted Coconut Almondmilk Blend,food,instacart_web
Sweet & Spicy BBQ Multigrain Chips,food,instacart_web
Merlot,food,instacart_web
wHOLeWheaTPitABr,food,synthetic_ocr_aug
ENCHILADA,food,receipt_ocr
Fat Free Vanilla Yogurt,food,instacart_web
Peanut Toffee Buzz Energy Bar,food,instacart_web
Shrimp Ceviche,food,instacart_web
Tomato and Basil Bombolina Pasta Sauce,food,instacart_web
PLASTIKESLILINJERAPAH4X17/4PCS,not_food,receipt_ocr
Cultured Pasture Butter,food,instacart_web
Falafel,food,receipt_ocr
PnenDoolCoebd,not_food,receipt_ocr
Caramel Cashew Trail Mix,food,instacart_web
$3.95,not_food,receipt_ocr
W*holeHeartsofPalm,food,synthetic_ocr_aug
Organic Braeburn Apple,food,instacart_web
40.28,not_food,receipt_ocr
Organic Lightly Roasted Crunchy Peanut Butter,food,instacart_web
DALTADKA,food,receipt_ocr
"16,500x",not_food,receipt_ocr
Almond Ice Cream Bars,food,instacart_web
Balsamic Vinaigrette Dressing,food,instacart_web
Orgaricf1Oretsbrccoli,food,synthetic_ocr_aug
artledOntons,food,receipt_ocr
Glazed Buttermilk Doughnuts,food,instacart_web
Key Lime Pie Gelato,food,instacart_web
Sesame Chicken,food,instacart_web
Multi-Seed Original Crackers,food,instacart_web
Organic Macaroni & Mild Cheddar Cheese,food,instacart_web
ZRI,not_food,receipt_ocr
Organic Spinach & Feta Dinner Sausage,food,instacart_web
Cake Flour,food,instacart_web
Baby Bella Mushrooms,food,instacart_web
Unsweetened Watermelon Water,food,instacart_web
1 NasiPutih,food,receipt_ocr
nickenFried Rice,food,receipt_ocr
0%FatFreeOrganicMilk,food,synthetic_ocr_aug
Greek 100 Calories Mixed Berry Yogurt,food,instacart_web
Organic Tomato Basil Sauce,food,instacart_web
$1000,not_food,receipt_ocr
CoffeMateNaturalBlissSwtCrmCoffCreamer,food,synthetic_ocr_aug
Sesame Seaweed Rice Chips,food,instacart_web
Light Original Ranch Salad Dressing,food,instacart_web
4.90*1,not_food,receipt_ocr
Flaky Biscuits,food,instacart_web
2.59/EA,not_food,receipt_ocr
"Cajun,Combo",food,receipt_ocr
uNSALtEdsWeEtCREA,food,synthetic_ocr_aug
RA,not_food,receipt_ocr
(S10.5069cn,not_food,receipt_ocr
Sea Salt Baked Potato Chips,food,instacart_web
Grek100WhipsStrawberryChesecakeYogurt,food,synthetic_ocr_aug
Cheddar Cheezy Mac,food,instacart_web
Sea Salt Brown Rice Crackers,food,instacart_web
VNDT3OOOS,not_food,receipt_ocr
Classic White Premium Baking Chips,food,instacart_web
"Delights Chicken Sausage, Egg Whites, & Cheese English Muffin",food,instacart_web
BakKutTeh,food,receipt_ocr
Mini Vanilla Wafers Cookies,food,instacart_web
Premium Grapefruit Large,food,instacart_web
RawWholeMilk.,food,synthetic_ocr_aug
25.00,not_food,receipt_ocr
Extra Sharp White Cheddar Sticks,food,instacart_web
UP(RM),not_food,receipt_ocr
Rice Puffs Cereal,food,instacart_web
100% Natural No Salt Diced Tomatoes,food,instacart_web
JR,not_food,receipt_ocr
al Karme Cab Sauy,food,receipt_ocr
Apple Lemon Cayenne Ginger,food,instacart_web
2.50,not_food,receipt_ocr
Organic Sweetened Condensed Milk,food,instacart_web
earammel,food,receipt_ocr
Grass milk Raw Cheddar Cheese,food,instacart_web
TAB,not_food,receipt_ocr
Tropicana Golden Grapefruit,food,produce_classes_web
Beef Ribeye,food,instacart_web
(Fish)Set,food,receipt_ocr
Mango Probiotic Juice Drink,food,instacart_web
Spring Water,food,instacart_web
whiskey-B2,food,receipt_ocr
Pure Honey,food,instacart_web
Organic Multigrain Bread,food,instacart_web
1.,not_food,receipt_ocr
MAC&CHZ,food,receipt_ocr
Organic Earl Grey Noir Tea Bags 20 Count,food,instacart_web
1.Fishand Chips,food,receipt_ocr
Grande Chicken,food,receipt_ocr
MUTTONDALGOSHT,food,receipt_ocr
No Sugar Added Packed in Water Fruit Cocktail,food,instacart_web
Vanilla Greek Yogurt 0% Fat,food,instacart_web
Fat Free French Vanilla Creamer,food,instacart_web
Reduced Fat 4 Cheese Mexican Shredded Cheese,food,instacart_web
Sun Dried Tomato Basil Chicken Sausage,food,instacart_web
Unfiltered Extra Virgin Olive Oil,food,instacart_web
Ful1yCookedTurkcySausagePatties,food,synthetic_ocr_aug
GranPolenta,food,synthetic_ocr_aug
GlazedButterrmilkDoughnuts,food,synthetic_ocr_aug
S1.00,not_food,receipt_ocr
Pomegranate Juice,food,instacart_web
Lactose Free Blueberry Pomegranate Acai Kefir,food,instacart_web
100% Extra Virgin Olive Oil,food,instacart_web
Chili Powder,food,synthetic_food_list
$159,not_food,receipt_ocr
0.25,not_food,receipt_ocr
Fruit Punch,food,instacart_web
Mild Golden Curry Sauce Mix,food,instacart_web
1 Arthur'sBurgen *ChsBleu,food,receipt_ocr
Nestle Toll House Cookie Dough Grand Ice Cream,food,instacart_web
Organic Yellow Corn Taco Shells 12 Count,food,instacart_web
2.10ZRE,not_food,receipt_ocr
Chicken Drumsticks,food,instacart_web
E99s,not_food,receipt_ocr
B.00,not_food,receipt_ocr
Cheese Melts Crackers,food,instacart_web
Gluten Free Cinnamon Heaven Cereal,food,instacart_web
Peas And Carrots,food,instacart_web
7-47S,not_food,receipt_ocr
"Mints, Sugar Free, Pep O Mint",food,instacart_web
ELemN-,not_food,receipt_ocr
Glacier Freeze Frost,food,instacart_web
QTYAL,not_food,receipt_ocr
Comfort Roasted Turkey Breast Dinner,food,instacart_web
8/64,not_food,receipt_ocr
Arla Ecological Medium Fat Milk,food,produce_classes_web
Colombia Los Picos Coffee,food,instacart_web
OrganicExtraLargeBrownOmeega3Eggs,food,synthetic_ocr_aug
Total with Mango Greek Strained Yogurt,food,instacart_web
140:00,not_food,receipt_ocr
389/000,not_food,receipt_ocr
Instant Whole Grain Brown Rice,food,instacart_web
AlmondB,food,synthetic_ocr_aug
2:56,not_food,receipt_ocr
Ultimates Chocolate Chip Lovers Cookie Dough,food,instacart_web
Mini Classic Ice Cream,food,instacart_web
0086,not_food,receipt_ocr
Multigrain Tortilla Chips,food,instacart_web
OrganicWhholeBlackPeppercorns,food,synthetic_ocr_aug
REG Iced Tea,food,receipt_ocr
GUAVAAND MINT,food,receipt_ocr
Greek 100 Calories Whips! Raspberry Yogurt,food,instacart_web
soups,food,basket_categories_web
OILSKG,food,receipt_ocr
White Chocolate Baking Chips,food,instacart_web
39557892102639,not_food,receipt_ocr
$2.25,not_food,receipt_ocr
OrGANICEDAmaME,food,synthetic_ocr_aug
SKIN,not_food,receipt_ocr
TINUNJEPUN OAPANESECUCUMBER)KG,food,receipt_ocr
HEEL,not_food,receipt_ocr
Gluten-Free Figgies & Jammies Cookies,food,instacart_web
Dark Chocolate Chips,food,instacart_web
S15.00,not_food,receipt_ocr
1 Diet Coke,food,receipt_ocr
1BRUSSELSPROUTS,food,receipt_ocr
890,not_food,receipt_ocr
Brie,food,instacart_web
WHITEDISTIL,food,synthetic_ocr_aug
Artichoke Heart,food,instacart_web
I side Craw,food,receipt_ocr
Vanilla Extract,food,synthetic_food_list
Organic Milk,food,instacart_web
Real Aged Cheddar Macaroni & Cheese,food,instacart_web
awakenaloe+wheat,food,synthetic_ocr_aug
Sweetslicedbread,food,synthetic_ocr_aug
Whole Rye Bread,food,instacart_web
Raspberry Dark Chocolate bar,food,instacart_web
PastaJoy Organic Brown Rice Pasta Elbows,food,instacart_web
2PKT,not_food,receipt_ocr
Organic Traditional Red Miso,food,instacart_web
OriiginalCashewMilk,food,synthetic_ocr_aug
Oven Roasted Turkey Breast,food,instacart_web
Puffpastrysheets,food,synthetic_ocr_aug
BeefNood,food,receipt_ocr
Vegetable Biryanl,food,receipt_ocr
IND0FO0DTIGASAPI490GR,food,receipt_ocr
LLAMBTAOO,food,receipt_ocr
Organic Tropical Fruit Blend,food,instacart_web
Sugar Free Mountain Berry Preserves,food,instacart_web
Saaa-Wheat! Organic Bread,food,instacart_web
bikkoGk,food,receipt_ocr
Marcona Almonds,food,instacart_web
HeaularSoda,food,receipt_ocr
Small Curd Cottage Cheese,food,instacart_web
1Takatsu8.95,food,receipt_ocr
63.00,not_food,receipt_ocr
Extra Sharp Aged Cheddar Cheese slices,food,instacart_web
arlledMushroons,food,receipt_ocr
Non-GMOCacaoBananaProteir8ar,food,synthetic_ocr_aug
4% Milkfat Small Curd Cottage Cheese,food,instacart_web
Organic Air Chilled Whole Chicken,food,instacart_web
TRIPLEBERRYCHEWINGGUM,food,synthetic_ocr_aug
-1.00T,not_food,receipt_ocr
"376,00",not_food,receipt_ocr
Orange Soda,food,instacart_web
75,not_food,receipt_ocr
Hommus Classic Original,food,instacart_web
Summer Strawberry Fruit Strip,food,instacart_web
1BUTA KAKUNI(AC10),food,receipt_ocr
"Cauliflower, Cool",food,instacart_web
chickenfreestripsgri,food,synthetic_ocr_aug
7 Whole Grain Honey Puffs Cereal,food,instacart_web
organichalfsprin,food,synthetic_ocr_aug
"Tortillas, Brown Rice",food,instacart_web
Total 0% Peach Yogurt,food,instacart_web
Large Elbow Macaroni,food,instacart_web
LHON,not_food,receipt_ocr
Gnned siirtSteak,food,receipt_ocr
Organic Cheesy Ravioli,food,instacart_web
D03,not_food,receipt_ocr
Cheese Crackers,food,synthetic_food_list
Zero Soda,food,instacart_web
MceRosettesFrenchSaladMix,food,synthetic_ocr_aug
5X2-44,not_food,receipt_ocr
WIIHSRR,not_food,receipt_ocr
Lorem I,not_food,receipt_ocr
Philadelphia Strawberry Cream Cheese,food,instacart_web
Snickerdoodle Low Fat Ice Cream Sandwiches,food,instacart_web
Pomodortn,food,receipt_ocr
Baby Swiss Cheese,food,instacart_web
Cumin,food,instacart_web
PurCneIndvidualPcketsSugar,food,synthetic_ocr_aug
Original Non-Dairy Beverage,food,instacart_web
CAUSADEPOLLO,food,receipt_ocr
Toaster Pops Apple,food,instacart_web
Iem,not_food,receipt_ocr
6 OZ LA PANZANELLA CROSTINI ORIGINAL CRACKERS,food,instacart_web
"ChErrieS&aLmoNDsindarKchOCOlaTe,55",food,synthetic_ocr_aug
RawShelledHempSeds,food,synthetic_ocr_aug
Black Forest Berry Caffeine-Free Tea,food,instacart_web
Mushroom Gravy Mix,food,instacart_web
62.50,not_food,receipt_ocr
4 Cheese Mexican Shredded Cheese,food,instacart_web
Organic Greens & Apple Juice,food,instacart_web
Salam1,food,receipt_ocr
HASSAVO,food,synthetic_ocr_aug
95% Fat Free Turkey Franks,food,instacart_web
Prime Top Sirloin,food,receipt_ocr
bABYCORNOnTHeCO,food,synthetic_ocr_aug
"3,350",not_food,receipt_ocr
Pitted Dates,food,instacart_web
Semi Soft Part-Skim Slices,food,instacart_web
Organic Plain Yogurt,food,instacart_web
YoKids Strawberry Banana/Strawberry Yogurt,food,instacart_web
Organic Ancient Grains Granola,food,instacart_web
5:000,not_food,receipt_ocr
"Vegetable Oil, Pure & 100% Natural",food,instacart_web
Pure Cane Individual Packets Sugar,food,instacart_web
VeganAgedWhiteCheddarF,food,synthetic_ocr_aug
195,not_food,receipt_ocr
4132,not_food,receipt_ocr
Sport Chocolate Peanut Butter Protein Bar,food,instacart_web
ExttraSharpWhiteCheddar,food,synthetic_ocr_aug
NoSug.arAddedSlicedPeaches,food,synthetic_ocr_aug
ALMONDB,food,synthetic_ocr_aug
LUNIT,not_food,receipt_ocr
Morbicommodo,not_food,receipt_ocr
Organic Lori's Lemon Tea,food,instacart_web
TOTLGREKSTRARDYGVRT,food,synthetic_ocr_aug
TVEGAN BENGAN,food,receipt_ocr
8.28,not_food,receipt_ocr
AN,not_food,receipt_ocr
Sheep Milk Yogurt Vanilla,food,instacart_web
Organico Bello Marinara Pasta Sauce,food,instacart_web
OrganicSugarSapPeas,food,synthetic_ocr_aug
BlackF#orestBerryCaffeine-FreeTea,food,synthetic_ocr_aug
2.00.X4.51,not_food,receipt_ocr
Quisautemveleum,not_food,receipt_ocr
300.00,not_food,receipt_ocr
Macaroni & Soy Cheeze Pasta,food,instacart_web
PinkLemona,food,synthetic_ocr_aug
White Corn,food,instacart_web
Lobster RoTl,food,receipt_ocr
Roasted Mushroom Pizza,food,instacart_web
MangoLassi,food,receipt_ocr
NJERS,not_food,receipt_ocr
Homemade Pizza Sauce,food,instacart_web
1Milenium 2#,not_food,receipt_ocr
25.98,not_food,receipt_ocr
Chopped spinach in a Parmesan & Romano cheese sauce Creamed Spinach,food,instacart_web
Light Mozzarella String Cheese,food,instacart_web
Celery Sticks,food,instacart_web
05506104,not_food,receipt_ocr
Fig Newmans Fruit Filled Cookies,food,instacart_web
OrganicLowfat1%,food,synthetic_ocr_aug
LactoseF1reeFatFreeMilk,food,synthetic_ocr_aug
>Chefs Special,food,receipt_ocr
4500,not_food,receipt_ocr
Breakfast Quesadflla,food,receipt_ocr
Bag of Lemons,food,instacart_web
oinefn,not_food,receipt_ocr
TO-POTPIEO9.99,food,receipt_ocr
00:08,not_food,receipt_ocr
GULALDAUNSINGKONG,not_food,receipt_ocr
Santa Fe Barbecue Rice Chips MWO Rice Chips,food,instacart_web
POS,not_food,receipt_ocr
Sauceonsde,not_food,receipt_ocr
misPakis,not_food,receipt_ocr
363103,not_food,receipt_ocr
Carving Board Oven Roasted Turkey,food,instacart_web
Organic Heritage Crunch Cereal,food,instacart_web
SweetPalaloFries,food,receipt_ocr
SalmonSashimi,food,receipt_ocr
880,not_food,receipt_ocr
Honey Peanut Butter Hot Oatmeal Bowl,food,instacart_web
MultiseedSpeltFlatbread,food,synthetic_ocr_aug
MAUEST,not_food,receipt_ocr
Gluten-Free Supergrain Pasta Elbows,food,instacart_web
White Hot Dog Rolls,food,instacart_web
+Goma Dressing,food,receipt_ocr
Ctnnerosel,not_food,receipt_ocr
YoBaby Peach Pear Yogurt,food,instacart_web
DELISTYLEPARMESANCAESARCROUTONS,food,synthetic_ocr_aug
Direct Trade House Blend Medium Roast Ground Coffee,food,instacart_web
Vanilla Almond Breeze,food,instacart_web
CreamedCom[Small],food,receipt_ocr
Apple & Maple Chicken Mini Links,food,instacart_web
Sour Cream,food,synthetic_food_list
MANISMEXLCAPC,not_food,receipt_ocr
RasspberryJam,food,synthetic_ocr_aug
Tilapia Fillet,food,synthetic_food_list
TWIST,not_food,receipt_ocr
CheeseDipperss,food,synthetic_ocr_aug
1080,not_food,receipt_ocr
Organic Golden Delicious Apple,food,instacart_web
184810,not_food,receipt_ocr
5202-,not_food,receipt_ocr
N',not_food,receipt_ocr
1xChasspatz1i,food,receipt_ocr
2 Bohemia,food,receipt_ocr
importclswisschcs,food,synthetic_ocr_aug
IM FC S,not_food,receipt_ocr
1O0PLUSLIME325ML,food,receipt_ocr
Almond Thins Almond Butter Cookies,food,instacart_web
nkoftheDay,food,receipt_ocr
OrgANiCwHOlEMilkFrenChvanIlLaYOgurT,food,synthetic_ocr_aug
Apple Cinnamon Fig Bar,food,instacart_web
BottleaWater,food,receipt_ocr
AmtRM),not_food,receipt_ocr
2-64,not_food,receipt_ocr
Gluten Free Classic Hamburger Buns,food,instacart_web
Sliced Varzi Salami Meat,food,instacart_web
Plain Greek Nonfat Yogurt,food,instacart_web
BANNER8XAFEET,not_food,receipt_ocr
Organic Romaine Leaf,food,instacart_web
H2:00,not_food,receipt_ocr
canned beer,food,basket_categories_web
1 Menu Tradition,food,receipt_ocr
Organic White Shimeji Mushrooms,food,instacart_web
MURGH),food,receipt_ocr
1.40,not_food,receipt_ocr
Pizzeria Primo Pepperoni Pizza,food,instacart_web
"Freshly Made. Filled with Creamy Ricotta, Aged Parmesan and Romano Cheeses Mixed Cheese Tortellini",food,instacart_web
70g P.CoPy 450'S,not_food,receipt_ocr
cheesecakeSanditch,food,receipt_ocr
HOESPIN,not_food,receipt_ocr
a6500,not_food,receipt_ocr
sausage,food,receipt_ocr
Jellied Cranberry Sauce,food,instacart_web
Reduced Fat Mild Cheddar Shredded Cheese,food,instacart_web
Wild Berry Fruit Candy,food,instacart_web
Lemon Sparkling Mountain Spring Water,food,instacart_web
Saltine Crackers,food,instacart_web
1RedBu,food,receipt_ocr
493.00,not_food,receipt_ocr
Chocolate Mint Builder's Bar,food,instacart_web
100% Orange Juice Some Pulp Calcium Vitamin D,food,instacart_web
lpePollo,food,receipt_ocr
Hash Browns Country Style,food,instacart_web
Wild Sweet Orange Herbal Tea,food,instacart_web
100% Stone Ground Whole Wheat Bread,food,instacart_web
Midnight Moon,food,instacart_web
D9B4KNOFLUX,not_food,receipt_ocr
DiGiornoHa1f&HalfPizzaCheeseAndPeppcroni,food,synthetic_ocr_aug
VC INDOMARCO PRI :,not_food,receipt_ocr
Broccoli Crowns,food,synthetic_food_list
41000,not_food,receipt_ocr
SSR,not_food,receipt_ocr
organicbroccolislaw,food,synthetic_ocr_aug
$299.00*,not_food,receipt_ocr
Promotion,not_food,receipt_ocr
OrgonicSaltedIndividuallyWrappedQvartersButter,food,synthetic_ocr_aug
Currie0dLentilSoup,food,synthetic_ocr_aug
Organic Protein Unsweetened Vanilla Almond Milk,food,instacart_web
RegudarMilk,food,receipt_ocr
Gogo Squeez Organic Apple Strawberry Applesauce on the Go,food,instacart_web
6.59,not_food,receipt_ocr
SauceOn Side,food,receipt_ocr
ickenFried Ric,food,receipt_ocr
Sesame Bagels,food,instacart_web
44.00,not_food,receipt_ocr
Habanero Cherry Beef Bar,food,instacart_web
Flavorblastedxtrache,food,synthetic_ocr_aug
100%ColombiaSupremoMedium,food,synthetic_ocr_aug
SushiDinnor,food,receipt_ocr
Baby Seedless Cucumbers,food,instacart_web
Ranch Dressing & Dip,food,instacart_web
Four Cheese Pizza,food,instacart_web
Unsweetend Creamer,food,instacart_web
Hamachi Japapeno,food,receipt_ocr
Crushed Tomatoes,food,instacart_web
Unsweetened Pure & Smooth  Green Tea,food,instacart_web
OLdfaShiOnedaPpLe,food,synthetic_ocr_aug
Mint Chip,food,instacart_web
9000,not_food,receipt_ocr
KUNGDAOCKN,food,receipt_ocr
RipEyeSree,food,receipt_ocr
Organic Sea Salt Roasted Seaweed Snacks,food,instacart_web
GlutenFreeTa,food,synthetic_ocr_aug
NSn-O.,not_food,receipt_ocr
1 CompItem,not_food,receipt_ocr
Panda Puffs Peanut Butter Cereal,food,instacart_web
Chipotle Mayo,food,instacart_web
Organic Yellow Mustard,food,instacart_web
Organic Large Brown Grade AA Cage Free Eggs,food,instacart_web
Cinnamon PaleoKrunch Granola,food,instacart_web
"Almond Butter, Raw, Organic",food,instacart_web
CORNETTOBLCK&WH82,food,receipt_ocr
SOFFEE,food,receipt_ocr
Take Away,not_food,receipt_ocr
Jumbo Lump Crab Cake,food,instacart_web
AddTequila,food,receipt_ocr
8.49,not_food,receipt_ocr
Organic Persian Cucumber,food,instacart_web
YoBaby Blueberry Apple Yogurt,food,instacart_web
1BUFRITO,food,receipt_ocr
WholeVitaminDMilk,food,synthetic_ocr_aug
Tomato Sauce Can,food,synthetic_food_list
OrignalGlutenFreCrckers,food,synthetic_ocr_aug
"Purified Water, 9.5pH+",food,instacart_web
Organic Orange Juice With Calcium & Vitamin D,food,instacart_web
SCulpinIPA,food,synthetic_ocr_aug
100%naturalwho1epeeledplurntomtoes,food,synthetic_ocr_aug
"Breaded Chicken Breast Nuggets, Gluten Free",food,instacart_web
ECG ROAST,food,receipt_ocr
Nilla Wafers,food,instacart_web
OTY U.PRICE RMCTOTALY,food,receipt_ocr
REVIVE 5OOML,food,receipt_ocr
Canadian Bacon,food,synthetic_food_list
Original Baked Snack Crackers,food,instacart_web
Eggo Buttermilk Waffles,food,instacart_web
IP120.00,not_food,receipt_ocr
TRUFFLE,food,receipt_ocr
Coconut Vanilla Creme Miracle Tart,food,instacart_web
Cut Green Beans,food,instacart_web
Tnan,food,receipt_ocr
Ice Cream Vanilla,food,synthetic_food_list
Black Pepper,food,instacart_web
Pretzel In Milk Chocolate Bar,food,instacart_web
"Deli Slices, Bologna Style",food,instacart_web
Oatly Natural Oatghurt,food,produce_classes_web
Cuties Non Dairy Vanilla Frozen Dessert Sandwiches,food,instacart_web
0100,not_food,receipt_ocr
PUBIXBROWN GRAVY,food,receipt_ocr
Organic Honey Graham ZBar Kids Energy Bar,food,instacart_web
Organic Blueberry Waffles,food,instacart_web
Organic Large Grade A Eggs,food,instacart_web
ARLIFRES,food,receipt_ocr
2.30,not_food,receipt_ocr
organiczucchinisquash,food,synthetic_ocr_aug
Gri11ed Spinach,food,receipt_ocr
BDAYCLUB$5,not_food,receipt_ocr
LLongGrainNaturalBrownRice,food,synthetic_ocr_aug
248.:00,not_food,receipt_ocr
4BMM*5M,not_food,receipt_ocr
Pure Unfiltered Honey Squeeze Bear,food,instacart_web
SUPERCRWC.4OG*15CLASSIC,food,receipt_ocr
UdisGlutenFreeItali,food,synthetic_ocr_aug
Mild Kimchi,food,instacart_web
Organic Lightly Salted Sea Salt Thin & Crispy Restaurant Style Tortilla Chips,food,instacart_web
TTONDALGOSHT,food,receipt_ocr
QY,not_food,receipt_ocr
1.20,not_food,receipt_ocr
1060,not_food,receipt_ocr
RipEye,food,receipt_ocr
Double Chocolate Cake,food,instacart_web
CHARGE,not_food,receipt_ocr
Flautas Chicken,food,receipt_ocr
5.00CHF,not_food,receipt_ocr
Cotija Whole Milk Cheese,food,instacart_web
Coffer,food,receipt_ocr
6.65SR,not_food,receipt_ocr
Organic Cucumber,food,instacart_web
Black Bean Vegetables Burrito,food,instacart_web
BeyondChickenL.ightlySeasonedStrips,food,synthetic_ocr_aug
SKIM,food,receipt_ocr
3.19,not_food,receipt_ocr
Organic Dutch Chocolate Ice Cream,food,instacart_web
Kosher Medium Cheddar Cheese,food,instacart_web
HomeStyle Mushroom Gravy,food,instacart_web
Gluten-Free Supergrain Pasta Garden Pagodas,food,instacart_web
PEPSI(6OOML),food,receipt_ocr
5983380016_ChickenCurryPuff,food,receipt_ocr
Caesar,food,receipt_ocr
Kidscheeseburobr,food,receipt_ocr
2.95,not_food,receipt_ocr
KidZBarOrganicS'mor.esEnergyBars,food,synthetic_ocr_aug
0081$,not_food,receipt_ocr
Fresh Lime Soda,food,receipt_ocr
organicketchupglu,food,synthetic_ocr_aug
Olive Bread,food,instacart_web
Beef Dinner Franks,food,instacart_web
0Rgaricdriedppya,food,synthetic_ocr_aug
"Splits\"" Pretzels Original""",food,instacart_web
TacoSalad,food,receipt_ocr
Gold Rum,food,instacart_web
Oyster Mushrooms,food,synthetic_food_list
Peanut Butter Filled Pretzels,food,instacart_web
Bandzoogm,not_food,receipt_ocr
28100,not_food,receipt_ocr
Coffee Cold Brew Fs W Mcts,food,instacart_web
Fat Free & Lower Sodium Chicken Broth,food,instacart_web
Spinach and Arugula Salad,food,instacart_web
Caramel Macchiato Gourmet Coffee Creamer,food,instacart_web
dicedoni,food,synthetic_ocr_aug
98% Fat Free Condensed Soup Cream of Chicken,food,instacart_web
EarlGreyT#eaBags,food,synthetic_ocr_aug
61utenFreePancakeMix,food,synthetic_ocr_aug
6-50,not_food,receipt_ocr
$1-,not_food,receipt_ocr
Organic Honey Sweet Whole Wheat Bread,food,instacart_web
Organic Agave Nectar,food,instacart_web
PvffPastry5heets,food,synthetic_ocr_aug
ThalFrled Rice,food,receipt_ocr
1184,not_food,receipt_ocr
40.008,not_food,receipt_ocr
DEPOSITCS00530344),not_food,receipt_ocr
100% Lactose Free Reduced Fat Milk,food,instacart_web
TaterPuf,food,synthetic_ocr_aug
OldNo7TennesseeWhsky,food,synthetic_ocr_aug
"21,000",not_food,receipt_ocr
Extras,food,receipt_ocr
FZ04,not_food,receipt_ocr
Vanilla Cupcakes,food,instacart_web
Beef#Brisket,food,synthetic_ocr_aug
Add Hay,not_food,receipt_ocr
Cheddar Puffs,food,instacart_web
Water Mineral,food,instacart_web
"Special K Sausage, Egg & Cheese Flatbread Breakfast Sandwich",food,instacart_web
Penne Rigate #41 Pasta,food,instacart_web
Sesame Roasted Seaweed Snacks,food,instacart_web
FrenchFries,food,receipt_ocr
YoKidsStrawberryBanana/Str1awberryYogurt,food,synthetic_ocr_aug
Traditional Snack Mix,food,instacart_web
Longdr,not_food,receipt_ocr
Organic Tomato Ketchup,food,instacart_web
All Natural Seasoned Waffle Cut Fries,food,instacart_web
Cold-Pressed Organic Grapefruit,food,instacart_web
3.92,not_food,receipt_ocr
18.,not_food,receipt_ocr
COLLGRNSMALL,food,receipt_ocr
10.29,not_food,receipt_ocr
Organic Cinnamon Graham Crackers,food,instacart_web
288988,not_food,receipt_ocr
spleyshrimp,food,receipt_ocr
1$2.99,not_food,receipt_ocr
Aguacate,food,receipt_ocr
1American Coffee,food,receipt_ocr
Be,not_food,receipt_ocr
GOLEAN Crunch! Cereal,food,instacart_web
Sherry Reserve Vinegar,food,instacart_web
.Hummus,food,synthetic_ocr_aug
HmeStyletlin-StyleWeddngSpinach&MetballsChcknSup,food,synthetic_ocr_aug
Unsweetened1100%CacaoBakingChocolate,food,synthetic_ocr_aug
18000005469765,not_food,receipt_ocr
Sliced Peaches In 100% Fruit Juice,food,instacart_web
Mini Marshmallows,food,instacart_web
pumpkinspicce,food,synthetic_ocr_aug
Exquisitely Rich 85% Dark Chocolate,food,instacart_web
OnionBhajia,food,receipt_ocr
Mushroom Ravioli,food,instacart_web
Organic Raw Unfiltered Apple Cider Vinegar,food,instacart_web
"Bread, Natural Fitness",food,instacart_web
Country White Sourdough Petite Loaf,food,instacart_web
0l1ves,food,receipt_ocr
ckingcboc1te,food,synthetic_ocr_aug
100% Pure Apple Juice,food,instacart_web
BabyCornontheCobWholeSpears,food,synthetic_ocr_aug
"Orgaricoliveol,Bsil,&Grlicpastosuce",food,synthetic_ocr_aug
OrganicFreezeDriedStrawberries,food,synthetic_ocr_aug
ASARBAG,not_food,receipt_ocr
1SPAGHETTI POMBASILICO,food,receipt_ocr
ArtichkeHart,food,synthetic_ocr_aug
Granola Crunch Oats 'N Honey,food,instacart_web
Hemp&GreensB*urger,food,synthetic_ocr_aug
Bean & Cheddar Burrito,food,instacart_web
Mango Apricot Fruit Snack,food,instacart_web
Orignial Recipe Chocolate Pudding,food,instacart_web
SteakaChseSub,food,receipt_ocr
VEGETABLEDUMPLING,food,synthetic_ocr_aug
Organic Montebello Orecchiette Italian Pasta,food,instacart_web
Organic Mini Sandwich Crackers Cheddar Cheese,food,instacart_web
7gWhito tnewo,not_food,receipt_ocr
smoked,food,receipt_ocr
Hot Cereal,food,instacart_web
2.Bohemia,food,receipt_ocr
Organic Sharp Cheddar Cheese,food,instacart_web
Basmati Rice,food,instacart_web
"MilkChoclateCndis,BonsBag",food,synthetic_ocr_aug
Tortilla Chips,food,synthetic_food_list
Santitas White Corn Tortilla Chips,food,instacart_web
Thin Crust Margherita Pizza with Fresh Mozzarella & Basil,food,instacart_web
G*arbanzoBeans,food,synthetic_ocr_aug
410,not_food,receipt_ocr
19134714,not_food,receipt_ocr
Naked Green Machine Boosted Juice Smoothie,food,instacart_web
Real Bacon Bits,food,instacart_web
"Cake Pans & Lids, 13 x 9",food,instacart_web
SIRC,not_food,receipt_ocr
730,not_food,receipt_ocr
皖P120.00,not_food,receipt_ocr
1/2C,not_food,receipt_ocr
DEPOSIT(CS00530344),not_food,receipt_ocr
10.99,not_food,receipt_ocr
1310073202,not_food,receipt_ocr
Organic Spaghetti Squash,food,instacart_web
S300,not_food,receipt_ocr
MilanoDoubleChocolateCookies,food,synthetic_ocr_aug
YoKids Strawberry Banana Organic Lowfat Yogurt,food,instacart_web
Organic Old Fashioned Rolled Oats,food,instacart_web
FEBRIGOL,not_food,receipt_ocr
Fish,food,instacart_web
Original 100% Orange Juice with Calcium & Vitamin D,food,instacart_web
FlouryPota.to,food,synthetic_ocr_aug
recluccdfatcrescentrolls,food,synthetic_ocr_aug
83,not_food,receipt_ocr
Hot Apple Pie,food,receipt_ocr
1.99,not_food,receipt_ocr
1 CRAB SUIZA,food,receipt_ocr
"Lasagna, Vegetable, with Daiya Cheeze",food,instacart_web
"Yogurt, Sheep Milk, Strawberry",food,instacart_web
IDALFREDO,food,receipt_ocr
150.000,not_food,receipt_ocr
Natural 72% Dark Chocolate With Natural Forest Mint Flavor,food,instacart_web
1GUACAMOLE DIP,food,receipt_ocr
FRESHLYSQUEEZEDORANGEJ,food,synthetic_ocr_aug
Cheese Delicato Tortelloni,food,instacart_web
166,not_food,receipt_ocr
63.80,not_food,receipt_ocr
Wild Skipjack Light Tuna,food,instacart_web
Organic  Sweet & Salty Peanut Pretzel Granola Bars,food,instacart_web
Organic Ground Black Pepper,food,instacart_web
28.00,not_food,receipt_ocr
Organic Jumbo Grade AA Brown Eggs,food,instacart_web
orGaNICyoGuRToRIginALPLAIN,food,synthetic_ocr_aug
100% Juice,food,instacart_web
Super Chunk Extra Crunchy Peanut Butter,food,instacart_web
Med $0.00,not_food,receipt_ocr
0000,not_food,receipt_ocr
bruchetta,food,receipt_ocr
Organic Olive Oil  Spray,food,instacart_web
OtMilk,food,synthetic_ocr_aug
NAM,not_food,receipt_ocr
Organic Refined Sunflower Oil,food,instacart_web
Nut&OatBreaad,food,synthetic_ocr_aug
Spicy Jalapeno Cream Cheese Spread,food,instacart_web
BeefCh,food,receipt_ocr
CEVTCHEDECAMARONES,food,receipt_ocr
QuickCookingSteelCutOats,food,synthetic_ocr_aug
Fruit Flavored Snacks Assorted Flavors,food,instacart_web
Blueberry Scones,food,instacart_web
OrganicsPop'sCornMicroowaveButterPopcorn,food,synthetic_ocr_aug
25CLROSEDE LOIR,food,receipt_ocr
CaliforniaCle1mentines,food,synthetic_ocr_aug
Fisheur,not_food,receipt_ocr
Organic Butternut Squash,food,instacart_web
10:00,not_food,receipt_ocr
Tofu Firm,food,instacart_web
Half Baked<U+00AE> Ice Cream,food,instacart_web
Ice Cream Sandwiches Vanilla,food,instacart_web
BlueCornTacoDinnerKit,food,synthetic_ocr_aug
1Peppercorn,food,receipt_ocr
Purely O's Organic Cereal,food,instacart_web
Chocolate Lowfat Milk,food,instacart_web
Noketc,food,receipt_ocr
57,not_food,receipt_ocr
SIMEN,not_food,receipt_ocr
MediumRoastGroundC,food,synthetic_ocr_aug
F.HOT,not_food,receipt_ocr
Taco Seasoning,food,instacart_web
SourdughBread,food,synthetic_ocr_aug
2503603RB3-INMATTEBLCKSPRNG,not_food,receipt_ocr
Light Sour Cream,food,instacart_web
IDori Dry Ramen,food,receipt_ocr
Oikos Key Lime Greek Yogurt,food,instacart_web
Wheat Sandwich Bread,food,instacart_web
ShelledSoybeans.Edamame,food,synthetic_ocr_aug
Medium Roast Cafe Domingo Ground,food,instacart_web
11,not_food,receipt_ocr
PebblesShake,food,receipt_ocr
Hickory Honey Barbeque Baked Potato Chips,food,instacart_web
Peanut Butter Dark Chocolate Protein Chewy Bars,food,instacart_web
PESCADOA,food,receipt_ocr
"Pita Chips, Simply Naked, Party Size",food,instacart_web
Beyond Beef Fiesty Crumble,food,instacart_web
*4X100GDESS.PANACHE,food,receipt_ocr
Vanilla Protein Almond Milk,food,instacart_web
Mediterranean Vegetable Chips,food,instacart_web
Pizza 4 Cheese,food,instacart_web
Marketplace Sweet and Spicy Korean Style Beef,food,instacart_web
$19.40,not_food,receipt_ocr
579.00,not_food,receipt_ocr
O*rganicGreekLowfatYogurtWithStrawberries,food,synthetic_ocr_aug
100% Natural Petite Diced Tomatoes,food,instacart_web
cecone,not_food,receipt_ocr
Organic Fine Udon,food,instacart_web
Pax,not_food,receipt_ocr
Fat Free Feta Chunks,food,instacart_web
Tomato Ketchup,food,instacart_web
ble,not_food,receipt_ocr
Vittel 100cl,food,receipt_ocr
$1024,not_food,receipt_ocr
Organic Crimini Mushrooms,food,instacart_web
Old Fashioned Nutty Chunky Peanut Butter,food,instacart_web
809MetalNameBadge Cip,not_food,receipt_ocr
sparkling wine,food,basket_categories_web
Original Recipe Tapioca Pudding,food,instacart_web
mai,food,receipt_ocr
HRA,not_food,receipt_ocr
rganicHtCocoaMix,food,synthetic_ocr_aug
1xGloki,food,receipt_ocr
TunaCannedInW,food,synthetic_ocr_aug
Tri-Color Rotini Pasta,food,instacart_web
2L35.Sesamechicken,food,receipt_ocr
SpalingGrapefruit,food,synthetic_ocr_aug
"Tiny Twists Pretzels, Cheddar",food,instacart_web
Saimon,food,receipt_ocr
1×55.00,not_food,receipt_ocr
BREAD,food,receipt_ocr
Pasteurized Apple Cider,food,instacart_web
1000:00,not_food,receipt_ocr
Fruit & Nut Bar Blueberry Vanilla & Cashew,food,instacart_web
HessCabernet,food,receipt_ocr
Organic Free Range Large Brown Grade A Eggs,food,instacart_web
"HANDMADEVODKAFROMAUSTIN,TEXAS",food,synthetic_ocr_aug
Fiery Mix Singles,food,instacart_web
Organic Whole Cashews,food,instacart_web
Vegetable Classics Vegetable Soup,food,instacart_web
Golden Oreo Thins,food,instacart_web
Beet Sugar,food,instacart_web
TMERLOT,food,receipt_ocr
06-5h,not_food,receipt_ocr
Grillers Original Burgers,food,instacart_web
Extra Virgin Olive Oil Rich Taste,food,instacart_web
astGareng,food,receipt_ocr
INDOMI GORENG SPC 80,food,receipt_ocr
Simply Strawberry Coconut Milk Minis Frozen Dessert,food,instacart_web
STERRA,not_food,receipt_ocr
44:000,not_food,receipt_ocr
Organic Dark Chocolate Almond Nutrition Bar,food,instacart_web
YOUNEUERKNOW,not_food,receipt_ocr
Mandarin Oranges,food,instacart_web
Light & Fit Lemon Meringue Greek Yogurt,food,instacart_web
Condensed Soup Tomato Bisque,food,instacart_web
$2-49,not_food,receipt_ocr
Sriracha Potato Chips,food,instacart_web
$120,not_food,receipt_ocr
Acme Smoked Nova Salmon Brooklyn Classic,food,instacart_web
aty,not_food,receipt_ocr
Couscous Original,food,instacart_web
CoffeeMate French Vanilla Sugar Free Creamer,food,instacart_web
meat,food,basket_categories_web
KZSIGNALCONDENSORKOZI)12V,not_food,receipt_ocr
Organic Gluten Free Quinoa Spaghetti,food,instacart_web
CMORYUHT HZLNUT250,food,receipt_ocr
Home Style Asiago Caesar Dressing,food,instacart_web
Large Yellow Flesh Nectarine,food,instacart_web
Deli Fresh Slow Roasted Cured Roast Beef,food,instacart_web
IND0MIAYAMBWNG69G,food,receipt_ocr
Dori Dry Ramen,food,receipt_ocr
Pure Cane Granulated White Sugar,food,instacart_web
Enchi Omelete,food,receipt_ocr
California Veggie Burgers - 4 CT,food,instacart_web
Black Beluga Lentils,food,instacart_web
Peppcror,food,synthetic_ocr_aug
GANDLE,not_food,receipt_ocr
MERAH,not_food,receipt_ocr
Batam,not_food,receipt_ocr
Walnut Halves & Pieces,food,instacart_web
shami IceTea,food,receipt_ocr
"Chcolt,40%,CremyMilk",food,synthetic_ocr_aug
SUPERCRWC36G*1SHAZELNUT,food,receipt_ocr
Mega oke Boul,food,receipt_ocr
aolor,not_food,receipt_ocr
AT31,not_food,receipt_ocr
Taco Dchorizo,food,receipt_ocr
Strawberry Spread,food,instacart_web
lam1,food,receipt_ocr
@5.99,not_food,receipt_ocr
Bosc Pears,food,instacart_web
45 Calories & Delight Wheat Bread,food,instacart_web
Seasoning,food,instacart_web
Itea,food,receipt_ocr
66-6ES,not_food,receipt_ocr
PLASTIKESLILINJERAPAH4X174PCS,not_food,receipt_ocr
1#3 3WING.MEAL,food,receipt_ocr
Garden Veggie Straws Sea Salt,food,instacart_web
OrganicCookies1&CreamIceCream,food,synthetic_ocr_aug
CHZ BURGER,food,receipt_ocr
Beer Cans,food,instacart_web
aChoc,food,receipt_ocr
CurryPuff,food,receipt_ocr
Peach Preserves,food,instacart_web
ColdNoodleWithChicken,food,receipt_ocr
591552.25-0AL BOUGTRELLIS,not_food,receipt_ocr
16PK,not_food,receipt_ocr
SURT,not_food,receipt_ocr
>ChefsSpecial,food,receipt_ocr
Dine1n160z,not_food,receipt_ocr
Sweet & Salty Nut Almond Granola Bars,food,instacart_web
12.00,not_food,receipt_ocr
Natural72%DarkChocolateWithNaturalForstMintFlavor,food,synthetic_ocr_aug
Fennel,food,instacart_web
T62683,not_food,receipt_ocr
3.25,not_food,receipt_ocr
RedWaxGoudaCheese,food,synthetic_ocr_aug
e66 Burger 8oz,food,receipt_ocr
Totai,not_food,receipt_ocr
NAKEDGREENMACHINEBOOSTE,food,synthetic_ocr_aug
Crushed Italian Recipe with Oregano & Basil Tomatoes,food,instacart_web
KdsGnledanees,food,receipt_ocr
（28$4.00）$白：00,not_food,receipt_ocr
Cherry Pie,food,instacart_web
09:0,not_food,receipt_ocr
LAMBTAGO,food,receipt_ocr
Baby Brussels Sprouts,food,instacart_web
Ham & Swiss Sandwich,food,instacart_web
Drinkable Blueberry Non-Fat Yogurt,food,instacart_web
Organic Yokids Lemonade/Blueberry Variety Pack Yogurt Squeezers Tubes,food,instacart_web
LUAMOO6KAMOXIEAP:,not_food,receipt_ocr
HamachiTeriyaki,food,receipt_ocr
530:00,not_food,receipt_ocr
Organic California Brown Basmati Rice,food,instacart_web
18.00:,not_food,receipt_ocr
Alfajores,food,receipt_ocr
Cream of Broccoli Condensed Soup,food,instacart_web
Organic Extra Virgin Oil Olive,food,instacart_web
vanillaproteinproteinshake,food,synthetic_ocr_aug
Dark Chocolate Covered Goji Berries,food,instacart_web
F000,not_food,receipt_ocr
@.5.50,not_food,receipt_ocr
TAL,not_food,receipt_ocr
Canned Diced Tomatoes,food,synthetic_food_list
Quest Bar Chocolate Chip Cookie Dough Protein Bar,food,instacart_web
Cantalou,food,synthetic_ocr_aug
Pepper Jack Cheese,food,instacart_web
DEPOSITCS00489793),not_food,receipt_ocr
Original French Fried Onions,food,instacart_web
10150,not_food,receipt_ocr
a65.00,not_food,receipt_ocr
Alfa ores,food,receipt_ocr
PretzelCrispsOriginalDe1iStylePretzelCrackcrs,food,synthetic_ocr_aug
Waffle,food,receipt_ocr
Elbows Enriched Macaroni Product,food,instacart_web
ClassicHum,food,synthetic_ocr_aug
"Ginger Root Beer, Naturally Flavored Zero Calorie Soda, Caffeine Free",food,instacart_web
MediterrarcanSeaSaltGrinder,food,synthetic_ocr_aug
Ultra Thin Sliced Provolone Cheese,food,instacart_web
Gluten Free Quinoa Rotelle Pasta,food,instacart_web
GDN,not_food,receipt_ocr
Horizon 2% Milk,food,branded_items_web
Cadi1lac Margatita (2 @1400),food,receipt_ocr
Original Puffins Cereal,food,instacart_web
TIGER12 GLASSES,food,receipt_ocr
Whole Wheat Shells & White Cheddar Macaroni and Cheese,food,instacart_web
Organic Graham Crunch Cereal,food,instacart_web
52000,not_food,receipt_ocr
Cashew Cookie,food,instacart_web
25.09,not_food,receipt_ocr
Lowfat Key Lime Yogurt,food,instacart_web
Organic Tropical Blossom Honey,food,instacart_web
Crispy Chick'n Sliders,food,instacart_web
Coconut Almond Bite Snack Bar,food,instacart_web
Organic French Vanilla Almond Granola,food,instacart_web
Organic Harissa Seasoning,food,instacart_web
Purified Water,food,instacart_web
OPTIONA,not_food,receipt_ocr
"Splits\"" Extra Dark Pretzels""",food,instacart_web
Meir,not_food,receipt_ocr
(packeged),food,receipt_ocr
scsltbkcdpttchps,food,synthetic_ocr_aug
FOAMBOARD91X46CM,not_food,receipt_ocr
HD32X4O7K9,not_food,receipt_ocr
Persian (Armenian) Cucumber,food,instacart_web
Special Recipe White Bread,food,instacart_web
Grandma's Hummus,food,instacart_web
15000,not_food,receipt_ocr
Garden Vegetable Ready Rice,food,instacart_web
Premium Unsweetened Iced Tea,food,instacart_web
4.40e,not_food,receipt_ocr
"184,00",not_food,receipt_ocr
waffles,food,basket_categories_web
BANNER8X4FEET,not_food,receipt_ocr
Pizzeria Thin Crust Primo Pepperoni Pizza,food,instacart_web
ClassicMMixedVegetables,food,synthetic_ocr_aug
Thin & Crispy Pizza Revolution,food,instacart_web
Madagascar Bourbon Pure Vanilla Extract,food,instacart_web
Bacon Cheddar Beef Burger,food,instacart_web
Quick Cooking Steel Cut Oats,food,instacart_web
WITH,not_food,receipt_ocr
YAMLUBESEMMOTOROIL,not_food,receipt_ocr
6888888,not_food,receipt_ocr
semi-finished bread,food,basket_categories_web
TandoorBakedNaan,food,synthetic_ocr_aug
"Fruit Spread, Organic, Strawberry",food,instacart_web
CUTTING,not_food,receipt_ocr
Red Wax Gouda,food,instacart_web
Almond Dark Chocolate,food,instacart_web
0.491b@,not_food,receipt_ocr
CHO,not_food,receipt_ocr
Chopped Tomatoes,food,instacart_web
Andouille Sausage,food,synthetic_food_list
CHICKEN SUKKA,food,receipt_ocr
ChoclateFudgeHighProteinBars,food,synthetic_ocr_aug
9555112901406,not_food,receipt_ocr
Cshk,not_food,receipt_ocr
RINSODET.MTC FRNT3,not_food,receipt_ocr
Mozzare.lla,food,synthetic_ocr_aug
Phish Food Frozen Yogurt,food,instacart_web
Butincertain,not_food,receipt_ocr
Sold,food,receipt_ocr
Yellow Potato,food,instacart_web
Artisan Lettuce,food,instacart_web
Mi1lenium2#,not_food,receipt_ocr
10.90-1,not_food,receipt_ocr
Small Curd Low Fat Cottage Cheese,food,instacart_web
OrganicCotageCeee,food,synthetic_ocr_aug
amePr,not_food,receipt_ocr
ColaSd,food,synthetic_ocr_aug
Fresh Dill,food,instacart_web
Double Green Matcha Tea Bags,food,instacart_web
CTN,not_food,receipt_ocr
LightHarvestPeachY,food,synthetic_ocr_aug
101.76,not_food,receipt_ocr
GaricSamon,food,receipt_ocr
tBourguieorn,food,receipt_ocr
SALHON AVOCADO SALAD,food,receipt_ocr
50% Less Sodium Garbanzo Beans,food,instacart_web
EF Whtie Arborio White Rice,food,instacart_web
B.36,not_food,receipt_ocr
MAUESAHSS,food,receipt_ocr
OrganicLow-FatMediumBlackBeanChili,food,synthetic_ocr_aug
Fish AnChips,food,receipt_ocr
371,not_food,receipt_ocr
BACARDILIGHT,food,receipt_ocr
riginlchocolatepvddirgsnacks,food,synthetic_ocr_aug
1 Arizona Grande,food,receipt_ocr
Organic Broth Ramen,food,instacart_web
1xGlok1,food,receipt_ocr
Raw Shrimp,food,instacart_web
Dark Chocolate Mocha Almond Fruit & Nut Bars,food,instacart_web
TIRAMISU,food,receipt_ocr
Open Food,food,receipt_ocr
MarTnaHBi,not_food,receipt_ocr
Real Vegetable Chips Mediterranean Herbs & A Hint Of Lemon,food,instacart_web
28.57,not_food,receipt_ocr
1CORNBREAD,food,receipt_ocr
Beef Stew Meat,food,instacart_web
4strp160z,not_food,receipt_ocr
2.70,not_food,receipt_ocr
BBO,food,receipt_ocr
Sundried Tomato Organic,food,instacart_web
1400G,not_food,receipt_ocr
Combo,not_food,receipt_ocr
Cola,food,instacart_web
GrainFreeMaple#Granola,food,synthetic_ocr_aug
BnelessSknlessChicknBreast,food,synthetic_ocr_aug
$0.99,not_food,receipt_ocr
Nut & Spices Bar Dark Chocolate Almond Mint,food,instacart_web
FADLSVO,not_food,receipt_ocr
5-57,not_food,receipt_ocr
Organic Chocolate 1% Milk with DHA Omega-3,food,instacart_web
BitesStrawb,food,synthetic_ocr_aug
Chicken Caesar Salad,food,receipt_ocr
44957612-INSAND/GRAY.ALAHEDA E,food,receipt_ocr
"Bread, Sprouted Sourdough",food,instacart_web
Whole Ground Flaxseed Meal,food,instacart_web
Organic Chicken Broth,food,instacart_web
Vegetarian Roll,food,instacart_web
Grooves Zesty Cheddar Ranch Crackers,food,instacart_web
Fried Rice 3Pax,food,receipt_ocr
Organic Lemon Pie Sprouted Cookies,food,instacart_web
bajumusiimah,not_food,receipt_ocr
3.10,not_food,receipt_ocr
1.29/1b,not_food,receipt_ocr
No Caffeine Lemon Lime Soda,food,instacart_web
Avocado Oil,food,instacart_web
VegetableRoll,food,receipt_ocr
MilkChocolateCandyBa/rs,food,synthetic_ocr_aug
BUSINESSSPOTUV,not_food,receipt_ocr
YUCCA A LA HUANCAINA,food,receipt_ocr
cner,not_food,receipt_ocr
kfruitpeeied,food,receipt_ocr
Hardwood Smoked Honey Cured Thick Sliced Bacon,food,instacart_web
Original English Muffins,food,instacart_web
Tree Hut,food,receipt_ocr
Masa Harina Golden Corn Flour,food,instacart_web
Xoscallopumpling,food,receipt_ocr
VENFTELD,not_food,receipt_ocr
Mozzarella&Tonato,food,receipt_ocr
FM420000800,not_food,receipt_ocr
Red Leaf Lettuce,food,instacart_web
CARAFFE MUSCADET,food,receipt_ocr
VNB19900,not_food,receipt_ocr
MEDIUM,food,receipt_ocr
ST50,not_food,receipt_ocr
11.48,not_food,receipt_ocr
Quick 1 Minute Oatmeal,food,instacart_web
888888,not_food,receipt_ocr
11-800,not_food,receipt_ocr
TROSEMARY CAIPIRINHA,food,receipt_ocr
ChickenTikkuMasala,food,receipt_ocr
New York Extra Sharp Cheddar,food,instacart_web
$2.46,not_food,receipt_ocr
Sour Cream & Onion Flavored Potato Crisps,food,instacart_web
9.95,not_food,receipt_ocr
1NO,not_food,receipt_ocr
Mini Babybel Mozzarella Cheese,food,instacart_web
Lemon Ginger Sparkling Probiotic Drink,food,instacart_web
-14.94,not_food,receipt_ocr
3801,not_food,receipt_ocr
Nleicel,not_food,receipt_ocr
ChickenFt,food,receipt_ocr
Peach Yoghurt,food,instacart_web
SugarWafersCremmeFilling,food,synthetic_ocr_aug
Green Seedless Grapes,food,instacart_web
Potato Chips Sweet Potato,food,instacart_web
Frozen Waffles,food,synthetic_food_list
U/pPrice,not_food,receipt_ocr
THE,food,receipt_ocr
CaffeVeronaDarkKeurigBrewedK-CupsGrroundCoffee,food,synthetic_ocr_aug
Organic Rice Vinegar,food,instacart_web
Jumbo Grade A Eggs,food,instacart_web
Reg,not_food,receipt_ocr
1.00B,not_food,receipt_ocr
Cauliflower Crumbles,food,instacart_web
100% Pure Maple Syrup,food,instacart_web
PLASTIC TRAY-GLDSS RPCG,not_food,receipt_ocr
Bread Co Pain Au Levain,food,instacart_web
Short Rib,food,receipt_ocr
Teh,food,receipt_ocr
TBTLBEER,food,receipt_ocr
1Potato Puree,food,receipt_ocr
FatFreeSmartGroundMexicanSty,food,synthetic_ocr_aug
Organic Peanut Butter Fruit & Nut Bar,food,instacart_web
ChocolateLowFailk,food,synthetic_ocr_aug
Medium Chipotle Garlic Taco Skillet Sauce,food,instacart_web
Koobic,food,receipt_ocr
19.98,not_food,receipt_ocr
White Sugar Free Peppermint Gum,food,instacart_web
Veggie Chips,food,instacart_web
-64730,not_food,receipt_ocr
Mochi Chocolate Ice Cream,food,instacart_web
White Cheddar Semisoft Cheese,food,instacart_web
Green Pepper Hot Sauce,food,instacart_web
Champagne Vinegar,food,instacart_web
frozen fish,food,basket_categories_web
Choco1ateFudgeHighProteirBars,food,synthetic_ocr_aug
Originalse,food,synthetic_ocr_aug
Smoked Turkey Bacon,food,instacart_web
Walnuts Halves & Pieces Organic,food,instacart_web
Peach Tea,food,instacart_web
Discount BBo & Blue Chz,not_food,receipt_ocr
(Spioymild),food,receipt_ocr
Smooth Greens & Kale Vegetable and Fruit Juice Blend,food,instacart_web
Split Top Wheat Bread,food,instacart_web
ANGORBE,not_food,receipt_ocr
cech,not_food,receipt_ocr
AlessiBalsalmicVinegar,food,synthetic_ocr_aug
1%Mi1kfatLowFatVitarninA&DMilk,food,synthetic_ocr_aug
Original Oat Bar,food,instacart_web
Semi Soft Part-Skim Cheese,food,instacart_web
275,not_food,receipt_ocr
Ultimate Caesar Salad Kit,food,instacart_web
Eggo Blueberry Waffles,food,instacart_web
OrganicSprouTofuTeriyaki/TofuCutlets,food,synthetic_ocr_aug
Hazelnut Bromstad Design Liquid Coffee Creamer,food,instacart_web
patrondouble,food,receipt_ocr
Light In Sodium Beans and Rice Burrito,food,instacart_web
ORGANICLOWFAT1%MILK,food,synthetic_ocr_aug
Lunchables Turkey & American Cheese Cracker Stackers,food,instacart_web
X17-00,not_food,receipt_ocr
ChocolateC,food,synthetic_ocr_aug
KINGS SAFETY SHOES KWD BO5,not_food,receipt_ocr
52.00,not_food,receipt_ocr
Patronsilver,food,receipt_ocr
Revive Zero Vitamin Water,food,instacart_web
SHREDDEDPARMIGIANOREGGIANO,food,synthetic_ocr_aug
Hertoo,not_food,receipt_ocr
Provolone Slices,food,instacart_web
Organic Variety Pack,food,instacart_web
2760,not_food,receipt_ocr
OrganicTraditionalPPlainKefir,food,synthetic_ocr_aug
Taffle,food,receipt_ocr
Fettuccine Pasta,food,instacart_web
French Vanilla Sugar Free Liquid Coffee Creamer,food,instacart_web
Largegradeaa,food,synthetic_ocr_aug
spark1inggropefruit,food,synthetic_ocr_aug
Chix Cheesesteal,food,receipt_ocr
Bedtime Tea,food,instacart_web
Grape Juice,food,synthetic_food_list
Sugarfree,food,instacart_web
Qurackschco1Techip,food,synthetic_ocr_aug
10.600,not_food,receipt_ocr
OrganicCannel1iniBears,food,synthetic_ocr_aug
46652,not_food,receipt_ocr
Swiss Style Slices Dairy Free,food,instacart_web
8:00,not_food,receipt_ocr
With Shrimp Ramen Noodles,food,instacart_web
Sanma Shioyaki,food,receipt_ocr
California Clementines,food,instacart_web
Minneola Tangelo,food,instacart_web
Cocktail Style Cubes  Spring Water Ice,food,instacart_web
Old Fashion Egg Nog,food,instacart_web
ARTPAKCOR,food,receipt_ocr
Rich & Hearty Savory Beef Barley Vegetable Soup,food,instacart_web
CheseShreddedMozzarllLowMisturePartSkim,food,synthetic_ocr_aug
Unsalted Pure Irish Butter,food,instacart_web
Cod Fillet,food,synthetic_food_list
"Pretzel Sticks, Thin",food,instacart_web
Organic Butter Beans,food,instacart_web
580,not_food,receipt_ocr
Hazelnut Soy Creamer,food,instacart_web
DoubleChoc,food,receipt_ocr
California Grown Chopped Garlic,food,instacart_web
1BgMac,food,receipt_ocr
Organic Low Fat Black Bean Vegetable Soup,food,instacart_web
Bakery Classics Sliders Wheat Buns,food,instacart_web
Vanil1Amilkchocolatelmndsallnatvralicecreambrs,food,synthetic_ocr_aug
OrganicRefined,food,synthetic_ocr_aug
Chocolatey Chip Teddy Grahams,food,instacart_web
00°6,not_food,receipt_ocr
4:50,not_food,receipt_ocr
Hot Italian Sausage,food,instacart_web
Unbleached Self Rising Flour,food,instacart_web
Flaky Cinnamon Rolls  With Butter Cream Icing,food,instacart_web
18.50,not_food,receipt_ocr
WHOLEMILK,food,receipt_ocr
Fire Roasted Crushed Tomatoes,food,instacart_web
Beef Ravioli,food,instacart_web
STREETTACOS,food,receipt_ocr
Medium Roast Extra Bold K-Cup Packs Coffee,food,instacart_web
Oatmeal Raisin Walnut Bar,food,instacart_web
Almond Butter,food,instacart_web
Caramel Cone Ice Cream,food,instacart_web
401,not_food,receipt_ocr
$2.99,not_food,receipt_ocr
HotDog*Buns,food,synthetic_ocr_aug
Mozzarella Light Low Moisture Part Skim String Cheese,food,instacart_web
GlutenFreeOmegaFlax&FiberBread,food,synthetic_ocr_aug
Chicken Bean and Rice Burrito,food,instacart_web
Lobster Tal1,food,receipt_ocr
SumatraDarkRoastK-Cups,food,synthetic_ocr_aug
JalapenooCilantroSalsa,food,synthetic_ocr_aug
4.Biscuit,food,receipt_ocr
Souper6-PackChickenFlav,food,synthetic_ocr_aug
113.Shr,food,receipt_ocr
WholeBerryCranberr,food,synthetic_ocr_aug
BluebemyFrittery,food,receipt_ocr
000001083107,not_food,receipt_ocr
SalsaDeMoloalete,food,receipt_ocr
"DeliSlices,BolognaStyle",food,synthetic_ocr_aug
Healthy Request Chunky Chicken Noodle Soup,food,instacart_web
Roasted Sweet Peppers,food,instacart_web
Natural Artesian Water,food,instacart_web
Organic Snipped Green Beans,food,instacart_web
Vittel100cl,food,receipt_ocr
Organic Yellow Peaches,food,instacart_web
1800001501,not_food,receipt_ocr
7230,not_food,receipt_ocr
DosEquis,food,receipt_ocr
$2:00,not_food,receipt_ocr
Seasoned Black Beans,food,instacart_web
casramediurnsalso,food,synthetic_ocr_aug
vMein,food,receipt_ocr
Cage Free Real Egg Product,food,instacart_web
1 Guaca Chicharron,food,receipt_ocr
Vanilla Skyr Nonfat Yogurt,food,instacart_web
Original Diced Tomatoes & Green Chilies,food,instacart_web
Yogurt Maple Ginger Yogurt,food,instacart_web
Guacamole,food,instacart_web
Anchovies Flat Fillets In Olive Oil,food,instacart_web
OrgaricBeefBoreBroth,food,synthetic_ocr_aug
Mozzarella Di Bufala,food,instacart_web
FudgeStripesOriginalCookies,food,synthetic_ocr_aug
Quesadi1laChicken,food,receipt_ocr
14.94,not_food,receipt_ocr
Original Strawberry/Strawberry Banana Variety Pack Low Fat Yogurt,food,instacart_web
T13.ShrimpTompura Roll,food,receipt_ocr
Total 0% Blueberry Acai Greek Yogurt,food,instacart_web
Decadent Classic Yellow Cake Mix,food,instacart_web
oals,food,receipt_ocr
"PinoNoir,Califona",food,synthetic_ocr_aug
Maple & Brown Sugar High Fiber Instant Oatmeal,food,instacart_web
OliveHummus,food,synthetic_ocr_aug
Multiseed Spelt Flatbread,food,instacart_web
MORGORINE,food,synthetic_ocr_aug
"79,000",not_food,receipt_ocr
Mac & Cheese,food,instacart_web
PASIRKASARBAG),not_food,receipt_ocr
SDLLBLE,not_food,receipt_ocr
MedlmeWetT,not_food,receipt_ocr
000.69,not_food,receipt_ocr
Db1 Qtr Chees:,food,receipt_ocr
PRETTYSAVAGE,not_food,receipt_ocr
Chocolate Cake[Slice],food,receipt_ocr
Vegetable Classics Minestrone Soup,food,instacart_web
Large Grade AA Eggs,food,instacart_web
sUnDrieDtoMaToeSiNoIL,food,synthetic_ocr_aug
12 (CQ),not_food,receipt_ocr
EgyptianLicoriceTeaBagss,food,synthetic_ocr_aug
BlackPepperCornsMillOrganicSpices,food,synthetic_ocr_aug
Garbanzo Beans No Salt Added,food,instacart_web
XL,not_food,receipt_ocr
GRILLTERIYAKI CKN,food,receipt_ocr
OtMenutes,not_food,receipt_ocr
Lowfat Kefir Plain Unsweetened,food,instacart_web
Linguine Pasta,food,instacart_web
Traditional Italian Sauce,food,instacart_web
Gotta Have Vanilla Organic Frozen Nonfat Yogurt,food,instacart_web
1 BUFRITO,food,receipt_ocr
soft cheese,food,basket_categories_web
"Chocolate,40%,CreamyMillk",food,synthetic_ocr_aug
"ButterNaan,",food,receipt_ocr
Tomato Kumato,food,instacart_web
Classic Almond Butter,food,instacart_web
Black Cherry Liquid Water Enhancer,food,instacart_web
A·19,not_food,receipt_ocr
?ES,not_food,receipt_ocr
$10.83,not_food,receipt_ocr
Salsa Fresca,food,instacart_web
"Unsweetened Almond Breeze, Almond Milk, Original",food,instacart_web
0TEg9Ro,food,receipt_ocr
Yo Toddler Organic Strawberry Banana Whole Milk Yogurt,food,instacart_web
Organic Chicken Stock,food,instacart_web
BeSC,not_food,receipt_ocr
80.0C,not_food,receipt_ocr
HoteDog,food,receipt_ocr
Deli Style Parmesan Caesar Croutons,food,instacart_web
Dairy Free Vegetable Pot Pie,food,instacart_web
Light Spread Butter Substitute,food,instacart_web
Cost,not_food,receipt_ocr
X9.50,not_food,receipt_ocr
Special K Red Berries Cereal Bars,food,instacart_web
1 Twisted Rueben,food,receipt_ocr
HEADSTONES ANDLANDMINES,not_food,receipt_ocr
Organic Sunday Bacon,food,instacart_web
100% Pure Avocado Oil,food,instacart_web
Guava,food,synthetic_food_list
Original Craisins,food,instacart_web
Crossovcrscconutchocolatc,food,synthetic_ocr_aug
Harvest Berry Chewy Granola Bars,food,instacart_web
$0.25,not_food,receipt_ocr
Sausage and Pepperoni Pizza,food,instacart_web
Aoalket,not_food,receipt_ocr
Vanilla Protein Protein Shake,food,instacart_web
Ancient Grain Granola Cranberry Pecan,food,instacart_web
019,not_food,receipt_ocr
White Chocolate & Raspberry Protein Bar,food,instacart_web
Old Fashioned Whole Wheat Bread,food,instacart_web
Movie Theater Butter Pop Corn,food,instacart_web
OrganicSkimMilkwithDHAOmega-3,food,synthetic_ocr_aug
"BroccoliFlorets,Orrganic",food,synthetic_ocr_aug
T-*Open Liquor.,food,receipt_ocr
NisC Food,food,receipt_ocr
Alfabeto Alphabet Enriched Egg Pasta,food,instacart_web
Corrrneal,food,synthetic_ocr_aug
Loremipsumdolorisit,not_food,receipt_ocr
BrwneBite,food,synthetic_ocr_aug
Butter & Herb Mashed Potatoes,food,instacart_web
Swirl Thick Slice Pumpkin Spice Bread,food,instacart_web
BISLERI,food,receipt_ocr
Gratuity,not_food,receipt_ocr
ME2S,not_food,receipt_ocr
S3.50,not_food,receipt_ocr
1orgegrADAEGGs,food,synthetic_ocr_aug
Egg Noodles,food,synthetic_food_list
1.Plate,not_food,receipt_ocr
Organic Hearty Morning Fiber Cereal,food,instacart_web
NORDIQUE,food,receipt_ocr
1O0%JuiceGrope,food,synthetic_ocr_aug
Organic Raw Coconut Butter,food,instacart_web
EPAL.25G,not_food,receipt_ocr
Salad(s),food,receipt_ocr
SPECIALDRYITEM,not_food,receipt_ocr
Naturally Hickory Smoked Thick Cut Bacon,food,instacart_web
ayOatmealCereal,food,synthetic_ocr_aug
mild,food,receipt_ocr
1% Milkfat Low Fat Buttermilk,food,instacart_web
1693211KRYLONQTCHALKYFINSH.MH,not_food,receipt_ocr
Cajun,food,receipt_ocr
SIDE CHEESE,food,receipt_ocr
Slices in 100% Pineapple Juice Pineapple,food,instacart_web
Peppercorn,food,receipt_ocr
organicsoytempeh,food,synthetic_ocr_aug
17,not_food,receipt_ocr
Goldfish Baked Snack Crackers Variety Pack,food,instacart_web
Saltedbutt,food,synthetic_ocr_aug
1 CUP CHONDER,food,receipt_ocr
NaturalMilkChoc0olateBar,food,synthetic_ocr_aug
Organic Spring Jasmine Green Tea,food,instacart_web
LGSODA,food,receipt_ocr
Almond Butter Smooth,food,instacart_web
Sweet Potato & Cinnamon Crackers,food,instacart_web
100% Natural Sweetener Zero Calorie Packets,food,instacart_web
Oats & Chocolate Chewy Bars,food,instacart_web
Hand Dipped Basket Whole Milk Ricotta,food,instacart_web
Pepperoni Pizza Rolls,food,instacart_web
99S,not_food,receipt_ocr
VALENCIASACIOS)BS,food,receipt_ocr
OrganicMediumCheddarCh#eese,food,synthetic_ocr_aug
Chocola,food,synthetic_ocr_aug
glUTENFrEerICEpASta&cHEDDarsiNgleSE,food,synthetic_ocr_aug
Hard Root Beer,food,instacart_web
Organic Shredded Carrots,food,instacart_web
Fat Free Plain Yogurt,food,instacart_web
$9.00,not_food,receipt_ocr
Chair,food,receipt_ocr
Sma,not_food,receipt_ocr
Multigrain Oat Bread,food,instacart_web
Honey Nut Oatmeal Squares,food,instacart_web
CKN EGO,food,receipt_ocr
$7.99,not_food,receipt_ocr
9555227800168,not_food,receipt_ocr
ZPPPLATE(SOPCS),not_food,receipt_ocr
Sparkling Probiotic Drink Coconut,food,instacart_web
Iced Oatmeal Cookie Kid Z Bar,food,instacart_web
Extra Butter Popcorn,food,instacart_web
Classic Tomato Soup,food,instacart_web
Organic Tomato Paste,food,instacart_web
Whole Black Peppercorns,food,instacart_web
QTY ITEM,not_food,receipt_ocr
PotatoWedges,food,synthetic_ocr_aug
575,not_food,receipt_ocr
20.00:,not_food,receipt_ocr
Kombucha  Bilberry No. 9,food,instacart_web
Mordecat Glass,not_food,receipt_ocr
"Vegetable Chips, Taro, Sea Salt",food,instacart_web
Kobe Beef Slider,food,receipt_ocr
Organic Turkey Hot Dogs,food,instacart_web
MoD Pizza,food,receipt_ocr
Crackers Bunny Graham Friends Snack Packs,food,instacart_web
All Natural Fresh Buttermilk Ranch Dressing Marinade,food,instacart_web
PAGES SINGLE,not_food,receipt_ocr
SunflowerSeedSprreadCrunch,food,synthetic_ocr_aug
Vanilla Ice Cream Sandwich,food,instacart_web
Four Cheese Crispy Thin Crust Pizza,food,instacart_web
Organic Sprouted Spelt Flour,food,instacart_web
Organic All Vegetable Shortening,food,instacart_web
3.00,not_food,receipt_ocr
Dinner Rolls,food,synthetic_food_list
Natural Sliced Gouda Cheese,food,instacart_web
GrtledOntans,food,receipt_ocr
OrganiccWheat-Free&Gluten-FreeOriginalCrackers,food,synthetic_ocr_aug
Sage,food,instacart_web
(2020:00),not_food,receipt_ocr
LargeGradeAACageFreeEggs,food,synthetic_ocr_aug
$2.70,not_food,receipt_ocr
1 Guacachtohar,food,receipt_ocr
Dairy Free Mozarella Style Shreds,food,instacart_web
LYCHEETEA,food,receipt_ocr
Blood Orange Italian Soda,food,instacart_web
1650-06,not_food,receipt_ocr
NORAHJONES,not_food,receipt_ocr
HoneySmokdTurkey,food,synthetic_ocr_aug
Specialtyfat,food,synthetic_ocr_aug
BonelessPo#rkLoinChops,food,synthetic_ocr_aug
Garlic Bread,food,instacart_web
TropicalGoldChunksAllNaturalPineapple,food,synthetic_ocr_aug
canned fish,food,basket_categories_web
MilanoDoubleChocolateCook/ies,food,synthetic_ocr_aug
Wheat Organic Bread,food,instacart_web
5OMC,not_food,receipt_ocr
MUSHROOMTAWA,food,receipt_ocr
Seriously Sharp Cheddar Cheese Block,food,instacart_web
Oid Fashion Frenchi Toast,food,receipt_ocr
1X10.50,not_food,receipt_ocr
Sprouted Whole Wheat Bread,food,instacart_web
PUNJABILASSI,food,receipt_ocr
490,not_food,receipt_ocr
OrganicLentil,food,synthetic_ocr_aug
HKBXTISSFO4,not_food,receipt_ocr
Organic High Fiber Pancake & Waffle Mix,food,instacart_web
Dandelion Leaf & Root Tea,food,instacart_web
AddTy,food,receipt_ocr
"Cold-pressed, Deliciously Hydrating Watermelon Water",food,instacart_web
Z.00 ZR,not_food,receipt_ocr
Chocolate Wafers Candy Bar,food,instacart_web
NET,not_food,receipt_ocr
ah,not_food,receipt_ocr
ate,not_food,receipt_ocr
ker,not_food,receipt_ocr
SAUS,food,receipt_ocr
Grilled & Ready Chicken Breast Strips,food,instacart_web
Organic Shiitake Mushrooms,food,instacart_web
Pineapple,food,instacart_web
Organicgreenlemonade,food,synthetic_ocr_aug
1 Reg,not_food,receipt_ocr
MLTI-GRAINSEO5LTCRACKERS,food,synthetic_ocr_aug
Premium House Blend Ground Coffee,food,instacart_web
Beef wBakChoy (L),food,receipt_ocr
Organic Sesame Tahini,food,instacart_web
TAMARINDWATER,food,receipt_ocr
Zesty Italian Salad Dressing & Recipe Mix,food,instacart_web
holeheatSordough,food,synthetic_ocr_aug
LN,not_food,receipt_ocr
Vanilla Almond Butter Squeeze,food,instacart_web
Beef Consomm<U+00E9> Condensed Soup,food,instacart_web
GULAIDAUN SINGKONG,food,receipt_ocr
Yellow Onions,food,instacart_web
PLASTICS BAG,not_food,receipt_ocr
1755-59,not_food,receipt_ocr
Organic Red Lentil Penne,food,instacart_web
Mild Cheddar Cheese Sticks,food,instacart_web
California Diced Peaches Packed in Water No Sugar Added,food,instacart_web
Annie Peely Fruit 4.5 Z,food,instacart_web
Dise,not_food,receipt_ocr
COmPLAMBBURGER,food,receipt_ocr
gaSapl,food,receipt_ocr
BESIRS.5(CO),not_food,receipt_ocr
1DalFry,food,receipt_ocr
1.346,not_food,receipt_ocr
OriginalFigSpred,food,synthetic_ocr_aug
LrgClams/nussels,food,receipt_ocr
ROTI,food,receipt_ocr
Mini Chocolate Chunk Cookies,food,instacart_web
Original Recipe Long Grain & Wild Rice,food,instacart_web
Tortillas Corn,food,synthetic_food_list
CupItaianWeddingSoup,not_food,receipt_ocr
Cheesy Jalapeno Popped Corn Chips,food,instacart_web
Mozzrll,food,synthetic_ocr_aug
CrunchyChocolateBlissC,food,synthetic_ocr_aug
Organic Goddess Dressing,food,instacart_web
Soy Free Buttery Spread with Olive Oil,food,instacart_web
"Hot (101305, 101352) Italian Sausage",food,instacart_web
Organic6ar1ic,food,synthetic_ocr_aug
Black Plum,food,instacart_web
375.00,not_food,receipt_ocr
Mi1d,not_food,receipt_ocr
VND249.809,not_food,receipt_ocr
5.801,not_food,receipt_ocr
Fruit Bars Made With Real Strawberry,food,instacart_web
Ritz Crackers And Cheese Dip Handi-Snacks,food,instacart_web
5.9O SR,not_food,receipt_ocr
High Protein Pretzels,food,instacart_web
.Duis aute irure-dolor,not_food,receipt_ocr
Original Crust,food,instacart_web
ngkong,food,receipt_ocr
TRT,food,receipt_ocr
34:00,not_food,receipt_ocr
SOFtBaKEDDoUblEcHOcOLAteBrowNIecOoKies,food,synthetic_ocr_aug
Nira Moyashi,food,receipt_ocr
Original Tofurky Deli Slices,food,instacart_web
USGREENAPPLE(I7S)IOS,food,receipt_ocr
Roasted Red Pepper & Basil Quinoa and Brown Rice,food,instacart_web
Sprouted Rye Seed Bread,food,instacart_web
$13.100,not_food,receipt_ocr
0.49F,not_food,receipt_ocr
WhiteEnriched&DegermedCo,food,synthetic_ocr_aug
DISG(%),not_food,receipt_ocr
Cantaloupe,food,instacart_web
$7.85each),food,receipt_ocr
Vanilla Sandwich Creme Cookies,food,instacart_web
"7.,000",not_food,receipt_ocr
Hot Chili Oil,food,instacart_web
Guacamole Single Serve,food,synthetic_food_list
828,not_food,receipt_ocr
Dark,food,receipt_ocr
13.78,not_food,receipt_ocr
BlueberryYoghurt,food,synthetic_ocr_aug
Fresh Cut Golden Sweet Whole Kernel Corn,food,instacart_web
Buritto,food,receipt_ocr
$14,not_food,receipt_ocr
Fruitables Apple Harvest Fruits & Vegetables,food,instacart_web
1ROMBO CARCIOFI FUNGH,food,receipt_ocr
Sparkling Grapefruit,food,instacart_web
Just Hummus,food,instacart_web
Mini Peanut Butter Sandwich Crackers,food,instacart_web
Baked Cheese Ravioli,food,instacart_web
Pirate'sBootyAged*WhiteCheddarBakedRiceandCornPuffs,food,synthetic_ocr_aug
Ancient Grain Original Granola,food,instacart_web
10500,not_food,receipt_ocr
ADD Mac Sauce,food,receipt_ocr
archl1edcbicknthighs,food,synthetic_ocr_aug
"Marinade & Grilling, Paradise Pineapple Teriyaki",food,instacart_web
SugarFreeLowCalorieGelatinDessertStrawberry,food,synthetic_ocr_aug
Organic Muenster Cheese,food,instacart_web
10/400,not_food,receipt_ocr
Strawberry C Monster Smoothie,food,instacart_web
Organic Large Grade AA Eggs,food,instacart_web
BananaCreamTraditionalOikosGreekYogurt,food,synthetic_ocr_aug
SMROU,not_food,receipt_ocr
SPARKLING WATER LARG,food,receipt_ocr
000:00,not_food,receipt_ocr
20yro1dBolsamicVinegar,food,synthetic_ocr_aug
5.30,not_food,receipt_ocr
GirGERsoCL,food,synthetic_ocr_aug
Queso Fresco Guacamole,food,receipt_ocr
$34,not_food,receipt_ocr
BozFAu Po,food,receipt_ocr
FRUIT&NTTYLMONDSRAISINSCRORBRRESPCANSGRANOLA,food,synthetic_ocr_aug
Spicy Hot 100% Vegetable Juice,food,instacart_web
XXX Acai Blueberry Pomegranate,food,instacart_web
Sweets Medley Sea Salt Sweet Potato Chips,food,instacart_web
Organic Broccoli And Carrots,food,instacart_web
Sesame Stir Fry with Chicken,food,instacart_web
Thin Spaghetti Pasta,food,instacart_web
Misoshiru,food,receipt_ocr
uNSWeETEnEdTereReYEr,food,synthetic_ocr_aug
+We11 Done,not_food,receipt_ocr
FruitPunhJuiceDink,food,synthetic_ocr_aug
whzte,not_food,receipt_ocr
Organic Soups Hearty Spanish Rice & Red Bean,food,instacart_web
ONE,not_food,receipt_ocr
Carmel Apple Crisp Twist,food,instacart_web
Freshly made spaghetti tossed with meatballs in a seasoned tomato sauce Spaghetti with Meatballs,food,instacart_web
T SALNO,food,receipt_ocr
CrearnySwiss6arlic&HerbSpreadableCheeseWedges,food,synthetic_ocr_aug
OriginalWholeFatLLactoseFreeMilk,food,synthetic_ocr_aug
HEOLTHYRQVESTCONDENSEDSOUPCREMOFMUSHROM,food,synthetic_ocr_aug
Chicken Culinary Stock,food,instacart_web
1x6-50,not_food,receipt_ocr
Refried Beans,food,instacart_web
Honey Salted Peanut,food,instacart_web
Black Bean Salad,food,instacart_web
Jersey Tomato Sauce,food,instacart_web
OSSO BUCCO AGNEAU,food,receipt_ocr
Goma Dressing,food,receipt_ocr
100%OrganicRainbowHeirloomQuuinoa,food,synthetic_ocr_aug
Low Fat Mayonnaise Dressing,food,instacart_web
9.99,not_food,receipt_ocr
Lafayette Butter Lettuce & Radicchio Salad Blend,food,instacart_web
Organic Lemon Cayenne Sparkling Probiotic Drink,food,instacart_web
a145.00,not_food,receipt_ocr
Garlic Salmon,food,receipt_ocr
Organic 90% Ground Beef,food,instacart_web
29,not_food,receipt_ocr
ecial Plattare,food,receipt_ocr
TANDURI ROTI,food,receipt_ocr
Raspberry Ice Drink Mix,food,instacart_web
1390S,not_food,receipt_ocr
Breaded Fish Sticks,food,instacart_web
ISS,not_food,receipt_ocr
Gluten Free Millet-Chia Bread,food,instacart_web
22:05,not_food,receipt_ocr
2Sandia Margarita (013.00/ea),food,receipt_ocr
Breaded Nuggets Chicken Breast,food,instacart_web
SteakChseSub,food,receipt_ocr
4.91*0523,not_food,receipt_ocr
Iten,not_food,receipt_ocr
Organic Tropical Mango Juice,food,instacart_web
Organic SprouTofu Savory Baked Tofu,food,instacart_web
Salted Caramel Yoghurt,food,instacart_web
European Style Unsalted Butter,food,instacart_web
alami,food,receipt_ocr
No Cebolla Roja,food,receipt_ocr
PackagedGr,food,synthetic_ocr_aug
Stacy'sMultigrainPitaChips,food,synthetic_ocr_aug
Diced Tomatoes,food,instacart_web
9.500X,not_food,receipt_ocr
ch1cken15*,food,receipt_ocr
Organic Penne Rigate,food,instacart_web
DonJulio Anejo,food,receipt_ocr
Butter Biscuits,food,instacart_web
Ranchero Queso Fresco Cheese,food,instacart_web
Dark Chocolate Ice Cream,food,instacart_web
Sashimt499u,food,receipt_ocr
Fresh Fruit Salad,food,instacart_web
Herbal Caffeine Free Sleepytime Tea,food,instacart_web
Ginger Beer,food,instacart_web
chocoltcs5alt,food,synthetic_ocr_aug
BAbyFoOD,food,synthetic_ocr_aug
Guava Goddess Organic Kambucha,food,instacart_web
Honey Nut Chex Cereal,food,instacart_web
Organic Creamed Coconut,food,instacart_web
Organic Nonfat Greek Yogurt With Peaches,food,instacart_web
9OMG1O,not_food,receipt_ocr
1-00X6-00,not_food,receipt_ocr
ITEM NAME,not_food,receipt_ocr
Enoki Mushrooms,food,instacart_web
Sashim499u,food,receipt_ocr
Dark Chocolate Squares With 88% Cocoa,food,instacart_web
Soysa,food,synthetic_ocr_aug
JH,not_food,receipt_ocr
Brown&WildReadyWholeGanMedley,food,synthetic_ocr_aug
1693211KRYLONQTCHALKYFINSHMH,not_food,receipt_ocr
ham,food,basket_categories_web
Bag of Large Lemons,food,instacart_web
Goat Milk,food,instacart_web
Turkey Ranchero W/Beans Chili,food,instacart_web
100% Pure Pumpkin,food,instacart_web
Organic Z Fruit Grape Rope,food,instacart_web
Soft Serve Cone,food,receipt_ocr
Dairy Pure Whole Milk,food,instacart_web
Cheese Heads Sharp Cheddar & Beef Sticks,food,instacart_web
$1.75,not_food,receipt_ocr
Antioxidant Infusions Ipanema Pomegranate Beverage,food,instacart_web
CHA,food,receipt_ocr
The Original Thick Slice with Real Garlic Texas Toast,food,instacart_web
Capretta Greek Original Goat Yogurt,food,instacart_web
RestaurantStyleGarlic&ButterC,food,synthetic_ocr_aug
SpicyNachoTortill,food,synthetic_ocr_aug
988888,not_food,receipt_ocr
Organic Concord Grape Juice,food,instacart_web
DTETKANTONG PLASTIK,not_food,receipt_ocr
ShiitaakeMushrooms,food,synthetic_ocr_aug
3922,not_food,receipt_ocr
l Fajita Vegetable,food,receipt_ocr
"Pretzel \""Shells\""""""",food,instacart_web
$4.,not_food,receipt_ocr
29..90,not_food,receipt_ocr
$20:00,not_food,receipt_ocr
EGG,food,receipt_ocr
Spaghetti With Meat Sauce,food,instacart_web
POTATOESRUSSET,food,receipt_ocr
Strawberry Fruit Strips,food,instacart_web
Koba Beef sltder,food,receipt_ocr
SMOOTHIEB,food,receipt_ocr
NDL+SU+Cr,food,receipt_ocr
Blue Cheese Dressing & Dip,food,instacart_web
NoCaorieSweetener,food,synthetic_ocr_aug
Descript,not_food,receipt_ocr
Premium  Vanilla Mochi Ice Cream,food,instacart_web
Burger,food,receipt_ocr
Lite Firm Tofu,food,instacart_web
InTomatoSauceSpaghe,food,synthetic_ocr_aug
MALLOMS,not_food,receipt_ocr
37% Less Sodium Soy Sauce,food,instacart_web
Yobaby Organic Plain Yogurt,food,instacart_web
Vinter's Collection Chardonnay,food,instacart_web
NYDOO,not_food,receipt_ocr
Gty,not_food,receipt_ocr
Ginger Chia Kombucha,food,instacart_web
Natural Low Moisture Part Skim Mozzarella Cheese Slices,food,instacart_web
Alkaline Water,food,instacart_web
CHA CHA,food,receipt_ocr
Revel Berry Yerba Mate,food,instacart_web
Dill & Garlic Sauerkraut Salad,food,instacart_web
LrgeAlfresoEgg,food,synthetic_ocr_aug
Bunny-Luv Fresh Organic Carrots,food,instacart_web
150:00,not_food,receipt_ocr
Natural Vanilla Ice Cream,food,instacart_web
Pub Mix,food,instacart_web
Barbeque Potato,food,instacart_web
2900,not_food,receipt_ocr
Oreo Cookies,food,synthetic_food_list
JTTONGHEEROAST,food,receipt_ocr
7.40,not_food,receipt_ocr
chang(2es3.50),food,receipt_ocr
Organic Applesauce,food,instacart_web
S34,not_food,receipt_ocr
Coconut  Chocolate Bar,food,instacart_web
SalmonCrispyAbury,food,receipt_ocr
Green Machine,food,instacart_web
HALE,not_food,receipt_ocr
TCED TEA,food,receipt_ocr
Yoghurt Blueberry,food,instacart_web
FrcsbFigs,food,synthetic_ocr_aug
FlourTortilla,food,receipt_ocr
Light Cream Cheese,food,instacart_web
Subsourdough,food,receipt_ocr
AIRAI,not_food,receipt_ocr
7AmericanCoffee,food,receipt_ocr
Rosemary Breadsticks,food,instacart_web
nsns,not_food,receipt_ocr
Soft Pretzel Burger Buns,food,instacart_web
Super Sweet Corn,food,instacart_web
$145,not_food,receipt_ocr
Nantucket Blend Trail Mix,food,instacart_web
CulinaryCocoutMik,food,synthetic_ocr_aug
5.66,not_food,receipt_ocr
HotGre,not_food,receipt_ocr
MOLEDIP,food,receipt_ocr
"Santa Barbara Fresh European Style Salad Blend Escarole, Endive, Radicchio",food,instacart_web
Strawberry Banana,food,instacart_web
100SR,not_food,receipt_ocr
Cheese Puffs Original,food,instacart_web
MacheBle*nd,food,synthetic_ocr_aug
E-O6*Z,not_food,receipt_ocr
Gluten-Free Wheat-Free Bread Crumbs,food,instacart_web
RIEKENPAPELES4S,not_food,receipt_ocr
2The Drifter,food,receipt_ocr
Greek Dookies 3pcs,food,receipt_ocr
Grape Soda,food,instacart_web
Maple 100% Pure Syrup,food,instacart_web
KCORNBRE,food,receipt_ocr
B.CODE&DESC-,not_food,receipt_ocr
Amber Ale,food,instacart_web
glazdBttrmI1KdOUGHNvTs,food,synthetic_ocr_aug
1X,not_food,receipt_ocr
Blood Oranges,food,instacart_web
1 BLACK PEPPERBACON,food,receipt_ocr
PasteurizedAppleCiderr,food,synthetic_ocr_aug
AlmmondMilkRicotta,food,synthetic_ocr_aug
50080,not_food,receipt_ocr
16.98CDISCOUNTEACH,not_food,receipt_ocr
Aouacate,food,receipt_ocr
OrganicRowCoconutAmiros,food,synthetic_ocr_aug
Ground Black Silk Dark Coffee,food,instacart_web
"Deli Fresh Honey Ham, 97% Fat Free, Gluten Free",food,instacart_web
MASSIMO FINE,food,receipt_ocr
strips 4ct,not_food,receipt_ocr
Caffe Espresso Ground Coffee,food,instacart_web
CARROTS/M 5OOGM CH,food,receipt_ocr
Fresh Spinach,food,instacart_web
Natural Finely Shredded Triple Cheddar Cheese,food,instacart_web
STEELCUTIRISHOATMEAL,food,synthetic_ocr_aug
S4:0D,not_food,receipt_ocr
Light String Cheese,food,instacart_web
chlckBiriyanl,food,receipt_ocr
01.50,not_food,receipt_ocr
White Corn Tortilla Chips,food,instacart_web
Peas & Carrots,food,instacart_web
089456,not_food,receipt_ocr
P-VILLAGIO BREEZE,food,receipt_ocr
FRIED EGG(S),food,receipt_ocr
Classic Mix Cookies & Crackers,food,instacart_web
Lorem Ipsum,not_food,receipt_ocr
Firm Tofu,food,instacart_web
Organic White Bread Done Right,food,instacart_web
S3:00,not_food,receipt_ocr
Z0.O0 SR,not_food,receipt_ocr
Cinnabon Cinnamon Rolls With Icing,food,instacart_web
Sub.sourd,food,receipt_ocr
Classic Caramel Sauce,food,instacart_web
Baby Bok Choy,food,instacart_web
ShortGrainBrwnRice,food,synthetic_ocr_aug
13600,not_food,receipt_ocr
Organic Grade A Raw Whole Milk,food,instacart_web
Caramel Flavored Topping,food,instacart_web
Pineapple Slices,food,instacart_web
Unsweetened Whole Milk Strawberry Yogurt,food,instacart_web
Unsweetened Iced Coffee,food,instacart_web
Icelardic5tyleSkyrNon-FatStrainedPlainYogurt,food,synthetic_ocr_aug
chEesEdelIcatoTOrTELlONI,food,synthetic_ocr_aug
5-20000,not_food,receipt_ocr
OrganicSimplyNakeclPitaCbips,food,synthetic_ocr_aug
YC ONIGIRI SPCY TUNA,food,receipt_ocr
CRNETTO COFF.ORML 80,food,receipt_ocr
Cocktail Peanuts,food,instacart_web
Uncured Italian Dry Salami,food,instacart_web
KelloggsSpecialKProteinCinnamonBrown,food,synthetic_ocr_aug
38,not_food,receipt_ocr
Prts,not_food,receipt_ocr
Boar’s Head Horseradish,food,branded_items_web
Trop50 No Pulp Orange Juice,food,instacart_web
"Extra Dry Ginger Ale, Lightly Sweetened",food,instacart_web
Red Velvet Cake Mix,food,instacart_web
Organic Sour Rye Bread,food,instacart_web
lco.steak,food,receipt_ocr
Organic Zucchini Spirals,food,instacart_web
SproutedRy,food,synthetic_ocr_aug
Sculpin IPA,food,instacart_web
TvrkeyFrarks,food,synthetic_ocr_aug
Bourbon Kentucky Frontier Whiskey,food,instacart_web
Diet Cherry Coke,food,instacart_web
Yellow Nectarines,food,instacart_web
"Tomatoes, Crushed, Organic",food,instacart_web
Baby Arugula,food,instacart_web
Maca Berry Probiotic Super Tea,food,instacart_web
16.00,not_food,receipt_ocr
GREEN TEA,food,receipt_ocr
Garden Spinach Herb 6 Ct Wraps,food,instacart_web
Classic Peanut Butter,food,instacart_web
Gluten Free Chocolate Chip Cookies,food,instacart_web
TAYLORSVIFT,not_food,receipt_ocr
R03,not_food,receipt_ocr
KidsGrilled Cheese,food,receipt_ocr
Rendamo,food,receipt_ocr
HOUSE YEDKILA12:00,food,receipt_ocr
Organic Black Mission Figs,food,instacart_web
Luau BBQ Potato Chips,food,instacart_web
Organic Yellow Zucchini,food,instacart_web
7.95,not_food,receipt_ocr
149.,not_food,receipt_ocr
9-01,not_food,receipt_ocr
Synergy Organic & Raw Green Chia Kombucha,food,instacart_web
CondnsdCramofChckenSoup,food,synthetic_ocr_aug
FM4200U0000,not_food,receipt_ocr
Cage Free Large White Eggs,food,instacart_web
Spicy Avocado Hummus,food,instacart_web
ROLLUP BUNTING,not_food,receipt_ocr
LonghornMac&Cheese[sm],food,receipt_ocr
Ezekiel4:9OriginalSproutedGrai,food,synthetic_ocr_aug
30-74SR,not_food,receipt_ocr
Millennium Organic Cherry Chia Synergy Kombucha,food,instacart_web
Uncooked Medium Flour Tortillas,food,instacart_web
Jalapeno Cilantro Salsa,food,instacart_web
u.orice,food,receipt_ocr
MO,not_food,receipt_ocr
Grapeseed Oil,food,instacart_web
"Bread,Sliced,ExtraSoudough",food,synthetic_ocr_aug
bKdwHole6rIrwhATOrIgnAlcRaCkERSTHnCRSPS,food,synthetic_ocr_aug
DESIGN BANNER,not_food,receipt_ocr
Cored Pineapple,food,instacart_web
Arla Standard Milk,food,produce_classes_web
OanicJustPeaches,food,synthetic_ocr_aug
FRIEDEGGS),food,receipt_ocr
Pineapple Coconut Sorbet Pops,food,instacart_web
White English Muffins,food,instacart_web
GarlicBread,food,synthetic_ocr_aug
211011 Portugues,not_food,receipt_ocr
Dried Mango,food,instacart_web
Pineapple on the Bottom Greek Yogurt,food,instacart_web
Old Fashioned Caramel Dip,food,instacart_web
1 Apple + 1 Mango Fruit Bar,food,instacart_web
Ice Lemon Tea(L),food,receipt_ocr
Organic Raw Pomegranate Kombucha,food,instacart_web
1:00,not_food,receipt_ocr
Organic White Chia Seed,food,instacart_web
fetCoke,food,receipt_ocr
Blue Moon ap,food,receipt_ocr
Organic Brussels Sprouts,food,instacart_web
7OZSAUUSAGEGRAVYBOWL,food,synthetic_ocr_aug
SweetsMedleySeaSaltSweetPotatoC#hips,food,synthetic_ocr_aug
PepperoniBagelBites,food,synthetic_ocr_aug
ThinMintCrispOreos,food,synthetic_ocr_aug
Rp100.000,not_food,receipt_ocr
tonorEggDropor,food,receipt_ocr
Natural Uncured Turkey Hot Dog,food,instacart_web
rolls/buns,food,basket_categories_web
Pork Quesadilla,food,receipt_ocr
Nesquik No Sugar Added Chocolate Milk Mix,food,instacart_web
124.00,not_food,receipt_ocr
Original Cooking Chicken Stock,food,instacart_web
Almond Smokehouse Nut & Rice Cracker Snacks,food,instacart_web
Stufato Al Latte Di Ravenna,food,receipt_ocr
HAND,not_food,receipt_ocr
Surf &Turf,food,receipt_ocr
Taco D Carnitas,food,receipt_ocr
coffeecHb,food,receipt_ocr
Chipotle In Adobo Sauce Peppers,food,instacart_web
Puerto Rican Rum,food,instacart_web
"Miso,Organic,Mel.low,Red",food,synthetic_ocr_aug
Cauliflower Green,food,instacart_web
CB,not_food,receipt_ocr
Flame Broiled Chicken,food,receipt_ocr
BOPP,not_food,receipt_ocr
Mayonnise,food,synthetic_ocr_aug
Enriched Extra Long Grain Rice,food,instacart_web
2毫898,not_food,receipt_ocr
3:02,not_food,receipt_ocr
LemonSparklingMineralWaterr,food,synthetic_ocr_aug
CHOCOLATESILKPIE,food,synthetic_ocr_aug
1296.00,not_food,receipt_ocr
Easy Mac Original Flavor Macaroni & Cheese Dinner,food,instacart_web
2VERRE MUSCADET,food,receipt_ocr
0:000,not_food,receipt_ocr
1Pitscup,food,receipt_ocr
Rice Jasmine,food,synthetic_food_list
Wild Berry Smoothie,food,instacart_web
BOOK 8O PAGES SINGLE LIN,not_food,receipt_ocr
Classic Variety Pack Donuts,food,instacart_web
0-20,not_food,receipt_ocr
Chicken Parmesan,food,receipt_ocr
Organic Orange Juice,food,instacart_web
MDiUMRosTRIginLBLrCLgroNDcoFfe,food,synthetic_ocr_aug
708,not_food,receipt_ocr
1PEPSI20-0Z,food,receipt_ocr
Baked Chicken Breast,food,instacart_web
MSMCGREEN,not_food,receipt_ocr
1UNIT,not_food,receipt_ocr
Brown Sugar,food,synthetic_food_list
59.80 Eur,not_food,receipt_ocr
Sparkling Energy Water Lemon Lime,food,instacart_web
Steamed White Rice,food,instacart_web
TANDOORTROTT,food,receipt_ocr
Macaroni & Cheese Dinner Nickelodeon Sponge Bob Square Pants Shapes,food,instacart_web
L.emonCurd,food,synthetic_ocr_aug
5000,not_food,receipt_ocr
Crystallized Ginger In Dark Chocolate  Bar,food,instacart_web
084135,not_food,receipt_ocr
French Onion Dip,food,instacart_web
ChoppdHam,food,synthetic_ocr_aug
OrgncCutSpinch,food,synthetic_ocr_aug
Chicken Enchiladas,food,instacart_web
"Cheese, Sharp Cheddar",food,instacart_web
1 #3 3WINGMEAL,food,receipt_ocr
Special k Protein Cereal,food,instacart_web
"Lentil Chips, Spicy Sriracha",food,instacart_web
PPNARRSXENNAEZS,not_food,receipt_ocr
"Cage Free Brown Eggs-Large, Grade A",food,instacart_web
29.90,not_food,receipt_ocr
"Quinoa, Organic, Whole Grain",food,instacart_web
PeachyPistachioGr,food,synthetic_ocr_aug
Pop-Tarts Frosted Brown Sugar Cinnamon Pastries,food,instacart_web
Chicken wings,food,receipt_ocr
2DONDON GOZEN(PMB),food,receipt_ocr
GlutenFreeTapioocaFlour,food,synthetic_ocr_aug
S2.99,not_food,receipt_ocr
AT,not_food,receipt_ocr
Pastry Kitchens Classic Puff Pastry,food,instacart_web
Ginger Mule,food,receipt_ocr
Meal Replacement Shake,food,synthetic_food_list
Hamburgers,food,receipt_ocr
beverages,food,basket_categories_web
$13.50,not_food,receipt_ocr
Organic Lowfat Plain Yogurt,food,instacart_web
Lrg Mash Dnly,food,receipt_ocr
Mo' Beta Fruit Smoothie Blend,food,instacart_web
10255/ea,not_food,receipt_ocr
7892102639,not_food,receipt_ocr
1-602,not_food,receipt_ocr
brandy,food,basket_categories_web
Iced Passion Herbal Tea,food,instacart_web
CHOW MEIN-1,food,receipt_ocr
ax,not_food,receipt_ocr
Organic Blueberry Lowfat Yogurt,food,instacart_web
Unsweetened100%CacaoBakingChocolate,food,synthetic_ocr_aug
SVR,not_food,receipt_ocr
Organic Sensible Sipper Apple Juice,food,instacart_web
Premium Deli Oven Roasted Turkey Breast,food,instacart_web
28.58,not_food,receipt_ocr
VegetarianChi1iSeosoning,food,synthetic_ocr_aug
LargeGrad,food,synthetic_ocr_aug
Organic Energy Chews Fruit Smoothie,food,instacart_web
+$000,not_food,receipt_ocr
FILTERCARTRIDGE,not_food,receipt_ocr
Grilled Chicken Pesto with Vegetables Cafe Steamers,food,instacart_web
HOTTEHJANA,food,receipt_ocr
Sliced Havarti Cheese,food,instacart_web
$3:00,not_food,receipt_ocr
10,not_food,receipt_ocr
1049,not_food,receipt_ocr
Grands! Southern Homestyle Buttermilk Biscuits,food,instacart_web
ARC,not_food,receipt_ocr
18.008:00,not_food,receipt_ocr
BluebeerryYogurt,food,synthetic_ocr_aug
Pomegranate Seeds,food,instacart_web
Sriracha Tortilla Chips,food,instacart_web
Almond Breeze Almond Coconut Milk,food,instacart_web
Black Beans Canned,food,synthetic_food_list
1#5 5.WINGCOMBO,food,receipt_ocr
Original Rice Thins,food,instacart_web
Family Size Shells & White Cheddar Macaroni & Cheese,food,instacart_web
Pechuga de Pollo,food,receipt_ocr
-0.47,not_food,receipt_ocr
OSMOZONE,not_food,receipt_ocr
Herbes De Provence,food,instacart_web
Organicpomegranate,food,synthetic_ocr_aug
Organic Garlic Hummus,food,instacart_web
THEORANGEPEKOE,food,receipt_ocr
GArdeNMiNesTR,food,synthetic_ocr_aug
<B),not_food,receipt_ocr
XXXXXXXXX,not_food,receipt_ocr
atamM,not_food,receipt_ocr
PeperedDelilices,food,synthetic_ocr_aug
Southwest Salad Kit,food,instacart_web
Lower Sugar Instant Oatmeal  Variety,food,instacart_web
fruit/vegetable juice,food,basket_categories_web
BIG,not_food,receipt_ocr
Teal,food,receipt_ocr
CPIE SLICE,food,receipt_ocr
916.00,not_food,receipt_ocr
FopcomChicken,food,receipt_ocr
Cinnamon Raisin Sandwich Bread,food,instacart_web
0000S,not_food,receipt_ocr
Oats and Honey Protein Crunchy Granola,food,instacart_web
3.PC,not_food,receipt_ocr
Tonic Water Contains Quinine,food,instacart_web
"Organic Corn Thins, Original",food,instacart_web
bupso.oo,not_food,receipt_ocr
Italian Dressing,food,instacart_web
Hummus Classic,food,synthetic_food_list
Waff1leFriesFrenchFriedPotatoes,food,synthetic_ocr_aug
Bunny Pasta with Yummy Cheese Macaroni & Cheese,food,instacart_web
CaiforniaGrownChoppedGrlic,food,synthetic_ocr_aug
Garden Salad(S),food,receipt_ocr
BDAY CLUB S5,not_food,receipt_ocr
30602,not_food,receipt_ocr
Shrimp Entree,food,receipt_ocr
ERE,not_food,receipt_ocr
Original Long Grain & Wild Rice Mix,food,instacart_web
Ding Dongs,food,instacart_web
Organic Finely Shredded Cheddar Cheese,food,instacart_web
LactoseFreeOrganicWholeMilkPlainYogurt,food,synthetic_ocr_aug
NoKetchup,food,receipt_ocr
Belgian Mini Cream Puffs,food,instacart_web
GUAVASEEDLESSI,food,receipt_ocr
Ribeye Steak,food,synthetic_food_list
specialty fat,food,basket_categories_web
SD,not_food,receipt_ocr
ORGoRIC2%redcdftMIlk,food,synthetic_ocr_aug
HLLAS,not_food,receipt_ocr
3:13,not_food,receipt_ocr
Sourdough Baguette,food,instacart_web
GlutenFreeChocolateCCakeMix,food,synthetic_ocr_aug
ClasicHummuswithRoldGolPetzelsSnack,food,synthetic_ocr_aug
Hash Brown Potato Patties,food,instacart_web
Sugar Free Low Calorie Gelatin Dessert Strawberry,food,instacart_web
Kraft Macaroni and Cheese,food,branded_items_web
NOGoatCheesa,not_food,receipt_ocr
3662675RBORBSPRINGCOORSTOP5,not_food,receipt_ocr
custard,food,receipt_ocr
GrOunDcumin,food,synthetic_ocr_aug
ItalianS#tyleRoastedPeppers,food,synthetic_ocr_aug
Organic Frosted Blueberry Toaster Pastries,food,instacart_web
California Merlot,food,instacart_web
Mixed Fruit Snacks,food,instacart_web
KIND,food,receipt_ocr
HawaiianDinnerRollls,food,synthetic_ocr_aug
660.65:,not_food,receipt_ocr
GrandParisianCompleteSa,food,synthetic_ocr_aug
Sticky Sweet Legendary Bar-B-Q Sauce,food,instacart_web
Amrica'sFavoritTea,food,synthetic_ocr_aug
riginalMvieTheaterPopcon,food,synthetic_ocr_aug
Piatto,food,receipt_ocr
Porkw.SpicyCapsicum,food,receipt_ocr
Green Chile Enchilada Sauce,food,instacart_web
Tropical Citrus Super Drink,food,instacart_web
Chocolate Coconut Nutrition Bar,food,instacart_web
-12000,not_food,receipt_ocr
MCNX,not_food,receipt_ocr
Jack's Special Mild Salsa,food,instacart_web
Heart to Heart Organic Oat Flakes & Blueberry Clusters Cereal,food,instacart_web
pEcbCItrs5D,food,synthetic_ocr_aug
SMALL,not_food,receipt_ocr
Danimals Strawberry Explosion Flavored Smoothie,food,instacart_web
JerseyTomatoSoucc,food,synthetic_ocr_aug
Grapefruit Sparkling Energy Water,food,instacart_web
Clover Org Greek Plain,food,instacart_web
plainpapas,food,receipt_ocr
Stand'nStuffTacoShells,food,synthetic_ocr_aug
nut snack,food,basket_categories_web
Amourt,not_food,receipt_ocr
LightOriginalRanchSSaladDressing,food,synthetic_ocr_aug
Nan-O-Sabzi,food,receipt_ocr
Dsso Buco,food,receipt_ocr
Shirataki Zero Calorie Noodle Substitute,food,instacart_web
17-41,not_food,receipt_ocr
15:00,not_food,receipt_ocr
Creamy Swiss Garlic & Herb Spreadable Cheese Wedges,food,instacart_web
Sed Do,not_food,receipt_ocr
Ca1zone,food,receipt_ocr
Original BBQ Sauce,food,instacart_web
99%FatFreeChickenBroth,food,synthetic_ocr_aug
seatoodPr,food,receipt_ocr
231,not_food,receipt_ocr
Nutmeg Ground,food,synthetic_food_list
P.U,not_food,receipt_ocr
PlusShot Blueberry Acai Probiotic Juice Drink,food,instacart_web
Gluten Free Soft Taco,food,instacart_web
Berry Energy Shot,food,instacart_web
1.60,not_food,receipt_ocr
18.900,not_food,receipt_ocr
Sonoma Organic Wraps Multigrain Tortillas With Flax,food,instacart_web
Pure Cane Sugar,food,instacart_web
A SOBE MDJITO'S,food,receipt_ocr
Chocolate Milk,food,instacart_web
1sashimiAppetizer,food,receipt_ocr
AvocadoToast,food,receipt_ocr
468.00,not_food,receipt_ocr
WholeGrairsHealthNutBrcad,food,synthetic_ocr_aug
Whole Strawberries,food,instacart_web
041:95,not_food,receipt_ocr
BeefBurer,food,receipt_ocr
Organic Whole Milk Plain Kefir,food,instacart_web
BakedPotat,food,receipt_ocr
ItemNo.:,not_food,receipt_ocr
Organic Einkorn Checkerboard Cookies,food,instacart_web
Vanilla Milk Chocolate Almonds All Natural Ice Cream Bars,food,instacart_web
$191,not_food,receipt_ocr
Frozen Strawberries,food,synthetic_food_list
Sharp Cheddar Deli Sliced Cheese,food,instacart_web
Confectioners Powdered Sugar,food,instacart_web
29.000,not_food,receipt_ocr
Spirals with Butter & Parmesan Mac & Cheese Macaroni & Cheese Natural,food,instacart_web
kiSoba,food,receipt_ocr
Lightly Toasted Creamy Almond Butter,food,instacart_web
Chewy S'mores Granola Bars,food,instacart_web
Onion Bagels,food,instacart_web
ADDSETMENU,food,receipt_ocr
instant food products,food,basket_categories_web
Boston Lager,food,instacart_web
Multi-Grain Soft Taco,food,instacart_web
Gluten Free Honey Mustard Pretzels,food,instacart_web
$17.95,not_food,receipt_ocr
BurgernChsBleu,food,receipt_ocr
Millenium2#,not_food,receipt_ocr
Sesame Chicken Flavor Asian Soup,food,instacart_web
50% Reduced Fat Sharp Cheddar Cheese,food,instacart_web
Rice Pasta & Cheddar Gluten Free Macaroni & Cheese,food,instacart_web
RM39.BO,not_food,receipt_ocr
Grass-Fed Whey Nutrition Bar,food,instacart_web
09'6S,not_food,receipt_ocr
Rice Dream Frozen Vanilla Dessert Bites,food,instacart_web
Organic Dark Chocolate Peanut Butter Cups,food,instacart_web
$21.90,not_food,receipt_ocr
Triple Berry Blend,food,instacart_web
SwaetPalatoFris,food,receipt_ocr
10N600,not_food,receipt_ocr
Organic Traditional Flour Tortillas,food,instacart_web
S-8,not_food,receipt_ocr
Mirin Rice Cooking Wine,food,instacart_web
27932,not_food,receipt_ocr
1.*OpenLiquor,food,receipt_ocr
CoconutAlmonclUnswectenedCreamerBlend,food,synthetic_ocr_aug
Chia Squeeze Vitality Snack Blackberry Bliss,food,instacart_web
580.6,not_food,receipt_ocr
Organic Fresh Pressed Pure Lemon Juice,food,instacart_web
Organic Promise Strawberry Fields Cereal,food,instacart_web
TacoDCochinita,food,receipt_ocr
100026,not_food,receipt_ocr
44.005,not_food,receipt_ocr
3:48,not_food,receipt_ocr
CinnamnSugar,food,synthetic_ocr_aug
Stat-Great Saving,not_food,receipt_ocr
10.90SR,not_food,receipt_ocr
PSM GULA PREMIUM,food,receipt_ocr
6.36 SR,not_food,receipt_ocr
Naturallemonflavorsparklingmi,food,synthetic_ocr_aug
BeefBriske,food,synthetic_ocr_aug
SCMX,not_food,receipt_ocr
Pure Sparkling Water,food,instacart_web
Olive Oil Rosemary Kettle Chips,food,instacart_web
1Peps1,food,receipt_ocr
All Natural French Toast Sticks,food,instacart_web
Baby Carrots,food,instacart_web
Pure&NaturalLightSo/urCream,food,synthetic_ocr_aug
Zucchini,food,produce_classes_web
Gueso Fresco Guacamole,food,receipt_ocr
20/250,not_food,receipt_ocr
Drumstick Vanilla Ice Cream Cone,food,instacart_web
LOVESIOKGIRLS,not_food,receipt_ocr
8luebcrryyogrt,food,synthetic_ocr_aug
Berry Medley,food,instacart_web
Organic California White Basmati Rice,food,instacart_web
Granola Bar Peanut Butter,food,instacart_web
Old No 7 Tennessee Whiskey,food,instacart_web
Hamachi Teriyakt,food,receipt_ocr
10215/ea,not_food,receipt_ocr
Organic Sweet Onion,food,instacart_web
Red Grapes,food,synthetic_food_list
"Yogurt, Organic, Lowfat, Strawberry",food,instacart_web
9850,not_food,receipt_ocr
ANGMDREBEE,not_food,receipt_ocr
yakuTt5x65m,food,receipt_ocr
LunchShrimp&Andoui1le,food,receipt_ocr
B02,not_food,receipt_ocr
Almonds,food,instacart_web
QTYEUOM,not_food,receipt_ocr
Organic Greek Plain Nonfat Yogurt,food,instacart_web
ChickenBreasTedersBreaded,food,synthetic_ocr_aug
18:88,not_food,receipt_ocr
Lowfat Small Curd Cottage Cheese,food,instacart_web
C42,not_food,receipt_ocr
OrgonicCreamyPeanutButterHintofSeaSa1t,food,synthetic_ocr_aug
YouSaved,not_food,receipt_ocr
Organic Mango Slices,food,instacart_web
VegnChoclatChipMniMuffns,food,synthetic_ocr_aug
Organic Baby Lettuces,food,instacart_web
SrirachaTortilla,food,synthetic_ocr_aug
TrJicBannberryCrush100%JuiceSmoth,food,synthetic_ocr_aug
Mocha Frappuccino,food,instacart_web
ParticuTars,not_food,receipt_ocr
Honey Vanilla Greek Yogurt,food,instacart_web
1 16.Spicy Salmon Roll,food,receipt_ocr
TropicalKombuchha,food,synthetic_ocr_aug
Ground Turkey,food,instacart_web
ToasterPopsSt1rawberry,food,synthetic_ocr_aug
Organic Bulgarian Yogurt,food,instacart_web
Pink Lady Apple Kombucha,food,instacart_web
Chilpotle Peppers in Adobo Sauce,food,instacart_web
RIS,not_food,receipt_ocr
Blackcurran,food,synthetic_ocr_aug
1BTTURNBULLNAPA,not_food,receipt_ocr
0:60,not_food,receipt_ocr
Rustic Alpine,food,instacart_web
Chicken Enchiladas Poblano,food,instacart_web
Artichoke Spinach Dip,food,instacart_web
Organic Australian Style Vanilla Lowfat Yogurt,food,instacart_web
Organic Soft Wheat Bread,food,instacart_web
Subsokutdour,food,receipt_ocr
Soft Ripened Cheese Log Brie,food,instacart_web
ReducedFatOrig1inalBakedSnackCrackers,food,synthetic_ocr_aug
2.09,not_food,receipt_ocr
2.64Z,not_food,receipt_ocr
Organic Refined Coconut Oil,food,instacart_web
G1obcEggplant,food,synthetic_ocr_aug
Organic Extra Virgin Olive Oil,food,instacart_web
Organic Oregano,food,instacart_web
Pizza Sauce,food,instacart_web
New Orleans Iced Coffee,food,instacart_web
Organic Beans & Rice Cheddar Cheese Burrito,food,instacart_web
DARKCHOCOLATECHERRYCASHEWPLUSANTIOX,food,synthetic_ocr_aug
NYDo0,not_food,receipt_ocr
1.6.0ysters,food,receipt_ocr
Microwavable Single Serving Mac & Cheese,food,instacart_web
Lemons,food,instacart_web
Light & Fit Strawberry Greek Yogurt,food,instacart_web
3ABURRITO SUPREME,food,receipt_ocr
Organic Blue Agave,food,instacart_web
$4.99,not_food,receipt_ocr
Tofu Miso Ramen,food,instacart_web
#34-BURRITOSUPREME,food,receipt_ocr
Cheese Shredded Mozzarella Low Moisture Part Skim,food,instacart_web
No bun,food,receipt_ocr
Hummus Tahini,food,instacart_web
Marketplace Ricotta Cheese and Spinach Ravioli,food,instacart_web
ChocTruf cake,food,receipt_ocr
WHITECABLETIE,not_food,receipt_ocr
Taco Seasoning Mix,food,instacart_web
Mediterranean Style Kefir Cheese Labne,food,instacart_web
63.,not_food,receipt_ocr
pork,food,basket_categories_web
"CrspyWhet,Crackers",food,synthetic_ocr_aug
Chicken Tikka Masala Samosas with Cilantro Chutney,food,instacart_web
Sesame Oil Blend,food,instacart_web
Blue Moonap,food,receipt_ocr
No Salt Added Gluten-Free Blue Chips Made with Organic Blue Corn,food,instacart_web
Article,not_food,receipt_ocr
Ranch Dressing,food,instacart_web
Carrot Chips,food,instacart_web
Organic Pomegranate Kernels,food,instacart_web
Original Bar BBQ Sauce,food,instacart_web
Original Coffee Creamer,food,instacart_web
Lemonade Fruit Bars,food,instacart_web
Crunchy Chocolate Chip Chia Granola & Seed Bars,food,instacart_web
020066221348SPRAYPNT,not_food,receipt_ocr
Organic Mushroom & Olive Pizza,food,instacart_web
SerambiiCBuds SR-1o2,not_food,receipt_ocr
Red Cooking Wine,food,instacart_web
1X22.90,not_food,receipt_ocr
Breakfast Sausage,food,instacart_web
"Pancake & Waffle Mix, Almond Flour",food,instacart_web
Dry Roasted Pumpkin Seeds,food,instacart_web
$900,not_food,receipt_ocr
organic sausage,food,basket_categories_web
lItEChEeSEpReSlI,food,synthetic_ocr_aug
GldfshBakedSnackCrckersVartyPack,food,synthetic_ocr_aug
Organic Baby Spring Mix,food,instacart_web
TraditioalottishStyleSmokedSalmon,food,synthetic_ocr_aug
Beg Roll,food,receipt_ocr
hugadePo,not_food,receipt_ocr
on25g,not_food,receipt_ocr
Turkey Cranberry Sausage,food,instacart_web
Freshly Shaved Parmesan Cheese,food,instacart_web
1816,not_food,receipt_ocr
Teriyaki Roasted Seaweed Snacks,food,instacart_web
originalpotat,food,synthetic_ocr_aug
（CODEI5),not_food,receipt_ocr
26,not_food,receipt_ocr
LJM,not_food,receipt_ocr
Organic California Sushi Rice,food,instacart_web
27:00,not_food,receipt_ocr
Meal Starters Grillers Recipe Crumbles,food,instacart_web
Honey + Ginger Beets,food,instacart_web
WholeGrainsDoubleFiberBread,food,synthetic_ocr_aug
PaneerCurry,food,receipt_ocr
1cHicharon,food,receipt_ocr
Arracherar,not_food,receipt_ocr
Lower5ugarInstartOatmealVariety,food,synthetic_ocr_aug
Basil Leaves,food,instacart_web
TABLET,not_food,receipt_ocr
$18.90,not_food,receipt_ocr
ver:lameka3,not_food,receipt_ocr
opoomchicke,food,receipt_ocr
Pure Life Water,food,instacart_web
GlobeEggpla,food,synthetic_ocr_aug
Moroccan Mint Green Tea,food,instacart_web
$17.00,not_food,receipt_ocr
$4.25,not_food,receipt_ocr
Finely Shredded Mild Cheddar Cheese,food,instacart_web
Original Medium Picante Sauce,food,instacart_web
God Morgon Orange Red Grapefruit Juice,food,produce_classes_web
Organic Olive Oil Cooking Spray,food,instacart_web
Food And Drink10.20,food,receipt_ocr
SalmoncrispyAbur,food,receipt_ocr
Stroganoff Hamburger Helper,food,instacart_web
Homestyle Popcorn,food,instacart_web
MealStartersGrillrsRecipeCrumbles,food,synthetic_ocr_aug
Lemns,food,synthetic_ocr_aug
REG IcedTea,food,receipt_ocr
Ready to Bake! Chocolate Chip with Hershey's Chocolate Chips Cookies,food,instacart_web
450'S,not_food,receipt_ocr
2Quesadillasalvadorena,food,receipt_ocr
Swiss Cheese Slices,food,synthetic_food_list
MediumWe11,food,receipt_ocr
Sorbet Mango,food,synthetic_food_list
Total 2% with Strawberry Lowfat Greek Strained Yogurt,food,instacart_web
JA01-04,not_food,receipt_ocr
Caramel & Cheddar Popcorn Mix,food,instacart_web
CheesyJalapenoPoppedCornChiips,food,synthetic_ocr_aug
Rosemary Ham,food,instacart_web
Organic Turmeric Ginger Tonic,food,instacart_web
Dairy Pure Fresh Heavy Whipping Cream,food,instacart_web
SETENDERS,food,receipt_ocr
Fresh Sliced Mozzarella,food,instacart_web
165.0C,not_food,receipt_ocr
Vanilla Almond Coffee Creamer,food,instacart_web
E4436W,not_food,receipt_ocr
Shake,food,receipt_ocr
Hot AppleP,food,receipt_ocr
Organic Toasted Hemp Seeds,food,instacart_web
T PARGOFRITO,food,receipt_ocr
MeiuChunkyalsa,food,synthetic_ocr_aug
"Freshly Made. Filled with Creamy Ricotta, Aged Parmesan and Romano Cheeses Three Cheese Tortellini",food,instacart_web
"Flour, All Purpose, Enriched, Bleached",food,instacart_web
Unsweetened Organic Coconut Milk,food,instacart_web
ROASTEDTURKEY,food,synthetic_ocr_aug
Pure Green Tea,food,instacart_web
Red Cabbage,food,instacart_web
Rocky Mountain Sourdough Bread,food,instacart_web
Turnips,food,synthetic_food_list
4.406,not_food,receipt_ocr
Eggo Cinnamon Toast Waffles,food,instacart_web
Original Syrup,food,instacart_web
Sour Cream & Onion Potato Chips,food,instacart_web
Organic Garlic Powder,food,instacart_web
vory,not_food,receipt_ocr
Earl Grey Tea Decaffeinated,food,instacart_web
OrganicCrnchyPeanutButtrGranlaBar,food,synthetic_ocr_aug
4*200MM82,not_food,receipt_ocr
100% Lactose Free Reduced Fat Calcium Enriched Milk,food,instacart_web
Organic 1% Low Fat Milk,food,instacart_web
Whole Wheat Pearl Couscous,food,instacart_web
ROSEMARY CAIPIRINHA,food,receipt_ocr
Organic Whole Strawberries,food,instacart_web
Crunchy Organic Dark Roasted Peanut Butter,food,instacart_web
1No Beverage,food,receipt_ocr
Gluten Free Cornbread Mix,food,instacart_web
Orange Blossom Honey,food,instacart_web
No Cebolla,food,receipt_ocr
860,not_food,receipt_ocr
950ML,not_food,receipt_ocr
Natural Lemon Flavor Sparkling Mineral Water,food,instacart_web
35.75,not_food,receipt_ocr
Beef Tomato,food,produce_classes_web
Organic Muenster Cheese Slices,food,instacart_web
LatoseFreSourCream,food,synthetic_ocr_aug
Cage Free  100% Liquid Egg Whites,food,instacart_web
Milk Chocolate Candy Bars,food,instacart_web
Dried Basil,food,synthetic_food_list
Sweet Batard,food,instacart_web
68.000,not_food,receipt_ocr
Sleepytime Extra Herbal Tea Bags,food,instacart_web
ApplePie,food,receipt_ocr
Frozen Dairy Dessert Blasts Girl Scouts Thin Mints,food,instacart_web
Unsweetened Coconutmilk,food,instacart_web
100% Orange Juice,food,instacart_web
Beyond Beef Beefy Crumble,food,instacart_web
Bahamian Paradise,food,receipt_ocr
Gluten Free Tapioca Flour,food,instacart_web
IDM KTGPLSTK1WSDG,not_food,receipt_ocr
1Shrimp Scampi,food,receipt_ocr
Power C Machine All Natural Fruit + Boost Juice Smoothie,food,instacart_web
$2.29,not_food,receipt_ocr
198,not_food,receipt_ocr
PotedBasil,food,synthetic_ocr_aug
Organic Green Peas,food,instacart_web
130,not_food,receipt_ocr
CREMEBRULEE,food,receipt_ocr
Hazelnut Original Non-Dairy Beverage,food,instacart_web
SEDAAP MI AY BW TL73,food,receipt_ocr
NaslGareng,food,receipt_ocr
rawwholemilk,food,synthetic_ocr_aug
Strawberry Organic Kefir,food,instacart_web
BunnyPastawithYummyChecscMacaroni&Cheese,food,synthetic_ocr_aug
Italian Style Meatballs & Mozzarella Sandwiches,food,instacart_web
Protein PLUS Multigrain Elbow Macaroni Pasta,food,instacart_web
$22.00,not_food,receipt_ocr
Vanilla Wafers,food,instacart_web
TropicAndMiso,food,receipt_ocr
Mini Chocolate Chip Waffles,food,instacart_web
Strozzapreti Calabresi Pasta,food,receipt_ocr
Fruit & Nut Medley,food,instacart_web
:30,not_food,receipt_ocr
13250,not_food,receipt_ocr
Tomato Basil Cooking Sauce,food,instacart_web
Sliced Mild Cheddar Cheese,food,instacart_web
Chili Sauce,food,instacart_web
200010800259005280,not_food,receipt_ocr
Double Stuf Chocolate Sandwich Cookies Family Size,food,instacart_web
Organic Boneless Skinless Chicken Breast,food,instacart_web
"Ravioli, Spinach & Cheese",food,instacart_web
Pet-Ritz Regular Pie Crusts,food,instacart_web
Handtoss,food,receipt_ocr
Nutritional Yeast Seasoning,food,instacart_web
Old World Flatbreads Italian Herb Pizza Crust,food,instacart_web
309.75,not_food,receipt_ocr
Sae,food,synthetic_ocr_aug
PearutBvtterFilledPretzels,food,synthetic_ocr_aug
Extra Creamy Dairy Whipped Topping,food,instacart_web
OrganicRawKombuchaGin,food,synthetic_ocr_aug
DEPOSIT(CS00489793),not_food,receipt_ocr
Diced Pancetta,food,instacart_web
Rigatoni Pasta,food,instacart_web
DarkMagicExtraBoldDDarkRoastCoffeeKCups,food,synthetic_ocr_aug
Dairy Pure Half & Half,food,instacart_web
Calcium Plus Vitamin D Vegetable Oil Spread,food,instacart_web
Organic Strawberry Je Ne Sais Quoi Ice Cream,food,instacart_web
Bittersweet Chocolate,food,instacart_web
KB),not_food,receipt_ocr
Non Fat Grade A Pasteurized Cottage Cheese,food,instacart_web
Prtoe,not_food,receipt_ocr
Ezekiel4:9OriginalSprouteclGrainCrunchyCercal,food,synthetic_ocr_aug
Organic Whole Peeled Baby Carrots,food,instacart_web
Organic Powdered Sugar,food,instacart_web
Guacamole Authentic,food,instacart_web
White with 30% Cacao Content Organic Chocolate,food,instacart_web
$129.00,not_food,receipt_ocr
bottled beer,food,basket_categories_web
Organic Instant Regular Oatmeal,food,instacart_web
"Frosted Toaster Pastries, Cherry Pomegran",food,instacart_web
YELLOV,food,receipt_ocr
Tomato Basil Sauce,food,instacart_web
Wegmans Wunderbar German Deli Bologna,food,branded_items_web
Broccoli Crown,food,instacart_web
t-GreatSaving,not_food,receipt_ocr
2876,not_food,receipt_ocr
Chicken.Katsu,food,receipt_ocr
669LS,not_food,receipt_ocr
Sweer Palato Fries,food,receipt_ocr
Cold-Pressed Sweet Greens & Lemon Juice,food,instacart_web
ABURTROLL,food,receipt_ocr
egGObluEbERRYWAF,food,synthetic_ocr_aug
Baked Beans,food,instacart_web
Apple Sauce Pouches,food,instacart_web
OrganicYoKidsSqueeze!Straw-Nana-RamaaYogurt,food,synthetic_ocr_aug
OriginalKettleCo,food,synthetic_ocr_aug
DoubleConcentratedTomatoP,food,synthetic_ocr_aug
Strawberry Preserves,food,instacart_web
Coconut Milk Canned,food,synthetic_food_list
Beets,food,synthetic_food_list
SlicedTamedJalapenoPeppers,food,synthetic_ocr_aug
Powdered Goat Milk,food,instacart_web
Organic Strawberry Grassfed Whole Milk Yogurt,food,instacart_web
Organic Sour Cream,food,instacart_web
All Natural Cinnamon Raisin Bread,food,instacart_web
ngaTaArancto,food,receipt_ocr
3700,not_food,receipt_ocr
Taylor Organic Baby Herb Salad,food,instacart_web
Mushroom Ramen,food,instacart_web
Stackers Kosher Dill Pickles,food,instacart_web
Superfood Dark Chocolate and Peanut Butter Seedbar,food,instacart_web
Peaches,food,instacart_web
Organic Iced Green Tea,food,instacart_web
on.CvakoRoll,food,receipt_ocr
Nira Movashi,food,receipt_ocr
Tropical Punch,food,instacart_web
Organic Avocado,food,instacart_web
FridgeePackCola,food,synthetic_ocr_aug
PinkLa0dy,food,synthetic_ocr_aug
SlicedAmericanCheese,food,synthetic_ocr_aug
Stix Crispy Seaweed Strips Original,food,instacart_web
90..10,not_food,receipt_ocr
100%JuiceAppeJuice,food,synthetic_ocr_aug
Super Seedz Sea Salt Shelled Gourmet Pumpkin Seeds,food,instacart_web
Shredded Hash Browns,food,instacart_web
GOTCUOI,food,receipt_ocr
Organic Spring Mix,food,instacart_web
Rhubarb,food,instacart_web
Mini Bagels,food,instacart_web
"Plantain Chips, Sweet",food,instacart_web
Deli Fresh Shaved Smoked Turkey Breast,food,instacart_web
Strawberry Milk,food,instacart_web
-RX,not_food,receipt_ocr
Organic Fuji Red Apple Chips,food,instacart_web
OPP,not_food,receipt_ocr
SeaSaltBakedPota/toChips,food,synthetic_ocr_aug
"(2,000)",not_food,receipt_ocr
OrganiGunpoderGrenTea,food,synthetic_ocr_aug
Vegetable Classics Green Split Pea Soup,food,instacart_web
279,not_food,receipt_ocr
PicyDeTuxe,food,receipt_ocr
Puff Pastry Shells,food,instacart_web
55.66,not_food,receipt_ocr
HOTOHA,food,receipt_ocr
Glory's Sweet Cherry Tomatoes,food,instacart_web
13.50,not_food,receipt_ocr
Chocolate Protein Soy & Dairy Protein Shake,food,instacart_web
Family Size Bag of French Green Beans,food,instacart_web
Soft Taco Whole Wheat Tortillas,food,instacart_web
Cheese Dippers,food,instacart_web
Chunk Light In Water,food,instacart_web
Kelp Noodles,food,instacart_web
Green Curry Paste,food,instacart_web
1 L Coke,food,receipt_ocr
50.78,not_food,receipt_ocr
666L,not_food,receipt_ocr
Organic 1% Milk,food,instacart_web
HUMMUS 10OZ  WHITE BEAN EAT WELL,food,instacart_web
Lemon Yogurt,food,instacart_web
$7::00,not_food,receipt_ocr
All Natural Roasted Garlic Pasta Sauce,food,instacart_web
Scallions,food,synthetic_food_list
150.001,not_food,receipt_ocr
Teriyaki Chicken Bowl,food,instacart_web
Sparkling Blackberry Juice,food,instacart_web
TMole Enchilada,food,receipt_ocr
Purple Heirloom Potato Chips,food,instacart_web
1O3 SUNDUICKORENB4OHERHES40,not_food,receipt_ocr
Sockarooni Spaghetti Sauce,food,instacart_web
Vegan Chao Creamy Original Cheese Slices,food,instacart_web
Pure*Water,food,synthetic_ocr_aug
Organic Cinnamon Raisin English Muffins,food,instacart_web
PARUCULARS,not_food,receipt_ocr
INDOMIEGRGS.MTHB5,food,receipt_ocr
1SMOOTHIEB,food,receipt_ocr
"NaturalArtesianWater,Min#i&Mobile",food,synthetic_ocr_aug
NoKetchop,not_food,receipt_ocr
Radishes,food,synthetic_food_list
Organic Coconut Milk,food,instacart_web
HassAvocado,food,synthetic_ocr_aug
Bornchckopopsweet&Sltykettlcorn,food,synthetic_ocr_aug
Popped Dark Chocolate with Sea Salt Granola Bar,food,instacart_web
Butter Flavor Movie Theater Microwave Popcorn,food,instacart_web
Prosciutto Di Parma,food,instacart_web
Honey Wheat Braided Twists,food,instacart_web
PassionOrangeGuavaJuice,food,synthetic_ocr_aug
Natures'sDairy-FreeCreamerFrenchVanillaUnssweetened,food,synthetic_ocr_aug
Eggo Buttermilk Pancakes,food,instacart_web
6.25,not_food,receipt_ocr
Prime Premium Black Beans,food,instacart_web
Large Eggs,food,instacart_web
ATEHMARKS5OO,not_food,receipt_ocr
6652,not_food,receipt_ocr
Vegan Big Cup Pad Thai Noodle Soup,food,instacart_web
1A15967,not_food,receipt_ocr
HappyMealHanburoer,food,receipt_ocr
TofuSpringRoll,food,synthetic_ocr_aug
2KG,not_food,receipt_ocr
All Natural Classic Guacamole,food,instacart_web
Horocha,food,receipt_ocr
Shrimp Fajita,food,receipt_ocr
Ancient Grain Mango Almond Muesli,food,instacart_web
NatralEmmentlerSwssChese,food,synthetic_ocr_aug
Vanilla Frozen Non-Dairy Dessert Bites,food,instacart_web
berries,food,basket_categories_web
"Kombucho,OrgaricRaw,Citrus",food,synthetic_ocr_aug
Arla Ecological Sour Cream,food,produce_classes_web
Value,not_food,receipt_ocr
Concord Grape Jelly,food,instacart_web
Grande Taco Shells,food,instacart_web
.39,not_food,receipt_ocr
Organic Crushed Tomatoes with Basil,food,instacart_web
GRISPY,not_food,receipt_ocr
Gluten Free Multigrain Bread,food,instacart_web
Beef Stroganoff Sauce Mix,food,instacart_web
Organic Black Molasses,food,instacart_web
Organic 7 Grain with Flax Bread,food,instacart_web
19080,not_food,receipt_ocr
Chicken Apple Sausage,food,instacart_web
Celery Hearts,food,instacart_web
Arla Sour Milk,food,produce_classes_web
Organic Low Fat Vegetable Barley Soup,food,instacart_web
"ChAo,vEgAn,tomATocaYEnNE,s",food,synthetic_ocr_aug
Spinach Artichoke Dip,food,instacart_web
OrgancGreekLwfatYgurtWithCherres,food,synthetic_ocr_aug
1 Mojito Pitcher Original w/,food,receipt_ocr
Ice Cream Bars,food,instacart_web
Labne Kefir Cheese,food,instacart_web
Organic Boneless Skinless Chicken Breasts,food,instacart_web
72% Cocoa Dark Chocolate with Cherries,food,instacart_web
Fresh Romaine Lettuce head,food,instacart_web
folcanoRamen,food,receipt_ocr
Himalayan Fine Pink Salt,food,instacart_web
EraisscBe,not_food,receipt_ocr
Beef,food,receipt_ocr
LQUASI DE VEAU,food,receipt_ocr
Taco Mild Seasoning Mix,food,instacart_web
Original Low Fat Orange Cream Yogurt,food,instacart_web
Living Butter Lettuce,food,instacart_web
Organic Free Range Chicken Broth,food,instacart_web
Organic Shredded Unsweetened Coconut,food,instacart_web
Mocha Almond Fudge Minis Almond Milk Frozen Dessert,food,instacart_web
Jalapeno,food,instacart_web
Organic Pregnancy Tea,food,instacart_web
AMPANNA,food,receipt_ocr
"Lime Juice, Reconstituted",food,instacart_web
Raisins,food,instacart_web
Yellow Corn Extra Thin Tortillas,food,instacart_web
Large Wraps Eggroll,food,instacart_web
Nuggets Chicken Breast,food,instacart_web
101871,not_food,receipt_ocr
Ready Pac Salad Santa Fe Caesar Bowls,food,instacart_web
Papaya,food,instacart_web
000006215514,not_food,receipt_ocr
（LG）SMOOTHIE,food,receipt_ocr
Sea Salt,food,instacart_web
Organic Raw Cashews,food,instacart_web
Original Hot Sauce,food,instacart_web
auan,not_food,receipt_ocr
Magic Shell Chocolate Fudge,food,instacart_web
Chocolate Milk Cartons 2% Reduced Fat,food,instacart_web
Rice Vinegar,food,instacart_web
Chunky New England Clam Chowder,food,instacart_web
"Chard, Green, New England Grown",food,instacart_web
LABNEKEFIRC,food,synthetic_ocr_aug
All Natural Coconut Water,food,instacart_web
Four Cheese Ravioli,food,instacart_web
The Original Fruit and Nut Food Bar - Peanut Butter Cookie,food,instacart_web
WhippedCream,food,receipt_ocr
SHREDDEDPIZZABLEN,food,synthetic_ocr_aug
Pizza Uncured Pepperoni Gluten Free,food,instacart_web
locReguar,not_food,receipt_ocr
S.13.00,not_food,receipt_ocr
OrganicStrawberryIceCream,food,synthetic_ocr_aug
Popcorn,food,instacart_web
LactoseFreeFotFrceMilk,food,synthetic_ocr_aug
FRUITRAITA,food,receipt_ocr
Tofu PadThai,food,receipt_ocr
FrenchVan*illaFatFreeCoffeeCreamer,food,synthetic_ocr_aug
Zantecurrants,food,synthetic_ocr_aug
3OCHA(DR1),food,receipt_ocr
Graham Crackers,food,instacart_web
NAKORSEE,food,receipt_ocr
1-Plt Lunch 2Choices,food,receipt_ocr
5 BUFFET$50.00,food,receipt_ocr
1.75,not_food,receipt_ocr
Lg Supremo Pizza,food,receipt_ocr
Vegan Honey Mustard Dressing,food,instacart_web
ORganiccuT,food,synthetic_ocr_aug
SALHON MENTAT ROLL,food,receipt_ocr
LOPENFOOB,not_food,receipt_ocr
chickentaqui,food,synthetic_ocr_aug
ZCnuToro,food,receipt_ocr
Unseasonedwholegrainb,food,synthetic_ocr_aug
Doccription,not_food,receipt_ocr
Peach Iced Tea,food,instacart_web
2 Chicken Milanese,food,receipt_ocr
Chicken Taquitos,food,instacart_web
Classic Chicken Salad,food,instacart_web
Pumpernickelda,food,synthetic_ocr_aug
Irish Whiskey,food,instacart_web
Dairy Free French Vanilla Coconut Milk Creamer,food,instacart_web
[Roli,food,receipt_ocr
Carb Smart Almond Bar Vanilla Ice Cream,food,instacart_web
Edamame Dry Roasted Spicy Wasabi,food,instacart_web
FXERCISE,not_food,receipt_ocr
Amount:,not_food,receipt_ocr
90% Less Fat Organic Powdered Peanut Butter,food,instacart_web
Pork Chops Bone-In,food,synthetic_food_list
Dark Red Kidney Beans Reduced Sodium,food,instacart_web
Cheese Enchilada Meal,food,instacart_web
PotatoWedg*es,food,synthetic_ocr_aug
Medium Cheddar Cheese Block,food,instacart_web
6683,not_food,receipt_ocr
$7.69,not_food,receipt_ocr
Nacho Cheese White Bean Chips,food,instacart_web
MediumEggNoodles,food,synthetic_ocr_aug
8988888,not_food,receipt_ocr
Italian Style Whole Peeled Tomatoes With Basil Leaf,food,instacart_web
Organic High Fiber Coconut Flour,food,instacart_web
Light Mayonnaise,food,instacart_web
Babybel Gouda Semisoft Cheese,food,instacart_web
2)BMODUP,not_food,receipt_ocr
ChalLattelced,food,receipt_ocr
Organic Vanilla Almond Milk,food,instacart_web
Chicken with Almonds,food,instacart_web
021,not_food,receipt_ocr
"Flaxseed Meal, Whole Ground",food,instacart_web
4630,not_food,receipt_ocr
Wonton Strips,food,instacart_web
2 FRENCHFRIES,food,receipt_ocr
Organic Sparkling Grapefruit Juice,food,instacart_web
G2 Low Calorie Fruit Punch Drink,food,instacart_web
TRD,not_food,receipt_ocr
Organic Nut & Chocolate Milks Blend,food,instacart_web
Whipped Whipped Cream Frosting,food,instacart_web
1.ChickenWings,food,receipt_ocr
Organic Ground Cloves,food,instacart_web
Italian Sliced Bread,food,instacart_web
Condensed Cream of Mushroom Soup,food,instacart_web
1BCook1es,food,receipt_ocr
BabyCorn,food,receipt_ocr
288.75,not_food,receipt_ocr
14.000,not_food,receipt_ocr
GOODSEEDORGANICTHINSLICEDBREAD,food,synthetic_ocr_aug
CHTCKEN (MURGH),food,receipt_ocr
Vine Tomato,food,produce_classes_web
EXTRA,food,receipt_ocr
7.50*1,not_food,receipt_ocr
3100,not_food,receipt_ocr
18.50CHF,not_food,receipt_ocr
of Hanover 100 Calorie Pretzels Mini,food,instacart_web
DESIGNSTICKER,not_food,receipt_ocr
"De#liSlices,BolognaStyle",food,synthetic_ocr_aug
U-price,food,receipt_ocr
KATOILETIROLL3PLY IOR,not_food,receipt_ocr
Rp 48.000,not_food,receipt_ocr
Organic Red Wine Vineger,food,instacart_web
Organic Pumpkin Puree,food,instacart_web
Raw Chocolate Cacao Nibs,food,instacart_web
COLARD GREENS,food,receipt_ocr
MiniVanillaaWafersCookies,food,synthetic_ocr_aug
6.80,not_food,receipt_ocr
0%faTFRcOrgoNicmilK,food,synthetic_ocr_aug
MealStartcrsGrillersRecipeCrumb1es,food,synthetic_ocr_aug
Tandooni Roti all food,food,receipt_ocr
Rich Taste Extra Virgin Olive Oil,food,instacart_web
Black Bean Bonanza Tamales,food,instacart_web
Gluten-Free Supergrain Pasta Organic Corn & Quinoa Blend Penne,food,instacart_web
MARKIISHWASH,not_food,receipt_ocr
Pistachios,food,instacart_web
Non Fat Raspberry Yogurt,food,instacart_web
JungleJuice,food,receipt_ocr
85,not_food,receipt_ocr
Organic Wild Rice,food,instacart_web
Artichoke,food,synthetic_food_list
DccafChaiLotte,food,synthetic_ocr_aug
Dinn-A Rolls,food,instacart_web
Mayo Made With Avocado Oil,food,instacart_web
Dha Omega 3 Vitamin D Milk,food,instacart_web
031,not_food,receipt_ocr
Spaghetti Squash,food,instacart_web
Organic Vanilla Bean Greek Yogurt,food,instacart_web
Organic Herb Blend,food,instacart_web
Fiber Rich Wheat Tortillas Fajita Size,food,instacart_web
BudL1ght(2370),food,receipt_ocr
Sesame Seed,food,instacart_web
6Coke Btl,food,receipt_ocr
Lowfat Blueberry Yogurt,food,instacart_web
Byama,not_food,receipt_ocr
1Comptem,not_food,receipt_ocr
1FINLANDIA（WELL)SMARTINI,food,receipt_ocr
3FC@13.69,not_food,receipt_ocr
Garlic Hummus,food,instacart_web
FROzeNGreeKYogurTbArSblUeBeRRY,food,synthetic_ocr_aug
ken HummusHouse Salad,food,receipt_ocr
HamachiJapapeno,food,receipt_ocr
Organic Gunpowder Green Tea,food,instacart_web
AnJappar Mutton Meals,food,receipt_ocr
Fish An Chips,food,receipt_ocr
Chick Peas,food,instacart_web
PEACHPUREBODYIMM,food,synthetic_ocr_aug
3.903,not_food,receipt_ocr
Organic Magic Muesli,food,instacart_web
Heat & Eat Organic Bowl Brown Rice,food,instacart_web
White Miso Soup Mix,food,instacart_web
CHKN,food,receipt_ocr
(Large,not_food,receipt_ocr
TOGO2,not_food,receipt_ocr
Fennel Seed,food,instacart_web
LIGHT,food,receipt_ocr
"Crackers, Baked, Crispy Sea Salt",food,instacart_web
93000,not_food,receipt_ocr
Chtcken,food,receipt_ocr
Garlic Brown Rice,food,instacart_web
"Peanut Butter, Classic",food,instacart_web
Mango Lasst,food,receipt_ocr
Ginger,food,produce_classes_web
Combination Party Pizza,food,instacart_web
1 13.Shrimp TempuraRoll,food,receipt_ocr
Matcha Almondmilk,food,instacart_web
Cheese & Garlic Premium Croutons,food,instacart_web
Cake Specialty (Various),food,receipt_ocr
Creamy Natural Peanut Butter And Flaxseed,food,instacart_web
Naturals Chicken Nuggets,food,instacart_web
100%OrganicYell,food,synthetic_ocr_aug
"BUTTERMILK,C",food,synthetic_ocr_aug
Lactose Free Plain Kefir,food,instacart_web
Gluten Free Cheddar Macaroni & Cheese Rice Pasta,food,instacart_web
4% Milkfat Large Curd Cottage Cheese,food,instacart_web
Carrot,food,instacart_web
Original Thin Crust Four Cheese Pizza,food,instacart_web
368,not_food,receipt_ocr
0rangeJuiceFresbSqueezed,food,synthetic_ocr_aug
Organic Baby Red Potatoes,food,instacart_web
Vitamin Water Zero Squeezed Lemonade,food,instacart_web
Heavy Whipping Cream,food,instacart_web
Sea Salt Baked Lentil Chips,food,instacart_web
$1.,not_food,receipt_ocr
Organic Sprouted Whole Grain Bread,food,instacart_web
Newyorkextrashorpchedclr,food,synthetic_ocr_aug
"Egg Noodles, Extra Wide",food,instacart_web
Bartlett Pears,food,instacart_web
cereals,food,basket_categories_web
WholeWhheatFreshStackCrackers,food,synthetic_ocr_aug
Roasted White Sesame Seeds,food,instacart_web
Lite Chunky Blue Cheese Dressing and Dip,food,instacart_web
1SnackOreoMcFlurry,not_food,receipt_ocr
Prloe,not_food,receipt_ocr
4.95,not_food,receipt_ocr
BROWN&WILDREADYWHOLEGRAINMEDLEY,food,synthetic_ocr_aug
FullyCoo/kedBonelessRibsinSweetHickorySauce,food,synthetic_ocr_aug
LOUESTCKGTRES,not_food,receipt_ocr
Organicfrostedflakescereal,food,synthetic_ocr_aug
Beef Lit'l Smokies,food,instacart_web
Whole Chipotle Chili,food,instacart_web
1.89,not_food,receipt_ocr
Peppercn,food,receipt_ocr
Cracked Pepper & Herbs Roasted Seaweed Snacks,food,instacart_web
Original Fig Spread,food,instacart_web
OrigginalLemonade,food,synthetic_ocr_aug
Diet Ginger Ale Slim Cans,food,instacart_web
Espresso Beans,food,synthetic_food_list
Baby Formula Powder,food,synthetic_food_list
$2.15,not_food,receipt_ocr
Premiumsproutedartisanseven-Grainwraps,food,synthetic_ocr_aug
Vermont Maple & Sea Salt Microwave Popcorn,food,instacart_web
160.00,not_food,receipt_ocr
Simple Favorites Lasagna with Meat Sauce,food,instacart_web
Minced6ingcr,food,synthetic_ocr_aug
Swiss Chard,food,synthetic_food_list
SAYURRMT.OO,food,receipt_ocr
Breakfast Veggie Bacon Strips,food,instacart_web
$.8,not_food,receipt_ocr
Toasted Coconut Chips Original Recipe,food,instacart_web
Hanger Sizzle,food,receipt_ocr
Cage Free Extra Large Grade AA Eggs,food,instacart_web
Ground White Pepper,food,instacart_web
Salted Caramel Iced Coffee With Almond Milk,food,instacart_web
Popcorn Chicken,food,instacart_web
Traditional Bavarian Classic Soft Pretzels,food,instacart_web
149.40,not_food,receipt_ocr
Caldoc,food,receipt_ocr
"Bread, Organic, Spelt Ancient Grain",food,instacart_web
High Fiber English Muffin,food,instacart_web
Organics Gummy Bears,food,instacart_web
.ChunkySalsa,food,synthetic_ocr_aug
"Sausage, Egg, & Cheese Biscuit",food,instacart_web
Organic Cinnamon Apple Sauce,food,instacart_web
Sour Cherry Sour Licorice Twists,food,instacart_web
Garlic Stuffed Olives,food,instacart_web
Cold-Pressed Organic Apple,food,instacart_web
"Yogurt, Organic, Lowfat, Plain",food,instacart_web
9990-W36-LG,not_food,receipt_ocr
35.36,not_food,receipt_ocr
Spearmint Sugar-Free Gum,food,instacart_web
Casera Medium Salsa,food,instacart_web
$11.29,not_food,receipt_ocr
VEGMANCHO,food,receipt_ocr
22.90,not_food,receipt_ocr
7019136,not_food,receipt_ocr
Amount.,not_food,receipt_ocr
Devilled Crab,food,receipt_ocr
Butter Cooking Spray,food,instacart_web
CRNETTO COFF.CRML 80,food,receipt_ocr
KJ ESSENCE MERAH,food,receipt_ocr
Rice Express Fresh Steamed Sticky White Rice,food,instacart_web
Thal Fried Rice,food,receipt_ocr
Reese Artichoke Hearts,food,instacart_web
Chocolate Wafer:,food,receipt_ocr
HEADSTONES AND LAND MINES,food,receipt_ocr
Honey Oat Crunch Trail Mix Crunchy Granola Bars,food,instacart_web
OriginalMdimPicanteSauce,food,synthetic_ocr_aug
chocolatechip&oatmealco,food,synthetic_ocr_aug
Electrolyte Enhanced Water,food,instacart_web
Diet Cranberry Fruit Juice,food,instacart_web
Cheese Puffs,food,instacart_web
Milk Free Better Than Sour Cream,food,instacart_web
Gluten Free Plain Bagels,food,instacart_web
"Beets, Dulse & Kale Pickles",food,instacart_web
Vegan Aged White Cheddar Flavor Puffs,food,instacart_web
Sugar Wafers Creme Filling,food,instacart_web
Fajitas Seasoning Mix,food,instacart_web
Organic Love Crunch Dark Chocolate Macaroon Granola,food,instacart_web
f1ovr,food,synthetic_ocr_aug
Bran Flakes Whole Grain Wheat Cereal,food,instacart_web
Mini Whole Grain Waffles,food,instacart_web
for Tots Apple Juice,food,instacart_web
DE BLANCS,food,receipt_ocr
"Rick Sticks, Vermicelli",food,instacart_web
French Vanilla Creamer,food,instacart_web
10.49,not_food,receipt_ocr
Crescent Rolls Original,food,instacart_web
HomeStyleItalian-StyleWeddingSpinach&Meatball,food,synthetic_ocr_aug
"Cereal, Superfood, Acai Blueberry",food,instacart_web
2WATER,food,receipt_ocr
"hanclmadcvodkafrmstn,txas",food,synthetic_ocr_aug
1280,not_food,receipt_ocr
TPren Doo Coebo,food,receipt_ocr
"Dressing, Jersey Sweet Onion, Calorie Free",food,instacart_web
MapleQuinoaClusterWitbCbiaSeeds,food,synthetic_ocr_aug
*Avocado,food,receipt_ocr
"Deli Fresh Honey Smoked Turkey Breast, 98% Fat Free, Gluten Free",food,instacart_web
11-90,not_food,receipt_ocr
0120,not_food,receipt_ocr
080,not_food,receipt_ocr
Oakon Hanacht,not_food,receipt_ocr
BrownieBites,food,synthetic_ocr_aug
MIX,not_food,receipt_ocr
Organic Apple Slices,food,instacart_web
Ultra Thin Oven Roasted Turkey Breast,food,instacart_web
Taco D Carme Asada,food,receipt_ocr
a78.00,not_food,receipt_ocr
Lg Bev Bar,food,receipt_ocr
DECORATTVEWOOD,not_food,receipt_ocr
Cauliflower Florets,food,instacart_web
CocontOamealBlissCookies,food,synthetic_ocr_aug
9555684639363,not_food,receipt_ocr
Arthurs,not_food,receipt_ocr
MIEGORENGKAMPUNG,food,receipt_ocr
Organic Sunflower Butter Chocolate Macrobar,food,instacart_web
Chocolate Almond Coconut High Protein & Fiber Bar,food,instacart_web
Chocolate Frozen Dessert,food,instacart_web
3*Patron,food,receipt_ocr
52.,not_food,receipt_ocr
Chckertaqvtos,food,synthetic_ocr_aug
1390*1,not_food,receipt_ocr
Dole Bananas,food,branded_items_web
ArlaEcologicalMecliumFatMi1k,food,synthetic_ocr_aug
Chocolate Brownie Energy Bar,food,instacart_web
Dark with 70% Cacao Content Organic Chocolate Bar,food,instacart_web
GRILLED CHICKEN BIRIYANI,food,receipt_ocr
Brownberry Country Buttermilk Sandwich Bread,food,instacart_web
Mango Ginger + Carrot 100% Fruit & Vegetable Juice,food,instacart_web
Seltzer Water,food,instacart_web
White Chocolate With Strawberries,food,instacart_web
22:000,not_food,receipt_ocr
Ametlcandy,food,receipt_ocr
GlBuca Chiantl:,food,receipt_ocr
100% Whole Wheat Bread,food,instacart_web
"Chocolate, 40%, Creamy Milk",food,instacart_web
Extra Crispy Tator Tots,food,instacart_web
8.2.,not_food,receipt_ocr
"Canola Cooking Spray, Butter Flavored",food,instacart_web
Triple/CremeBrie,food,synthetic_ocr_aug
All-Bran Buds Cereal,food,instacart_web
33.000,not_food,receipt_ocr
Zesty Lemon Sorbet,food,instacart_web
Love Herbal Tea,food,instacart_web
AMOUNTTAX,not_food,receipt_ocr
COPA S.ROJA,food,receipt_ocr
Verywell done,not_food,receipt_ocr
Soy Sauce,food,instacart_web
Premium Pure Cane Granulated Sugar,food,instacart_web
Bagels Plain,food,synthetic_food_list
PEG,not_food,receipt_ocr
16.99,not_food,receipt_ocr
Everything But The...<U+00AE> Ice Cream,food,instacart_web
Roasted Organic Red Potatoes,food,instacart_web
Rice Basmati,food,synthetic_food_list
SAYURRMTOO,food,receipt_ocr
rgancShiitkMshrooms,food,synthetic_ocr_aug
Cappellacc Di Zucca,food,receipt_ocr
Broccoli Slaw,food,instacart_web
Diet Peach,food,instacart_web
8L00,not_food,receipt_ocr
11.95,not_food,receipt_ocr
Rainier Cherries,food,instacart_web
VegTofu Pad Thai,food,receipt_ocr
Peanut Butter Chocolate Chip Fruit & Nut Food Bar,food,instacart_web
Organic Original Almond Milk,food,instacart_web
Organic Shiitake & Vegetable Potstickers,food,instacart_web
Fennel Bulb,food,synthetic_food_list
UnltPrlee,not_food,receipt_ocr
TS02 Kat,not_food,receipt_ocr
Original Chocolate Chip Cookies,food,instacart_web
Organic Grass Fed Creamline Yogurt Plain,food,instacart_web
iedRice,food,receipt_ocr
RichFamous Roll,food,receipt_ocr
Nut & Honey Snack Granola,food,instacart_web
50/50 Mix Spring Mix and Baby Spinach Salad Blend,food,instacart_web
Edamame Soybeans in Pods,food,instacart_web
Acorn Squash,food,instacart_web
Copy,not_food,receipt_ocr
Organic Bunny Fruit Snacks Berry Patch,food,instacart_web
roastedredpepperhummusw,food,synthetic_ocr_aug
TARTARSAUC,food,receipt_ocr
Roasted Turkey Breast,food,instacart_web
VanillaBean,food,synthetic_ocr_aug
Parsley,food,instacart_web
Squeeze Grape Jelly,food,instacart_web
Raspberry Sorbet,food,instacart_web
Lunch Shrimp &Andoui1le,food,receipt_ocr
1A15961,not_food,receipt_ocr
Sodghettf Marinara,food,receipt_ocr
Vodka Pasta Sauce,food,instacart_web
HamburgerHelperCheddorCheeseMclt,food,synthetic_ocr_aug
FRIES-,food,receipt_ocr
Organic Apples Pommes,food,instacart_web
chickBiriyanl,food,receipt_ocr
Freshly made pasta in a Real Cheddar cheese sauce Macaroni & Cheese,food,instacart_web
1oMcNuagetsEVM,food,receipt_ocr
KAPURAIRAT),not_food,receipt_ocr
PVCMAN,not_food,receipt_ocr
PKLIGreen Curry Sca1lops,food,receipt_ocr
12:008,not_food,receipt_ocr
14:00,not_food,receipt_ocr
Belgian Custard Cream Mini Eclairs,food,instacart_web
"Organic Tomato Paste, No Salt Added",food,instacart_web
HANGAT,not_food,receipt_ocr
Total 0% Raspberry Yogurt,food,instacart_web
PATATINE FRITTE,food,receipt_ocr
Utlaboreet dolore,not_food,receipt_ocr
fatfrcsmrtgronclmexcnstyletcproteincrmbls,food,synthetic_ocr_aug
Potted Flat Parsley,food,instacart_web
Amt1,not_food,receipt_ocr
CARROTSIM5OOGMCH(PKT),food,receipt_ocr
KanimayoSalad,food,receipt_ocr
French Onion Soup,food,instacart_web
OnigirlYakiniku,food,receipt_ocr
Shelled Edamame,food,instacart_web
SPRICE,food,receipt_ocr
"Condensed Milk, Sweetened, Full Cream",food,instacart_web
OrgnicDriedPapaya,food,synthetic_ocr_aug
Original Strawberry Mango Yogurt,food,instacart_web
TsParkBunger,food,receipt_ocr
F1OUryPToT,food,synthetic_ocr_aug
Unsweetened Almond Milk,food,instacart_web
Organic Garbanzo Beans,food,instacart_web
Coconut Milk,food,receipt_ocr
CrinkleutFries,food,synthetic_ocr_aug
Ribeye Bone In,food,receipt_ocr
MASALAPAPAD,food,receipt_ocr
Unbleached Bread Flour,food,instacart_web
Orgncflxp1Usmu1Tibrnflakescreal,food,synthetic_ocr_aug
3000,not_food,receipt_ocr
catchotzeTuna,food,receipt_ocr
Sliced Muenster Cheese,food,instacart_web
100% Natural Whole Peeled Plum Tomatoes,food,instacart_web
B.50,not_food,receipt_ocr
Steamfresh Super Sweet Corn,food,instacart_web
San Marzano Blend Tomato Romano,food,instacart_web
Vegetable Oil,food,synthetic_food_list
13.2号,not_food,receipt_ocr
LKK,not_food,receipt_ocr
8.00SR*,not_food,receipt_ocr
Chocolatey Covered Chocolate Chip Granola Bars,food,instacart_web
1Okra,food,synthetic_ocr_aug
uomp:,not_food,receipt_ocr
EmmentaleSwissSlces,food,synthetic_ocr_aug
Espresso 72% Cacao Dark Chocolate,food,instacart_web
Vegan Chocolate Chip With Walnuts Cookies,food,instacart_web
Raspberries,food,instacart_web
2LAMINATEA4,not_food,receipt_ocr
$246,not_food,receipt_ocr
1KG+,not_food,receipt_ocr
Shallot & Chive Gournay Cheese,food,instacart_web
Sooo Good Light Roast Coffee,food,instacart_web
20.90Eur,not_food,receipt_ocr
Organic Reduced Fat Omega-3 Milk,food,instacart_web
Celery,food,instacart_web
Fountain,not_food,receipt_ocr
Organic Aged Earl Grey Tea,food,instacart_web
Almond Joy Creamer,food,instacart_web
CROISSANT AUXRAISINS,food,receipt_ocr
Butternut Squash,food,instacart_web
Select Fat Free Skim Milk,food,instacart_web
Organic Green Lemonade,food,instacart_web
ReducedFatVe,food,synthetic_ocr_aug
321.98,not_food,receipt_ocr
rEdsEEdLesSGRa,food,synthetic_ocr_aug
13.80,not_food,receipt_ocr
caramelfilledchocolatecandy,food,synthetic_ocr_aug
Teriyaki Chick'n Strips,food,instacart_web
Organic Chicken & Apple Sausage,food,instacart_web
Lacinato Kale Og,food,instacart_web
"Bucatini, No. 15",food,instacart_web
Organic Peanut Butter Milk Chocolate Bar,food,instacart_web
12.90,not_food,receipt_ocr
SalmonssM,food,receipt_ocr
pumprnckclbreacl,food,synthetic_ocr_aug
VN19900,not_food,receipt_ocr
Organic Mushroom Chef S Sampler,food,instacart_web
Organic 4% Milk Fat Whole Milk Cottage Cheese,food,instacart_web
[1]盐酥鸡,not_food,receipt_ocr
Souper 6-Pack Chicken Flavor Ramen Noodle Soup,food,instacart_web
Herbal Popcorn,food,instacart_web
Lasagna Bake with Meat Sauce,food,instacart_web
flltsfanchovesn0lveoi1,food,synthetic_ocr_aug
Gluten Free Vanilla Granola,food,instacart_web
SaltedPeanutButerFiledPretzels,food,synthetic_ocr_aug
Baby Dill Pickles,food,instacart_web
BBQ Ranch Chopped Salad,food,instacart_web
666,not_food,receipt_ocr
8906,not_food,receipt_ocr
BOARDCG,not_food,receipt_ocr
OrganicWholePeeledBabyCarros,food,synthetic_ocr_aug
Organic Sliced Mild Cheddar,food,instacart_web
VEGAN BENGAN,food,receipt_ocr
1495,not_food,receipt_ocr
MOUSSE CHOCOLAT,food,receipt_ocr
UgliFrui1t,food,synthetic_ocr_aug
"Protein Bar, High, White Chocolate",food,instacart_web
Deluxe Mixed Nuts,food,instacart_web
OrgancCalifornaSuhiRice,food,synthetic_ocr_aug
SPRING FILE,not_food,receipt_ocr
SR,not_food,receipt_ocr
LNITAn,not_food,receipt_ocr
21.99,not_food,receipt_ocr
Roasted Tomato Salsa,food,instacart_web
Extra Long Asparagus Spears,food,instacart_web
Blanc De Noir Champagne,food,instacart_web
100%WholeWheatForfolleNo.87,food,synthetic_ocr_aug
"Grapes, Certified Organic, California, Black Seedless",food,instacart_web
Flshao,food,receipt_ocr
1 SALHON,food,receipt_ocr
CheesegakeSalmon R,food,receipt_ocr
Than,food,receipt_ocr
DRILL,not_food,receipt_ocr
Reduced Fat Milk,food,instacart_web
Diced Pears In Light Syrup Fruit Cups,food,instacart_web
70% Dark Chocolate With Coconut Bar,food,instacart_web
exTralARGeegGS,food,synthetic_ocr_aug
240G.,not_food,receipt_ocr
RefriedBeansFattFree,food,synthetic_ocr_aug
Ikura shoyuzuke,food,receipt_ocr
WAL,not_food,receipt_ocr
Organic Shredded Mild Cheddar,food,instacart_web
Unsalted Sweet Cream Butter,food,instacart_web
Organic Salted Individually Wrapped Quarters Butter,food,instacart_web
Organic Whole Wheat Penne Rigate,food,instacart_web
Coffee Mate Natural Bliss Sweet Creme Coffee Creamer,food,instacart_web
Wild Alaskan Sockeye Smoked Salmon,food,instacart_web
7.00,not_food,receipt_ocr
HarvestBerryChew,food,synthetic_ocr_aug
Gluten Free Pizza Three Cheese,food,instacart_web
Salsa Casera Mild,food,instacart_web
$2000,not_food,receipt_ocr
11500,not_food,receipt_ocr
Beef Merlot,food,instacart_web
poppeddarkchocolatewithseasaltgranolabar,food,synthetic_ocr_aug
TAGLIOLINIS,food,receipt_ocr
9661,not_food,receipt_ocr
Organic Dried Papaya,food,instacart_web
Organicjum,food,synthetic_ocr_aug
ButterTopWhiteBr*ead,food,synthetic_ocr_aug
MediumPianteSals,food,synthetic_ocr_aug
$6799,not_food,receipt_ocr
O.50SR*,not_food,receipt_ocr
Root Beer,food,receipt_ocr
3-00,not_food,receipt_ocr
LSUBFTXN,food,receipt_ocr
Ik Shake,food,receipt_ocr
Barbecue Bean & Rice Chips,food,instacart_web
8P12.00,not_food,receipt_ocr
Powdered Donut Holes,food,instacart_web
L Shamrock Shake,food,receipt_ocr
rganicGradeALargeBrwnggs,food,synthetic_ocr_aug
AYAMLADAGARAM,food,receipt_ocr
Original Chili Seasoning Mix,food,instacart_web
MARKER,food,receipt_ocr
Sauce onSrde,food,receipt_ocr
Cinnamon Cereal,food,instacart_web
Just Caesar Croutons,food,instacart_web
3.99,not_food,receipt_ocr
BTTURNBLL,food,receipt_ocr
Donettes Powdered Mini Donuts,food,instacart_web
coffeeHD,food,receipt_ocr
VeggieLoaf&MashedPotatoesEntr,food,synthetic_ocr_aug
Cinnamon Apple Sauce,food,instacart_web
Lowfat Kefir Peach,food,instacart_web
Broccoli Pot Pie With Cheddar Cheese Sauce,food,instacart_web
OrganicVita1itySnackChiaSqueezcBlackberryBliss,food,synthetic_ocr_aug
Organic 21 Grain Thin Sliced Bread,food,instacart_web
salty snack,food,basket_categories_web
Lightly Seasoned Chick'n Scallopini,food,instacart_web
389.000,not_food,receipt_ocr
Hardwood Smoked Bacon,food,instacart_web
QTYITEM,not_food,receipt_ocr
LOCK,not_food,receipt_ocr
Premium Organic Whole Kernel Sweet Corn,food,instacart_web
Bag of Clementines,food,instacart_web
USA Florida Juice Oranges,food,instacart_web
DietCranberryFruitJuice,food,synthetic_ocr_aug
GUAVA ANDMINT,food,receipt_ocr
PTRI,not_food,receipt_ocr
TACO,food,receipt_ocr
GrandParisianComplete,food,synthetic_ocr_aug
"165,00",not_food,receipt_ocr
DftShocktop,food,receipt_ocr
Large Grade A Eggs,food,instacart_web
VegetableClassicsVegetabl,food,synthetic_ocr_aug
JCHCRCN,food,receipt_ocr
Soba Noodles With Sesame Almond Sauce,food,instacart_web
TAMARIND WATER,food,receipt_ocr
OrganicExtraThi,food,synthetic_ocr_aug
"Delifresh Mesquite Turkey Breast, 98% Fat Free, Gluten Free",food,instacart_web
Kares,not_food,receipt_ocr
Kale Flavored Corn Tortilla Chips,food,instacart_web
6ChocChipCoakie,food,receipt_ocr
Prepared Cheese Product Slices,food,instacart_web
Outshine Tangerine Fruit Bars,food,instacart_web
66.6E5,not_food,receipt_ocr
Jamagoyaki,food,receipt_ocr
$47.15,not_food,receipt_ocr
Organic Honey Nut O's Cereal,food,instacart_web
OssoBuco,food,receipt_ocr
CLASSICVARIE,food,synthetic_ocr_aug
6roundChvck,food,synthetic_ocr_aug
Fresh Whole Chicken,food,instacart_web
OLRM,not_food,receipt_ocr
Half And Half,food,synthetic_food_list
11550,not_food,receipt_ocr
Non Dairy Coffee Caramel Fudge,food,instacart_web
Broccoli & Cheddar Bake Meal Bowl,food,instacart_web
Strawberry Cheesecake Protein Bar,food,instacart_web
ChunkySSalsa,food,synthetic_ocr_aug
Fajita Seasoning,food,instacart_web
Hass Avocados,food,instacart_web
Original Flavor Macaroni & Cheese Dinner,food,instacart_web
nChile,food,receipt_ocr
Organic Deep Dark Sea Salt Chocolate,food,instacart_web
Caffeine Free Diet Cola All Natural Soda,food,instacart_web
TUBE,not_food,receipt_ocr
1SALNO,food,receipt_ocr
PRWOTR,food,synthetic_ocr_aug
Customitem,not_food,receipt_ocr
Organic Sparkling Cider,food,instacart_web
"WholeGrainOrganicWaffles,TotallyOriginal",food,synthetic_ocr_aug
UB52,not_food,receipt_ocr
Original Whipped Cream,food,instacart_web
Organic Grated Ginger,food,instacart_web
Seven Grain Crispy Tenders,food,instacart_web
Sourdough Hard Pretzels Fat Free,food,instacart_web
Vitaminwater Revive Fruit Punch,food,instacart_web
BEAN CURD WITH,food,receipt_ocr
Gluten Free Corn Tortilla Taquitos Vegan Beef Style,food,instacart_web
cinnamonsugar,food,synthetic_ocr_aug
FriendoBllendoEspressoBeans,food,synthetic_ocr_aug
Reduced Sugar Tomato Ketchup,food,instacart_web
XBL,not_food,receipt_ocr
$2095,not_food,receipt_ocr
LDESPRESSO*,food,receipt_ocr
SALSASHIMTRICESETM5,food,receipt_ocr
YoKidsStrawberryBanana/StrawberryYogurt,food,synthetic_ocr_aug
Large Burrito Flour Tortillas,food,instacart_web
FROZENDUMP,food,synthetic_ocr_aug
Rubbe,not_food,receipt_ocr
WALLSPPCHOLAVA56,not_food,receipt_ocr
Brown Cap Mushroom,food,produce_classes_web
$5.09,not_food,receipt_ocr
Organic Free Range Chicken with White & Wild Rice Soup,food,instacart_web
$6.6S,not_food,receipt_ocr
Whole Grain Lasagne Pasta,food,instacart_web
Super Green Juice Blend Smoothie,food,instacart_web
6.20,not_food,receipt_ocr
22.500,not_food,receipt_ocr
Hand toss,food,receipt_ocr
WA14-3A-48,not_food,receipt_ocr
S/Pric,not_food,receipt_ocr
Shrmp Entree,food,receipt_ocr
Organic Whole Milk with DHA Omega-3,food,instacart_web
Organic Dark Chocolate Almond & Sea Salt Trail Mix Bar,food,instacart_web
Fridge and Freezer Baking Soda Pack,food,instacart_web
0SEPUMPC88351#,not_food,receipt_ocr
Chunky Peanut Butter High Protein Bar,food,instacart_web
Original Enriched Parboiled Long Grain Rice,food,instacart_web
Cream Top Smooth & Creamy Vanilla Yogurt,food,instacart_web
$4.35,not_food,receipt_ocr
Classic Chili with Beans,food,instacart_web
900,not_food,receipt_ocr
Corn Sweet Potato Tortilla Chips,food,instacart_web
1.80SR,not_food,receipt_ocr
Gluten Free Paleo Gnocchi,food,instacart_web
Grade A Large Brown Eggs,food,instacart_web
6000,not_food,receipt_ocr
Natural Spring Water,food,instacart_web
Pie Crusts,food,instacart_web
Natural with Sport Cap Alpine Spring Water,food,instacart_web
Chang(2@$3.50),food,receipt_ocr
HoneyBBQFlavoredBonelessChickenWyyngz,food,synthetic_ocr_aug
Organic Nonfat Milk,food,instacart_web
CHOcolAtecREaM,food,synthetic_ocr_aug
Decaf Chai Latte,food,instacart_web
Carving Board Slow Cooked Ham,food,instacart_web
Southwest Style Hash Browns,food,instacart_web
UNSWEETENEDICEDCOFFEE,food,synthetic_ocr_aug
Whole Milk Mozzarella Cheese,food,instacart_web
SmGarlic Bread,food,receipt_ocr
empuraakyEbikko,food,receipt_ocr
Fruit Roll Ups Variety Fruit Flavored Snacks,food,instacart_web
Organic Baby Broccoli,food,instacart_web
TANDOORT,food,receipt_ocr
umping,food,receipt_ocr
Frozen Mixed Vegetables,food,synthetic_food_list
Tilapia Fillets,food,instacart_web
Water Bottle,food,receipt_ocr
Organic Nuts & Vanilla Beverage,food,instacart_web
Black Tea Pyramids,food,instacart_web
TAS REBANA TANGGUNGKUNING,not_food,receipt_ocr
Gluten Free Breaded Chicken Breast Strips,food,instacart_web
TG:WFD32,not_food,receipt_ocr
Sm Garlic Bread,food,receipt_ocr
775,not_food,receipt_ocr
Organic Sticks Low Moisture Part Skim Mozzarella String Cheese,food,instacart_web
0rganiclcntlsoup,food,synthetic_ocr_aug
TRIO-POT PIE09.99,food,receipt_ocr
Organic Pumpkin,food,instacart_web
Gluten Free 7 Grain Bread,food,instacart_web
YUOM,not_food,receipt_ocr
TaguitosBaJaCalfornla Shrimp,food,receipt_ocr
Cranberry Nectar 100% Juice,food,instacart_web
ITEM/DESC,not_food,receipt_ocr
Toll House Dark Chocolate Morsels,food,instacart_web
Cheese&BrocccoliRavioliForKids,food,synthetic_ocr_aug
1Delivery,not_food,receipt_ocr
Organic Juliette Vanilla Ice Cream Sandwiches,food,instacart_web
Pop'ems Glazed Donut Holes,food,instacart_web
ORM,not_food,receipt_ocr
39.00,not_food,receipt_ocr
Asparagus Spears,food,instacart_web
Cauliflower Pizza Crusts,food,instacart_web
Green Grapes,food,synthetic_food_list
Beefaroni,food,instacart_web
"Post Selects Great Grains Cereal Raisins, Dates and Pecans",food,instacart_web
Sugarfree Gum Sweet Mint,food,instacart_web
CALROSERICE,food,synthetic_ocr_aug
TWIST DRILL,not_food,receipt_ocr
5810-22,not_food,receipt_ocr
Organic Gluten Free Fusilli,food,instacart_web
1.93Z,not_food,receipt_ocr
EggoNutri-GGrainBlueberryWaffles,food,synthetic_ocr_aug
Goi,food,receipt_ocr
199.00,not_food,receipt_ocr
Organic Biologique Limes,food,instacart_web
Creamy Deluxe Shells & Real Aged Cheddar Sauce,food,instacart_web
9%DarkChocolatCriters,food,synthetic_ocr_aug
$9.50,not_food,receipt_ocr
MANGOHONEY(SUSU)(KG),food,receipt_ocr
Wild Wonders Gourmet Medley Tomatoes,food,instacart_web
BeefBrisketFlaatCut,food,synthetic_ocr_aug
xMargherita,food,receipt_ocr
orIgInAlCOLdBrEwCOFFEEWiThmiLk,food,synthetic_ocr_aug
Blue Chips Corn Tortilla Chips,food,instacart_web
cake bar,food,basket_categories_web
ADD SETMENU,food,receipt_ocr
Organic Broccoli Florets,food,instacart_web
Original Movie Theater Popcorn,food,instacart_web
.SR,not_food,receipt_ocr
Olli Napoli Salami,food,instacart_web
Dese,not_food,receipt_ocr
SalmnCavir,food,synthetic_ocr_aug
Orga/nicPlainWholeMilkYogurt,food,synthetic_ocr_aug
1wFtvnLLoNOnDAiRyYogURt,food,synthetic_ocr_aug
Organic Garlic Granules,food,instacart_web
2ORM,not_food,receipt_ocr
NasiGareng,food,receipt_ocr
Sweet Grape Tomatoes,food,instacart_web
epos,not_food,receipt_ocr
($2.50 each),food,receipt_ocr
Burrito Cmb,food,receipt_ocr
Organic Creamy Raw Almond Butter,food,instacart_web
Organic Macaroni & Cheese,food,instacart_web
Sleeveless shirt,not_food,receipt_ocr
Camembert,food,instacart_web
Deep Green Blends Kale,food,instacart_web
Organic Pancake Syrup,food,instacart_web
ORGANICLOW-FATMEDIUMB,food,synthetic_ocr_aug
05586104,not_food,receipt_ocr
Gluten-Free Double Chocolate Chip Cookies,food,instacart_web
GlassCamus Zin,food,receipt_ocr
Whippedc,food,receipt_ocr
Super Size Flour Tortillas,food,instacart_web
U/P(RM),not_food,receipt_ocr
S1.50,not_food,receipt_ocr
SingleServeKonaBlendRoastMeddiumCoffeeK-Cups,food,synthetic_ocr_aug
Slow Cured Pepper + Garlic Salame Molisana,food,instacart_web
908413,not_food,receipt_ocr
Nacho Cheese Taco Shells,food,instacart_web
All Natural Red Tomato Mild Salsa Mexican with Green Chile & Cilantro,food,instacart_web
SEEETARTARE,food,receipt_ocr
Chips Ahoy! Reese's Peanut Butter Cups Cookies,food,instacart_web
3/99,not_food,receipt_ocr
HnSodas,food,receipt_ocr
IN BASIN,not_food,receipt_ocr
French Friesx2,food,receipt_ocr
OrganicClassicRichCr,food,synthetic_ocr_aug
VeganicS*proutedAncientMaizeFlakes,food,synthetic_ocr_aug
wipes5osBogofBiue,not_food,receipt_ocr
Saln,food,receipt_ocr
Toast Chee w/ Real Peanut Butter Sandwich Crackers,food,instacart_web
*15-80,not_food,receipt_ocr
BRINCH,not_food,receipt_ocr
ChickenCaprese,food,receipt_ocr
Eggo Homestyle Waffles,food,instacart_web
Shami BoneTess Mutton,food,receipt_ocr
Truffle Popcorn,food,instacart_web
Organic Lentil Beans,food,instacart_web
ICE CREAMWITH SELENA GOMEZ),food,receipt_ocr
Ice Cubes Bubble Breeze Sugar-Free Gum,food,instacart_web
Salted Caramel Flavoring Syrup,food,instacart_web
patron double,food,receipt_ocr
Small Carrier,not_food,receipt_ocr
Minis Unwrapped Mini Dark Chocolate Covered Peppermint Patties,food,instacart_web
Bread & Butter Pickle Chips,food,instacart_web
Low-Moisture Part-Skim Shredded Mozzarella Cheese,food,instacart_web
Lightsodiummexicancasserolebowl,food,synthetic_ocr_aug
Fruit Punch Sports Drink,food,instacart_web
1Grimbergen Blond,food,receipt_ocr
AYAMBAKARSANTAN,food,receipt_ocr
Cheese,food,receipt_ocr
Fabanaise Chipotle Vegan Mayo Made With Aquafaba,food,instacart_web
35.50 SR,not_food,receipt_ocr
-0.15,not_food,receipt_ocr
Sala Picante (Hot Sauce),food,instacart_web
34:000,not_food,receipt_ocr
UPRICE,not_food,receipt_ocr
0363103,not_food,receipt_ocr
Microwave Extra Butter Popcorn,food,instacart_web
1ESPRESSO,food,receipt_ocr
Yellow Plate,food,receipt_ocr
BLTBIGTREEHIGHGLOSSPAINT,not_food,receipt_ocr
Organic Large Brown Eggs,food,instacart_web
Four Fruits Preserves,food,instacart_web
TAPE,not_food,receipt_ocr
WhiteMeatChicken,food,synthetic_ocr_aug
Fresh Sweet Corn,food,instacart_web
Organic Kale Pesto Hummus,food,instacart_web
No.Description,not_food,receipt_ocr
Turkey Burger Patties,food,instacart_web
2.97,not_food,receipt_ocr
ROUNO,not_food,receipt_ocr
Icelandic Style Fat Free Plain Yogurt,food,instacart_web
Chicken Breast Tenders Breaded,food,instacart_web
"Egg Rolls, Gluten-Free, Vegetable",food,instacart_web
Hommus Roasted Eggplant,food,instacart_web
Barbeque Flavor Texas Veggie Burger,food,instacart_web
QTYPRICE,not_food,receipt_ocr
Almond Cheddar Style Cheese Alternative Block,food,instacart_web
Maifun Brown Rice Noodles,food,instacart_web
LuckyarmsCereal,food,synthetic_ocr_aug
ORGANICCINNAMONGRAHAMCRACKERS,food,synthetic_ocr_aug
Carrot Sticks,food,instacart_web
Gluten Free Classic Hotdog Buns,food,instacart_web
Frozen Microwaveable Chicken Pot Pie,food,instacart_web
Blackberry Yogurt,food,instacart_web
cheeseshreddedmozzarellalowmoisturepartskim,food,synthetic_ocr_aug
0.01,not_food,receipt_ocr
66.6,not_food,receipt_ocr
Holiday Nog,food,instacart_web
specialty vegetables,food,basket_categories_web
OrgicWholeWheatSourdoughBread,food,synthetic_ocr_aug
1RGER66 BLEU+19,food,receipt_ocr
Taco TuesdayPastor,food,receipt_ocr
Wagyu Cheeseburger,food,receipt_ocr
PeanututterCupsMiis,food,synthetic_ocr_aug
Crunchy Oats 'n Honey Granola Bars,food,instacart_web
Organic Vanilla Kefir,food,instacart_web
Rosemary,food,instacart_web
TemptUnsweetenedCoco1nutHempMilk,food,synthetic_ocr_aug
Snack Size Vanilla Yogurt Raisins,food,instacart_web
1.95,not_food,receipt_ocr
Cinnamon Multigrain Cereal,food,instacart_web
4/200,not_food,receipt_ocr
Authentic Red Curry Paste,food,instacart_web
Natur<U+0435>'s Calorie-Free Sweetener,food,instacart_web
GardcFres,food,receipt_ocr
Gluten Free Foods Granola,food,instacart_web
Boneless Ham Steak,food,instacart_web
100% Whole Wheat English Muffin 6 Ct,food,instacart_web
French Style Green Beans,food,instacart_web
OrganicSlicedProvaloneeCheese,food,synthetic_ocr_aug
1::00,not_food,receipt_ocr
HD32X4O1K9,not_food,receipt_ocr
CinnamonT,food,synthetic_ocr_aug
Gluteen Free Center Cut Applewood Smoked Uncured Bacon,food,instacart_web
Turkey Smoked Sausage,food,instacart_web
Cffematnoturalblissswctcrmecoffecreamr,food,synthetic_ocr_aug
CmbnatonPrtyPizz,food,synthetic_ocr_aug
French Vanilla Granola,food,instacart_web
3#*VS,not_food,receipt_ocr
15.991,not_food,receipt_ocr
ChsTaRTe,food,receipt_ocr
1 MARY CHICKEN,food,receipt_ocr
coconutalmon,food,synthetic_ocr_aug
Milk Chocolate Covered Frozen Banana,food,instacart_web
"Purple Asparagus, Bunch",food,instacart_web
%T,not_food,receipt_ocr
10McNuggetsEVM,food,receipt_ocr
57% Organic Dark Chocolate With Sea Salt,food,instacart_web
065h,not_food,receipt_ocr
Big California Sourdough Bread,food,instacart_web
牛肉面,not_food,receipt_ocr
Bl/ueCheeseCrumbles,food,synthetic_ocr_aug
USDA AA Extra Large Eggs,food,instacart_web
Organic Reduced Fat 2% Cottage Cheese,food,instacart_web
STEAMED GTNGER CHICKEN,food,receipt_ocr
1X6.000,not_food,receipt_ocr
Classic White Bread,food,instacart_web
Boston / Butter Lettuce,food,instacart_web
Old Fashioned Apple Cider,food,instacart_web
Supremely Spicy Hummus,food,instacart_web
ty Chicken,food,receipt_ocr
Amnount,not_food,receipt_ocr
Who1Ecorrots,food,synthetic_ocr_aug
Whipped Cream Cheese,food,instacart_web
mixedveget,food,synthetic_ocr_aug
MIGHT,not_food,receipt_ocr
Organic Red Cherry Tomato,food,instacart_web
Pluot,food,instacart_web
TenderBranchHibiseus,not_food,receipt_ocr
Red Mango,food,instacart_web
QTE,not_food,receipt_ocr
tti,not_food,receipt_ocr
Artisan Blends Parmesan Shredded Cheese,food,instacart_web
of,not_food,receipt_ocr
MUTTONSTEW,food,receipt_ocr
Snacks Sharp Cheddar Sticks Cheese,food,instacart_web
TOPVALUVIRGIN,food,receipt_ocr
Lemon Pepper Fish Complete Meals,food,instacart_web
Product,food,receipt_ocr
Milk Chocolate Almonds,food,instacart_web
Yellow Corn Tortilla Chips,food,instacart_web
Multi-Seeds Cracker,food,instacart_web
RapidRise Yeast,food,instacart_web
HKBXTISS,not_food,receipt_ocr
$36.86,not_food,receipt_ocr
Sparkling Blueberry,food,instacart_web
Ground Coffee,food,instacart_web
Spiey,not_food,receipt_ocr
French Vanilla Soy Creamer,food,instacart_web
BrreadCrumbs,food,synthetic_ocr_aug
Peach Pear Flavored Sparkling Water,food,instacart_web
Potato Yukon Gold Organic,food,instacart_web
Tuna Salad with Crackers Snack,food,instacart_web
TotaT(MYR),not_food,receipt_ocr
OnionRing,food,receipt_ocr
Caffeine Free Diet Coke Soda,food,instacart_web
APPLELEMONCA,food,synthetic_ocr_aug
Four Cheese Rising Crust Pizza,food,instacart_web
Steamfresh Premium Selects Frozen Whole Green Beans,food,instacart_web
Classic Roast,food,instacart_web
IBUPROFEN,not_food,receipt_ocr
Liquid Egg Whites,food,instacart_web
Harvest Snaps Wasabi Ranch,food,instacart_web
OrgannicStonegroundWheatCrackers,food,synthetic_ocr_aug
Original Nooks & Crannies English Muffins,food,instacart_web
1LobsterTah,food,receipt_ocr
FEBRICOL,not_food,receipt_ocr
"Peanut Butter, Unsalted, Crunchy",food,instacart_web
PVOMAN,not_food,receipt_ocr
Organic Unsweetened Original Non Dairy Almond Beverage,food,instacart_web
2.64 Z,not_food,receipt_ocr
Vgctarirchliseasoning,food,synthetic_ocr_aug
KUTOT,not_food,receipt_ocr
Vegan Sour Cream & Onion Kettle Chips,food,instacart_web
Passion Fruit,food,instacart_web
Iron,not_food,receipt_ocr
ROOMALI.ROTI,food,receipt_ocr
EggMatzoos,food,synthetic_ocr_aug
DbaOmega3ReducedFat2%Mi1k,food,synthetic_ocr_aug
DHA Omega-3 Vanilla Lowfat Milk,food,instacart_web
Fried,not_food,receipt_ocr
GlutenFreeOriginalGranola,food,synthetic_ocr_aug
Heirloom Tomato,food,instacart_web
Pure Butter Shortbread,food,instacart_web
1 Veg/ Tofu Pad Thai,food,receipt_ocr
51.000,not_food,receipt_ocr
Whole Milk Plain Yogurt,food,instacart_web
Frosted Mini-Wheats Original Cereal,food,instacart_web
Selected Red Wine Vinegar,food,instacart_web
Brioche Tressee Slice Loaf,food,instacart_web
White Corn Tortillas Super Size,food,instacart_web
3.00X3.00,not_food,receipt_ocr
Organic Eggplant Parmesan,food,instacart_web
528.00,not_food,receipt_ocr
"Buttermilk, Cultured Low Fat",food,instacart_web
150.00/1,not_food,receipt_ocr
18.99,not_food,receipt_ocr
Side Salad,food,receipt_ocr
Amish Gorgonzola Cheese Crumbles,food,instacart_web
A27269,not_food,receipt_ocr
glIphite,not_food,receipt_ocr
Organic Radicchio Castelfranco,food,instacart_web
OriginalTo/furkyDeliSlices,food,synthetic_ocr_aug
lARgEElBOWmac,food,synthetic_ocr_aug
Organic Cheddar Snack Mix,food,instacart_web
baby food,food,basket_categories_web
Distilled Water,food,instacart_web
9.10,not_food,receipt_ocr
bAnaNACReAmTradiTiONAlOikOsg,food,synthetic_ocr_aug
Organic Lightly Sweetened Sunflower Seed Butter,food,instacart_web
PorkRibs,food,receipt_ocr
cOCoNUtoatMEalBliSSCooKIeS,food,synthetic_ocr_aug
Yakisoba Roast Chicken Flavor,food,instacart_web
5.90*4,not_food,receipt_ocr
Arroz,food,receipt_ocr
Light Butter with Canola Oil,food,instacart_web
Hot Sauce,food,instacart_web
3 GreyGaose,food,receipt_ocr
BUTTERKULCHA,food,receipt_ocr
VEG BIRYANI,food,receipt_ocr
NOFIG-NIXS,not_food,receipt_ocr
52.49,not_food,receipt_ocr
Golden Pineapple,food,instacart_web
PORKCHOPS,food,synthetic_ocr_aug
Frozen Classic Coconut Layer Cake,food,instacart_web
SemSoftPart-SimSlices,food,synthetic_ocr_aug
cookingchooat,food,synthetic_ocr_aug
CROCS 3OOX1ZTUBES,not_food,receipt_ocr
126-88,not_food,receipt_ocr
ADDSALAD,food,receipt_ocr
Raw Mild Cheddar Cheese,food,instacart_web
SweetBa,food,synthetic_ocr_aug
100% Orange Strawberry Banana Juice,food,instacart_web
Peppermint Tea,food,instacart_web
Oven Roasted White Turkey,food,instacart_web
BUTTER,food,receipt_ocr
59833B0016_Chicken,food,receipt_ocr
Perfect Pinch Italian Seasoning,food,instacart_web
*1,not_food,receipt_ocr
OrganicVnilaBeanIceCrem,food,synthetic_ocr_aug
Spicy Black Bean & Kale Organic Soup,food,instacart_web
SweetBelgianStyleWafflesCinnamonSwirl,food,synthetic_ocr_aug
10.00,not_food,receipt_ocr
dePo,not_food,receipt_ocr
Baked Crunchy Cheese Flavored Snacks,food,instacart_web
WhiteGlassPinotGr,not_food,receipt_ocr
Bag of Organic Fuji Apples,food,instacart_web
Nt&HnySnackGranola,food,synthetic_ocr_aug
Kefir,food,synthetic_food_list
27,not_food,receipt_ocr
Puffed Corn Cereal,food,instacart_web
Pescado,food,receipt_ocr
Horchata,food,receipt_ocr
Sliced Black Olives,food,instacart_web
Outshine Lime Fruit Bars,food,instacart_web
Hab RojasRed Bean,food,receipt_ocr
sANdWIcHPOTAToBREaD,food,synthetic_ocr_aug
Aged White Cheddar Baked Rice And Corn Puffs,food,instacart_web
Organic Hummus Roasted Red Pepper,food,instacart_web
Stick East Coast Vegetable Oil Spread,food,instacart_web
MUTTONDAL GOSHT,food,receipt_ocr
OrgancGradeAFreRangeLrgeBrownggs,food,synthetic_ocr_aug
Steel Cut Oats,food,instacart_web
IOFRIES,food,receipt_ocr
Champagne Dressing,food,instacart_web
Organic Ketchup Gluten Free,food,instacart_web
100%NaturralWholePeeledPlumTomatoes,food,synthetic_ocr_aug
00.6,not_food,receipt_ocr
Southern Butter Pecan<U+00A0>Gelato,food,instacart_web
01061,not_food,receipt_ocr
DragonFFruit,food,synthetic_ocr_aug
Teriyaki,food,receipt_ocr
Numeral 3 Birthday Candle,food,instacart_web
Chocolate Wafer,food,receipt_ocr
2%MilkfatGreekogurtwithMangoOTheBottom,food,synthetic_ocr_aug
49.500,not_food,receipt_ocr
BeefNoodles,food,receipt_ocr
TonicWater,food,synthetic_ocr_aug
Domestic Baby Seedless Cucumbers,food,instacart_web
3604,not_food,receipt_ocr
Meatloaf and Mashed Potatoes,food,instacart_web
11V2-VITTEL,food,receipt_ocr
"Cabernet Sauvignon, California, 2011",food,instacart_web
Petit Suisse Fruit,food,instacart_web
ry Chicken,food,receipt_ocr
Chocolate Cream Pie,food,instacart_web
Tomato and Basil Pasta Sauce,food,instacart_web
Add Twotostones,food,receipt_ocr
Traditiona1 Pork &Clams,food,receipt_ocr
Extra Sharp White Cheddar Cheese,food,instacart_web
Strawberry Cheesecake Flavored Low Fat Yogurt,food,instacart_web
Dotorbanana,food,receipt_ocr
21.95,not_food,receipt_ocr
068,not_food,receipt_ocr
CHIC TERIYAKI ALCART,food,receipt_ocr
1.5% Milkfat Grade A Pasteurized Lowfat Cottage Cheese,food,instacart_web
LOWFATMINTYCHOCOLATECHIPORGANICFROZENYOGURT,food,synthetic_ocr_aug
Koobldehx7,food,receipt_ocr
$12.00,not_food,receipt_ocr
"Organic Gala Apples, Bag",food,instacart_web
OPTIONAL,not_food,receipt_ocr
Nture'sCalori-FreSwetnr,food,synthetic_ocr_aug
DragonFruit,food,synthetic_ocr_aug
($12.00),not_food,receipt_ocr
Seasoning Bay Leaf,food,instacart_web
Diced Butternut Squash,food,instacart_web
3.30,not_food,receipt_ocr
Organic Greek Plain Lowfat Yogurt,food,instacart_web
Italian Herb Seasoning,food,instacart_web
SAMER CHEESE,food,receipt_ocr
"Fresh Frozen Strawberries, Blueberries & Cherries with Kale",food,instacart_web
Bay Leaves,food,instacart_web
Chocolate Coconut Chew Flavored Bar,food,instacart_web
$18.00,not_food,receipt_ocr
OrganicCeleryHcorts,food,synthetic_ocr_aug
SAYURRMIOO,food,receipt_ocr
BRCFLRTEATSMART,food,receipt_ocr
Uncured Diced Pancetta,food,instacart_web
CupItaTanWedaingSoup,not_food,receipt_ocr
Bleberries,food,synthetic_ocr_aug
TA,not_food,receipt_ocr
1HouseCab,food,receipt_ocr
DairyFreeGlutenFeCookieDoughCoconutMikFrozenDessert,food,synthetic_ocr_aug
HealthyGrainsOats&HoneyClusterswithToastedCoconutGlutenFree,food,synthetic_ocr_aug
NAtvRlLeRNonflVORsparkLInGMnraLWatr,food,synthetic_ocr_aug
[Chicken][5*****][Sma1]BrownRice],food,receipt_ocr
GST@6%+125,not_food,receipt_ocr
Cotton Candy Grapes,food,instacart_web
Gluten Free Baguettes,food,instacart_web
Diced Hot Green Chiles,food,instacart_web
White Cheddar Macaroni & Cheese Cups,food,instacart_web
14-00,not_food,receipt_ocr
Organic Apple Chicken Sausage,food,instacart_web
Almond Flour Tortillas,food,instacart_web
ButtermlkBiscits,food,synthetic_ocr_aug
Meat & Cheese Tray,food,instacart_web
Original Hummus,food,instacart_web
Fruit Gushers Fruit Flavored Snacks Variety Pack,food,instacart_web
5.0007,not_food,receipt_ocr
InTomatoSauceSpaghetti&Meatballs,food,synthetic_ocr_aug
Fresh Cut Butternut Squash,food,instacart_web
Soy Milk,food,synthetic_food_list
Blueberry Yogurt,food,instacart_web
Brownie Bites,food,instacart_web
3.65,not_food,receipt_ocr
Organic Extra Large Eggs,food,instacart_web
Nocaloriesw,food,synthetic_ocr_aug
6R60,not_food,receipt_ocr
Slivered Almonds,food,instacart_web
Peanut & Gluten Free Smooth Almond Butter,food,instacart_web
ORGANICQUICKROLLE,food,synthetic_ocr_aug
toiten,not_food,receipt_ocr
Tomatillo,food,instacart_web
Frozen Breaded Bagged Chicken Nuggets,food,instacart_web
Organic YoKids Smoothie Strawberry Banana Lowfat Yogurt,food,instacart_web
GratedPecorinoRomanoCheese,food,synthetic_ocr_aug
non-gMOCacAobaNaNa,food,synthetic_ocr_aug
Thin Sliced American Cheese,food,instacart_web
OriginalSweetenedDriedCranbe,food,synthetic_ocr_aug
Organic Colorado Cracked Wheat Bread,food,instacart_web
Glazed Turkey Tenderloins,food,instacart_web
English Teatime Black Tea,food,instacart_web
Cranberry Chia Crunch Granola Bars,food,instacart_web
96.6,not_food,receipt_ocr
CREoMYCBocolatfROSTNg,food,synthetic_ocr_aug
Madras Lentils Indian Cuisine,food,instacart_web
Wild Albacore Tuna No Salt Added,food,instacart_web
TiTapiawhi,food,receipt_ocr
FettuccineAIfredo,food,receipt_ocr
525,not_food,receipt_ocr
Ligbt5trawberryYogurt,food,synthetic_ocr_aug
Raspberry Lemonade,food,instacart_web
Egg1.30,food,receipt_ocr
All Natural Virgin Lemonade,food,instacart_web
LwFaT1cEcRCMBaRsMNTFudgSwIrL,food,synthetic_ocr_aug
Organic Sweet Corn,food,instacart_web
Organic AppleApple,food,instacart_web
4.99/1b,not_food,receipt_ocr
Natural Low Sodium Creamy Peanut Butter Spread,food,instacart_web
Gluten Free Uncured Pepperoni Pizza,food,instacart_web
TEAPOT,not_food,receipt_ocr
Veganic Sprouted Ancient Maize Flakes,food,instacart_web
Soft Potato Bread,food,instacart_web
Dry Pasta Lasagne,food,instacart_web
SpaghettiwithMeatballs,food,synthetic_ocr_aug
INDOMIE GRGRTCA 85G,food,receipt_ocr
Honey Mustard and Onion Pretzels Pieces,food,instacart_web
NoBresd,not_food,receipt_ocr
Organic Simply Stock Unsalted Chicken Stock,food,instacart_web
Sliced Soppressata Salame,food,instacart_web
10350/ea,not_food,receipt_ocr
Snap Peas,food,synthetic_food_list
WholeGrainsDoubleFiber,food,synthetic_ocr_aug
AwakcnAloe+WhcatgrassDrink,food,synthetic_ocr_aug
Tagliatellaal Ragu,food,receipt_ocr
Vitamin D Organic Whole Milk,food,instacart_web
5OOML,not_food,receipt_ocr
Chocolate Chip Love Cookies,food,instacart_web
Granny Smith,food,produce_classes_web
Classic Cheddar Potatoes Pierogie,food,instacart_web
Pinot Grigio,food,instacart_web
JSMirEgrEEn1cDta,food,synthetic_ocr_aug
Outshine Strawberry Fruit Bars,food,instacart_web
"Cheese, Provolone",food,instacart_web
RaspberryZingerCaffeineFreeHe,food,synthetic_ocr_aug
Earl Grey Decaffeinated Black Tea,food,instacart_web
OR,not_food,receipt_ocr
Sliced Pepperoncini,food,instacart_web
PoachedShrimpCocktail,not_food,receipt_ocr
46MM￥5M,not_food,receipt_ocr
Sweet Cinnamon Spice Herbal Tea,food,instacart_web
KNISH,food,receipt_ocr
130X6-B0,not_food,receipt_ocr
"cHEESE,MarinateD,sHEEP&go",food,synthetic_ocr_aug
Fresh Chicken Thighs,food,instacart_web
AIN,not_food,receipt_ocr
Dark Chocolate Coconut Almond Bark,food,instacart_web
2498,not_food,receipt_ocr
Whole Organic Omega 3 Milk,food,instacart_web
709.50 SR,not_food,receipt_ocr
4-40,not_food,receipt_ocr
Creamy Almond Butter,food,instacart_web
Organic Low Sodium Very Veggie Juice,food,instacart_web
Hearty Grains 100% Whole Wheat English Muffins,food,instacart_web
Multi Seed English Muffin,food,instacart_web
Med Coke,food,receipt_ocr
Coco Crunch Sprouted Granola,food,instacart_web
1BEEFEATER-MARTINI,food,receipt_ocr
FChoc Pot De Cren,food,receipt_ocr
90.600,not_food,receipt_ocr
Original Roasted Seaweed Snacks,food,instacart_web
Pecorino Romano,food,instacart_web
Tamny,not_food,receipt_ocr
Corn Maize Tortillas,food,instacart_web
100% Natural Spring Water,food,instacart_web
Baby Oatmeal Cereal,food,synthetic_food_list
00:05,not_food,receipt_ocr
10x,not_food,receipt_ocr
Fully Husked & Trimmed Super Sweet Corn,food,instacart_web
Caka Specialty(Various),food,receipt_ocr
Bento,food,receipt_ocr
Lactose Free 2% Reduced Fat Milk,food,instacart_web
MuffinChacolate,food,receipt_ocr
HeirloomTom/atoes,food,synthetic_ocr_aug
ESODEGTYUIPRICE ANT,not_food,receipt_ocr
2PHOTOCOPYA4,not_food,receipt_ocr
TomatoBasilCookingSauce*,food,synthetic_ocr_aug
$11.38,not_food,receipt_ocr
Original 100% Pure No Pulp Orange Juice,food,instacart_web
Whole Food Market Beets,food,branded_items_web
Organic Chunky Tomato Sauce,food,instacart_web
pASSIonFRUiT,food,synthetic_ocr_aug
3.350,not_food,receipt_ocr
TALLAI,not_food,receipt_ocr
Primo Thin Margherita Pizza,food,instacart_web
Old Vine Zinfandel Wine,food,instacart_web
Fruit Tea Sampler Herbal Tea,food,instacart_web
sh,not_food,receipt_ocr
Lamb Chops,food,synthetic_food_list
15-40SR,not_food,receipt_ocr
ItemNo,not_food,receipt_ocr
Premium Belgian Lager,food,instacart_web
Salisbury Steak Frozen Dinner,food,instacart_web
Vanilla Soy Creamer,food,instacart_web
Baked Aged White Cheddar Rice and Corn Puffs,food,instacart_web
1 SOPEASADA,food,receipt_ocr
Dhaba ChickenTikka,food,receipt_ocr
Saladcrspy.,food,receipt_ocr
Organic Fillo Dough,food,instacart_web
SM.DRINK,food,receipt_ocr
1.BRUSSELSPROUTS,food,receipt_ocr
Fruit Roll-Ups Strawberry Sensation Fruit Flavored Snacks,food,instacart_web
Organic Dressing & Sandwich Spread,food,instacart_web
AlmondFlo,food,synthetic_ocr_aug
UnsaltedVegeableookingStok,food,synthetic_ocr_aug
Chocolate Brownie Kid Z Bar,food,instacart_web
ChickenPepper,food,receipt_ocr
froZenMANGochUNKS,food,synthetic_ocr_aug
5090,not_food,receipt_ocr
CreaofChicken&MushroomCondensedSoup,food,synthetic_ocr_aug
Dark Chocolate Acai Blueberry,food,instacart_web
Extra5trongDarkChoco1ate,food,synthetic_ocr_aug
193.00.SR,not_food,receipt_ocr
Morning Rounds Muesli Fruit & Grain Buns,food,instacart_web
E.25.98,not_food,receipt_ocr
SOUTH-HIPPOCAMPUS,not_food,receipt_ocr
Organic Berry Basket Blend,food,instacart_web
Egg Roll Wraps,food,instacart_web
Sliced Swiss Cheese,food,instacart_web
G Series Perform Frost Glacier Cherry Sports Drink,food,instacart_web
STAR ORANGE FLAVOUR 25ML,food,receipt_ocr
cheeseenchiladameal,food,synthetic_ocr_aug
Organic Chai Tea Latte Concentrate,food,instacart_web
Multi-Seed Rosemary + Olive Oil Crackers,food,instacart_web
Unsweetened Organic Ginger Oasis Tea,food,instacart_web
OrgonicCreamyTornatoSoup,food,synthetic_ocr_aug
cherryvanillacherryonthebott,food,synthetic_ocr_aug
1% Low Fat Chocolate Milk,food,instacart_web
CcnutlmndMnisFrozenDssrtBars,food,synthetic_ocr_aug
Organic Tomato Sauce,food,instacart_web
Sashimi49u,food,receipt_ocr
Fridge Pack Cola,food,instacart_web
Original Classic Sausage Pizza,food,instacart_web
Max,not_food,receipt_ocr
OZOOESOGO88,not_food,receipt_ocr
Tri-Colored Sliced Carrots,food,instacart_web
61.60,not_food,receipt_ocr
ZRL,not_food,receipt_ocr
SEUE,not_food,receipt_ocr
3 Jumbo Romaine Hearts,food,instacart_web
PeiteGreenPeas,food,synthetic_ocr_aug
IcedSweetTea,food,receipt_ocr
Gluten Free Comfort Chicken In Sweet BBQ Sauce Frozen Dinner,food,instacart_web
Grapefruit Sparkling Water,food,instacart_web
9999,not_food,receipt_ocr
Soft French-Style Herb-Garlic Nut Cheese,food,instacart_web
5500,not_food,receipt_ocr
IQF,not_food,receipt_ocr
CORNETTO BLCK&WH82,food,receipt_ocr
PineappleStrawberryNaturallyEss,food,synthetic_ocr_aug
Skel,not_food,receipt_ocr
Organic Vitality Snack Chia Squeeze Blackberry Bliss,food,instacart_web
HoZlRUtTRUfflDaRKCHocLatBar,food,synthetic_ocr_aug
915.000,not_food,receipt_ocr
CHICKENROAST,food,receipt_ocr
$14.95,not_food,receipt_ocr
4.L0SR,not_food,receipt_ocr
Whole Grains Double Fiber Bread,food,instacart_web
7 Up Lemon Lime Soda,food,instacart_web
Gourmet Cut Garlic Croutons,food,instacart_web
45000,not_food,receipt_ocr
"Pepper Sauce, Organic, Jalapeno",food,instacart_web
W0ildSkipjackLightTuna,food,synthetic_ocr_aug
10900,not_food,receipt_ocr
Medium Salsa,food,instacart_web
Duck Breast,food,synthetic_food_list
Seasoning Whole Madagascar Vanilla Beans,food,instacart_web
SOUPEDUJOUR,food,receipt_ocr
000006146818,not_food,receipt_ocr
Strained Whole-Milk Yogurt Blueberry,food,instacart_web
200:00-20000,not_food,receipt_ocr
Instant Vanilla Pudding & Pie Filling,food,instacart_web
66,not_food,receipt_ocr
Organic Quick Rolled Oats,food,instacart_web
idsiunowBes,not_food,receipt_ocr
30% Less Sodium Taco Seasoning Mix,food,instacart_web
FudgeGrahamNNutritionBar,food,synthetic_ocr_aug
Just Ranch Spread,food,instacart_web
Butter Top Wheat Bread,food,instacart_web
UNSWEETENEDVANILLAALMONDMILK,food,synthetic_ocr_aug
Strawberry Banana Flavored 4 Juice Smoothie Blend,food,instacart_web
Or1ganicRoastedTurkeyBreast,food,synthetic_ocr_aug
Thin Rice Noodles,food,instacart_web
Organic Cultured Sour Cream,food,instacart_web
JnitPrice,not_food,receipt_ocr
7.99,not_food,receipt_ocr
Super Soft Flour Tortillas Fajita Size 20 ct,food,instacart_web
UNITAmtExc,not_food,receipt_ocr
[1]牛肉面,not_food,receipt_ocr
Double Chocolate Chip Protein Bar,food,instacart_web
Organic Roasted Red Pepper Hummus,food,instacart_web
Natural Choice Smoked Sliced Deli Turkey,food,instacart_web
INDOFOOD TIGASAPI 490 GR,food,receipt_ocr
1X3.00,not_food,receipt_ocr
DSKSN,not_food,receipt_ocr
NOBread,food,receipt_ocr
Order#,not_food,receipt_ocr
41-000,not_food,receipt_ocr
Organic English Cucumber,food,instacart_web
Vegan Santa Fe Style Flour Tortilla Rolled Tacos,food,instacart_web
GreenScedlessGrapcs,food,synthetic_ocr_aug
9OMG,not_food,receipt_ocr
2 DOUBLE DIP1 tKy.,food,receipt_ocr
鸡蜂水面,not_food,receipt_ocr
Vanilla Yogurt Raisins Halloween Mini-Snacks,food,instacart_web
Blackberries,food,instacart_web
Organic Cream of Mushroom Condensed Soup,food,instacart_web
Vegetable Pot Pie,food,instacart_web
RomaTomatoes,food,synthetic_ocr_aug
CkeDoghNtritionBar,food,synthetic_ocr_aug
Canned Diet,food,instacart_web
Coconut Milk Vanilla Mini Sandwiches,food,instacart_web
1WarmeChocomelkslagroom,not_food,receipt_ocr
Organic Wheat-Free & Gluten-Free Original Crackers,food,instacart_web
B.M.TSUS,food,receipt_ocr
Oreo Cookies and Cream Frozen Dairy Dessert,food,instacart_web
1 #3 3WING MEAL,food,receipt_ocr
"Tortilla Chips, Corn, Red Hot Blues",food,instacart_web
Chocolate,food,instacart_web
ELittleHamburger,food,receipt_ocr
15.00,not_food,receipt_ocr
ZestyFrehDressng,food,synthetic_ocr_aug
U/Price,food,receipt_ocr
MEASUREMENTTAPE,not_food,receipt_ocr
Fully Cooked Original Bacon,food,instacart_web
Zen Tea,food,instacart_web
Organic Breakfast Blend Whole Bean Coffee,food,instacart_web
15APVOCONNECTOR@1.8000,not_food,receipt_ocr
>Pckles,food,receipt_ocr
8013595,not_food,receipt_ocr
Organic Jumbo Grade A Pastured Eggs,food,instacart_web
Special K Oats & Honey Cereal,food,instacart_web
22.50,not_food,receipt_ocr
PKLIF,not_food,receipt_ocr
Welchs 100% Grape Juice,food,instacart_web
oRigInALO,food,synthetic_ocr_aug
Pie,food,receipt_ocr
DoLorbanana.,food,receipt_ocr
e6psnps,not_food,receipt_ocr
Tomato Sauce with Sea Salt,food,instacart_web
Fajita-Style Grilled Chicken Breast Strips,food,instacart_web
rutoboga,food,synthetic_ocr_aug
Pomegranate Italian Soda,food,instacart_web
PUFFSCHEESEFLAVOREDSN,food,synthetic_ocr_aug
S3.00,not_food,receipt_ocr
S1595,not_food,receipt_ocr
To Bar,food,receipt_ocr
ns($1.50).white,food,receipt_ocr
"Prosciutto,Amcricaro",food,synthetic_ocr_aug
1Del1very,food,receipt_ocr
WaffleFriesFrcnchFriedPotatocs,food,synthetic_ocr_aug
Macrobar Cherries N Berries,food,instacart_web
kies3pcs,food,receipt_ocr
MedDrPeppor,food,receipt_ocr
Tortilla Crusted Fish,food,instacart_web
CreSceN,food,synthetic_ocr_aug
Himalania Fine Pink Salt Glass Jar,food,instacart_web
Tiny Whole Green Beans,food,instacart_web
3313,not_food,receipt_ocr
Organic Orange Fruit Juice,food,instacart_web
ueso,food,receipt_ocr
3-2,not_food,receipt_ocr
6.300X,not_food,receipt_ocr
0lives,food,receipt_ocr
originalbrancereal,food,synthetic_ocr_aug
Amot,not_food,receipt_ocr
7OZSAUSAGEGRAVYBOW#L,food,synthetic_ocr_aug
scuptiol,not_food,receipt_ocr
7.500,not_food,receipt_ocr
saalt Dinner 23.3e,food,receipt_ocr
Beef&BeanBurrito,food,synthetic_ocr_aug
603429,not_food,receipt_ocr
All Natural Noodles,food,instacart_web
Light Rye Crispbread,food,instacart_web
15-800,not_food,receipt_ocr
"VEGTOBL8AS,ORGNIC",food,synthetic_ocr_aug
SaImonSashiml:,food,receipt_ocr
lfon,not_food,receipt_ocr
100%JuiceeGrape,food,synthetic_ocr_aug
RooastedTurkey,food,synthetic_ocr_aug
SPRG,food,receipt_ocr
Large Grade A Super Eggs,food,instacart_web
"Italian Pasta Sauce Basilico Tomato, Basil & Garlic",food,instacart_web
Soft,food,receipt_ocr
Chinese,not_food,receipt_ocr
BANH BAOKEP,food,receipt_ocr
60,not_food,receipt_ocr
Hote,not_food,receipt_ocr
Fit Triple Berry Crunch Whole Grain Granola,food,instacart_web
1% Low Fat Milk,food,instacart_web
Unsweetened 100% Cocoa,food,instacart_web
CheeseQ,food,receipt_ocr
18.95,not_food,receipt_ocr
1Chicken ch,food,receipt_ocr
7.29,not_food,receipt_ocr
Mesquite Smoked Turkey Breast,food,instacart_web
1ItemCInclusive,not_food,receipt_ocr
Zucchini Noodles,food,instacart_web
5.50 Eur B,not_food,receipt_ocr
RGNICTRNATOKCTCHP,food,synthetic_ocr_aug
Original Bacon,food,instacart_web
Roasted Red Pepper Hummus,food,instacart_web
Maguro-Sashimi,food,receipt_ocr
Cinnamon Toast Crunch,food,instacart_web
Corn Puffs with Aged White Cheddar (Lunch Packs),food,instacart_web
PEN,not_food,receipt_ocr
1-X8190,not_food,receipt_ocr
ORGANICMINIPEELEDCARROTS,food,synthetic_ocr_aug
$10.36,not_food,receipt_ocr
BogofBlue,not_food,receipt_ocr
Chunky Chocolate Chunk Cookies,food,instacart_web
24.95,not_food,receipt_ocr
"Tortllas,BrownRce",food,synthetic_ocr_aug
Garbanzos Chick Peas,food,instacart_web
Snack Size Candy,food,instacart_web
Honey Crunchy Flavor Corn Dogs 6 Count,food,instacart_web
PESCADOAL,food,receipt_ocr
Mo's  Milk Chocolate With Bacon Bar,food,instacart_web
19:00,not_food,receipt_ocr
8.000,not_food,receipt_ocr
Organic Whole Wheat Flour,food,instacart_web
Organic Chicken Drumsticks,food,instacart_web
Bun Length Franks,food,instacart_web
OrganicSpinach&FetaDinnnerSausage,food,synthetic_ocr_aug
3Pupusa Queso,food,receipt_ocr
LightStraw,food,synthetic_ocr_aug
Wheat Thins Reduced Fat Crackers,food,instacart_web
T>SubSweetPotato Fries,food,receipt_ocr
Organic Wheat Grass,food,instacart_web
"1,Chicken Ch",food,receipt_ocr
595.00,not_food,receipt_ocr
$5,not_food,receipt_ocr
8099061,not_food,receipt_ocr
Organic Ranch Dressing,food,instacart_web
Sheep Milk Vanilla Yogurt,food,instacart_web
Tomato Condensed Soup,food,instacart_web
Black Pepper Corns Mill Organic Spices,food,instacart_web
Extra Stout,food,instacart_web
BOWL,food,receipt_ocr
Black Raspberry Sparkling Water Drink,food,instacart_web
￥OON T MAKE*,not_food,receipt_ocr
Veri Veri Teriyaki Marinade & Sauce Less Sodium,food,instacart_web
1937,not_food,receipt_ocr
Almondmilk Reduced Sugar Original Non-Dairy Beverage,food,instacart_web
Tilapia Filet,food,instacart_web
99,not_food,receipt_ocr
LYCHEE TEA,food,receipt_ocr
Simple Favorites Fettuccini Alfredo,food,instacart_web
TruMoo 1% Lowfat Milk Chocolate,food,instacart_web
horcy,food,synthetic_ocr_aug
"Tiny Twists Pretzels, Original",food,instacart_web
Muffin Chocolate,food,receipt_ocr
Taco D Carne Asada,food,receipt_ocr
0.20.SR,not_food,receipt_ocr
Add Two Meatball,food,receipt_ocr
LittleBitesChocolateChipM,food,synthetic_ocr_aug
EggRoll,food,receipt_ocr
MilkcHocoLTEcrUnCHBNcHCRdyNSTANCLPBaG,food,synthetic_ocr_aug
TSLBFIXN,food,receipt_ocr
codYRCae,food,receipt_ocr
"Cooking Sauce, La Pizza",food,instacart_web
AlmndMilkRcotta,food,synthetic_ocr_aug
Garlic Texas Toast,food,instacart_web
Organic Blues Bread with Blue Cornmeal Crust,food,instacart_web
CBX2,not_food,receipt_ocr
Organic Yellow Squash,food,instacart_web
STAR ORANGE FLAVOUR 2ML,food,receipt_ocr
Mor,not_food,receipt_ocr
Breadstick,food,instacart_web
All Purpose Flour,food,instacart_web
UnCruStaBlesPEANUTbuttER&str,food,synthetic_ocr_aug
Iterm,not_food,receipt_ocr
Non Fat Acai & Mixed Berries Yogurt,food,instacart_web
Seasoned Tomato Sauce for Chili,food,instacart_web
Lemonade with Mango,food,instacart_web
Manhattan Style Whole Kosher Pickles,food,instacart_web
5OLOVE fromKINJO,not_food,receipt_ocr
European Cucumber,food,instacart_web
Organic Stevia,food,instacart_web
554,not_food,receipt_ocr
Gourmet Mochi Ice Cream Bonbons,food,instacart_web
Traditional Pasta Sauce,food,instacart_web
(W33)1O5MM/4'CUTTINGDISC,not_food,receipt_ocr
VALENCIASACIOSBS,not_food,receipt_ocr
-11-90,not_food,receipt_ocr
atkon Hanacht,not_food,receipt_ocr
CHOW MET-1,food,receipt_ocr
0CrunchyOats'nHoneyGranolaBars,food,synthetic_ocr_aug
114.00,not_food,receipt_ocr
Lime Italian Sparkling Mineral Water,food,instacart_web
All Natural Whole Grain Ancient 12 Grains Bread,food,instacart_web
Hou,not_food,receipt_ocr
"Honey, Pure",food,instacart_web
OrganicNut&ChocolateMilksBlend,food,synthetic_ocr_aug
Elmo Mac 'n Cheese With Carrots & Broccoli,food,instacart_web
Chocolate & Peanut Butter Shell Topping,food,instacart_web
Blue Machine 100%  Juice Smoothie,food,instacart_web
Light Very Cherry Yogurt,food,instacart_web
me.SaiadST,food,receipt_ocr
1HappyMea1Hamburoer,food,receipt_ocr
Organic Medium Brown Eggs,food,instacart_web
TO6ET,not_food,receipt_ocr
SweetPotatoC,food,synthetic_ocr_aug
Sweet Potato Fries with Salt,food,instacart_web
13.90*1.,not_food,receipt_ocr
OINEIN,not_food,receipt_ocr
Sriracha Sauce,food,instacart_web
KING OF EVERYTHING,not_food,receipt_ocr
Low Fat Minty Chocolate Chip Organic Frozen Yogurt,food,instacart_web
Cacao Sweet Raw Chocolate Nibs,food,instacart_web
1:50,not_food,receipt_ocr
HighProteinBarCreamyPanutButtr,food,synthetic_ocr_aug
CrabLgs,food,synthetic_ocr_aug
Mild Organic Salsa,food,instacart_web
32-49,not_food,receipt_ocr
100%Clombasuprcmomclum,food,synthetic_ocr_aug
OrgganicJasmineRice,food,synthetic_ocr_aug
Creme Brulee,food,receipt_ocr
FACEMASK,not_food,receipt_ocr
You Saved,not_food,receipt_ocr
2% Lactose Free Milk,food,instacart_web
FLIP<U+Z122>LW-FTKEYLIMECRUMBLEGRECKYOGURT,food,synthetic_ocr_aug
Pretzel Slider Buns,food,instacart_web
2:00,not_food,receipt_ocr
$17-00,not_food,receipt_ocr
"Ramen, Reduced Sodium, Asian Vegetable",food,instacart_web
Desserts,food,receipt_ocr
Ultragrain Tortillas 8 Taco Size,food,instacart_web
Kidz All Natural Baked Chicken Nuggets,food,instacart_web
ALO,not_food,receipt_ocr
MarinaHBl335mTNat-NutriSenum,not_food,receipt_ocr
Organic Pitted Green Olives,food,instacart_web
6.30,not_food,receipt_ocr
TacosTradicional Steak3,food,receipt_ocr
Titos Vodka Soda,food,receipt_ocr
ROT,food,receipt_ocr
4.600,not_food,receipt_ocr
AVOCADO,food,receipt_ocr
Brown Rice Spaghetti Pasta,food,instacart_web
Buttermilk Complete Pancake & Waffle Mix,food,instacart_web
1 Fajita Vegetable,food,receipt_ocr
Regularconcrete,not_food,receipt_ocr
WR,not_food,receipt_ocr
39.800,not_food,receipt_ocr
69.8,not_food,receipt_ocr
VegetableDump*ling,food,synthetic_ocr_aug
Butter Salted,food,instacart_web
Roasted Garlic Alfredo Pasta Sauce,food,instacart_web
3875,not_food,receipt_ocr
GRL Sand,food,receipt_ocr
$35.95,not_food,receipt_ocr
LoFries,food,receipt_ocr
Organic Granny Smith Apples,food,instacart_web
Vitaminwater<U+00AE>FocusKiwi-Strowbcrry,food,synthetic_ocr_aug
Beef Loin New York Strip Steak,food,instacart_web
XCppeneForratt,not_food,receipt_ocr
Roasted Salted Cashews,food,instacart_web
Turkey Cranberr Sage Bone Broth,food,instacart_web
Jalapeno Peppors,food,receipt_ocr
[Chicken][5*****][Sma]]BrownRice],food,receipt_ocr
sesameseed,food,synthetic_ocr_aug
TacoDepescado,food,receipt_ocr
F-ESGT,not_food,receipt_ocr
"TG77""HIPSPLATE(60PCS)JP",not_food,receipt_ocr
Awaken Aloe + Wheatgrass Drink,food,instacart_web
Loffee,food,receipt_ocr
"Noodles, Udon, Japanese",food,instacart_web
Sweet & Salty Nut Granola Bars,food,instacart_web
Diet 12 Oz Ginger Ale,food,instacart_web
19.81,not_food,receipt_ocr
Vanilla Double Shot Energy Drink,food,instacart_web
Organic Sprouted Whole Wheat Flour,food,instacart_web
Kids Soft and Chewy Candy,food,instacart_web
Medium Picante Salsa,food,instacart_web
"Farmhouse, Pancake & Waffle Mix",food,instacart_web
"Cheese, Fancy Shredded, Mexican Mix",food,instacart_web
c SoyV.,food,receipt_ocr
Sliced California Olives,food,instacart_web
Med0.00,not_food,receipt_ocr
008Z,not_food,receipt_ocr
Simply Delicious Gluten-Free Blissfully Berry Cereal,food,instacart_web
Margheritawithcherrytomatoespizza,food,synthetic_ocr_aug
AbunSalmonRol,food,receipt_ocr
Vanilla Bean Light Ice Cream,food,instacart_web
BACARDI LIGHT,food,receipt_ocr
Rp130.000,not_food,receipt_ocr
420G,not_food,receipt_ocr
Chips Ahoy Thin Crisps,food,instacart_web
RINSO DET.MTCFRNT3,not_food,receipt_ocr
Sprouted Blues Corn Tortilla Chips,food,instacart_web
BTTRSWCETCHOCOLATC,food,synthetic_ocr_aug
r Chicken,food,receipt_ocr
Godmorgonorangeredgrapefruitjuice,food,synthetic_ocr_aug
organiccreamycarrot&bunnypastasoup,food,synthetic_ocr_aug
HEEOAR,not_food,receipt_ocr
birthdaycake,food,receipt_ocr
DELECT BSOUE CKATN,food,receipt_ocr
chaiLatbolcod!,food,receipt_ocr
Organic Mayonnaise,food,instacart_web
Prosecco,food,instacart_web
10000,not_food,receipt_ocr
curd,food,basket_categories_web
1G,not_food,receipt_ocr
3.90,not_food,receipt_ocr
"TnytWstSPrTZ1S,ChedCLR",food,synthetic_ocr_aug
IndiPaleAle,food,synthetic_ocr_aug
SCLROSEDELOIR,food,receipt_ocr
Purnpkin&SpiccYogurt,food,synthetic_ocr_aug
1MAC&CHZ,food,receipt_ocr
15 Grain Whole Grain Bread,food,instacart_web
HB,not_food,receipt_ocr
Artichoke Pesto,food,instacart_web
Corn Chex Cereal,food,instacart_web
Zero Calorie Cherry Cola,food,instacart_web
OrganicMediumCheddar,food,synthetic_ocr_aug
Grek&Cho8Luebrrynonfatyogrt,food,synthetic_ocr_aug
40 BONELESSWINGS SPECNNMN 10.0O,food,receipt_ocr
Aged White Cheddar Puffs Cheese Snacks,food,instacart_web
Angel Food Cake,food,instacart_web
TacoD CatneAsadn,food,receipt_ocr
66666,not_food,receipt_ocr
SpanishStyleReadyRice,food,synthetic_ocr_aug
Cf Hny Almnd Granola 11,food,instacart_web
Aged White Wine Vinegar,food,instacart_web
00.0$+,not_food,receipt_ocr
"Bread, Jewish Rye",food,instacart_web
SUSUINDOFOOD TIGA SAPI490 GR,food,receipt_ocr
2.*Spark1ing Wine,food,receipt_ocr
Natural Black Cherry Gels Gelatin Free Snacks,food,instacart_web
14.50,not_food,receipt_ocr
A1O,not_food,receipt_ocr
Frozen Organic Wild Blueberries,food,instacart_web
Toten Honey Bee,food,receipt_ocr
PremiumOrganicStrawwberrySpread,food,synthetic_ocr_aug
ICEOPHA,food,receipt_ocr
Natural Artesian Bottled Water,food,instacart_web
Rod,not_food,receipt_ocr
Poly,not_food,receipt_ocr
Organic Whole Kernel Unrefined Coconut Oil,food,instacart_web
Shrimp Fresh Catch 3,food,receipt_ocr
Eraiseo Beefflee/Noodle,food,receipt_ocr
Organic Tomato Sauce No Salt Added,food,instacart_web
Whipped.Cream,food,receipt_ocr
EaDropor,food,receipt_ocr
Kids#,not_food,receipt_ocr
Triple Creme Goat Brie,food,instacart_web
9.9,not_food,receipt_ocr
.000,not_food,receipt_ocr
Paprika,food,instacart_web
Snack Mix Original Recipe,food,instacart_web
Mostaccioli Pasta,food,instacart_web
TP,not_food,receipt_ocr
Sandwich ONLY,food,receipt_ocr
TAYAMBAKARSANTAN,not_food,receipt_ocr
dcratngsugrraspbrryrccl,food,synthetic_ocr_aug
HardwoodSmokedLoweerSodiumBacon,food,synthetic_ocr_aug
Cordon Bleu Stuffed Chicken Breasts,food,instacart_web
Premium Original Saltine Crackers,food,instacart_web
$1199,not_food,receipt_ocr
OL,not_food,receipt_ocr
180-00,not_food,receipt_ocr
698,not_food,receipt_ocr
Mango Mochi Ice Cream,food,instacart_web
Lactose Free Cream Cheese,food,instacart_web
Momi Ramen$56.00,food,receipt_ocr
Pork Tenderloin,food,instacart_web
Don,food,receipt_ocr
Sushi Nori Toasted Sea Vegetable,food,instacart_web
Deluxe Plain Bagels,food,instacart_web
MiloBun,food,receipt_ocr
Guest 2,not_food,receipt_ocr
HOWYOULTKETHAT,not_food,receipt_ocr
"WholeGrainOOrganicWaffles,TotallyOriginal",food,synthetic_ocr_aug
WINGS.(5),food,receipt_ocr
Eraisec Beefflee/Noodle.,food,receipt_ocr
ADDMac Sauce,food,receipt_ocr
Organic Calimyrna Figs,food,instacart_web
TERIYAKT ALCART,food,receipt_ocr
Made With Organic Beans & Rice Burrito Non-Dairy,food,instacart_web
Classic Wheat Bread,food,instacart_web
CoconutAlmondC,food,synthetic_ocr_aug
coldNoo,food,receipt_ocr
1 SALMON A LA PLANCHA,food,receipt_ocr
Natural Sharp Cheddar Cheese,food,instacart_web
EVTCHE DECAMARONES,food,receipt_ocr
Mister Salty Pretzels & Cheese Dip Handy Snacks,food,instacart_web
Zesty Lemon Hommus,food,instacart_web
California Pinot Noir,food,instacart_web
SparklingWa,food,synthetic_ocr_aug
Flakyb,food,synthetic_ocr_aug
Organic Multigrain Mild Green Mojo Tortilla Chips,food,instacart_web
Original Hawaiian Sweet Rolls,food,instacart_web
100% Coconut Water,food,instacart_web
ORGANICUNREFINEDSE,food,synthetic_ocr_aug
White Meat Chicken Pot Pie,food,instacart_web
Mexican Casserole Bowl,food,instacart_web
Organic Shredded Mozzarella,food,instacart_web
Real Sweet Potato Vegetable Chips,food,instacart_web
Frosted Mini-Wheats Blueberry Cereal,food,instacart_web
Bakso Kec11 (2 bh),food,receipt_ocr
Large Grapefruit,food,instacart_web
"Sparkling Mineral Water, Natural Lemon Flavor",food,instacart_web
DESIGNATLON,not_food,receipt_ocr
Everything Bagels,food,instacart_web
OrgancParsey,food,synthetic_ocr_aug
flour,food,basket_categories_web
"Bean, Cheese, Rice, Salsa Wrap",food,instacart_web
Juice Grape 100% Pure,food,instacart_web
Pesto Pasta Sauce,food,instacart_web
Cinnamon Bun Frozen Desserts,food,instacart_web
Sauerkr1aut,food,synthetic_ocr_aug
Raw Pure & Simple Organic Old Fashioned Oats,food,instacart_web
Roasted & Salted Shelled Pistachios,food,instacart_web
Organic Green Beans,food,instacart_web
25.50,not_food,receipt_ocr
washDistre,not_food,receipt_ocr
$1.50,not_food,receipt_ocr
Portobello Mushrooms,food,synthetic_food_list
100%oRGaniCy,food,synthetic_ocr_aug
Swirl Bread Cinnamon,food,instacart_web
6.36,not_food,receipt_ocr
LOUESTCKGTRLS,not_food,receipt_ocr
Snacksizecandy,food,synthetic_ocr_aug
Organic  Creamy Peanut Butter Hint of Sea Salt,food,instacart_web
Family Favorites Broccoli Cole Slaw,food,instacart_web
169,not_food,receipt_ocr
Cookie Dough Nutrition Bar,food,instacart_web
Grade A Cage Free Omega-3 Enriched Medium Eggs,food,instacart_web
whiskey-...6.25,food,receipt_ocr
MB,not_food,receipt_ocr
A&MSARSAF,food,receipt_ocr
Kellogg Co. Raisin Bran Cereal,food,branded_items_web
Organic Berry Blend,food,instacart_web
xLipton,food,receipt_ocr
Cinnamon Sugar,food,instacart_web
Protein Plus Farfalle Multigrain Pasta,food,instacart_web
SoyFreeBttrySpradwithliveOil,food,synthetic_ocr_aug
13.05,not_food,receipt_ocr
sotteate,food,receipt_ocr
Orgncbanchahojicbagrecntea,food,synthetic_ocr_aug
Whole Grains Oatnut Bread,food,instacart_web
390.00,not_food,receipt_ocr
PUBLIX MILK WHOLE,food,receipt_ocr
"Pretzel Sticks, Gluten Free",food,instacart_web
No Salt Tomato Ketchup,food,instacart_web
Cream of Tartar,food,instacart_web
Curate Cherry Lime Sparkling Water,food,instacart_web
2.300X,not_food,receipt_ocr
(PKT),not_food,receipt_ocr
Frosted Granny's Apple Pie Toaster Pastries,food,instacart_web
TaquttosCarne Asada(o15.0o/ea),food,receipt_ocr
KZSIGNALCONDENSOR(KOZD1ZV,not_food,receipt_ocr
4.91-0523,not_food,receipt_ocr
JLSmaUl Brown Ricel,food,receipt_ocr
Hard-Boiled Eggs,food,instacart_web
XE,not_food,receipt_ocr
Walnuts Chopped,food,synthetic_food_list
Ch*ocolateSilkPie,food,synthetic_ocr_aug
Egg Salad,food,instacart_web
2pcS,not_food,receipt_ocr
19.00,not_food,receipt_ocr
16.00D,not_food,receipt_ocr
IOPOT PIE9.99,food,receipt_ocr
"3,600",not_food,receipt_ocr
20,not_food,receipt_ocr
1WR,not_food,receipt_ocr
Supergreenjuiceblendsmoothie,food,synthetic_ocr_aug
"Farm House Beans ($1.50),white",food,receipt_ocr
Vermont White Cheddar,food,instacart_web
Pomegranate on the Bottom Non-Fat Greek Yogurt,food,instacart_web
Healthy Request Cheddar Cheese Soup,food,instacart_web
eaf Lettuca,food,receipt_ocr
Culinary Collection Herb Roasted Chicken,food,instacart_web
Havarti Cheese Slices,food,instacart_web
Flamin' Hot Limon Crunchy Cheese Flavored Snacks,food,instacart_web
5.80*1,not_food,receipt_ocr
E120,not_food,receipt_ocr
CHICTENO,food,receipt_ocr
classicficakeGiazed,not_food,receipt_ocr
011,not_food,receipt_ocr
Sriracha Flavor Tortilla Chips,food,instacart_web
OIDRM,not_food,receipt_ocr
Pico De Gallo,food,instacart_web
Belgian Chocolate Reduced Fat Milk,food,instacart_web
Flu,not_food,receipt_ocr
"11,800",not_food,receipt_ocr
Passion Orange Guava Juice,food,instacart_web
Original Sweetened Dried Cranberries,food,instacart_web
Select 100% Whole Wheat Sandwich Rolls,food,instacart_web
Organic Unbleached All-Purpose Flour,food,instacart_web
ggoBlueberryWaffls,food,synthetic_ocr_aug
63.35,not_food,receipt_ocr
Blend of 12 Aged Rums,food,instacart_web
Peppered Deli Slices,food,instacart_web
Organic Chocolate Chip ZBar Kids Energy Snack,food,instacart_web
"CAULIFLOWER,COOL",food,synthetic_ocr_aug
2.00 ZR,not_food,receipt_ocr
Natural Sour Cream,food,instacart_web
13.90*1,not_food,receipt_ocr
SUBTTL,not_food,receipt_ocr
ALPHALIPIDLIFELINE,not_food,receipt_ocr
98,not_food,receipt_ocr
One Bun Multigrain Whole Grain Pita,food,instacart_web
Sweetened Light Whipped Cream,food,instacart_web
Barossa Fine Foods Farmhouse Pate 110g,food,receipt_ocr
SuperGreenJuiceBlendSm,food,synthetic_ocr_aug
Beef Jerky Garlic Chili Pepper,food,instacart_web
Natural Deli Slices Gouda Cheese,food,instacart_web
All Natural Maple Almond Butter,food,instacart_web
HnyMust,food,receipt_ocr
CreamofChicken&MushroomCondensedSoup,food,synthetic_ocr_aug
50.0,not_food,receipt_ocr
tidbits,food,basket_categories_web
Whole-wheat Pancakes,food,receipt_ocr
3.,not_food,receipt_ocr
388,not_food,receipt_ocr
Organic Large White Flesh Peach,food,instacart_web
French Bread Pizza Pepperoni,food,instacart_web
MoroccanMintH,food,synthetic_ocr_aug
Sweet Butter Salad,food,instacart_web
sedPedestal,not_food,receipt_ocr
TacoD cochihita,food,receipt_ocr
6.66,not_food,receipt_ocr
Organic Greek Fat Free Plain Yogurt,food,instacart_web
2% Reduced Fat DHA Omega-3 Reduced Fat Milk,food,instacart_web
L10McNuBgetsEVM,food,receipt_ocr
2 Taqu1tos CarneAsada (@15.00/ea),food,receipt_ocr
096,not_food,receipt_ocr
Campbell’s Condensed Tomato Soup,food,branded_items_web
*INNOCENTMANG/PASS,food,receipt_ocr
Old World Style Meat Flavored Pasta Sauce,food,instacart_web
Beef Skirt Steak,food,instacart_web
Smoreables Graham Style Crackers,food,instacart_web
STEAM,not_food,receipt_ocr
Thin Mint Crisp Oreos,food,instacart_web
Fresh,food,synthetic_ocr_aug
Hommous/Tabbouli,food,receipt_ocr
LrgCiamsimusse,food,receipt_ocr
HoneyNutDreamG,food,synthetic_ocr_aug
Vegetarian Organic Chili Beans,food,instacart_web
Whole Pine Nut,food,instacart_web
Office Chair,food,receipt_ocr
Laroe Soft,food,receipt_ocr
Slow Roasted Thai Basil Chick'n,food,instacart_web
IES,not_food,receipt_ocr
Seedless Small Watermelon,food,instacart_web
Organic Ground Cumin,food,instacart_web
Sweetened Condensed Milk,food,instacart_web
MilkShake,food,receipt_ocr
RedcliWipFatFreeWhipCrcam,food,synthetic_ocr_aug
Flour Fajitas Tortillas,food,instacart_web
PFEM MED DRINK,food,receipt_ocr
Pico De Gallo Chunky Salsa,food,instacart_web
Organic Bunch Beets,food,instacart_web
HYDERABADIMURG,food,receipt_ocr
Green Apple Sparkling Soda,food,instacart_web
Mini Pancakes,food,instacart_web
Moscato,food,instacart_web
CherryCoke,food,synthetic_ocr_aug
Teh (B),food,receipt_ocr
Chocolate Chip Cookie Dough Bar,food,instacart_web
Fig Newtons Cookies,food,instacart_web
kOsHERsAlt,food,synthetic_ocr_aug
Strawberry Daiquiri,food,receipt_ocr
9.48DISCOUNTERCH,not_food,receipt_ocr
Fresh Tomato & Basil Sauce,food,instacart_web
Reduced Fat 2% Milk 4 Cheese Italian Cheese Shredded,food,instacart_web
Garlic Couscous,food,instacart_web
Deli Fresh Honey Shaved Smoked Ham,food,instacart_web
35.66,not_food,receipt_ocr
Crushed Red Pepper,food,instacart_web
Mozzarella Sticks With Marinara Sauce,food,instacart_web
DESO,not_food,receipt_ocr
Olive Oil Cooking Spray,food,instacart_web
Chicken & Broccoli Alfredo,food,instacart_web
Ground Cloves,food,instacart_web
CheEsYMexICANrIcE,food,synthetic_ocr_aug
Pineapple Chunks,food,instacart_web
"FruiitSpread,Deluxe,Strawberry",food,synthetic_ocr_aug
Classic Pizza Crust,food,instacart_web
Frankfurters Vegetarian,food,instacart_web
Nobun,food,receipt_ocr
Original Strawberry Banana Yogurt,food,instacart_web
Gluten Free Multi Seed Rice Thin Crackers,food,instacart_web
TCRAB SUIZA,food,receipt_ocr
Pure Protein Chocolate Peanut Butter Bars,food,instacart_web
Unrefined Virgin Coconut Oil,food,instacart_web
Lemon Frosted Sugar Cookies,food,instacart_web
0.80,not_food,receipt_ocr
Chocolate Chip Cookie Dough,food,instacart_web
Sprouted Multi-Grain Bread,food,instacart_web
Sleevelessshirt,not_food,receipt_ocr
Chinese Noodles and Veggies in a Cashew Cream Sauce,food,instacart_web
EATEH MARKSSOO,food,receipt_ocr
TSO.OO,not_food,receipt_ocr
MndrinOrangeCrispyChick'n,food,synthetic_ocr_aug
SimplyGranola,food,synthetic_ocr_aug
S 13.00,not_food,receipt_ocr
Smart Dogs Veggie Hot Dogs,food,instacart_web
SALSA        FRNTR CHPTL SALSA,food,instacart_web
Organic Strawana Probugs Kefir,food,instacart_web
1.06,not_food,receipt_ocr
Dark Chocolate Hot Cocoa Mix,food,instacart_web
Gluten Free Lemonzest Nutrition bar,food,instacart_web
OOSE,not_food,receipt_ocr
OrganicRoastcdSeaweed5nacksTeriyaki,food,synthetic_ocr_aug
Organic Mini Sweet Peppers,food,instacart_web
Soft & Chewy Sour Then Sweet Watermelon Candy,food,instacart_web
amamenPod,food,synthetic_ocr_aug
8.75,not_food,receipt_ocr
RM26.00,not_food,receipt_ocr
Lobster RoT1,food,receipt_ocr
Original Slices Pepperoni,food,instacart_web
Frozenmea,food,synthetic_ocr_aug
FrcshRoastedTomatc&ChileAsadoMediumSalsa,food,synthetic_ocr_aug
flur,food,synthetic_ocr_aug
KIO PEPERONI PIZZA,food,receipt_ocr
Tuna Canned In Water,food,synthetic_food_list
IcodYRCake,food,receipt_ocr
69.50,not_food,receipt_ocr
5.00.SR,not_food,receipt_ocr
Rea1 Smooth,food,receipt_ocr
Classic Potato Chips,food,instacart_web
Qty Siza Iter,not_food,receipt_ocr
dzecl5alt,food,synthetic_ocr_aug
Qty Size Ites,not_food,receipt_ocr
Taffy Dulce de Leche Sandwich Cookies,food,instacart_web
"Tortilla Sticks, Veggie",food,instacart_web
6500,not_food,receipt_ocr
OrgnicUnswtenedVanllaCoconutNon-DiryBevrag,food,synthetic_ocr_aug
115,not_food,receipt_ocr
Plain Goat Milk Yogurt,food,instacart_web
Original Fresh Stack Crackers,food,instacart_web
Namliberotempore,not_food,receipt_ocr
Hamburger Oval Dill Pickle Chips,food,instacart_web
Homemade Vodka Sauce,food,instacart_web
Thur2cockShrimp,food,receipt_ocr
KitchenChceseEncbilada,food,synthetic_ocr_aug
Mineral Water,food,instacart_web
YAMLUBESEMIMOTOROIL,not_food,receipt_ocr
OlDFASHIONed,food,synthetic_ocr_aug
1COFFEE SM,food,receipt_ocr
Lemon Lime Sports Drink Mix,food,instacart_web
Whole Grain Seeded Large Hamburger Buns,food,instacart_web
$3181,not_food,receipt_ocr
EggMotzos,food,synthetic_ocr_aug
Sourdough Deli Bread,food,instacart_web
100% Mighty Mango Juice Smoothie,food,instacart_web
Corn Blue Tortilla Chips,food,instacart_web
VanillaUnsweetcredAlmondMilk,food,synthetic_ocr_aug
ChzBurger,food,receipt_ocr
"TORTLLOS,CRN,RGONC",food,synthetic_ocr_aug
Gr1ldAsparagus,food,receipt_ocr
Strawberry Premium Mochi Ice Cream,food,instacart_web
Salty Caramel Ice Cream,food,instacart_web
Fnce,not_food,receipt_ocr
Cashews Salted,food,synthetic_food_list
Peanut Butter Fudge Core Ice Cream,food,instacart_web
Apricots,food,instacart_web
53:00,not_food,receipt_ocr
EXTRAPIECESPLANTAINS,food,receipt_ocr
61-60,not_food,receipt_ocr
>SPICY,not_food,receipt_ocr
Pumpkin & Spice Yogurt,food,instacart_web
Clamato Tomato Cocktail,food,instacart_web
BLLOOOS,not_food,receipt_ocr
013095,not_food,receipt_ocr
1 CUP CHONDERO,food,receipt_ocr
6.3C,not_food,receipt_ocr
KidsEnes,food,receipt_ocr
Sugar Free Vanilla Pudding,food,instacart_web
MincedGinger,food,synthetic_ocr_aug
Colby-JackCbecseSticks,food,synthetic_ocr_aug
Sharp Cheddar Cheese,food,instacart_web
originalpizz,food,synthetic_ocr_aug
"52,000",not_food,receipt_ocr
Fukunaga2oomlc,food,receipt_ocr
Beef Fajitas,food,instacart_web
Modiim,not_food,receipt_ocr
Pure Premium Low Acid Orange Juice,food,instacart_web
Organic5ugarSrapPeas,food,synthetic_ocr_aug
den,not_food,receipt_ocr
*14.50,not_food,receipt_ocr
Blueberry Almond Breakfast Bars,food,instacart_web
Fish Sticks Family Pack,food,instacart_web
Creme Caramel Low Fat Frozen Yogurt,food,instacart_web
Veranda Blend Blonde Keurig Cups,food,instacart_web
Chorizo Style,food,instacart_web
White Cheddar Popcorn,food,instacart_web
OrganicsPop'sCornMicrowaveButterPopcorn,food,synthetic_ocr_aug
1699.,not_food,receipt_ocr
Natural72%DarkChocolateithNaturalorestMintFlavor,food,synthetic_ocr_aug
Bag Of Ice,food,instacart_web
"vCgeTaBLCbIpS,TARO,SEASaLT",food,synthetic_ocr_aug
Organic Sencha Green Tea,food,instacart_web
2%ReduceFatDHAOmega-ReducdFatMilk,food,synthetic_ocr_aug
CHOW MEIN-1/2,food,receipt_ocr
Simple Favorites Chicken Fettuccini Frozen Entree,food,instacart_web
Fresh Veganmozz,food,instacart_web
Organic Whole Grain Buckwheat Groats,food,instacart_web
30-7400,not_food,receipt_ocr
Organic Jasmine Rice,food,instacart_web
Lettuce Boston,food,instacart_web
H20 Cocolate Flavored Coconut Water,food,instacart_web
Key Lime Sparkling Water,food,instacart_web
DTSCOUNT EACH,food,receipt_ocr
BOPP TAPE 48MM+1OOM CLEAR,not_food,receipt_ocr
Uncured Black Forest Ham,food,instacart_web
4MAGICSANDPAPER,not_food,receipt_ocr
nptio,not_food,receipt_ocr
Spicy Chik'n Veggie Patties,food,instacart_web
13.00,not_food,receipt_ocr
1/2AND 1/2CDMB0,food,receipt_ocr
Caribou Blend Coffee K-Cups,food,instacart_web
JNT,not_food,receipt_ocr
Coconut Milk Vanilla Bean Frozen Dessert,food,instacart_web
EYATNin,not_food,receipt_ocr
5 Cheese Ravioli,food,instacart_web
100% White Grape Juice Concentrate,food,instacart_web
600z,not_food,receipt_ocr
ORANGECKN,food,receipt_ocr
39706748-IN HETAL STAINED BLASS,not_food,receipt_ocr
Grain Meat Sausages Vegetarian Mexican Chipotle,food,instacart_web
Classic Spinach Ravioli,food,instacart_web
idsiunowees,not_food,receipt_ocr
ENCH,food,receipt_ocr
de,not_food,receipt_ocr
3200,not_food,receipt_ocr
Fruitpunchsportsdrink,food,synthetic_ocr_aug
Cheese Danish Twist,food,instacart_web
Organic Peach Lowfat Yogurt,food,instacart_web
seChop,food,receipt_ocr
Protein Zone Protein Juice Smoothie,food,instacart_web
SideHome,not_food,receipt_ocr
1Chh,not_food,receipt_ocr
1ChefsSpecial,food,receipt_ocr
Superberry Kombucha,food,instacart_web
38888888,not_food,receipt_ocr
Maple Cured Bacon Baked Beans,food,instacart_web
LIN,not_food,receipt_ocr
Eggplant Large,food,instacart_web
OSEPUMPC8835U#,not_food,receipt_ocr
Organic Sliced White Mushrooms,food,instacart_web
Meal-strips 4ct,food,receipt_ocr
BluberrBMoster,food,synthetic_ocr_aug
tra,not_food,receipt_ocr
1 MAJESTAHSS,food,receipt_ocr
Sweet&Sou/rSauce,food,synthetic_ocr_aug
caffeveronadarkkeurigbrewedk-c,food,synthetic_ocr_aug
LemonCayen/neAgaveColdPressedJuiceBeverage,food,synthetic_ocr_aug
Golden Fishless Filet,food,instacart_web
Dill Pickle Spears,food,instacart_web
PuffsChesFlavoredSncks,food,synthetic_ocr_aug
SOPA DE TORTILA BOWL,food,receipt_ocr
ProteinPLUS Multigrain Penne Pasta,food,instacart_web
Light and Lean Meatless Swedish Meatballs With Broccoli And Pasta,food,instacart_web
Bud Light Beer Cans,food,instacart_web
Side Caesar,food,receipt_ocr
Guest1,not_food,receipt_ocr
RM40.60,not_food,receipt_ocr
Big Slice Natural Swiss Cheese Slices,food,instacart_web
Blue Cheese Crumbles,food,instacart_web
JUSXL,not_food,receipt_ocr
GlutenFreePancakeM/ix,food,synthetic_ocr_aug
CP$2.10,not_food,receipt_ocr
Double Chocolate Cookies & Cream Ice Cream Sandwich,food,instacart_web
Broccoli Bunch,food,instacart_web
GrtlledOnfens,food,receipt_ocr
bUtTeRSnaPPretZ,food,synthetic_ocr_aug
Mandarin Orange with Electrolytes & Vitamins Water Beverage,food,instacart_web
LMON,food,receipt_ocr
Apple Blueberry Granola,food,instacart_web
KANI SALAD,food,receipt_ocr
Cream of Tomato Soup,food,instacart_web
No Pulp 100% Pure Florida Orange Juice,food,instacart_web
Special Reserve Extra Sharp Cheddar Cheese,food,instacart_web
Margherita Pizza,food,instacart_web
Organic Gluten Free Sea Salt by the Seashore Multigrain Tortilla Chips,food,instacart_web
1 #72PCR&BMEAL,food,receipt_ocr
Organic Ginger Herbal Tea,food,instacart_web
BLDESPRESSO*,food,receipt_ocr
#11/POP SHRMP/COMBO,food,receipt_ocr
BoomChocoBoom Gluten Free Ricemilk Crunch Bar,food,instacart_web
Macaroni Shells & White Cheddar Cheese,food,instacart_web
PumPERNiCKELdarKPuMPBReAd,food,synthetic_ocr_aug
Organic Uncured Chicken Franks,food,instacart_web
washDistressed Pedestal,not_food,receipt_ocr
Orga.nicCauliflower,food,synthetic_ocr_aug
16oz FountainDrink,food,receipt_ocr
Organic Gluten Free Chia Plus with Quinoa & Amaranth Waffles,food,instacart_web
Organic Gluten & Wheat Free Homestyle Waffles,food,instacart_web
cham,food,receipt_ocr
Honey Flake & Oat Clusters,food,instacart_web
O0rganicBlueberries,food,synthetic_ocr_aug
Plain 0% Fat Oikos Greek Yogurt,food,instacart_web
"Power Blend Superfood Brussels Sprouts, Napa Cabbage, Kohlrabi, Broccoli, Carrots & Kale",food,instacart_web
Blueberry Muffins,food,instacart_web
Sea Salt Caramel Gelato,food,instacart_web
Gluten Free Chicken Tikka Masala,food,instacart_web
Organic Classic Hummus,food,instacart_web
14000,not_food,receipt_ocr
(6-10Y),not_food,receipt_ocr
Rosemary & Olive Oil Quinoa Blend,food,instacart_web
Water Chestnuts,food,instacart_web
"167,99$",not_food,receipt_ocr
D709.50,not_food,receipt_ocr
daypollo,food,receipt_ocr
Olive Oil Squeeze Mayonnaise Dressing,food,instacart_web
1 Belvedere,food,receipt_ocr
1(L)Veg SpareRibs.BBS,food,receipt_ocr
Dairy Milk Fruit & Nut Chocolate Bar,food,instacart_web
248:00,not_food,receipt_ocr
Artichoke And Spinach Ravioli,food,instacart_web
2.ehocomelk,food,receipt_ocr
RGNCPCLD6ARLIC,food,synthetic_ocr_aug
Lemon-Lime Fridge Pack Soda,food,instacart_web
Organic Baby Spinach,food,instacart_web
EXERCISE,not_food,receipt_ocr
Reese Puffs Peanut Butter Cereal,food,instacart_web
Natural Choice Deli Oven Roasted Turkey,food,instacart_web
W/2EGGS,food,receipt_ocr
tion,not_food,receipt_ocr
"Tortillas,Corn,Organic#",food,synthetic_ocr_aug
Organic Apple Juice Boxes,food,instacart_web
Roasted Peanut Oil,food,instacart_web
FettuccineAlfredo.,food,receipt_ocr
WISTDRILL,not_food,receipt_ocr
"French Baguettes, Take & Bake, Twin Pack",food,instacart_web
RM5.20,not_food,receipt_ocr
2tcsGovernador,food,receipt_ocr
100% Whole Wheat Farfalle No. 87,food,instacart_web
UnsweetendCramer,food,synthetic_ocr_aug
LOVESICKGIRLS,not_food,receipt_ocr
Raspberry Jam,food,instacart_web
Light Organic Agave Nectar,food,instacart_web
Cinnamon Raisin Bread,food,instacart_web
BIENWAFFMEAL器,food,receipt_ocr
"3,000",not_food,receipt_ocr
$16.95,not_food,receipt_ocr
NATURALMEDIUMCHE,food,synthetic_ocr_aug
Crunchy Honey Oat Flax Granola & Seed Bars,food,instacart_web
Rutabbaga,food,synthetic_ocr_aug
5hreddedSharpCheddorCheese,food,synthetic_ocr_aug
FullyCookedTvrkeySausogePatties,food,synthetic_ocr_aug
Cherrios Honey Nut,food,instacart_web
Multigrain Pita Chips,food,instacart_web
5.90SR,not_food,receipt_ocr
ShhreddedSharpCheddarCheese,food,synthetic_ocr_aug
Organic Italian Parsley Bunch,food,instacart_web
Traditional Kettle Style Tofu,food,instacart_web
Wild Sardines in Spring Water,food,instacart_web
Bunga,not_food,receipt_ocr
1Mole,food,receipt_ocr
Simple Favorites Chicken Enchilada Suiza,food,instacart_web
Diet Mountain Zevia Soda,food,instacart_web
Baby Spinach,food,instacart_web
Alfredo Sauce,food,synthetic_food_list
TSRT,not_food,receipt_ocr
Trdiionaleitan,food,synthetic_ocr_aug
Instant Oatmeal Maple & Brown Sugar,food,instacart_web
SesmBlesCornTortllChips,food,synthetic_ocr_aug
"ALMONDMILKCREAMER,VANILLA",food,synthetic_ocr_aug
023404213519,not_food,receipt_ocr
M11kCoffee,food,receipt_ocr
Lorem,not_food,receipt_ocr
Alpro Blueberry Soyghurt,food,produce_classes_web
ASUB FIXN,food,receipt_ocr
Reduced Fat Irish Butter,food,instacart_web
MEZCALARITA,food,receipt_ocr
Poblano Peppers,food,synthetic_food_list
Nat,not_food,receipt_ocr
GREEK SALAD,food,receipt_ocr
QLE,not_food,receipt_ocr
GYUKATSU,food,receipt_ocr
1PEPSI,food,receipt_ocr
Hash Brown Patties,food,instacart_web
2.25,not_food,receipt_ocr
English Breakfast Black Tea Bags,food,instacart_web
NIUHSRR,not_food,receipt_ocr
Salted Toffee 55% Dark Chocolate,food,instacart_web
Green Split Peas,food,instacart_web
PRETTYSAUAGE,not_food,receipt_ocr
GLADE PISO HONEYSK,food,receipt_ocr
Of Maine Fresh Frozen Wild Blueberries,food,instacart_web
Organic Pack Peasant Bread,food,instacart_web
2 Quesadilla salvadorena,food,receipt_ocr
GreenSaTad,food,receipt_ocr
DEPOSIT(CS00489793,not_food,receipt_ocr
Italian Style Roasted Peppers,food,instacart_web
Mussels,food,synthetic_food_list
LMFrenchFrles,food,receipt_ocr
SALAD,food,receipt_ocr
Wild Blueberry Scone Mox,food,instacart_web
Garden Minestrone Soup,food,instacart_web
Premium Cannellini White Kidney Beans,food,instacart_web
Mild Diced Tomatoes & Green Chilies,food,instacart_web
Mexican Blend Cheese,food,instacart_web
Gluten Free Chicken Dumplings,food,instacart_web
RedCookingW,food,synthetic_ocr_aug
Cr lepy haked.wings,food,receipt_ocr
DietCranberryFruitJice,food,synthetic_ocr_aug
1xPants,not_food,receipt_ocr
COPPER BASIN PILLAR,not_food,receipt_ocr
RM11.90,not_food,receipt_ocr
Albacore Solid White Tuna In Water,food,instacart_web
DBBo Buco,food,receipt_ocr
Organic Large Extra Fancy Fuji Apple,food,instacart_web
(1),not_food,receipt_ocr
Organic Cashew Butter,food,instacart_web
2 Largu Fry (85.79),food,receipt_ocr
5835,not_food,receipt_ocr
Tomatillo Salsa,food,instacart_web
Glutn-FrOrignalVggiChips,food,synthetic_ocr_aug
0.83,not_food,receipt_ocr
Organic 1% Milkfat Lowfat Milk,food,instacart_web
Blueberry Yoghurt,food,instacart_web
MAO&CHZ,food,receipt_ocr
KitchenCheeseEnchilada,food,synthetic_ocr_aug
Campari Tomato,food,instacart_web
Saladcrispy.,food,receipt_ocr
oort,not_food,receipt_ocr
cornSnack,food,receipt_ocr
FamilyFill Up,food,receipt_ocr
"Chicken,Hummus",food,receipt_ocr
Greek 100 Calories Black Cherry Fat Free Yogurt,food,instacart_web
PorkCbopsBone-Ir,food,synthetic_ocr_aug
Vanilla Gluten Free Wafers,food,instacart_web
Cherry Garcia Ice Cream,food,instacart_web
Chewy Chocolate Chip Granola Bars,food,instacart_web
LambBurger,food,receipt_ocr
Organic Vegetarian Mild Refried Beans With Green Chiles,food,instacart_web
7OZ SAUSAGE GRAVY BOWL,food,instacart_web
AMON,not_food,receipt_ocr
8.95,not_food,receipt_ocr
Broccoli,food,receipt_ocr
Major Dickason's Blend Whole Bean Coffee,food,instacart_web
OrangeJuice,food,receipt_ocr
Wild Mushroom Ravioli,food,instacart_web
2ChickenMilanese,food,receipt_ocr
Curate Melon Pomelo Sparking Water,food,instacart_web
Flip Pumpkin Harvest Crisp Lowfat Greek Yogurt,food,instacart_web
Bag Of Organic Lemons,food,instacart_web
9.98,not_food,receipt_ocr
Variety Minis with Dark Chocolate Ice Cream Bars,food,instacart_web
"Cranberry, Orange, And Cinnamon Goat Cheese Log",food,instacart_web
"24,99",not_food,receipt_ocr
Natural Ginger Ale,food,instacart_web
Organic Brown Rice,food,instacart_web
1X3802,not_food,receipt_ocr
Organic White Onions,food,instacart_web
MdBCK,not_food,receipt_ocr
Healthy Grains Oats & Honey Clusters with Toasted Coconut Gluten Free,food,instacart_web
Spcy Sand,food,receipt_ocr
wipes5osBogofBlue,not_food,receipt_ocr
Organic Avocados,food,instacart_web
BRGDELUXE,food,receipt_ocr
Gluten Free Sunrise Crunchy Maple Cereal,food,instacart_web
#L14Gar1ic De1ight,food,receipt_ocr
Danimals Drinkable Yogurt Smoothie Strawberry Explosion & Strikin' Strawberry Kiwi,food,instacart_web
B4KNOFLUX,not_food,receipt_ocr
Organic No Salt Added Diced Tomatoes,food,instacart_web
Rich & Hearty New England Clam Chowder Soup,food,instacart_web
WhteEnrched&DgrmedCornMeal,food,synthetic_ocr_aug
FrenchFriesx2,food,receipt_ocr
17:000,not_food,receipt_ocr
Red Enchilada Sauce,food,instacart_web
Crumbled Bacon,food,instacart_web
ALHON ABURI ROLL,food,receipt_ocr
Fudge Bars,food,instacart_web
9084132,not_food,receipt_ocr
healthygrainsoats&honeyclusterswithtoastedcoconutglutenfree,food,synthetic_ocr_aug
LgSupremoPizza,food,receipt_ocr
LoadedNachos,food,receipt_ocr
"Salsa, Roja, Hot",food,instacart_web
Mini Ice Cream Sandwiches,food,instacart_web
$T.50,not_food,receipt_ocr
Mixed Berry Yogurt,food,instacart_web
Pecan Pie Fruit & Nut Food Bar,food,instacart_web
Brick Oven Crust Meat Trio Pizza,food,instacart_web
HouserReolpe,food,receipt_ocr
Breakfast Blend Medium Roast Ground Coffee,food,instacart_web
Chunky Salsa Medium,food,instacart_web
Hummus10Ozwhitebeaneatwell,food,synthetic_ocr_aug
TLC Cherry Dark Chocolate Chewy Granola,food,instacart_web
Kielbbasa,food,synthetic_ocr_aug
Organic Ginger Limeade Fruit Juice Drink,food,instacart_web
Whole Grain Cheddar Baked Goldfish Crackers,food,instacart_web
0378.00,not_food,receipt_ocr
6188S,not_food,receipt_ocr
Premium Romaine,food,instacart_web
1 SANCERRE,food,receipt_ocr
Golden White English Muffins,food,instacart_web
Spanish Pitted Manzanilla Cocktail Olives,food,instacart_web
Honey Wheat Enriched Bread,food,instacart_web
36.04,not_food,receipt_ocr
KITCHENWARE,not_food,receipt_ocr
Chopped Organic Garlic,food,instacart_web
Almond Cashew Unsweetened Almondmilk Cashewmilk Blend,food,instacart_web
SoySauce,food,synthetic_ocr_aug
"Pinot Noir, California",food,instacart_web
Wwalnuts,food,receipt_ocr
Maple Pecan Ice Cream,food,instacart_web
Teempeh,food,synthetic_ocr_aug
2.29,not_food,receipt_ocr
Organic Hearts Of Palm,food,instacart_web
SHS$11.99Any2FlLong,food,receipt_ocr
1098078,not_food,receipt_ocr
General Mills Multi-Grain,food,instacart_web
Tomyun goang,food,receipt_ocr
Curry Chie,food,receipt_ocr
Organicnut&Chocola,food,synthetic_ocr_aug
A-COMBOFAUTTAS,food,receipt_ocr
BRANZINO GRIGLTATO,food,receipt_ocr
Unsweetened Soymilk,food,instacart_web
5Wcetpottochps,food,synthetic_ocr_aug
2 eRILLeb cHICKEN eRASt 1 19:38,food,receipt_ocr
POLLO SALTADO,food,receipt_ocr
25001SR,not_food,receipt_ocr
TOPSTRLOINSTEAK,food,receipt_ocr
SoltedPeanutButtcrFilledPretzels,food,synthetic_ocr_aug
2332,not_food,receipt_ocr
Curry Powder,food,synthetic_food_list
ChoclateFdgeBrownieFrozenYogrt,food,synthetic_ocr_aug
classicicskeGlazod,not_food,receipt_ocr
1 AmerKobe FTet,food,receipt_ocr
chlckenLoll!,food,receipt_ocr
Organic Grapefruit Juice,food,instacart_web
66'8S,not_food,receipt_ocr
Sauce Chipotle Tinga Chicken Slow Cook,food,instacart_web
CherryPreserves.,food,synthetic_ocr_aug
64730,not_food,receipt_ocr
Mushroom And Ricotta Ravioli,food,instacart_web
Curriedlentilsoup,food,synthetic_ocr_aug
Taco TuesdayPolia,food,receipt_ocr
1.55,not_food,receipt_ocr
Hemp Hearts Raw Shelled Hemp Seeds,food,instacart_web
-200.00,not_food,receipt_ocr
1272,not_food,receipt_ocr
Taco D Ghorizo,food,receipt_ocr
$1-89,not_food,receipt_ocr
C0innamonGum,food,synthetic_ocr_aug
Large Enriched Bread,food,instacart_web
Lowfat Vanilla Yogurt,food,instacart_web
3-00X3.0,not_food,receipt_ocr
Organic Reduced Fat Milk,food,instacart_web
hamburger meat,food,basket_categories_web
Cactus Pear,food,synthetic_food_list
Organic Coconut Covered in Dark Chocolate Candy Bar,food,instacart_web
Applewood Smoked Bacon,food,instacart_web
MaplePumpkinSeedswithSea.SaltChewywithaCrunchGranolaBars,food,synthetic_ocr_aug
Organic Country Style Barbeque Potato Chips,food,instacart_web
Coarse Kosher Salt,food,instacart_web
MilkChoc,food,synthetic_ocr_aug
66:8,not_food,receipt_ocr
Chunky Monkey<U+00AE> Ice Cream,food,instacart_web
Vanilla Almond Pecan Oatmeal Bowl,food,instacart_web
Valio Vanilla Yoghurt,food,produce_classes_web
Pure Vegetable Oil,food,instacart_web
Nonfatplaingreekyogurt,food,synthetic_ocr_aug
Blueberry Whole Milk Yogurt Pouch,food,instacart_web
2% Reduced Fat Organic Milk,food,instacart_web
Original Cream Cheese,food,instacart_web
Vegetable Broth Low Sodium,food,instacart_web
Mint Chocolate Cookie Ice Cream,food,instacart_web
STREET,not_food,receipt_ocr
FFRIES-,food,receipt_ocr
Organic Kosher Dill Pickles,food,instacart_web
Light Sea Salt Plentils,food,instacart_web
pple French Toast,food,receipt_ocr
OriginolCookingSproy,food,synthetic_ocr_aug
Spicy,not_food,receipt_ocr
Mandarin Orange Sparkling  Water,food,instacart_web
1 Kobe Beef SlIder,food,receipt_ocr
Organic Vanilla Chip Chewy Granola,food,instacart_web
BETYOU MANNA(FEATCARDI B),not_food,receipt_ocr
Navel Oranges,food,synthetic_food_list
ToweT,not_food,receipt_ocr
CHIOKEN SUKKR,food,receipt_ocr
Midnight California Dark Red Wine Blend,food,instacart_web
Evaporated Milk,food,instacart_web
Extra Crisp English Muffins,food,instacart_web
SHRIMPSUB,food,receipt_ocr
Butter Top White Bread,food,instacart_web
Organic Hemp Plus Granola Cereal,food,instacart_web
Swt Tea,food,receipt_ocr
NameBadgeHy@05500,not_food,receipt_ocr
Glas,not_food,receipt_ocr
FAJITABF,food,receipt_ocr
2GTass,not_food,receipt_ocr
Organic Baby Spinach Salad,food,instacart_web
Honey Mustard Dressing Topping & Spread,food,instacart_web
SUPERCRWC4OG*I5CLASSIC,food,receipt_ocr
Pale Ale Beer,food,instacart_web
Blackberry Cucumber Sparkling Water,food,instacart_web
Mixed Berry Almond Gluten Free Chex Granola Mix,food,instacart_web
935818350846,not_food,receipt_ocr
895,not_food,receipt_ocr
1NY SIRLOIN,food,receipt_ocr
Kale Krunch The Original Quite Cheezy,food,instacart_web
lcedTea,food,receipt_ocr
XXX8402,not_food,receipt_ocr
RaspberryyontheBottomNonfatGreekYogurt,food,synthetic_ocr_aug
-06,not_food,receipt_ocr
FountainSodas,food,receipt_ocr
GARTCNAAN,food,receipt_ocr
EO,not_food,receipt_ocr
"Cashews, Halves and Pieces",food,instacart_web
1 x Socks,not_food,receipt_ocr
Strawberry on the Bottom Nonfat Greek Yogurt,food,instacart_web
SlicedAmcricarCheese,food,synthetic_ocr_aug
BENO2,food,receipt_ocr
"Turkey Bar, Almond + Cranberry",food,instacart_web
41:95,not_food,receipt_ocr
cros,food,receipt_ocr
1×#3.30,not_food,receipt_ocr
Gluten Free Puffins Honey Rice Cereal,food,instacart_web
Sweet PotatoFries,food,receipt_ocr
CRABCAKES,food,receipt_ocr
Sorbet Pops Strawberry,food,instacart_web
6.99,not_food,receipt_ocr
Vanilla Nonfat Yogurt,food,instacart_web
15APVCCONNECTOR@1.8000,not_food,receipt_ocr
Gluten-Free Lemon Wafers,food,instacart_web
Zekie14:9goLDenfLaxsPrOutdgRiNcRUNCbycReAL,food,synthetic_ocr_aug
Promot.i.on,not_food,receipt_ocr
ADLOCK,not_food,receipt_ocr
0rganicGrodeALargeBrownEggs,food,synthetic_ocr_aug
2800,not_food,receipt_ocr
Pepperjack Style Shreds,food,instacart_web
Medium Navel Orange,food,instacart_web
Macn.Cheese,food,receipt_ocr
Candy Corn,food,instacart_web
Slim Can Pink Grapefruit Natural Mineral Water,food,instacart_web
GEEMA,food,receipt_ocr
08'89,not_food,receipt_ocr
1 BAR SAUUAGE,food,receipt_ocr
CreamyChocolateFostg,food,synthetic_ocr_aug
salmon,food,receipt_ocr
$7:00,not_food,receipt_ocr
Light Butter with Canola,food,instacart_web
GDNCMINTHWASHFS,not_food,receipt_ocr
Energy Coffee Beverage Vanilla,food,instacart_web
TotemHoneyBee,food,receipt_ocr
Soy Chocolate Pudding,food,instacart_web
RM13.00,not_food,receipt_ocr
Olive Oil & Vinegar Dressing,food,instacart_web
Granny Smith Apples,food,instacart_web
$329,not_food,receipt_ocr
MixedVe#getables,food,synthetic_ocr_aug
lvory,not_food,receipt_ocr
$6·75,not_food,receipt_ocr
Extra Sharp White Cheddar,food,instacart_web
Rustic Italian Vegetable Soup,food,instacart_web
Organic Lightly Salted Brown Rice Cakes,food,instacart_web
HotDog,food,receipt_ocr
Lemon Zest Sorbetto,food,instacart_web
4.91-0.5283,not_food,receipt_ocr
TCREPELA SPECIALE,food,receipt_ocr
666$,not_food,receipt_ocr
Artichoke Parmesan Dip,food,instacart_web
piri piri Chfcken,food,receipt_ocr
Original Sparkling Seltzer Water,food,instacart_web
French Vanilla Fat Free Coffee Creamer,food,instacart_web
Organic Extra Virgin Olive Oil Popped Corn,food,instacart_web
HOUSE YEDKILA12.00,food,receipt_ocr
Thin & Crispy Pepperoni and Peppers Pizza,food,instacart_web
AOUNT,not_food,receipt_ocr
Lattuoe,food,receipt_ocr
$10.99,not_food,receipt_ocr
Aanta,food,receipt_ocr
Parmesan Garlic Pita Chips,food,instacart_web
6ChocChipCookie,food,receipt_ocr
Lowfat Maple Yogurt Organic,food,instacart_web
ITEN NANE,not_food,receipt_ocr
Organic Baby Kale,food,instacart_web
1DeliveryCharge,not_food,receipt_ocr
Organic Romaine Hearts,food,instacart_web
"4""MAGICSANDPAPER",not_food,receipt_ocr
Bugles Mix Chddr Hot Buffalo,food,instacart_web
Orchard Peach Sorbet,food,instacart_web
Organic Basil Garlic Polenta Pre-Cooked,food,instacart_web
Green Peas,food,instacart_web
Organic Lactose Free Strawberry Yogurt,food,instacart_web
UnswcetenedSoyMi1k,food,synthetic_ocr_aug
vitaminwater<U+00AE> XXX Acai Blueberry Pomegranate,food,instacart_web
FROSTEDBERRYSTRAWBERRYTOASTERPASTRIES,food,synthetic_ocr_aug
$10.50,not_food,receipt_ocr
Cha 8a,food,receipt_ocr
Organic Granny Smith Apple,food,instacart_web
Lean Smoked Ham,food,instacart_web
Espresso Roast Ground Coffee,food,instacart_web
"Gyros Pita,",food,receipt_ocr
coliar,not_food,receipt_ocr
263.00,not_food,receipt_ocr
Original Nooks & Crannies Cinnamon Raisin English Muffins,food,instacart_web
30000545,not_food,receipt_ocr
Jasmati Long Grain American Jasmine Rice,food,instacart_web
5.00SR,not_food,receipt_ocr
Chocolate Chip Muffin Waffler,food,instacart_web
5-600,not_food,receipt_ocr
Disney Zootopia Assorted Flavored Fruit Snacks,food,instacart_web
Emmentaler Swiss Slices,food,instacart_web
ASIR,not_food,receipt_ocr
ORGANICGREN0RONS,food,synthetic_ocr_aug
SUNRISE,not_food,receipt_ocr
OKE,food,receipt_ocr
cadesDesc,not_food,receipt_ocr
SIRGLESRVEKONABLNDROOSTMEDUMCOFFK-CUPS,food,synthetic_ocr_aug
Buffalo Wing Cooking Sauce,food,instacart_web
DION,not_food,receipt_ocr
NGGot,not_food,receipt_ocr
Fire Roasted Red Pepper Hummus,food,instacart_web
1 pastbow barley,food,receipt_ocr
Organic Apple Banana GoGo Squeez,food,instacart_web
Diet Soda,food,instacart_web
1DeliveryChare,not_food,receipt_ocr
Rockin' Raspberry 3.1 Fl Oz,food,instacart_web
Gluten Free Pretzel Twists,food,instacart_web
Organic Red Potato,food,instacart_web
whiskey6.25,food,receipt_ocr
Ipsum appLe.,food,receipt_ocr
AI,not_food,receipt_ocr
Linta,not_food,receipt_ocr
100% Colombia Supremo Medium,food,instacart_web
Cocoa,food,instacart_web
FABERCASTEL,not_food,receipt_ocr
Beef Hot Links Beef Smoked Sausage With Chile Peppers,food,instacart_web
GyuYanagawa:,food,receipt_ocr
550,not_food,receipt_ocr
Cool Blue Sports Drink,food,instacart_web
PINAPAITAN,food,receipt_ocr
$10O0,not_food,receipt_ocr
Spectacular Tonic Water,food,instacart_web
131.00,not_food,receipt_ocr
Cauliflower,food,instacart_web
Organic SprouTofu Extra Firm Tofu,food,instacart_web
Gluten Free Almond Flour,food,instacart_web
HoneTrkeyBreas,food,synthetic_ocr_aug
+AMERICAN CHS,food,receipt_ocr
QTY/LB,not_food,receipt_ocr
"Kefir Cultured Milk Smoothie, Whole Milk, Sublime Slime Lime",food,instacart_web
acoDcatneAsndn,food,receipt_ocr
29.8850%0FFBIRTHDAY,not_food,receipt_ocr
Milano Double Chocolate Cookies,food,instacart_web
Builder's Chocolate Peanut Butter Bar,food,instacart_web
AgedWhiteWineVin,food,synthetic_ocr_aug
BeefBuger,food,receipt_ocr
SynergyRaspberryChiaKKombucha,food,synthetic_ocr_aug
WALLS PPLSTW-VNL90,food,receipt_ocr
Cranberry Juice,food,instacart_web
ORGaNIcquInOa&broWNRiCewIthgARlIC,food,synthetic_ocr_aug
Ultimate Stir Fry Mixed Vegetables,food,instacart_web
All Natural No Stir Creamy Almond Butter,food,instacart_web
Xpolsive Pizza Baked Snack Crackers,food,instacart_web
smokea,food,receipt_ocr
ProteinPlusRo,food,synthetic_ocr_aug
Yredoior,not_food,receipt_ocr
ApplePi,food,receipt_ocr
Fat Free Blueberry Yogurt,food,instacart_web
Strawberry Twizzlers,food,instacart_web
12pc,not_food,receipt_ocr
M&G R3GELPEN0-5MM3S,not_food,receipt_ocr
BATU3/4(D),not_food,receipt_ocr
White Corn Tortillas,food,instacart_web
Total0%NonfatPlain6reckYogurt,food,synthetic_ocr_aug
PorkLoinTende/rloin,food,synthetic_ocr_aug
88886,not_food,receipt_ocr
Quinoa,food,instacart_web
Fresh Fruit Tart,food,instacart_web
Half & Half,food,instacart_web
Angel Sweet Tomatoes,food,instacart_web
010-98#10,not_food,receipt_ocr
Red Lentil Dahl Soup,food,instacart_web
Solid Potato,food,produce_classes_web
Super Soft Taco Flour Tortillas,food,instacart_web
IM,not_food,receipt_ocr
Unsweetened Cashew Milk,food,instacart_web
1x13.00,not_food,receipt_ocr
"Organic Apple Cider Vinegar Drink, Concord Grape-Acai",food,instacart_web
Lime,food,instacart_web
Healthy Multi Grain Bread,food,instacart_web
Horchata:,food,receipt_ocr
Wonderful100%P,food,synthetic_ocr_aug
300MLSOFTDRINK 125,food,receipt_ocr
Baby Kosher Dills Wholes Pickles,food,instacart_web
Green Dragon with Passion Fruit Tea,food,instacart_web
Premium Firm Tofu,food,instacart_web
Baby Brie,food,instacart_web
Light Strawberry Yogurt,food,instacart_web
LobsterTal1,food,receipt_ocr
AlmondMilkBlueberryYogurtt,food,synthetic_ocr_aug
Tagliatellaal Aagu',food,receipt_ocr
1PlatanosOrden,food,receipt_ocr
Ground Coffee Dark Roast,food,instacart_web
Chicken&Broccolialfredo,food,synthetic_ocr_aug
Diet Caffeine Free Soda,food,instacart_web
Wild Berry Mix Nuts Seeds And Berries,food,instacart_web
FETTUCCINE RAGU,food,receipt_ocr
Swedish Meatballs,food,instacart_web
Slim Can Lime Sparkling Natural Mineral Water,food,instacart_web
Latte,food,receipt_ocr
Organic Seedless Watermelon,food,instacart_web
495,not_food,receipt_ocr
Original Egg Substitute,food,instacart_web
REGULAR 50,food,receipt_ocr
Fruit Punch Liquid Water Enhancer,food,instacart_web
"Salad,Co",food,synthetic_ocr_aug
ILarpe Soda,food,receipt_ocr
Low-Fat Strawberry Banana on the Bottom Greek Yogurt,food,instacart_web
America's Favorite Tea,food,instacart_web
Yoggi Vanilla Yoghurt,food,produce_classes_web
Ramen Noodles Soup Chicken Mushroom Flavor,food,instacart_web
French Onion Chips,food,instacart_web
Cocoa Bunnies Whole Grain Cereal,food,instacart_web
CARROTSIMSOOGMCH(PKT),food,receipt_ocr
Organic Smoked Chicken Breast,food,instacart_web
glutENfreechocOLAtecaKEmix,food,synthetic_ocr_aug
Organic Black Beans Ready To Eat In Pouch,food,instacart_web
fLaXpluShoTO,food,synthetic_ocr_aug
Organic Pure 85% Dark Chocolate Bar,food,instacart_web
Bunched Cilantro,food,instacart_web
623,not_food,receipt_ocr
Chocolate Instant Pudding & Pie Filling,food,instacart_web
Snak-Saks Crackers,food,instacart_web
Blueberry Bagels,food,instacart_web
Family Pack Bites Juicy Red & Green Apple Mixed,food,instacart_web
DoienPineapplePcs,food,receipt_ocr
GrinedSdrtSteak,food,receipt_ocr
Green Peppercorns in Brine,food,instacart_web
chfcken5*,food,receipt_ocr
Eggo Thick & Fluffy Original Waffles,food,instacart_web
Strawberry Ice Cream,food,instacart_web
2 EMPANADA,food,receipt_ocr
21:00,not_food,receipt_ocr
Tem,not_food,receipt_ocr
Organic Crunchy Peanut Butter Granola Bar,food,instacart_web
S9.20,not_food,receipt_ocr
$7.8,not_food,receipt_ocr
Bakdwhole6Rnwheatorigiralcrackersthncrsps,food,synthetic_ocr_aug
Organic Lowfat Chocolate Milk,food,instacart_web
AsOldFashioned,food,receipt_ocr
Apple Cider Vinegar,food,instacart_web
4x,not_food,receipt_ocr
1X30.00,not_food,receipt_ocr
Dark Chocolate Cinnamon Pecan Bar,food,instacart_web
Total with Strawberry Yogurt,food,instacart_web
Solid White Albacore Tuna In Water,food,instacart_web
82,not_food,receipt_ocr
1Philadelphia Roll,food,receipt_ocr
aked Cookie,food,receipt_ocr
Oatmeal Squares Brown Sugar,food,instacart_web
150V001,not_food,receipt_ocr
Milk Chocolate Covered Raisins,food,instacart_web
organicsoba,food,synthetic_ocr_aug
Original Taco Seasoning Mix,food,instacart_web
100.000,not_food,receipt_ocr
100% Spring Water,food,instacart_web
Spicy Shrimp Avocado Roll,food,instacart_web
AMT.(S),not_food,receipt_ocr
15.95,not_food,receipt_ocr
IYXpeIV871060,not_food,receipt_ocr
$116.50,not_food,receipt_ocr
Shepherd's Pie,food,instacart_web
Pure Foods Sea Salt Iodized,food,instacart_web
Antioxidant Green Tea Bags,food,instacart_web
Pink Lady,food,produce_classes_web
Lemon Juice,food,instacart_web
$0:00,not_food,receipt_ocr
$22.40,not_food,receipt_ocr
Temporibusautem,not_food,receipt_ocr
Potato Wedges,food,instacart_web
Pizza Dough Ball,food,synthetic_food_list
Extra Fancy Unsalted Mixed Nuts,food,instacart_web
SHEEKAR,food,receipt_ocr
Cuon,food,receipt_ocr
180.00,not_food,receipt_ocr
11800,not_food,receipt_ocr
M COATEN,not_food,receipt_ocr
Flaky Supreme Cinnamon Rolls With Icing,food,instacart_web
14.00T,not_food,receipt_ocr
Qty.,not_food,receipt_ocr
GRILTERIYAKICKN,food,receipt_ocr
SuperMoist White Cake Mix,food,instacart_web
3..MONSTAHrO11,food,receipt_ocr
DRINKING WATER,food,instacart_web
Mini Cucumbers,food,instacart_web
ROLL,food,receipt_ocr
SesamePrawnToast,food,receipt_ocr
Strawberry Banana Coconut Milk Yogurt,food,instacart_web
shoestring,food,receipt_ocr
TPepperfin,not_food,receipt_ocr
E517,not_food,receipt_ocr
Dark Chocolate Pumpkin Seed Bark,food,instacart_web
FarmhouseFreshMilikTwinPackZxlL,not_food,receipt_ocr
AdipiscingElit,not_food,receipt_ocr
Tuscan Bean & Rice Soup,food,instacart_web
G2GrapeprtsDrik,food,synthetic_ocr_aug
TAYLIRSVIFT,not_food,receipt_ocr
Onion Flavored Rings,food,instacart_web
Lemon Sparkling Natural Spring Water,food,instacart_web
15.800,not_food,receipt_ocr
151,not_food,receipt_ocr
Organic Blackberries,food,instacart_web
PC,not_food,receipt_ocr
FOAMEGARD91X46CM,not_food,receipt_ocr
WatermelonJuice,food,receipt_ocr
Lactose Free Reduced Fat 2% Milk,food,instacart_web
homemadesalted,food,synthetic_ocr_aug
Berry Berry Good Lemonade Organic Juice Drink,food,instacart_web
COOK MEDIUM,food,receipt_ocr
Short Stack,food,receipt_ocr
Fresh Whole White Mushrooms,food,instacart_web
whlcwhitmushrorns,food,synthetic_ocr_aug
Organic Unsalted Chicken Bone Stock,food,instacart_web
KidsCheeseburosr,food,receipt_ocr
88.00,not_food,receipt_ocr
2BudLight,food,receipt_ocr
GlutenFFreeQuinoaRotellePasta,food,synthetic_ocr_aug
Tempt Unsweetened Original Hemp Milk,food,instacart_web
Halft,not_food,receipt_ocr
*6.70,not_food,receipt_ocr
Hab RoiasRed Bean,food,receipt_ocr
Banana Cinnamon Frozen Pops,food,instacart_web
Organic Large Green Asparagus,food,instacart_web
5865,not_food,receipt_ocr
ZroGo-GoMxedBerryVitaminWater,food,synthetic_ocr_aug
Tropical Kombucha,food,instacart_web
EdmamSybansinPods,food,synthetic_ocr_aug
Oatmeal Raisin Flax Soft-Baked Cookies,food,instacart_web
70% Dark Chocolate Salted Almond Bar,food,instacart_web
PAN,food,receipt_ocr
Organic Beef Broth,food,instacart_web
Carta1oupe,food,synthetic_ocr_aug
Wet tissue,not_food,receipt_ocr
ID ALFREDO,food,receipt_ocr
0820,not_food,receipt_ocr
Flourless  Sprouted Whole Grain 7-Sprouted Grains English Muffins,food,instacart_web
Queso Fresco,food,instacart_web
Organic Cut Green Beans,food,instacart_web
OG CLASSIC SLIP-ON(WTAPS）K2OE-7,food,receipt_ocr
Rustic Tomato Salsa,food,instacart_web
42129,not_food,receipt_ocr
iatto,food,receipt_ocr
All Purpose Crushed Tomatoes,food,instacart_web
SmokedFreshTurk/eyKielbasa,food,synthetic_ocr_aug
Breadsticks Original,food,instacart_web
Strawberry Squeeze Fruit Spread,food,instacart_web
SptcyDrmRed,food,receipt_ocr
JHOUSE HARGARITA JUMBO,food,receipt_ocr
LOVE TO HATEME,not_food,receipt_ocr
Draught,food,instacart_web
Rendang,food,receipt_ocr
Peanut Butter Cereal,food,instacart_web
Oatnut Bread,food,instacart_web
Organic Whipping Cream,food,instacart_web
RaspCoco Mojit @18.00,food,receipt_ocr
17200,not_food,receipt_ocr
a74.00,not_food,receipt_ocr
BABALHUTDL,food,receipt_ocr
H32,not_food,receipt_ocr
Just Green Unsweetened Tea,food,instacart_web
38.16,not_food,receipt_ocr
1GrldAsparagus,food,receipt_ocr
Asparagus,food,instacart_web
ShortRib,food,receipt_ocr
MASSIMO FINE WHOLEMEAL,food,receipt_ocr
tlopiafilct,food,synthetic_ocr_aug
149.00,not_food,receipt_ocr
Organic 2% Milk,food,instacart_web
Cold-Pressed Organic Orange,food,instacart_web
Unsalted Vegetable Cooking Stock,food,instacart_web
*S,not_food,receipt_ocr
TOWEL,not_food,receipt_ocr
Organic Rolled Oats,food,instacart_web
Fresh Pressed Virgin Coconut Oil,food,instacart_web
100% O-J Juice,food,instacart_web
German Farm Bread,food,instacart_web
0.00,not_food,receipt_ocr
Jugo de Chinola,food,receipt_ocr
0% Greek Strained Yogurt,food,instacart_web
movetheatcr8uttermicrowvepopcrn,food,synthetic_ocr_aug
Organic Raspberries,food,instacart_web
Compleats Beef Pot Roast,food,instacart_web
India Pale Ale Racer 5,food,instacart_web
Organic Heavy Cream,food,instacart_web
Asian Chopped Salad with Dressing,food,instacart_web
0688,not_food,receipt_ocr
Bag of Jumbo Yellow Onions,food,instacart_web
ORGANTCCARROTS,food,receipt_ocr
ChocomeTtMelkSla,food,receipt_ocr
SARA LEE     15OZ PLAIN MINI BAGELS,food,instacart_web
HoneyTurkey,food,synthetic_ocr_aug
Organic Potato Russet,food,instacart_web
ROYAL GOLD LUXURIOUSKITCHEN TOWEL,food,receipt_ocr
Chicken&RibCombo,food,receipt_ocr
Green Machine Juice Smoothie,food,instacart_web
Organic Original Acai Berry + Guarana Smoothie Packs,food,instacart_web
YoB.abyOrganicVanillaYogurt,food,synthetic_ocr_aug
Pirat'S8Otyagedwhtechddrbakdrceondcornpuffs,food,synthetic_ocr_aug
empura,food,receipt_ocr
Diet Root Beer,food,instacart_web
"Pvrifiedwoter,9.5Ph+",food,synthetic_ocr_aug
S0.00,not_food,receipt_ocr
Organic Leek,food,instacart_web
Tri-ColorRotiniPassta,food,synthetic_ocr_aug
66.00,not_food,receipt_ocr
3>MOOYAHSaUCE,food,receipt_ocr
sauces,food,basket_categories_web
"Dark Chocolate, Stone Ground, Organic, Toffee Almond & Sea Salt",food,instacart_web
Fresh Basil,food,instacart_web
Ketohup,food,receipt_ocr
Blueberry Sheep Milk Yogurt,food,instacart_web
Provo,food,synthetic_ocr_aug
RKT,not_food,receipt_ocr
33.92,not_food,receipt_ocr
11.85,not_food,receipt_ocr
740,not_food,receipt_ocr
Dark Chocolate Morsels,food,instacart_web
Organic Raspberry Yogurt,food,instacart_web
2540,not_food,receipt_ocr
Organic Stoneground Flakes Cocoa Clusters Cereal,food,instacart_web
Ltem,not_food,receipt_ocr
0RgNc2%rCdceDfAtmlk,food,synthetic_ocr_aug
HIRT,not_food,receipt_ocr
BCHZBSPO,not_food,receipt_ocr
1BLACKPEPPERBACON,food,receipt_ocr
BBoSauce,food,receipt_ocr
Chocolate Ice Cream in Wafer cups,food,instacart_web
Sof,food,receipt_ocr
RIGE,food,receipt_ocr
Basil,food,instacart_web
25.40,not_food,receipt_ocr
#L28 Red Curry,food,receipt_ocr
BRUNCHFISHTACO,food,receipt_ocr
INDOMILKBANANA190,food,receipt_ocr
Fresh Chicken Breast,food,instacart_web
Coors Light,food,receipt_ocr
White Pita,food,instacart_web
Potato Hot Dog Buns,food,instacart_web
Qtya,not_food,receipt_ocr
Whole Young Chicken,food,instacart_web
TACO SALAD,food,receipt_ocr
Tomato Sauce,food,instacart_web
$299,not_food,receipt_ocr
Deli Shaved Oven Roasted Turkey,food,instacart_web
Cup Noodles Chicken Flavor,food,instacart_web
19.95,not_food,receipt_ocr
Red Velvet Ice Cream,food,instacart_web
California Red Wine,food,instacart_web
"Salsa, Fire Roasted, Chipotle, Medium",food,instacart_web
TeriyaklBeefRoll,food,receipt_ocr
"Cottage Cheese, Natural Small Curd, 4% Milkfat Min",food,instacart_web
ER.SODS,food,receipt_ocr
Bey Bar,food,receipt_ocr
Almonds & Sea Salt in Dark Chocolate,food,instacart_web
TtemNami,not_food,receipt_ocr
Natural Sweetener,food,instacart_web
zESty1T1NsLaddRssiNg&rECiPemix,food,synthetic_ocr_aug
Spicy Wakame Ginger Kimchi,food,instacart_web
Gluten Free Original Instant Oatmeal,food,instacart_web
Organic Stringles Mozzarella String Cheese,food,instacart_web
Organic Soups Low Fat Split Pea,food,instacart_web
1Red Bun,food,receipt_ocr
ings,food,receipt_ocr
X17.00,not_food,receipt_ocr
VegancSprotdncientMaizeFlaks,food,synthetic_ocr_aug
ELEE,not_food,receipt_ocr
OBES2I7CBE7SCISSORSI2OMM,not_food,receipt_ocr
Cheese & Broccoli Ravioli For Kids,food,instacart_web
Premium Selects Brussels Sprouts,food,instacart_web
Sourdough Whole Grain Crispbread,food,instacart_web
No.Beverage,food,receipt_ocr
Apple & Apricot Fruit Bar,food,instacart_web
CAKE,food,receipt_ocr
Organic Blonde Coconut Palm Sugar,food,instacart_web
Naruto$0.75,food,receipt_ocr
VEGCURRY,food,receipt_ocr
Natural Mozzarella Deli Style Sliced Cheese,food,instacart_web
SlimCanLimeSparklingNaturalM.ineralWater,food,synthetic_ocr_aug
Vanilla Almond Milk Frozen Dessert,food,instacart_web
Bronze.Embossed/Carved Front2Dr...,not_food,receipt_ocr
Redwaxgclacheesc,food,synthetic_ocr_aug
9556024001383,not_food,receipt_ocr
Enmoladas.withMeat,food,receipt_ocr
Raw Sauerkraut,food,instacart_web
LargelrescoEggs,food,synthetic_ocr_aug
VND140.000,not_food,receipt_ocr
Dark Sweet Cherries,food,instacart_web
Beef Flavor Cup Noodles,food,instacart_web
Buffet,food,receipt_ocr
DO3,not_food,receipt_ocr
Lactose Free Sour Cream,food,instacart_web
TERIYAKI CKN,food,receipt_ocr
Sliced Water Chestnuts,food,instacart_web
TNDOMIECRGRTA8SC,food,receipt_ocr
Organic Cashew Caramel Macrobar,food,instacart_web
Thanks,not_food,receipt_ocr
XXX840Z,not_food,receipt_ocr
L'Orange Sparkling Natural Mineral Water,food,instacart_web
Chardonnay Wine,food,instacart_web
17002,not_food,receipt_ocr
Peanut Butter Dark Chocolate + Protein Nutrition Bar,food,instacart_web
Tandoorichicken,food,receipt_ocr
Demon Treat Halloween Candy,food,instacart_web
SpcySand,food,receipt_ocr
TacosTradicional Steak 3,food,receipt_ocr
"28,00",not_food,receipt_ocr
E398,not_food,receipt_ocr
TOPSIRLOIN STEAK,food,receipt_ocr
Caesar Dressing,food,instacart_web
Gluten Free Whole Grain Bread,food,instacart_web
Light Cheesy Parmesan Alfredo Sauce,food,instacart_web
wMein,food,receipt_ocr
90,not_food,receipt_ocr
19343806,not_food,receipt_ocr
-0:85,not_food,receipt_ocr
Healthy Request Condensed Soup Cream of Mushroom,food,instacart_web
Half And Half Ultra Pasteurized,food,instacart_web
OrganicMintCrunchDarkChoco1lateBar,food,synthetic_ocr_aug
"Beef Jerky, Grass-Fed, Spicy",food,instacart_web
OrganicSoyTempeh,food,synthetic_ocr_aug
Quesadflla chicken,food,receipt_ocr
Lightly Breaded Fish Sticks,food,instacart_web
Blueberry on the Bottom Nonfat Greek Yogurt,food,instacart_web
Yogurt Covered Pretzels,food,instacart_web
CoconutDark,food,synthetic_ocr_aug
Hazelnut Coffee Creamer,food,instacart_web
Crunchy Peanut Butter Granola,food,instacart_web
Fridge Pack Diet Root Beer,food,instacart_web
StrawberryBan/anaFlavored4JuiceSmoothieBlend,food,synthetic_ocr_aug
T*06ET,not_food,receipt_ocr
JLSmal BrownRice],food,receipt_ocr
"Handmade Vodka From Austin, Texas",food,instacart_web
BUTTER NAAN,food,receipt_ocr
Sweet Kale Salad Mix,food,instacart_web
TDietcoke,food,receipt_ocr
HosewlnehteGiass,food,receipt_ocr
Blueberry Pomegranate Aca<U+00ED> Cultured Goat Milk Kefir,food,instacart_web
Garnet Sweet Potato (Yam),food,instacart_web
Gummy Worms,food,instacart_web
Grilled Chicken Breast Strips,food,instacart_web
13,not_food,receipt_ocr
WEEKGAY DINNE,food,receipt_ocr
Descripton,not_food,receipt_ocr
Smartwater<U+00AE> Vapor Distilled Water,food,instacart_web
34.VegetarianDis,food,receipt_ocr
T/abascoChipotlePepperSauce,food,synthetic_ocr_aug
Cinnamon Bread,food,instacart_web
Wholewheatsourdough,food,synthetic_ocr_aug
Spicy Brown Mustard,food,instacart_web
Calrose,food,synthetic_ocr_aug
Butter with Olive Oil & Sea Salt,food,instacart_web
Organic Fresh Carrot Chips,food,instacart_web
FEELINGS-CAROLINE,not_food,receipt_ocr
Ch Coke MD,food,receipt_ocr
Jaipur Vegetables,food,instacart_web
ALMONDBU,food,synthetic_ocr_aug
OOKING,food,receipt_ocr
Ultra Blue,food,instacart_web
Raspberry Gluten-Free Figgies And Jammie's Bars,food,instacart_web
Blackberry Serrano Yogurt,food,instacart_web
Straight Bourbon Whiskey,food,instacart_web
DarkChocolateCherryCashewPlusAntioxidantsBars,food,synthetic_ocr_aug
Sea Salt Mini Popcorn,food,instacart_web
Mega PokeBowl,food,receipt_ocr
BRUSSEL SPROUTS,food,receipt_ocr
ApplewoodSm,food,synthetic_ocr_aug
Outshine Watermelon Fruit Bars,food,instacart_web
Wyborowa,food,receipt_ocr
87.99,not_food,receipt_ocr
Sweet Potato Littles,food,instacart_web
DKING,not_food,receipt_ocr
UBI,food,receipt_ocr
Simply...Go-Gurt Mixed Berry Portable Low Fat Yogurt,food,instacart_web
"Mushroom, Spinach, and Salsa Tamales",food,instacart_web
Cashew Milk Dark Chocolate Truffle Ice Cream,food,instacart_web
Powdered Confectioners Sugar,food,instacart_web
3.71SR,not_food,receipt_ocr
UNITAmt,not_food,receipt_ocr
MexiconStyleFourCheescShreddedCheese,food,synthetic_ocr_aug
LittleBitesChocola,food,synthetic_ocr_aug
FOAMBGARD91X46CM,not_food,receipt_ocr
zinfand,food,synthetic_ocr_aug
Jiffycreamypeanutbutter,food,synthetic_ocr_aug
ctes,not_food,receipt_ocr
White Meat Fun Nuggets,food,instacart_web
192000,not_food,receipt_ocr
3 HATER,food,receipt_ocr
endor Rent,not_food,receipt_ocr
ChocolateChipCookieDoughFrozenGree,food,synthetic_ocr_aug
"a65,00",not_food,receipt_ocr
15.40,not_food,receipt_ocr
"Hory,Pvre",food,synthetic_ocr_aug
Thin And Crispy Corn Tortilla Chips,food,instacart_web
100% Natural Crunchy Peanut Butter,food,instacart_web
Organic Worcestershire,food,instacart_web
1ICEDTEA,food,receipt_ocr
3WATER,food,receipt_ocr
White Sliced Mushrooms,food,instacart_web
Dark Chocolate Covered Salted Almonds,food,instacart_web
Chocolate Strong Dark,food,instacart_web
Plus Cranberry Almond + Antioxidants with Macadamia Nuts Bar,food,instacart_web
$7.95,not_food,receipt_ocr
Organic Shallot,food,instacart_web
ORANGE150Z,food,receipt_ocr
Kellogg's Nutri-Grain Apple Cinnamon Cereal,food,instacart_web
Original Pancake Syrup,food,instacart_web
FRESHLIMEWATER,food,receipt_ocr
$6.00,not_food,receipt_ocr
Organic Whole Cloves,food,instacart_web
SheepMiilkYogurtVanilla,food,synthetic_ocr_aug
FROUNO,not_food,receipt_ocr
"7""ROLLERREFILL",not_food,receipt_ocr
NatURES'SdAiRy-fReecReaMerfReNchvAnILlaUnSwEeteNeD,food,synthetic_ocr_aug
RGARCCHOCLATCSUPRCOKIES,food,synthetic_ocr_aug
Extra Stout Beer,food,instacart_web
Maple Quinoa Cluster With Chia Seeds,food,instacart_web
lors,not_food,receipt_ocr
Natural Pure Sparkling Water,food,instacart_web
Organic Quinoa,food,instacart_web
2% Chocolate Milk,food,instacart_web
Diced Mango Fruit,food,instacart_web
FAOEMASK,not_food,receipt_ocr
CAUSADE POLLO,food,receipt_ocr
Organic Sriracha Hummus,food,instacart_web
TOGO2》》》》》》》》》》》,not_food,receipt_ocr
BIENWAFFMEAL：器,food,receipt_ocr
Produkt,food,receipt_ocr
CHOColatecHipCoOkIeS,food,synthetic_ocr_aug
Farmhouse Waffle & Pancake Mix,food,instacart_web
Organic Sweetened Cranberries,food,instacart_web
13.200,not_food,receipt_ocr
Cranberry Walnut Bread,food,instacart_web
"Water, Unsweet, Crisp Apple",food,instacart_web
1.290.837,not_food,receipt_ocr
xEriksbergKaraktag400,not_food,receipt_ocr
06,not_food,receipt_ocr
13-50,not_food,receipt_ocr
Thick Medium Cheddar Slices,food,instacart_web
Sonoma Yellow Corn Organic Tortillas,food,instacart_web
Sparkling Lemon Water,food,instacart_web
TEQUILA,food,receipt_ocr
Organic Tahini,food,instacart_web
Original Lite Syrup,food,instacart_web
Pho,food,receipt_ocr
1 G14 Hands Cab,food,receipt_ocr
"Country Stand Juice, Medium Pulp",food,instacart_web
Organic Peppermint Herbal Tea,food,instacart_web
1.88,not_food,receipt_ocr
Mein,food,receipt_ocr
Organic 72% Dark Chocolate Bar,food,instacart_web
SpecialKFruit&Yogur#tCereal,food,synthetic_ocr_aug
Aerojet,not_food,receipt_ocr
14.88,not_food,receipt_ocr
0.57/ea,not_food,receipt_ocr
Zero Calorie Fruit Punch Sports Drink,food,instacart_web
Organic Chickpeas Ready To Eat,food,instacart_web
Just Organic Strawberries,food,instacart_web
Raw Virgin Coconut Oil,food,instacart_web
ASALAPAPAD,food,receipt_ocr
Jicama,food,instacart_web
Funsize Mix 65 Pieces Candies,food,instacart_web
110.0c,not_food,receipt_ocr
Cremini Mushrooms,food,synthetic_food_list
Olive Oil & Sel Gris Sourdough Flatbread,food,instacart_web
Bfast,not_food,receipt_ocr
Double Stuf Golden Sandwich Cookies,food,instacart_web
"8\"" Apple Pie""",food,instacart_web
Organic Bunny-Luv Carrots,food,instacart_web
Savory Turkey Breakfast Sausage Patties,food,instacart_web
KEYCFHAINNSDARFSTA,not_food,receipt_ocr
SHRIMP.VERACRUZ,food,receipt_ocr
White Vanilla Bean Ice Cream Dipped in White Chocolate,food,instacart_web
OrganiVanillaBeanceCream,food,synthetic_ocr_aug
100% Whole Wheat Fusilli No. 34,food,instacart_web
Bean,food,receipt_ocr
misc. beverages,food,basket_categories_web
0.76,not_food,receipt_ocr
Pork & Vegetable Dumplings Potstickers,food,instacart_web
God Morgon Red Grapefruit Juice,food,produce_classes_web
Loneng Aya,food,receipt_ocr
Organic White Corn & Wheat Tortillas,food,instacart_web
312 Urban Wheat Ale,food,instacart_web
NOGoatO,not_food,receipt_ocr
Slow Churned Light Ice Cream Cookies 'N Cream,food,instacart_web
($7.85 each),food,receipt_ocr
OriginalStrawberryLowFatYogurt,food,synthetic_ocr_aug
Organic Bagged Carrots,food,instacart_web
PLASTIK KCL,not_food,receipt_ocr
Light Brain Toniq,food,instacart_web
JelliedCranberrySa0uce,food,synthetic_ocr_aug
Baked Vegetable Brown Rice Snaps,food,instacart_web
Gluten Free Sprouted Seed Bread,food,instacart_web
Grand Parisian Complete Salad Kit,food,instacart_web
Reduced Fat Chocolate Milk,food,instacart_web
11290,not_food,receipt_ocr
204000,not_food,receipt_ocr
Sweet Onions,food,instacart_web
4:00,not_food,receipt_ocr
xppeneFadratt,not_food,receipt_ocr
BEAN CURD,food,receipt_ocr
4.905,not_food,receipt_ocr
ILXHONEY,food,receipt_ocr
081D61,not_food,receipt_ocr
rver:Tameka3,not_food,receipt_ocr
21.000,not_food,receipt_ocr
45.00,not_food,receipt_ocr
PureCareRoughCutSugorCubes,food,synthetic_ocr_aug
198.00,not_food,receipt_ocr
HEE,food,receipt_ocr
OrganicBlueberriesClamshell,food,synthetic_ocr_aug
Organic Acai Berry Smoothie Packs,food,instacart_web
29.99,not_food,receipt_ocr
Chfcken,food,receipt_ocr
Premium Cod Fish Sticks,food,instacart_web
63.60,not_food,receipt_ocr
Ground Saigon Cinnamon,food,instacart_web
3B,not_food,receipt_ocr
Earl Grey Black Tea,food,instacart_web
Organic Brown Rice Spaghetti,food,instacart_web
Heritage Flakes Cereal,food,instacart_web
Organic Wild Berry Fruit Spread,food,instacart_web
BeyondChickenLightlySeasonedStripps,food,synthetic_ocr_aug
KisFnes,food,receipt_ocr
Polar Ice Sugar Free Gum,food,instacart_web
TacoMildSeasoningMi,food,synthetic_ocr_aug
Z.OO ZR,not_food,receipt_ocr
Organic Mixed Vegetables,food,instacart_web
Nabun,not_food,receipt_ocr
All Whites 100% Egg Whites,food,instacart_web
5:90,not_food,receipt_ocr
AgedWhiteWineVineg#ar,food,synthetic_ocr_aug
Natural Bliss Salted Caramel Flavor All-Natural Coffee Creamer,food,instacart_web
Organic Red Heirloom Pasta Sauce,food,instacart_web
ASIRKA,not_food,receipt_ocr
TukTukMassac,food,receipt_ocr
CinnmoSuar,food,synthetic_ocr_aug
Fat Free Skim Milk,food,instacart_web
Mint Chip Ice Cream,food,instacart_web
Organic Okra,food,instacart_web
French Beans,food,instacart_web
Bambooshoots1.00,food,receipt_ocr
40.00,not_food,receipt_ocr
Big G Cereals Cinnamon Toast Crunch,food,branded_items_web
100% Orange Juice No Pulp,food,instacart_web
Pistachios Shelled,food,synthetic_food_list
SKU,not_food,receipt_ocr
HCO3-7,not_food,receipt_ocr
1BRUSSELSSPROUTS,food,receipt_ocr
12-19S,not_food,receipt_ocr
"Freshly made pasta, rich meat sauce and Real Mozzarella cheese Lasagna with Meat & Sauce",food,instacart_web
Broccoli Florets Steamers,food,instacart_web
CHIKI,food,receipt_ocr
ChocolateSquaresPremiumAssortment,food,synthetic_ocr_aug
OrIGINaLthins,food,synthetic_ocr_aug
USGREENAPPLE(17S)1OS,food,receipt_ocr
Serrano Peppers,food,synthetic_food_list
SALSASHIMTRICE SETCM5,food,receipt_ocr
2200,not_food,receipt_ocr
Organic Chewy Chocolate Banana Bites,food,instacart_web
YoBabyOrgancVanillaYogurt,food,synthetic_ocr_aug
SteakChse Sub,food,receipt_ocr
Chips Ahoy! Chewy Cookies,food,instacart_web
9.300,not_food,receipt_ocr
OvenBkedCheddr&SorCreamPtatCrisps,food,synthetic_ocr_aug
THAFIKISHIS 500H  9.902 (1800,not_food,receipt_ocr
Yellow Onion,food,instacart_web
Farm.House Bean,food,receipt_ocr
Conference,food,produce_classes_web
7000,not_food,receipt_ocr
Yo Baby Organic Vanilla Yogurt,food,instacart_web
12.50,not_food,receipt_ocr
30001916,not_food,receipt_ocr
GHCOLATE,food,receipt_ocr
GratedPecrinoRomanoCheese,food,synthetic_ocr_aug
56600,not_food,receipt_ocr
41-07,not_food,receipt_ocr
Canned Pinto Beans,food,branded_items_web
Volcano.Ramen,food,receipt_ocr
Rich Milk Chocolate Hot Cocoa Mix,food,instacart_web
Wines,food,receipt_ocr
Sleepytime Herbal Tea,food,instacart_web
Chicken & Maple Breakfast Sausage,food,instacart_web
Broccoli Cheddar Soup,food,instacart_web
ORGANICOVENTOASTEDOATSOLDFAS,food,synthetic_ocr_aug
Alaskan Salmon Burgers,food,instacart_web
Organic Brown Rice Bowl,food,instacart_web
TSalsa De Molcajete,food,receipt_ocr
Sugar Free Maple Flavor Syrup,food,instacart_web
Ginger Snap Cookies,food,instacart_web
1.LED11SIGNAL,not_food,receipt_ocr
Organic & Raw Ginger Berry Kombucha,food,instacart_web
0712000,not_food,receipt_ocr
Matzo Ball Mix,food,instacart_web
style,food,receipt_ocr
Whole Grain Original Frozen Mini Waffles,food,instacart_web
GRSonly,not_food,receipt_ocr
VegTofu PadThai,food,receipt_ocr
16.600,not_food,receipt_ocr
"Whole Grain Organic Waffles, Totally Original",food,instacart_web
Organic Garlic Granulates,food,instacart_web
KrikleCutSalt&FreshGroundPepperPotatoChips,food,synthetic_ocr_aug
GiDouglass Green SB,food,receipt_ocr
$46.00,not_food,receipt_ocr
Organic Peeled & Cooked Beets,food,instacart_web
BottledWater,food,receipt_ocr
1.LEDiiSIGNAL,not_food,receipt_ocr
Organic2vcchiniSquash,food,synthetic_ocr_aug
Choco1ateLowFatMi1k,food,synthetic_ocr_aug
CARBON,not_food,receipt_ocr
W.2EGGS,food,receipt_ocr
Blueberry Breakfast Biscuits,food,instacart_web
Magio Steak,food,receipt_ocr
"COCONUTWATER,REAL",food,synthetic_ocr_aug
Organic Medjool Dates,food,instacart_web
Sea Salt Grinder,food,instacart_web
613,not_food,receipt_ocr
1Albondigas,food,receipt_ocr
Organic Canned Garbanzo Beans,food,instacart_web
Low Fat 1% Milk,food,instacart_web
2509603RB/3-INHATTEBLCKSPRNG,not_food,receipt_ocr
CGROSS,not_food,receipt_ocr
Matzoh Ball Soup,food,instacart_web
Frisee (Chickory) Lettuce Bunch,food,instacart_web
2120,not_food,receipt_ocr
5.30SR,not_food,receipt_ocr
1BakedApplePle,food,receipt_ocr
S'mores ZBar,food,instacart_web
DUS,not_food,receipt_ocr
100% Pure Grape Juice,food,instacart_web
FlourTortila,food,receipt_ocr
Egg Matzos,food,instacart_web
Cinnabon Cream Cheese Icing Cinnamon Rolls,food,instacart_web
Gluten Free Whole Grain Hamburger Buns 4 Count,food,instacart_web
Cran Raspberry Sparkling Water,food,instacart_web
Zero Calorie Cream Soda,food,instacart_web
SLIAHIRIEPINE10F10376937,not_food,receipt_ocr
HITE CABLETIE5*250,food,receipt_ocr
bowi barley,food,receipt_ocr
Hot5aucc,food,synthetic_ocr_aug
Original Potato Chips,food,instacart_web
BUTTERR,food,receipt_ocr
Cola Nodle With Chioken,food,receipt_ocr
Enc,not_food,receipt_ocr
2.10,not_food,receipt_ocr
Lunch Shrimp & Andouille,food,receipt_ocr
GARICENAAN,food,receipt_ocr
Orga0nicMapleBrownSugarGranola,food,synthetic_ocr_aug
Milo Bun,food,receipt_ocr
YOUNEUERONOW,not_food,receipt_ocr
10176,not_food,receipt_ocr
80  Vodka Holiday Edition,food,instacart_web
Hummus,food,instacart_web
BUFFET·DINNER(ADULT),food,receipt_ocr
Leeks,food,synthetic_food_list
NaturalClassicPorkBrkfstSusag,food,synthetic_ocr_aug
MangoSorb/etPops,food,synthetic_ocr_aug
Toasted Almond Gelato,food,instacart_web
Extra Virgin Olive Oil,food,instacart_web
NibbyDarkChocolate,food,synthetic_ocr_aug
"Organic Turbinado, Raw Cane Sugar",food,instacart_web
8.25,not_food,receipt_ocr
Sports Drink,food,synthetic_food_list
VEGDIWANI HANDI,food,receipt_ocr
1Veal Milanese,food,receipt_ocr
1Moilto pitcher originalw/ie.oo,food,receipt_ocr
Organic Bagged Mini Dark Peanut Butter,food,instacart_web
Guanabana Soursop Nectar,food,instacart_web
Organic Tamari Gluten-Free Soy Sauce,food,instacart_web
LobsterTat,food,receipt_ocr
0rganicGrounclGinger,food,synthetic_ocr_aug
Fancy Eggplant,food,instacart_web
Envy Apple,food,instacart_web
Teriyaki Beef Jerky,food,instacart_web
GRILLTERIYAKICKN,food,receipt_ocr
"Olive Oil, Extra Virgin, California",food,instacart_web
COMP-EGGBENEDIOT,food,receipt_ocr
Sweet Rolls,food,instacart_web
whIPPEdcreAmchEEsE,food,synthetic_ocr_aug
PRIGETO,not_food,receipt_ocr
Wholly Guacamole Mini 12 Oz,food,instacart_web
Protein Bar Lemon Cream Pie,food,instacart_web
Super Shreds Superfood Brussels Sprouts,food,instacart_web
591552.25-0ALB0UBTRELLIS,not_food,receipt_ocr
Cr1min1,food,receipt_ocr
1Corona,food,receipt_ocr
TAOKANAGAUR,food,receipt_ocr
Collard Greens,food,synthetic_food_list
LemonZestNutritinBrs,food,synthetic_ocr_aug
Arugula,food,instacart_web
100% Pure Organic Apple Juice,food,instacart_web
Organic Macaroni Shells & Real Aged Cheddar,food,instacart_web
Dark Chocolate Squares With Raspberry Filling,food,instacart_web
【1]控肉饭,not_food,receipt_ocr
Fruit & Nut Trail Mix Chewy Granola Bars,food,instacart_web
Sweet Cream Salted Butter,food,instacart_web
HertyGrans100%WholWheatEnglishMuffns,food,synthetic_ocr_aug
Snickerdoodle Cinnamon Sugar Cookies,food,instacart_web
DairyFreCoconutMilkVanillaYortAlternative,food,synthetic_ocr_aug
Thin Pizza Crust,food,instacart_web
DietCaffeineFreeNoCa,food,synthetic_ocr_aug
Farmer's Garden Medium Salsa,food,instacart_web
"1,800/x",not_food,receipt_ocr
Chix Parm Sandwieh,food,receipt_ocr
Green Giant Sweet Peas,food,branded_items_web
French Green Beans,food,instacart_web
RD ONION,food,receipt_ocr
Steal,not_food,receipt_ocr
Quick 1 Minute Whole Grain Oats,food,instacart_web
AllNoturolNoodles,food,synthetic_ocr_aug
GlutenFreeP.eanutButterBerryChewyWithACrunchGranolaBars,food,synthetic_ocr_aug
vanilla Custard,food,receipt_ocr
Brown Sugar Maple Oatmeal with Ancient Grains,food,instacart_web
"Sparkling Citrus Beverage, with Natural Pulp",food,instacart_web
Korean Kimchi,food,instacart_web
L05,not_food,receipt_ocr
atsi,not_food,receipt_ocr
Drumsticks,food,instacart_web
YellowNectarrines,food,synthetic_ocr_aug
Original Bite Size Candies,food,instacart_web
tom,not_food,receipt_ocr
Honey Almond Flax Chewy Granola Bars,food,instacart_web
Route 66 Burger 8oz,food,receipt_ocr
Lrg.Mash/Gvy,food,receipt_ocr
Go Lean Crunch! Honey Almond Flax Cereal,food,instacart_web
UNICAPAIL,not_food,receipt_ocr
IcedTea,food,receipt_ocr
met,food,synthetic_ocr_aug
KNIT,not_food,receipt_ocr
Organic Bagged Mini Milk Peanut Butter,food,instacart_web
59.80Eur*,not_food,receipt_ocr
Artesian Still Water,food,instacart_web
WATER TEA QO.50,food,receipt_ocr
Organic Uncured Sliced Black Forest Ham,food,instacart_web
Cinnamon Crunch,food,instacart_web
Warrior Meal High Protein Raw Almond Raisin,food,instacart_web
￥6,not_food,receipt_ocr
DISKSN,not_food,receipt_ocr
Turkeyfranks,food,synthetic_ocr_aug
Wild Berry Sparkling Energy Water,food,instacart_web
Organic Lemon Flavor Recharge Thirst Quencher With Electrolytes,food,instacart_web
Deccan Special Biryani,food,receipt_ocr
Baked Soft Pretzels,food,instacart_web
Grade AA Large White Eggs,food,instacart_web
7-32S,not_food,receipt_ocr
Sandia Maroar1ta(a13.0o/ea),food,receipt_ocr
2.00SR,not_food,receipt_ocr
Flavor Blasted Xtra Cheddar Baked Goldfish Crackers,food,instacart_web
Gr1oundWhitePepper,food,synthetic_ocr_aug
1#55WINGCOMBO,food,receipt_ocr
Bakers Direct Baguette French Petite Sh $1.75,food,receipt_ocr
BeefRi,food,synthetic_ocr_aug
Wasabi Roasted Seaweed Snacks,food,instacart_web
"Cheese, Sheep & Goat's Milk, Barrel-Aged, Feta",food,instacart_web
312,not_food,receipt_ocr
TANDOORI ROTI,food,receipt_ocr
Orange Flavor Sports Drink,food,instacart_web
Cinnamon Chex,food,instacart_web
Pumpernickelbread,food,synthetic_ocr_aug
Salmon-Sashimi,food,receipt_ocr
True Juice Bananaberry Crush 100% Juice Smoothie,food,instacart_web
Gluten Free French Baguettes,food,instacart_web
UnitPrice.,not_food,receipt_ocr
Chocolate Graham Snacks,food,instacart_web
$16.45,not_food,receipt_ocr
66.9,not_food,receipt_ocr
Sliced Baby Bella Mushrooms,food,instacart_web
Grilled Marinated Artichoke Hearts,food,instacart_web
Jameson6om),food,receipt_ocr
RegularPricecrdledonionsoizs),not_food,receipt_ocr
CS 2OOACUTTINGWHEEL,not_food,receipt_ocr
Velveeta Shells & Cheese Pasta,food,instacart_web
Original Pepperoni,food,instacart_web
Honey Lavender Stress Relief Tea,food,instacart_web
3-605,not_food,receipt_ocr
Kosher Dill Wholes,food,instacart_web
Peanut Butter Bar,food,instacart_web
PiTcher,food,receipt_ocr
OrganicGarbanzoBe,food,synthetic_ocr_aug
Gold Potato,food,instacart_web
Chopped Cilantro 20 Ct,food,instacart_web
Multi Grain Crispbread,food,instacart_web
canned fruit,food,basket_categories_web
Mixed Nuts,food,instacart_web
wholevitamindmilk,food,synthetic_ocr_aug
ety,not_food,receipt_ocr
Corn On The Cob,food,synthetic_food_list
Salmon Caviar,food,instacart_web
Sweet Rejuvenation Cashew Butter Macrobar,food,instacart_web
Semvitae,not_food,receipt_ocr
9.002,not_food,receipt_ocr
60% Cacao Bittersweet Premium Baking Chips,food,instacart_web
citrus fruit,food,basket_categories_web
LCED,not_food,receipt_ocr
7S.P.CoPy,not_food,receipt_ocr
103FOR,not_food,receipt_ocr
OrganicRedPotato,food,synthetic_ocr_aug
2110i1 Portugues,not_food,receipt_ocr
YELLOVVLTIOSOME,not_food,receipt_ocr
Chicken Corn Chowder Soup,food,instacart_web
"Italian Ground Turkey, Lean",food,instacart_web
Jasmine Green Iced Tea,food,instacart_web
Organic Fat-Free Milk,food,instacart_web
CloverOrgGreekPain,food,synthetic_ocr_aug
Arla Mild Vanilla Yoghurt,food,produce_classes_web
510:00,not_food,receipt_ocr
Organic Parsley,food,instacart_web
Tahoe White Chocolate Macadamia Cookies,food,instacart_web
HazelnutCoffeeSugarFreeCoffeCramer,food,synthetic_ocr_aug
PREM MED DRINK,food,receipt_ocr
Artichokes,food,instacart_web
Cheddar Cheese Nut Thins Cracker Snacks,food,instacart_web
DYNASTY,not_food,receipt_ocr
RAGON,not_food,receipt_ocr
OrganicJasmineRce,food,synthetic_ocr_aug
Grade A Large Eggs Cage Free Omega 3,food,instacart_web
0% Fat Superfruits Greek Yogurt,food,instacart_web
Eagle Brand Sweetened Condensed Milk,food,instacart_web
Feta Cheese Crumbles,food,instacart_web
PNT,not_food,receipt_ocr
CHOPPING,not_food,receipt_ocr
Rustic Wheat Bread,food,instacart_web
copocmahic,food,receipt_ocr
OrganicMiniPeeledCarrrots,food,synthetic_ocr_aug
No Sugar Added Sliced Peaches,food,instacart_web
1774,not_food,receipt_ocr
Solid Milk Chocolate Eggs Bag,food,instacart_web
2% Milk American Cheese Singles,food,instacart_web
Indian Bites Samosa & Chutney Spiced Potato Pockets With Peas & Cilantro Chutney,food,instacart_web
SPRINGFILE,not_food,receipt_ocr
955783700035,not_food,receipt_ocr
ontons,food,receipt_ocr
DT,not_food,receipt_ocr
0% Fat Free Organic Milk,food,instacart_web
Purified Drinking Water,food,instacart_web
Pirate's Booty Aged White Cheddar Baked Rice and Corn Puffs,food,instacart_web
18.02,not_food,receipt_ocr
sgrilled beef,food,receipt_ocr
100% Organic Pineapple Slices,food,instacart_web
Organic Celery Root,food,instacart_web
Honey,food,instacart_web
Small Macintosh Apple,food,instacart_web
All Natural Medium Fire-Roasted Tomato & Jalapeno Salsa,food,instacart_web
RedSeedlessGrapesBvncb,food,synthetic_ocr_aug
E9.99EA,not_food,receipt_ocr
Organic Whole Peeled Tomatoes,food,instacart_web
Talue,not_food,receipt_ocr
020066221379SPRAY,not_food,receipt_ocr
LambVindaloo,food,receipt_ocr
TBozFTAu Po,food,receipt_ocr
Anjou,food,produce_classes_web
OSIES,not_food,receipt_ocr
4%MilkfatLargeCurdCottgCheese,food,synthetic_ocr_aug
24.000,not_food,receipt_ocr
MUTONSTEW,food,receipt_ocr
Orga#nicBraeburnApple,food,synthetic_ocr_aug
RegularFres,food,receipt_ocr
BonlessSkinlessChcknBrasts,food,synthetic_ocr_aug
RMTax,not_food,receipt_ocr
IndChips,food,receipt_ocr
Light Vanilla Soymilk,food,instacart_web
Pomodorina,food,receipt_ocr
Peach Citrus Soda,food,instacart_web
050169:0:060,not_food,receipt_ocr
Extra Large Grade A Eggs,food,instacart_web
Rehab Rojo Energy Tea,food,instacart_web
Organic Extra Firm Cubed Tofu,food,instacart_web
Gluten Free Breaded Chicken Breast Tenders,food,instacart_web
syrup,food,basket_categories_web
Creamy Peanut Butter Dark Roasted,food,instacart_web
Extra Sharp Cheddar Cheese,food,instacart_web
Shallots,food,synthetic_food_list
BoneLESs&SkINLesswiL,food,synthetic_ocr_aug
Orange with Mango Juice,food,instacart_web
LOTHI,not_food,receipt_ocr
Mini Pretzels,food,instacart_web
0.75,not_food,receipt_ocr
Chocolate Bar Milk Stevia Sweetened Salted Almond,food,instacart_web
Organic Creamy Deluxe Macaroni Dinner Rotini & White Cheddar Sauce,food,instacart_web
Organic Grapefruit Honey Lightly Sweetened Iced Green Tea,food,instacart_web
Villagio Marzano Heavenly Tomatoes,food,instacart_web
Vegan Aged White Cheddar  Popcorn,food,instacart_web
A+ Cinnamon Sweet Potato Pancakes,food,instacart_web
"Traditional Size Corn Tortillas, 6\""""",food,instacart_web
-20000,not_food,receipt_ocr
Smartwater Electrolyte Enhanced Water,food,instacart_web
04.01,not_food,receipt_ocr
WellDon,not_food,receipt_ocr
Sicilian Pistachio,food,instacart_web
2.83,not_food,receipt_ocr
SourdoughBaguettee,food,synthetic_ocr_aug
Snack Pack Mini Classic,food,instacart_web
Organic Greek Lowfat Yogurt With Strawberries,food,instacart_web
WHOLEMEAL,food,receipt_ocr
Milk Chocolate Bar,food,instacart_web
erVyAPP1,food,synthetic_ocr_aug
Gluten Free Broccoli & Cheese Baked Nuggets,food,instacart_web
Fresh Atlantic Salmon Fillet,food,instacart_web
Itom,not_food,receipt_ocr
Rice Sides Cheddar Broccoli,food,instacart_web
Plain Bread Crumbs,food,instacart_web
Original Wheat Thins Crackers,food,instacart_web
TableGraywashDistressedPedestal,not_food,receipt_ocr
80,not_food,receipt_ocr
Reg KetelOn,food,receipt_ocr
80:00,not_food,receipt_ocr
Cabernet Sauvignon Wine,food,instacart_web
In Tomato Sauce Spaghetti & Meatballs,food,instacart_web
Sweet Spirulina Sprouted Bar,food,instacart_web
POT,not_food,receipt_ocr
Grapes Green Seedless,food,instacart_web
GRILLEDCHICKEN BIRIYANI,food,receipt_ocr
Mandarins Bag,food,instacart_web
Organic Ground Ginger,food,instacart_web
racherasola,not_food,receipt_ocr
icnicBgr,food,receipt_ocr
Bolthouse Baby Carrots,food,instacart_web
SP RTOE,not_food,receipt_ocr
Baby Bananas,food,instacart_web
PumpkinS,food,synthetic_ocr_aug
Red Beet,food,produce_classes_web
ColorDlscount,not_food,receipt_ocr
Lychee,food,synthetic_food_list
Rit0zPeanutButterCrackerSandwiches,food,synthetic_ocr_aug
Energy Tropical Citrus Vitamin Water Drink,food,instacart_web
2:50,not_food,receipt_ocr
76,not_food,receipt_ocr
71-00,not_food,receipt_ocr
Roasted Garlic Pasta Sauce,food,instacart_web
69761:6-122-MAYSIDEVALL/CEILT,not_food,receipt_ocr
Turkey Polska Kielbasa,food,instacart_web
11-50,not_food,receipt_ocr
Gourmet Tomato Medley,food,instacart_web
18188,not_food,receipt_ocr
kfruitipeeted,food,receipt_ocr
Minis Mix Variety Bag,food,instacart_web
0804,not_food,receipt_ocr
W/Moro Gandules,food,receipt_ocr
WAK,not_food,receipt_ocr
$41.95,not_food,receipt_ocr
HCMPSEECLS,food,synthetic_ocr_aug
Bort,not_food,receipt_ocr
356.16,not_food,receipt_ocr
Organic Red Bartlett Pear,food,instacart_web
32ozUHTEggnogE,food,synthetic_ocr_aug
Organic Honey,food,instacart_web
MangoLassl,food,receipt_ocr
TacoTuesdaypastor,not_food,receipt_ocr
Coconut Almond Minis Frozen Dessert Bars,food,instacart_web
1Asparagus,food,receipt_ocr
Flame Brolled Chlcken,food,receipt_ocr
P.Sosro,food,receipt_ocr
MOOYAHBurer,food,receipt_ocr
Fresh Ground Coarse Cut Horseradish,food,instacart_web
3622222,not_food,receipt_ocr
Chunky Peanut Butter,food,instacart_web
Real Cheddar Baked Cheese Puffs,food,instacart_web
SEDAAPMIEKARISPT5,food,receipt_ocr
X 2.7D,not_food,receipt_ocr
GyuYanagawa,food,receipt_ocr
Chewy Granola Bar Chocolate Chip Granola,food,instacart_web
Add One Meatba11,food,receipt_ocr
QTYY,not_food,receipt_ocr
"Yogurt, Nonfat, Organic, Plain",food,instacart_web
VitaaenAssortedSxl2Sml,not_food,receipt_ocr
OrganicGrenLeafLettuce,food,synthetic_ocr_aug
Wieners,food,instacart_web
16 CLCHARDONNAY,food,receipt_ocr
9084134,not_food,receipt_ocr
Almond Meal/Flour Finely Ground,food,instacart_web
PPNAPRXENNAZZS,not_food,receipt_ocr
DiSCAMOUNT TAX,not_food,receipt_ocr
Vanilla Milk Chocolate Ice Cream Bars,food,instacart_web
Pulp Free Orange Juice,food,instacart_web
Apple Honeycrisp Organic,food,instacart_web
10.001,not_food,receipt_ocr
2430,not_food,receipt_ocr
*20.40,not_food,receipt_ocr
Lasagna Frozen Family Size,food,synthetic_food_list
Quesadilla,food,receipt_ocr
Chipotle Chicken Mac & Cheese,food,instacart_web
Organic Short Grain Brown Rice,food,instacart_web
OrgancApplCdrVinegarAllNtrlDrinkAppleCinnmn,food,synthetic_ocr_aug
*2070,not_food,receipt_ocr
0LandO’LakesSaltedButter,food,synthetic_ocr_aug
Thick & Chunky Sloppy Joe Sauce,food,instacart_web
PADLOCK,not_food,receipt_ocr
jeld,not_food,receipt_ocr
.82,not_food,receipt_ocr
Gluten Free Seeded Sourdough Bread,food,instacart_web
Lemonns,food,synthetic_ocr_aug
182388,not_food,receipt_ocr
Original Soy Creamer,food,instacart_web
Organic Coconut Water,food,instacart_web
SunDiedTomatoe,food,synthetic_ocr_aug
Organic Russet Potato Bag,food,instacart_web
Organic Shells And White Cheddar,food,instacart_web
Stufato Al Latte Di Ravenne,food,receipt_ocr
RGONICCKCS&CREMICECRAM,food,synthetic_ocr_aug
B CHZBSPE,food,receipt_ocr
$12.50,not_food,receipt_ocr
QUASI DE VEAU,food,receipt_ocr
Organic Sweetened Almond Milk,food,instacart_web
Organic Garbanzo Beans No Salt Added,food,instacart_web
kkaia,not_food,receipt_ocr
BolthouseBabyCarrots,food,synthetic_ocr_aug
TakeAwayi,not_food,receipt_ocr
J HOUSE MARGARITA JUMBO,food,receipt_ocr
Red Wax Gouda Cheese,food,instacart_web
2:47,not_food,receipt_ocr
BL,not_food,receipt_ocr
">plan,fries",food,receipt_ocr
Spley,not_food,receipt_ocr
rnopiekles,food,receipt_ocr
530,not_food,receipt_ocr
2 s French Frles3.18,food,receipt_ocr
Wholealmon,food,synthetic_ocr_aug
Sharp Cheddar Thick Slices Cheese,food,instacart_web
SINGLE,not_food,receipt_ocr
Cheese Natural Extra Sharp Cheddar,food,instacart_web
Gluten Free Special K Touch of Brown Sugar Cereal,food,instacart_web
originalchocolatechipcookies,food,synthetic_ocr_aug
Organic White Cheddar Macaroni & Cheese,food,instacart_web
GoGurt Strawberry and Blueberry Tubes,food,instacart_web
"Chao,Vegan,TomatoCayenne,Slies",food,synthetic_ocr_aug
Total0%withHoneyNonf,food,synthetic_ocr_aug
**TAKEOUT+,not_food,receipt_ocr
USBCABLE,not_food,receipt_ocr
Brown & Wild Ready Whole Grain Medley,food,instacart_web
okee,not_food,receipt_ocr
Cherry Garcia Frozen Yogurt,food,instacart_web
Turkey Sausage Breakfast Bowl,food,instacart_web
Malbec Trivento,food,receipt_ocr
"lmondmilkCreamr,Vanilla",food,synthetic_ocr_aug
SEDAAPMIESOTOTSGR,food,receipt_ocr
UTTER,food,receipt_ocr
Organic Tomato Bisque,food,instacart_web
Omu Curry,food,receipt_ocr
Capers,food,instacart_web
Tkura Shoyuzuke,food,receipt_ocr
Origi/nalLemonade,food,synthetic_ocr_aug
Ground Coffee and Chicory,food,instacart_web
Organic Kiwi,food,instacart_web
Flour Tortillas Soft Taco,food,instacart_web
1CheddarGrits,food,receipt_ocr
SpinachDumpling,food,receipt_ocr
Del,food,receipt_ocr
BUTTERNAN,food,receipt_ocr
Black Forest Ham,food,instacart_web
Red Raspberries,food,instacart_web
Dairy Free Unsweetened Vanilla Coconut Milk,food,instacart_web
Chocolate Coconut Milk Beverage,food,instacart_web
Dark Chocolate Chili Almond Nuts & Spices,food,instacart_web
PURIFIEDWAT,food,synthetic_ocr_aug
19.08,not_food,receipt_ocr
Siprice,not_food,receipt_ocr
042,not_food,receipt_ocr
TSweet/SourChicken,food,receipt_ocr
Kaiser,food,produce_classes_web
CafeCuisineSesameChiicken,food,synthetic_ocr_aug
Scrambled Eggs,food,receipt_ocr
0651b@,not_food,receipt_ocr
Challah Bread,food,instacart_web
Baked Cheddar Bunnies Crackers,food,instacart_web
sourdoughenglishmuffins,food,synthetic_ocr_aug
Gl Douglass Green SB,food,receipt_ocr
ck.Manhattan(2e5.ooy,food,receipt_ocr
HouseCab,food,receipt_ocr
1 ARROZ VERDE CON POLLO,food,receipt_ocr
Roastedredpepp,food,synthetic_ocr_aug
Teb(B3,not_food,receipt_ocr
Vanilla Almond Milk Yogurt,food,instacart_web
Arla Lactose Medium Fat Milk,food,produce_classes_web
Vegetabless0.00,food,receipt_ocr
Coconut Organic Stone Ground 70% Dark Chocolate Bar,food,instacart_web
Crispix Rice & Corn Cereal,food,instacart_web
$3-45,not_food,receipt_ocr
Fruit By the Foot Variety Pack,food,instacart_web
Turkey Store Lean Ground Turkey,food,instacart_web
California Heirloom Monviso Peeled Garlic,food,instacart_web
TRPL8RRYBLRD,food,synthetic_ocr_aug
Pain,not_food,receipt_ocr
Premium Organic Strawberry Spread,food,instacart_web
Organic Virgin Coconut Oil,food,instacart_web
BOTTLED WATER,food,receipt_ocr
Bicolor Sweet Corn,food,instacart_web
Vegan Lower Sodium Chicken Flavor Noodle Soup,food,instacart_web
Premium Green Tea Bags,food,instacart_web
Loaded Nachos,food,receipt_ocr
AburSalmonRoll,food,receipt_ocr
Organic Chunky Vegetable Soup,food,instacart_web
QuesadillaChicken,food,receipt_ocr
100% Organic Rainbow Heirloom Quinoa,food,instacart_web
$5.99,not_food,receipt_ocr
Organic Creamy Almond Butter,food,instacart_web
Lg Bey Bar,food,receipt_ocr
SouthernButterPecanGo,food,synthetic_ocr_aug
new,not_food,receipt_ocr
Ready to Bake Sugar Cookie Dough,food,instacart_web
Fried eggs,food,receipt_ocr
10.69,not_food,receipt_ocr
TANDOORIGHICKEN,food,receipt_ocr
006,not_food,receipt_ocr
GrimbergenBlond,food,receipt_ocr
22-00,not_food,receipt_ocr
BK,not_food,receipt_ocr
AburiSalmonRoll,food,receipt_ocr
PetiteGreeenPeas,food,synthetic_ocr_aug
VND13OFOO8,not_food,receipt_ocr
NestleTollHousePremierWhiteC,food,synthetic_ocr_aug
9.:00,not_food,receipt_ocr
Especial,food,receipt_ocr
"Tortilla Chips, Mexican Kitchen Style, Salted",food,instacart_web
SmartBranWithPsylllium&OatbranCereal,food,synthetic_ocr_aug
Lobster Tall,food,receipt_ocr
Spring Roll Skins,food,instacart_web
rgNic11nTurLBlBRRYmNWFFLS,food,synthetic_ocr_aug
"CoconutWater,Real",food,synthetic_ocr_aug
BKFETT,not_food,receipt_ocr
OrGAniCRe,food,synthetic_ocr_aug
Garlicky Carnitas Slow Cook Sauce,food,instacart_web
S/FrICO,not_food,receipt_ocr
Linguine with Spinach,food,instacart_web
White Cauliflower,food,instacart_web
CrinkleCutFries,food,synthetic_ocr_aug
rgonicc1eryherts,food,synthetic_ocr_aug
Yellow Tortilla Chips,food,instacart_web
2.20,not_food,receipt_ocr
CHICKEN SUKKR,food,receipt_ocr
ow.Mein,food,receipt_ocr
Egg Curn,food,receipt_ocr
Total Greek Strained Yogurt,food,instacart_web
HALTBUT,food,receipt_ocr
Aspar,food,synthetic_ocr_aug
Yellow Straightneck Squash,food,instacart_web
1555112901406,not_food,receipt_ocr
6300,not_food,receipt_ocr
Extra Large Eggs,food,instacart_web
P14:14,not_food,receipt_ocr
ER,not_food,receipt_ocr
Cereal,food,instacart_web
2SAUY,food,receipt_ocr
3-90,not_food,receipt_ocr
56:00,not_food,receipt_ocr
0.99/-1b,not_food,receipt_ocr
"Milk, Fat Free",food,instacart_web
Drink of the Day,food,receipt_ocr
100:000,not_food,receipt_ocr
MD,not_food,receipt_ocr
Hazelnut Chocolate Chip Gelato,food,instacart_web
Raddish,food,synthetic_ocr_aug
Sesame Street Mini Cheese Ravioli,food,instacart_web
CORNETTOBLCK&WH 82,food,receipt_ocr
ISweet/so,food,receipt_ocr
Flip<U+2122> Low-Fat Almond Coco Loco Lowfat Greek Yogurt,food,instacart_web
Veggie Loaf Mashed Potatoes and Vegetables,food,instacart_web
DonJulioAnejo,food,receipt_ocr
Discount:BBQ &Blue Chz,not_food,receipt_ocr
Natural Maple Gum,food,instacart_web
Lasagne Pasta,food,instacart_web
Plain Almond Milk Yogurt,food,instacart_web
UdisGlutenFreeItalianSausa,food,synthetic_ocr_aug
PVSGXUZEEA,not_food,receipt_ocr
296.00,not_food,receipt_ocr
09-2,not_food,receipt_ocr
Classic Crust Special Deluxe Pizza,food,instacart_web
Buttermilk Ranch Dressing,food,instacart_web
TequilaBlan,food,synthetic_ocr_aug
Organic Collard Greens,food,instacart_web
2-00,not_food,receipt_ocr
SuperColossalPimentoStuffedSpanishQueenOlives,food,synthetic_ocr_aug
Organic Curry Powder,food,instacart_web
gelato Coffee Toffee,food,instacart_web
Organic Spaghetti Pasta,food,instacart_web
OrganicExtraFTofu,food,synthetic_ocr_aug
Naked Meat Free Chik'n Cutlets,food,instacart_web
Snacks Mango,food,instacart_web
Organic Cold Brew Coffee,food,instacart_web
Creamy Broccoli Cheddar Bisque,food,instacart_web
21/00,not_food,receipt_ocr
Udon5oup8owl,food,synthetic_ocr_aug
condensed milk,food,basket_categories_web
Natural Creamy Peanut Butter,food,instacart_web
Pepperonsdogceasoow,food,receipt_ocr
frncbniordip,food,synthetic_ocr_aug
$10-00,not_food,receipt_ocr
"Peperoncini, Greek, Sliced Golden",food,instacart_web
539.00,not_food,receipt_ocr
Orange Sparkling Water Beverage,food,instacart_web
Kopi(B),food,receipt_ocr
California Cauliflower,food,instacart_web
Gluten Free Chicken Nuggets,food,instacart_web
W/MoroGandules,food,receipt_ocr
Lightly Breaded Turk'y Cutlets,food,instacart_web
Refried Beans Canned,food,synthetic_food_list
Burrata,food,instacart_web
-0:47,not_food,receipt_ocr
Organic Roast Beef,food,instacart_web
Lemon Grass,food,instacart_web
Caffee,food,receipt_ocr
69.000,not_food,receipt_ocr
getablesso.no,food,receipt_ocr
NT,not_food,receipt_ocr
Bone In Chicken Breast,food,instacart_web
TbinMirtCrispOreos,food,synthetic_ocr_aug
Garlic Pickle Spears,food,instacart_web
QuinoaCoookiesChocolateChip,food,synthetic_ocr_aug
3:20,not_food,receipt_ocr
Everything Bagel,food,instacart_web
Lunch,not_food,receipt_ocr
Gourmet Pizza Three Cheese Gluten Free,food,instacart_web
Protein Bar Chocolate Peanut Butter,food,instacart_web
Uncured Applewood Smoked Bacon,food,instacart_web
#2 Coffee Filters,food,instacart_web
1.80,not_food,receipt_ocr
Italian Bread,food,instacart_web
Organic Pitted Kalamata Olives,food,instacart_web
Sauceonsrde,not_food,receipt_ocr
Extra Dark Chocolate Baking Chips,food,instacart_web
2J,not_food,receipt_ocr
HashBrownPottoPtts,food,synthetic_ocr_aug
3.50,not_food,receipt_ocr
Organic Baby Romaine Lettuce,food,instacart_web
Diet Coke Caffeine Free Soda,food,instacart_web
Baby Spinach Salad,food,instacart_web
"Crispy Fruit, Apple",food,instacart_web
Lrgcams,food,receipt_ocr
7346-4,not_food,receipt_ocr
Creamy Peanut Butter,food,instacart_web
*520,not_food,receipt_ocr
"FreshlyMade.FilledwithCreamyRicotta,AgedParmesanandRomanoCheesesMixedCheeseTTortellini",food,synthetic_ocr_aug
"Smoothies, Strawberries Wild",food,instacart_web
NaturalChoice.SmokedSlicedDeliTurkey,food,synthetic_ocr_aug
UASI DE VEAU,food,receipt_ocr
FrozenMangoChunks,food,synthetic_ocr_aug
2.65,not_food,receipt_ocr
1MAR Y CHICKEN,food,receipt_ocr
VineRipeTomatoes,food,synthetic_ocr_aug
KSARA,food,receipt_ocr
Kashmiri Curry Mild Indian Simmer Sauce,food,instacart_web
"Grilled white meat chicken in an apple reduction with cranberries, French cut green beans & carrots and whole wheat orzo pasta. Apple Cranberry Chicken",food,instacart_web
"Regular,Avocado ($1.00)",food,receipt_ocr
Chocolate Peanut Butter,food,instacart_web
79.00,not_food,receipt_ocr
6935818350846,not_food,receipt_ocr
CHCRCN,food,receipt_ocr
PennePasta,food,synthetic_ocr_aug
Apple Apple Applesauce On The Go Pouches,food,instacart_web
$11.56,not_food,receipt_ocr
French Roast Dark Roast Coffee K- Cups,food,instacart_web
Light Fat Free Blueberry Patch Yogurt,food,instacart_web
OrganicMaango,food,synthetic_ocr_aug
100% Raw Coconut Water,food,instacart_web
OriginalPo,food,synthetic_ocr_aug
MALALTIKKA,food,receipt_ocr
Crisp Apple Sparkling Water,food,instacart_web
20 yr old Balsamic Vinegar,food,instacart_web
1PaketBalah,food,receipt_ocr
*ChiliGarlicHotSauce,food,synthetic_ocr_aug
$16,not_food,receipt_ocr
*4X1OOGDESS-PANACHE,food,receipt_ocr
SP RTCE,not_food,receipt_ocr
Organic 2% Buttermilk,food,instacart_web
T SALMONALAPLANCHA,food,receipt_ocr
ICEOCHA,food,receipt_ocr
DIAMONDFOIL,not_food,receipt_ocr
Persimmon,food,synthetic_food_list
BcnEgg,food,receipt_ocr
Unsalted Chicken Stock,food,instacart_web
FLAN DE CAJETA,food,receipt_ocr
Jalapeno Hummus,food,instacart_web
105.00,not_food,receipt_ocr
Beef Taquitos,food,instacart_web
Microwavable Mac & Cheese,food,instacart_web
Key Limes,food,instacart_web
GlKarma,food,receipt_ocr
@17000,not_food,receipt_ocr
English Muffins,food,instacart_web
originalthinpepperon,food,synthetic_ocr_aug
Premium Breadsticks 'N Cheese Dip,food,instacart_web
WagyuIchimlyaki,food,receipt_ocr
Naturally Smoked Trout Fillet,food,instacart_web
Organic Homestyle Mini Waffles,food,instacart_web
coffee,food,receipt_ocr
395,not_food,receipt_ocr
3 GreyGoose,food,receipt_ocr
JALAPENOCILANTROSALSA,food,synthetic_ocr_aug
EggoNutri-Grair8lueberryWaffles,food,synthetic_ocr_aug
Diet Cran-Cherry Juice,food,instacart_web
Wine,food,receipt_ocr
$33.00,not_food,receipt_ocr
Long Grain Wild Rice,food,instacart_web
XPeps174,food,receipt_ocr
3 worken Dinner2,not_food,receipt_ocr
Draft Beer (20 4.97),food,receipt_ocr
RI,not_food,receipt_ocr
Puff Pastry Sheets,food,instacart_web
Mango Sparkling Water,food,instacart_web
Alfalfa Sprouts,food,instacart_web
KERSANGRIKOFTE,food,receipt_ocr
1.48,not_food,receipt_ocr
25CLLUBERON,food,receipt_ocr
OrganicFancyShreddedMozzarellaChe1ese,food,synthetic_ocr_aug
Pure Baking Soda,food,instacart_web
100027,not_food,receipt_ocr
roll products,food,basket_categories_web
Total 2% All Natural Plain Greek Yogurt,food,instacart_web
Apricot,food,instacart_web
Cut Tulips (Choose Color),food,instacart_web
eaphitad,not_food,receipt_ocr
Wine Infused Salame Cheese and Crackers Small Plates,food,instacart_web
Seedless Strawberry Jam,food,instacart_web
Red Plate,food,receipt_ocr
Ultra Thin Crust Ultimate Combo Pizza,food,instacart_web
ARRCNT,not_food,receipt_ocr
Shells & White Cheddar Pasta,food,instacart_web
O.40ZRL,not_food,receipt_ocr
Randtoss,food,receipt_ocr
Organic Small Bunch Celery,food,instacart_web
Organic Blueberries,food,instacart_web
"Goji Berries, Sun-Dried",food,instacart_web
Spaghetti Pasta,food,instacart_web
S67-99,not_food,receipt_ocr
xPepsNax74,food,receipt_ocr
God Morgon Apple Juice,food,produce_classes_web
Car-BeetJuice,food,receipt_ocr
Blood Orange Marg,food,receipt_ocr
Organic Edamame,food,instacart_web
frozen fruits,food,basket_categories_web
23.32,not_food,receipt_ocr
Tiiapta,food,receipt_ocr
4bag@.5.50,not_food,receipt_ocr
Rosemary Raisin Raincoast Crisps,food,instacart_web
Moroccan Mint Herbal Tea,food,instacart_web
2.12,not_food,receipt_ocr
5prirgMix,food,synthetic_ocr_aug
argeFruity,food,receipt_ocr
HotGree,food,receipt_ocr
Maghgout,food,receipt_ocr
.92.99,not_food,receipt_ocr
Original Medium Taco Sauce,food,instacart_web
Rich Red Blend,food,instacart_web
4-5,not_food,receipt_ocr
HRM,not_food,receipt_ocr
FruitBarsMadeWithRealS,food,synthetic_ocr_aug
GRATULTY,not_food,receipt_ocr
Organic Light Agave Nectar,food,instacart_web
#L14 Gar1c De1ight,food,receipt_ocr
Marinara Sauce,food,instacart_web
IBarbequeSauce,food,receipt_ocr
00B01,not_food,receipt_ocr
LwFatIceCremBrsMintFudgeSwrl,food,synthetic_ocr_aug
CMexicana,food,receipt_ocr
Earthbound Farms Green Bell Peppers,food,branded_items_web
Roasted Garlic,food,instacart_web
WhoTeFish,food,receipt_ocr
Nat1/2iTt,food,receipt_ocr
6.X1.00,not_food,receipt_ocr
PANEER,food,receipt_ocr
Organic Baby Bella Mushrooms,food,instacart_web
01395,not_food,receipt_ocr
Brown Sugar Cinnamon Pastry Crisps,food,instacart_web
NNectarines,food,synthetic_ocr_aug
ZBar Organic Chocolate Brownie Energy Snack,food,instacart_web
Single Serve Kona Blend Roast Medium Coffee K-Cups,food,instacart_web
SFT ACO BF5.99,food,receipt_ocr
G2 Grape Sports Drink,food,instacart_web
2%reducedfatdhaomega-3reducedfatmilk,food,synthetic_ocr_aug
Totem HoneyBee,food,receipt_ocr
-140,not_food,receipt_ocr
Ki1ler,not_food,receipt_ocr
Lasoori DalTadka,food,receipt_ocr
FRSOOS,not_food,receipt_ocr
XPeps1 74,food,receipt_ocr
Petite Caesar Salad,food,instacart_web
OTYILB,not_food,receipt_ocr
Hardwood SmokedCenter Cut Original Bacon,food,instacart_web
7..03,not_food,receipt_ocr
MiniChocolotcDonuts,food,synthetic_ocr_aug
Unsalted Sweet Butter,food,instacart_web
Sprinklez Confetti Fun Organic Toppings,food,instacart_web
31:000,not_food,receipt_ocr
CuTulips(ChoseColo),food,synthetic_ocr_aug
TM CHARGE,not_food,receipt_ocr
heat&eat0rgarcbowlbrownrc,food,synthetic_ocr_aug
Light Harvest Peach Yogurt,food,instacart_web
Black Seedless Grapes,food,instacart_web
Blueberries Pint,food,instacart_web
BHISKEN WAFFMEAL%,food,receipt_ocr
Ancient Grain Oatmeal Cranberry Pumpkin Seed,food,instacart_web
Artisan Multigrain Bread,food,instacart_web
Home Style Italian-Style Wedding Spinach & Meatballs Chicken Soup,food,instacart_web
"Baked Crackers, Cheddar Cheese",food,instacart_web
Organic Asparagus Spears,food,instacart_web
Fresh Figs,food,synthetic_food_list
Dried Oregano,food,synthetic_food_list
GULAIDAUNSINGKONG,not_food,receipt_ocr
ChickenPadThaiWithRiceeNoodles,food,synthetic_ocr_aug
Goo Berry Pie Probugs Kefir,food,instacart_web
Taco Seasoning Mix Original,food,instacart_web
DIE-CUTTRANSRARENTPFIO,not_food,receipt_ocr
Boreless&5kinlessWildAlaskanSockeyeSalmon,food,synthetic_ocr_aug
"6,300x",not_food,receipt_ocr
3-60,not_food,receipt_ocr
Reduced Sodium Chicken Base,food,instacart_web
170,not_food,receipt_ocr
Organic Vanilla Extract,food,instacart_web
Mini Falafel With Tahini Sauce,food,instacart_web
BABAIHUTD,food,receipt_ocr
specialty bar,food,basket_categories_web
PINA,food,receipt_ocr
Gluten-FreeSupergrainPas,food,synthetic_ocr_aug
escrnpton,not_food,receipt_ocr
1@579/ea,not_food,receipt_ocr
Raspberry Twist Vodka,food,instacart_web
Neufchatel Cheese 1/3 Less Fat,food,instacart_web
Hickory Smoked Ham,food,instacart_web
Krinkle Cut Dill Pickle Potato Chips,food,instacart_web
Dairy Free Gluten Free Cookie Dough Coconut Milk Frozen Dessert,food,instacart_web
$1200,not_food,receipt_ocr
000,not_food,receipt_ocr
Crunchy Lobster Roll,food,receipt_ocr
Organic Roasted Red Pepper & Tomato Soup,food,instacart_web
100%WBOLEWHETMEDRNSOFTTCOFLORTRTILLS,food,synthetic_ocr_aug
100% Whole Wheat Flour Tortillas,food,instacart_web
Organic Gold Beets,food,instacart_web
Pita Bread,food,instacart_web
1:LED 11SIGNAL,not_food,receipt_ocr
LasooriDalTadka,food,receipt_ocr
10.50,not_food,receipt_ocr
Bengal Spice Herbal Tea,food,instacart_web
XPepsiMax74,food,receipt_ocr
12.95,not_food,receipt_ocr
Pnice,not_food,receipt_ocr
Tonkotsu,food,receipt_ocr
$8.80,not_food,receipt_ocr
Organic Light in Sodium Lentil Vegetable Soup,food,instacart_web
YoggiStrawberryY1oghurt,food,synthetic_ocr_aug
Deacription,not_food,receipt_ocr
OrignalPotatChips,food,synthetic_ocr_aug
BelVita Blueberry Breakfast Biscuit Packs,food,instacart_web
Organic Whole Wheat Tortillas,food,instacart_web
Premium Lager Beer,food,instacart_web
Original Baked Beans,food,instacart_web
6$13.00,not_food,receipt_ocr
Ground Coriander,food,instacart_web
P1ainGrKYOgVRT,food,synthetic_ocr_aug
QtyRate,not_food,receipt_ocr
comba,not_food,receipt_ocr
Organic Sunny Citrus Bunny Fruit Snacks,food,instacart_web
Assorted Nuggets,food,instacart_web
Organic Milk Coffee,food,instacart_web
O3B9,not_food,receipt_ocr
0rganic1owSodiumChickenCookingStock,food,synthetic_ocr_aug
Cranberry Pomegranate Sparkling Yerba Mate,food,instacart_web
Original Pretzel Crisps,food,instacart_web
Signature Blend K-Cup Packs Coffee,food,instacart_web
Turkey Breast Thin Sliced Honey Roasted Deli Select,food,instacart_web
.Taco TuesdayPollo,food,receipt_ocr
tacoseaso,food,synthetic_ocr_aug
SIPS,not_food,receipt_ocr
Fava Beans,food,instacart_web
Duesaata chicken,food,receipt_ocr
Zero Calorie Lemon Lime Sports Drink,food,instacart_web
Scallion Pancake,food,receipt_ocr
AIRPRESSURE SPRAYER SXS75-TT5L,not_food,receipt_ocr
Mango Tango Fruit Smoothie Blend,food,instacart_web
"Skillet Meal for Two, Chicken Florentine & Farfalle",food,instacart_web
RMCODE,not_food,receipt_ocr
Light Key Lime Pie Yogurt,food,instacart_web
302,not_food,receipt_ocr
Organic Feta Cheese Crumbles,food,instacart_web
Vegetable Medley,food,instacart_web
SWS,not_food,receipt_ocr
Chicken Katsu,food,receipt_ocr
Cocktail Sauce,food,instacart_web
Green cure,food,receipt_ocr
Organic Lowfat Milk,food,instacart_web
sasntmi,food,receipt_ocr
FoTEggRoll,food,receipt_ocr
36.00SR,not_food,receipt_ocr
178.08,not_food,receipt_ocr
W/R,not_food,receipt_ocr
Organic Wraps Traditional - 6 CT,food,instacart_web
"Lamp28""MercuryNickelBase",not_food,receipt_ocr
GONEA,not_food,receipt_ocr
Diet Ginger Beer,food,instacart_web
Cher*ryPreserves,food,synthetic_ocr_aug
Shrimp Spring Roll,food,instacart_web
YoTot Organic Raspberry Pear Yogurt,food,instacart_web
ADD RAW ONIONS& BACON PLZ,food,receipt_ocr
Gluten Free Quick Cooking Oats,food,instacart_web
Diet Moutain Dew,food,instacart_web
a20.0000,not_food,receipt_ocr
D709.50SR,not_food,receipt_ocr
Lamp28MercuryNickelBase,not_food,receipt_ocr
-.20/250,not_food,receipt_ocr
Grand Vanilla Ice Cream,food,instacart_web
ink,food,receipt_ocr
VanilloBlueberryClustersWithFlaxSeedsGronola,food,synthetic_ocr_aug
meat spreads,food,basket_categories_web
100% Recycled Aluminum Foil,food,instacart_web
Macaroni&CheeseDinnerNickelodeonSpongeBobSquarePantsShapes,food,synthetic_ocr_aug
Go-Gurt Strawberry Splash and Cool Cotton Candy Tubes,food,instacart_web
1Paneer Butter Masala,food,receipt_ocr
sUNdRIeDToMaTOEsiNOlIVEoiL,food,synthetic_ocr_aug
Classic Macaroni & Beef in tomato sauce. Classic Macaroni & Beef,food,instacart_web
AND 1/2COMBO,food,receipt_ocr
NOGlutenLemon0Cookie,food,synthetic_ocr_aug
Organic Low-Fat Medium Black Bean Chili,food,instacart_web
9.3,not_food,receipt_ocr
5.50EurB,not_food,receipt_ocr
Linguine No 7 Pasta,food,instacart_web
CSpioycmila,food,receipt_ocr
9.099,not_food,receipt_ocr
FrenchVanillaFatFreeCoffeeCCreamer,food,synthetic_ocr_aug
Roast Beef Style Deli Slices,food,instacart_web
Almond Nut & Rice Cracker Snacks,food,instacart_web
ApplCinnamn,food,synthetic_ocr_aug
Depend siinouettes,not_food,receipt_ocr
4.900,not_food,receipt_ocr
OTE,not_food,receipt_ocr
Old Fashioned Vegetable Beef Soup,food,instacart_web
6.,not_food,receipt_ocr
OriginalInstantGrits,food,synthetic_ocr_aug
Strawberry Flavored Organic Z Fruit Rope,food,instacart_web
Organic Lowfat Creamy Australian Style Orange Passion Fruit Yogurt,food,instacart_web
12,not_food,receipt_ocr
Moose Tracks Ice Cream,food,instacart_web
12:00,not_food,receipt_ocr
Vegetarian Refried Beans,food,instacart_web
48.00,not_food,receipt_ocr
Peppercorm,food,receipt_ocr
SmokeShack,food,receipt_ocr
heeseuffs,food,synthetic_ocr_aug
Roasted Pine Nut Hummus,food,instacart_web
Parmesan Cheese Grated from the block,food,instacart_web
1MOOYAH AmerfcanCheese,food,receipt_ocr
Rotelle No 54,food,instacart_web
100% Juice Apple Juice,food,instacart_web
The Tonight Dough<U+2122> Ice Cream,food,instacart_web
Rosemary Crostini,food,instacart_web
ticuars,not_food,receipt_ocr
38.00,not_food,receipt_ocr
Sml Coffee,food,receipt_ocr
ARLAECOLOGICALMEDIUM,food,synthetic_ocr_aug
alIpWhite,not_food,receipt_ocr
MiikCoffee,food,receipt_ocr
Organic Apple Juice,food,instacart_web
PeeledShllts,food,synthetic_ocr_aug
Ezekiel 4:9 Sprouted Grain Tortillas,food,instacart_web
Jack'sSpecia*lSalsaMediumHot,food,synthetic_ocr_aug
1Red Bul,food,receipt_ocr
$100,not_food,receipt_ocr
Bun,food,receipt_ocr
1BigHec,food,receipt_ocr
Organic Nectarine,food,instacart_web
37.00,not_food,receipt_ocr
Hummus Roasted Pepper,food,instacart_web
Graziers Raw Sharp Cheddar Cheese,food,instacart_web
Cucumber,food,produce_classes_web
Energyxs,food,receipt_ocr
Organic Gluten Free Summer Berries Granola,food,instacart_web
whOlEmilkLowMOISTUrEmOzZarELlaCHEeSe,food,synthetic_ocr_aug
FreshMilkTwinPackzxlL,not_food,receipt_ocr
Antioxidant Infusions Beverage Malawi Mango,food,instacart_web
KonaLongboard,food,receipt_ocr
BLOCKPEPPERCRNSMILLORGRCSPICES,food,synthetic_ocr_aug
Dried Mangos,food,instacart_web
OldFashionEggNog,food,synthetic_ocr_aug
Cinnamon Crunch Sunflower Seed Bites,food,instacart_web
Salted Tub of Butter,food,instacart_web
Organic Traditional Plain Kefir,food,instacart_web
All Natural Berry Blast 100% Juice Smoothie,food,instacart_web
cREARnOfmuShROoMcondENscLsoup,food,synthetic_ocr_aug
IKA,food,receipt_ocr
0.5000,not_food,receipt_ocr
G1Karma Cab Sauy,food,receipt_ocr
MoroccanMintHerbalTea,food,synthetic_ocr_aug
Healthyrequestcheddarcheesesoup,food,synthetic_ocr_aug
Redo,food,synthetic_ocr_aug
Sweet Sliced Apples,food,instacart_web
Yellowfin Tuna in Pure Olive Oil,food,instacart_web
Hazelnut Bite Size Wafer Cookies,food,instacart_web
FountainDrink(16oz),food,receipt_ocr
EE,not_food,receipt_ocr
HAND TOWEL,not_food,receipt_ocr
Sweet Cream Buttermilk,food,instacart_web
BEEFEATER-MARTINI,food,receipt_ocr
6.-30,not_food,receipt_ocr
0RIGINA1BRANCERAL,food,synthetic_ocr_aug
Parmesan Couscous Mix,food,instacart_web
Dark Chocolate with Whole Hazelnuts,food,instacart_web
Chicken Thighs,food,instacart_web
1 SweetSour Chicken,food,receipt_ocr
MISC,food,receipt_ocr
SOIMRERMIO QY SBIO ANOUO TK,not_food,receipt_ocr
side,not_food,receipt_ocr
Lightly Toasted Almond Butter Crunchy,food,instacart_web
Organic Unsweetened Soy Milk Beverage,food,instacart_web
100%OrangeJuiceSomePulpCalciumVitaminD,food,synthetic_ocr_aug
723,not_food,receipt_ocr
Medlum,food,receipt_ocr
66.67,not_food,receipt_ocr
Light Semisoft Cheese,food,instacart_web
SwcetRejuvenationCashewButterMacrobor,food,synthetic_ocr_aug
caVitloksbrod,not_food,receipt_ocr
WhiteRice (S),food,receipt_ocr
e1.00,not_food,receipt_ocr
Desoription,not_food,receipt_ocr
Private Selection Pinot Noir,food,instacart_web
All Natural Sweetener,food,instacart_web
$4.75,not_food,receipt_ocr
APplecideRspiCE,food,synthetic_ocr_aug
spread cheese,food,basket_categories_web
ACO,food,receipt_ocr
Asian Noodle Salad,food,instacart_web
TER,not_food,receipt_ocr
Filtered Fresh 2% Reduced Fat Milk,food,instacart_web
191S,not_food,receipt_ocr
Organic Raspberry Fruit Spread,food,instacart_web
5600,not_food,receipt_ocr
Diced Fire Roasted W/Garlic Tomatoes,food,instacart_web
Honey Turkey Breast,food,instacart_web
Skirt Steak,food,synthetic_food_list
Sinfully Sweet Campari Tomatoes,food,instacart_web
Pumpkin Pie,food,instacart_web
Organic Kale Krunch Superfood,food,instacart_web
10X1,not_food,receipt_ocr
Peach-Pear Sparkling Water,food,instacart_web
White Onion,food,instacart_web
Triple Creme Brie,food,instacart_web
Organic Honey Graham Crackers,food,instacart_web
PorkLoinTenderloin,food,synthetic_ocr_aug
"TortillaChips,MexicanKitchenStyle",food,synthetic_ocr_aug
Organic Strawberries & Wild Strawberries Fruit Spread,food,instacart_web
Colby Jack Cheese,food,instacart_web
E1320,not_food,receipt_ocr
Pumpkin Fig Ancient Grain Granola,food,instacart_web
Vegan Margherita Pizza With Daiya Cheeze,food,instacart_web
Regular Pork Sausage Tube,food,instacart_web
Whipped Sweet Potatoes,food,instacart_web
Red Hot Buffalo Wings Sauce,food,instacart_web
Orzo Pasta,food,instacart_web
190.80,not_food,receipt_ocr
58.000,not_food,receipt_ocr
12.79,not_food,receipt_ocr
1 Side Craw Etouffee,food,receipt_ocr
Pineapple Spears,food,instacart_web
Backyard Barbeque Potato Chips,food,instacart_web
Organic Tagliatelle Traditional Egg Pasta,food,instacart_web
Beer 'n Bratwurst,food,instacart_web
"1/2.Chicken,Hummus",food,receipt_ocr
Small!,not_food,receipt_ocr
2410,not_food,receipt_ocr
Turkey Sausage English Muffin Sandwich Tasty American Favorites,food,instacart_web
Everything Inside Bagels,food,instacart_web
AVOCAD,food,receipt_ocr
OriginalSelt,food,synthetic_ocr_aug
7.65,not_food,receipt_ocr
Real Coconut Water,food,instacart_web
DOSEOUTS:,not_food,receipt_ocr
w.Miso soup,food,receipt_ocr
ezekiel4:9goldenflxsproutclgraircrunchycerel,food,synthetic_ocr_aug
TRCORNBREAD SVO,food,receipt_ocr
$24.00,not_food,receipt_ocr
DUYRATE,not_food,receipt_ocr
2503603RB/3-INMATTEBLCKSPRN8,not_food,receipt_ocr
rsTUrrt5tyLEgarLic&bUtterCrTNs,food,synthetic_ocr_aug
#63TENDERML,food,receipt_ocr
M&M'sVailaLowatYogurt,food,synthetic_ocr_aug
Organic Purely Peppermint Tea Bags 16 Count,food,instacart_web
PorkBelly,food,synthetic_ocr_aug
Organic Pepper Jack Cheese,food,instacart_web
TOPVALU FLOORC,not_food,receipt_ocr
679,not_food,receipt_ocr
X.Hertog,not_food,receipt_ocr
0..20,not_food,receipt_ocr
Deluxe Whole Cashews,food,instacart_web
Whole Carrots,food,instacart_web
TOG2,not_food,receipt_ocr
Cranberry Juice Cocktail,food,instacart_web
$15-00,not_food,receipt_ocr
COMPSCRAMBLED EGGWIT,food,receipt_ocr
UpigaSapl,food,receipt_ocr
Baked Mini Beef Meatballs,food,instacart_web
Whole Grain Penne Pasta,food,instacart_web
Large Grade AA Cage Free Eggs,food,instacart_web
Eggo Pancakes Minis,food,instacart_web
Black Bean Hummus,food,instacart_web
Pizza Four Cheese,food,instacart_web
Portabella Mushroom,food,instacart_web
Italian Sparkling Mineral Water,food,instacart_web
"Hint of Mint, Rich Chocolate with a Splash of Mint Fit Frozen Dessert",food,instacart_web
TEHMARKSSOO,food,receipt_ocr
Fresh Chipotle Salsa,food,instacart_web
$12-00,not_food,receipt_ocr
Pure & Smooth Green Tea,food,instacart_web
RootBeer5odo,food,synthetic_ocr_aug
CHICKEN BIRYANI,food,receipt_ocr
Philadelphia Original Cream Cheese,food,instacart_web
1SIDE CHEESE,food,receipt_ocr
Base Cookie Dough Protein Bar,food,instacart_web
29-90,not_food,receipt_ocr
AIRCHILLEDCHICKEN,food,synthetic_ocr_aug
KonkanFishCurry,food,receipt_ocr
Organic Strawberries,food,instacart_web
Purple Cauliflower,food,instacart_web
Ataulfo Mango,food,instacart_web
Dairy Free Hazelnut Coconut Milk Creamer,food,instacart_web
TotaTTAX,not_food,receipt_ocr
OT,not_food,receipt_ocr
BlueborpyFrittor,food,receipt_ocr
Muenster,food,instacart_web
Chicharrones Pork Rinds,food,instacart_web
RGNICDARKCHOCOLTE1MND&5EASALTTRALMIXBAR,food,synthetic_ocr_aug
Organic Mint Crunch Dark Chocolate Bar,food,instacart_web
AddCannitas,food,receipt_ocr
Passionfru&Yuzu,food,receipt_ocr
NameBadgeHo 550o,not_food,receipt_ocr
ur chicken,food,receipt_ocr
Acai Berry Chia Bar,food,instacart_web
Deluxe Cinnamon Raisin Bagels,food,instacart_web
Organic Greens & Greens Juice,food,instacart_web
"Organic Turkey with Rosemary, Sage & Thyme Bone Broth",food,instacart_web
Cherry Real Italian Ice,food,instacart_web
Qty,not_food,receipt_ocr
24.98,not_food,receipt_ocr
$5.15,not_food,receipt_ocr
Mild Lean Turkey Breakfast Sausage,food,instacart_web
Classic Michelada,food,receipt_ocr
Hazelnut Ground Coffee,food,instacart_web
162683,not_food,receipt_ocr
PurityFarmsGheeCllarifiedButter,food,synthetic_ocr_aug
Imported Mineral Water,food,instacart_web
Bunga Kekwa,not_food,receipt_ocr
279812 RB A8ZBARON ENTRYKNO8,not_food,receipt_ocr
TE,not_food,receipt_ocr
Refried Black Beans Low Fat,food,instacart_web
Sweet,food,receipt_ocr
Thin Stackers Brown Rice Lightly Salted,food,instacart_web
Medium Egg Noodles,food,instacart_web
COL,food,receipt_ocr
Original Orange Juice,food,instacart_web
NaturalGinngerAle,food,synthetic_ocr_aug
TCEOCHA,food,receipt_ocr
Plain Better Than Cream Cheese,food,instacart_web
34000,not_food,receipt_ocr
Pie Crust Frozen,food,synthetic_food_list
Italian Extra Virgin Olive Oil,food,instacart_web
Butter Lettuce,food,instacart_web
Nature's Calorie-Free Sweetener,food,instacart_web
1xSchweinschnitzel a 22.00CHF,food,receipt_ocr
Boneless Skinless Chicken Breasts,food,instacart_web
28.500,not_food,receipt_ocr
Fresh Mozzarella All-Natural Sliced Cheese,food,instacart_web
Peach Pure Body Immune Support Blend,food,instacart_web
02,not_food,receipt_ocr
Raspberry Blackberry Sparkling Water,food,instacart_web
DELMONTEEXTRAHOT265ML,food,receipt_ocr
Chamomile Tea,food,instacart_web
DEFSITCS00530344),not_food,receipt_ocr
100% Lime Juice,food,instacart_web
614.14,not_food,receipt_ocr
ChlckenLoll,food,receipt_ocr
Boomchickapop Sea Salt Popcorn,food,instacart_web
NASGORORAKARIK,not_food,receipt_ocr
LARY,not_food,receipt_ocr
Creamy Supreme Chocolate Fudge Frosting,food,instacart_web
Reduced Fat Vegenaise,food,instacart_web
KN BLK.,not_food,receipt_ocr
NYSIRLOIN,food,receipt_ocr
Wakame Seaweed & Shiitake Mushrooms,food,instacart_web
SUSU INDOFO0D TIGA SAPI 490 GR,food,receipt_ocr
Turmeric Ground,food,synthetic_food_list
X50G,not_food,receipt_ocr
Go Mango! Organic Dried Mango Slices,food,instacart_web
ThaiCoconvtSovp,food,synthetic_ocr_aug
Organic Lemon Lowfat Yogurt,food,instacart_web
Garden Veggie Chips Sea Salt,food,instacart_web
Pap.aya,food,synthetic_ocr_aug
Organic Raw Hunza Goji Berries,food,instacart_web
ShackBurger,food,receipt_ocr
Chopped Kale,food,instacart_web
40% Less Fat Kettle Cooked Aged White Cheddar & Sour Cream Potato Chips,food,instacart_web
White Distilled Vinegar,food,instacart_web
Gohan,food,receipt_ocr
1KG),not_food,receipt_ocr
Organic Oven Toasted Oats Old Fashioned,food,instacart_web
Pice,food,receipt_ocr
CON TODO,food,receipt_ocr
15.99T,not_food,receipt_ocr
SlPric,not_food,receipt_ocr
"Rice and Corn Puffs, Baked, Veggie",food,instacart_web
Crispy Seasoned Potato Puffs with Roasted Garlic & Cracked Pepper,food,instacart_web
Lemon Ginger Tea Bags,food,instacart_web
DEL MONTE EXTRA HOT265ML,food,receipt_ocr
margarine,food,basket_categories_web
Premium Ginger Ale,food,instacart_web
Natural Strawberry Jel Dessert,food,instacart_web
"Miso,Organic,Mellow",food,synthetic_ocr_aug
Hazelnut Spread With Skim Milk & Cocoa,food,instacart_web
hiratakiZeroCalorieNodleSubstitute,food,synthetic_ocr_aug
CupIta7ianWedding Soup,food,receipt_ocr
Cofee,food,receipt_ocr
CHTGHAMORADA,food,receipt_ocr
Three Cheese Italian Sauce,food,instacart_web
TOFUSPRINGR,food,synthetic_ocr_aug
68.90,not_food,receipt_ocr
otBouroueorn,food,receipt_ocr
Snack Pack Classic Original Hommus With Chips,food,instacart_web
NOFLUX,not_food,receipt_ocr
atte Di Ravenna,food,receipt_ocr
Brownberry 100% 12 Grain Bread,food,instacart_web
Soft & Smooth100% Whole Wheat Bread,food,instacart_web
Pistachio Pistachio Ice Cream,food,instacart_web
NestleBliss/Yog Driak strawberry,food,receipt_ocr
AppplewoodSmokedBacon,food,synthetic_ocr_aug
Thai,not_food,receipt_ocr
Traditional Scottish Style Smoked Salmon,food,instacart_web
Trail Mix,food,instacart_web
4.40,not_food,receipt_ocr
$ ADD GARLIC FRIES,food,receipt_ocr
Macadamia Gold Bar,food,instacart_web
Mozzarella,food,instacart_web
lIGHTLysAlTEDCRiSPYONioNs,food,synthetic_ocr_aug
Sugar Free Energy Drink,food,instacart_web
Broccoli Floret,food,instacart_web
100% Pure Corn Starch,food,instacart_web
subsourdouh,food,receipt_ocr
CarrotRaisinFlaxMuffins,food,synthetic_ocr_aug
818:88,not_food,receipt_ocr
TIMENG,not_food,receipt_ocr
S'mores Chocolate Ice Cream,food,instacart_web
Strawberry Peach Still Artesian Water,food,instacart_web
Organic Sliced Provalone Cheese,food,instacart_web
G Series Perform Lemon-Lime Sports Drink,food,instacart_web
Deep Dish Four-Cheese Pizza Singles,food,instacart_web
Yellow Soft Corn Tortillas 8 Count,food,instacart_web
lBrusselSprouts,food,receipt_ocr
MochaSwri,food,receipt_ocr
YOU NEVER KNOW,not_food,receipt_ocr
KTEHLTLYEOOMU,not_food,receipt_ocr
Reg Pepsi Max,food,receipt_ocr
ButterChicken,food,receipt_ocr
Cheez-It Baked Snack Crackers,food,instacart_web
Roasted Garlic Hummus,food,instacart_web
Organic Cherries,food,instacart_web
OrganicCreamyTomatoSoup,food,synthetic_ocr_aug
Golden Oreo Sandwich Cookies,food,instacart_web
1-145,not_food,receipt_ocr
1SNAPPER,food,receipt_ocr
Cadi11ac Margartta.t214o01,food,receipt_ocr
:item,not_food,receipt_ocr
Shredded Red Cabbage,food,instacart_web
Chees,food,synthetic_ocr_aug
$T000,not_food,receipt_ocr
181010,not_food,receipt_ocr
32.000,not_food,receipt_ocr
Smoked Ham & Oven Roasted Turkey Sub Sandwich Kit,food,instacart_web
ThaiCoconvt5oup,food,synthetic_ocr_aug
Certified Compostable Large Baking Cups,food,instacart_web
39.000,not_food,receipt_ocr
Alrnoncls,food,synthetic_ocr_aug
"8tterhcl(boston,btter,bibb)lettce",food,synthetic_ocr_aug
Peach & Pecan in Milk Chocolate,food,instacart_web
Tonijnsalade,food,receipt_ocr
Gold,food,receipt_ocr
Ipsumdolorsit,not_food,receipt_ocr
BloodoraneeMarg,food,receipt_ocr
Whole Grain Oat Flour,food,instacart_web
Natural Crackers,food,instacart_web
ORgAnicSOUPSaLPhAbe,food,synthetic_ocr_aug
7837.00,not_food,receipt_ocr
Original Sour Cream,food,instacart_web
Organic Matcha Green Tea,food,instacart_web
Verry Special Cognac,food,instacart_web
Tamarindo,food,receipt_ocr
FM420000000,not_food,receipt_ocr
aiCIncTusive,not_food,receipt_ocr
Peru Sweet Onions,food,instacart_web
T33NING MEAL,food,receipt_ocr
S299,not_food,receipt_ocr
2.805@7.25,not_food,receipt_ocr
Fruit Roll-Ups Tropical Tie-Dye Fruit Flavored Snacks,food,instacart_web
orned,food,receipt_ocr
BR,not_food,receipt_ocr
UP,not_food,receipt_ocr
Mediterranean Salt Mill,food,instacart_web
Ghrek,not_food,receipt_ocr
Dha Omega 3 Reduced Fat 2% Milk,food,instacart_web
Quan,not_food,receipt_ocr
MiniOrigialBbbelCheese,food,synthetic_ocr_aug
Tomatoes,food,receipt_ocr
White Giant Hot Dog Buns,food,instacart_web
Chicken,food,receipt_ocr
240,not_food,receipt_ocr
Genovese Pesto With Truffles,food,instacart_web
530SR,not_food,receipt_ocr
Crushed Garlic,food,instacart_web
ROTL,food,receipt_ocr
"Dark Chocolate, with Whole Almonds",food,instacart_web
"a74,00",not_food,receipt_ocr
1GranulatedSugar,food,synthetic_ocr_aug
Dark Chocolate Sea Salt Caramels,food,instacart_web
OrgaicExtraVirginOiOlie,food,synthetic_ocr_aug
canned vegetables,food,basket_categories_web
Granny Smith Apple Chips,food,instacart_web
800,not_food,receipt_ocr
Diet Cola,food,instacart_web
OrganicWheat-Free&Gluten-FreeOrigi,food,synthetic_ocr_aug
Cheerios Cereal,food,instacart_web
44885585,not_food,receipt_ocr
Drinks,food,receipt_ocr
630,not_food,receipt_ocr
Organic Vegan Sundried Tomato Nut Cheese,food,instacart_web
Hard Cooked Eggs,food,instacart_web
Boneless And Skinless Chicken Breast,food,instacart_web
ROAST,food,receipt_ocr
Ready Rice Red Beans & Rice,food,instacart_web
Reduced Fat 2% Chocolate Milk,food,instacart_web
25 French Frlesa.18,food,receipt_ocr
Heath Candy Flavored Ice Cream Bars,food,instacart_web
Katsu Don,food,receipt_ocr
OrgnalOtBar,food,synthetic_ocr_aug
Caramel Apple Dream Herbal Tea,food,instacart_web
CR-CORN,food,receipt_ocr
BakedCheddarunniesackers,food,synthetic_ocr_aug
Uncured Hard Salami,food,instacart_web
Glutenfree Brownie Mix,food,instacart_web
Vine Ripened Golden Berries,food,instacart_web
asionOrangeGuavauice,food,synthetic_ocr_aug
Organic Gluten Free Dude Ranch Multigrain Snack Chips,food,instacart_web
Classics Meat Lovers Lasagna,food,instacart_web
Totai TAx,not_food,receipt_ocr
KARTPAKORA,food,receipt_ocr
PRO2XMARK,not_food,receipt_ocr
2%MilkfatReduceclFotMilk,food,synthetic_ocr_aug
Slicedwhitemushrooms,food,synthetic_ocr_aug
Koshcr5alt,food,synthetic_ocr_aug
Garlfc Fries,food,receipt_ocr
Whole Milk Low Moisture Mozzarella Cheese,food,instacart_web
CHOTCEL,not_food,receipt_ocr
Gluten Free White Cheddar Rice Thin Crackers,food,instacart_web
Parmesan Shredded Cheese,food,instacart_web
620,not_food,receipt_ocr
Chocolate Mochi Ice Cream,food,instacart_web
GarTicSamon,food,receipt_ocr
Arrowroot Starch/Flour,food,instacart_web
DCTOPUS,food,receipt_ocr
$4.00,not_food,receipt_ocr
Pinto Beans,food,instacart_web
Cream Cheese Cream Cheese Spread,food,instacart_web
ESSE,not_food,receipt_ocr
Redcurrant Jelly,food,instacart_web
PLASTLC,not_food,receipt_ocr
"cHeEsE,sAUSAge&PEppeRonImiNIbAgELs",food,synthetic_ocr_aug
Coloradito,food,receipt_ocr
Farmstand Flaxbread Breakfast Sandwich,food,instacart_web
baju muslim,not_food,receipt_ocr
Fresh Medium Salsa,food,instacart_web
Diet Peach Tea,food,instacart_web
Blueberries,food,instacart_web
OrganicTurbina,food,synthetic_ocr_aug
69761:6-122-VAYSIDEURLLJCEIL1,not_food,receipt_ocr
OrgaricSpinach&FetaDinnerSausagc,food,synthetic_ocr_aug
GURAMESAMBALKECOMBRANG,not_food,receipt_ocr
"Salad, Lettuce Trio",food,instacart_web
Fettuccini with Chicken Broccoli,food,instacart_web
Arrachera.solo,food,receipt_ocr
Thin Crust Pepperoni Pizza,food,instacart_web
Lower Sugar Maple & Brown Sugar Instant Oatmeal,food,instacart_web
OrangJuiceFreshSquezed,food,synthetic_ocr_aug
"tinytwistspretzels,cheddar",food,synthetic_ocr_aug
MvLtigRiRpitACHIPS,food,synthetic_ocr_aug
MSMCGREENO,not_food,receipt_ocr
249.00,not_food,receipt_ocr
CowboyleozRibeye,not_food,receipt_ocr
Marketplace Vermont White Cheddar Mac & Cheese,food,instacart_web
2X,not_food,receipt_ocr
VanillaUrswectenedAlmondMilk,food,synthetic_ocr_aug
MILODINOCI),food,receipt_ocr
FarmhouseFreshMilkTwinPackZxlL,not_food,receipt_ocr
Keurig Breakfast Blend Decaf Light Roast Coffee K Cups,food,instacart_web
SUBTTLS,not_food,receipt_ocr
ArlaMdimFatMilk,food,synthetic_ocr_aug
1_X18.00,not_food,receipt_ocr
Sausalito Milk Chocolate Macadamia Cookies,food,instacart_web
12.500X,not_food,receipt_ocr
26.Fish Goutash,food,receipt_ocr
Tota1TAx,not_food,receipt_ocr
Lemon Twist Hummus,food,instacart_web
Unsweetened Terere Yerba Mate,food,instacart_web
Taco Tuesday Pattot,food,receipt_ocr
theesestes,food,receipt_ocr
DaIrYfReecOCOnUtMiLKvaniLlayoGuRTALTErnATIVe,food,synthetic_ocr_aug
3D White Arctic Fresh Toothpaste,food,instacart_web
OldFashionedRollecl0ats,food,synthetic_ocr_aug
898888R988928,not_food,receipt_ocr
15.00SR,not_food,receipt_ocr
27.95,not_food,receipt_ocr
Original Thin Supreme Pizza,food,instacart_web
Red Delicious Apples,food,instacart_web
cULTUrEDlOWfAtbUTTeRmiLK,food,synthetic_ocr_aug
BA1SOMCVINEGAR,food,synthetic_ocr_aug
4184,not_food,receipt_ocr
Vanilla Yogurt,food,instacart_web
Pure Dark Brown Cane Sugar,food,instacart_web
Total 0% Nonfat Plain Greek Yogurt,food,instacart_web
Italian Dill Pickle Chips,food,instacart_web
40z,not_food,receipt_ocr
Lime Sparkling Water,food,instacart_web
Organic Raw Coconut Aminos,food,instacart_web
Super Greens Veggie Burgers,food,instacart_web
964,not_food,receipt_ocr
Ground Chicken,food,instacart_web
Master Brew Kombucha Raspberry Lemon,food,instacart_web
Organic Nonfat Yogurt Plain,food,instacart_web
BTRMILK,food,receipt_ocr
Almond Paleo Bread Non GMO Gluten Free,food,instacart_web
2.20SR,not_food,receipt_ocr
Long Grain & Wild Rice,food,instacart_web
Sesame Street Organic Mini Blueberry Pancakes,food,instacart_web
Baby Swiss Slices Cheese,food,instacart_web
Red Seedless Grapes,food,instacart_web
$6.25,not_food,receipt_ocr
VANILLABEANYOGURT,food,synthetic_ocr_aug
Finely Shredded Mozzarella Cheese,food,instacart_web
BANNERBX4,not_food,receipt_ocr
Baja Breakfast Burrito,food,instacart_web
FreshAtlantcSalmonFillet,food,synthetic_ocr_aug
NOP1ckle,food,receipt_ocr
MARGARINE FORTUNE1/2KG,food,receipt_ocr
Frontier Buttermilk and Honey Flapjack and Waffle Mix,food,instacart_web
Pretzel Rods,food,instacart_web
100% Non-Pareil Capers,food,instacart_web
Original 7 Grain Crackers,food,instacart_web
LAUREN'S HAZELNUT TORTE,food,receipt_ocr
Ramen,food,receipt_ocr
dessert,food,basket_categories_web
Whitechocolateraspberrytruffleicecream,food,synthetic_ocr_aug
West Soymilk,food,instacart_web
Hot Fudge Topping,food,instacart_web
seaoodPr,food,receipt_ocr
87/000,not_food,receipt_ocr
Traditional Chicken Rice with Vegetables Soup,food,instacart_web
Organic Great Northern Beans,food,instacart_web
Baby Cucumbers,food,instacart_web
Best Blend Pure 100% Natural Vegetable & Canola Oils,food,instacart_web
Spicy Jalapeno Refried Beans,food,instacart_web
KN BLK-2,not_food,receipt_ocr
wagyus.chedse,food,receipt_ocr
Mild Fire Roasted Diced Green Chiles,food,instacart_web
cinneFroaen,food,receipt_ocr
PremiumDe.liOvenRoastedTurkeyBreast,food,synthetic_ocr_aug
Fudge Mint Cookies,food,instacart_web
Dessert Shop Chocolate Brownie Cookies,food,instacart_web
WIIHS,not_food,receipt_ocr
Vanilla Enriched Rice Drink,food,instacart_web
Bratwurst,food,instacart_web
Gluten Free Cinnamon Raisin Bread,food,instacart_web
AHOZ,not_food,receipt_ocr
"Olives, Organic, Kalamata, Pitted",food,instacart_web
Org#anicRedGrapeTomato,food,synthetic_ocr_aug
greek&chiablueberr,food,synthetic_ocr_aug
ROLERREFILL,not_food,receipt_ocr
Probioticstropicalgreenjuicedrink,food,synthetic_ocr_aug
Wh1Brrycrrberrysace,food,synthetic_ocr_aug
63103,not_food,receipt_ocr
Cacao Powder,food,instacart_web
TRI-ColOrROtINip,food,synthetic_ocr_aug
920$3.50,not_food,receipt_ocr
Groceries,not_food,receipt_ocr
Organic Half Spring Mix,food,instacart_web
+$0.00,not_food,receipt_ocr
322,not_food,receipt_ocr
1LFrenchFries,food,receipt_ocr
XTRAENTREE,not_food,receipt_ocr
New York Cheddar Potato Chips,food,instacart_web
saalt Dinner23.38,food,receipt_ocr
1BTLBEER,food,receipt_ocr
Organic Pecans,food,instacart_web
Florida Orange Juice With Calcium & Vitamin D,food,instacart_web
TakeAway,not_food,receipt_ocr
CRED,food,receipt_ocr
frozen potato products,food,basket_categories_web
Organic Whole Crimini Mushrooms,food,instacart_web
RG CUN RICES,food,receipt_ocr
$5.50.,not_food,receipt_ocr
Chocolate Builder's Protein Bar,food,instacart_web
10.00SR,not_food,receipt_ocr
Jalapeno Beef Jerky,food,instacart_web
ROYALGOLDLUXURIOUSKITCHENTOWNEL,not_food,receipt_ocr
Iceberg Lettuce,food,instacart_web
"Protein Bar, High, Cookies & Cream",food,instacart_web
Divine Triple Chocolate Ice Cream Bars,food,instacart_web
Instant Gluten Free Blueberries Strawberries & Brown Sugar Oatmeal,food,instacart_web
Island Mango Premium Fruit Snacks,food,instacart_web
Crossovers Coconut Chocolate,food,instacart_web
Organic Mango,food,instacart_web
"Granola, Homestyle, Double Chocolate Chunk",food,instacart_web
Milk Chocolate Kisses With Almonds,food,instacart_web
4=,not_food,receipt_ocr
LYSOL WIPE MORN/BR,not_food,receipt_ocr
Gluten Free White Bread,food,instacart_web
GrOURDwBItPPpEr,food,synthetic_ocr_aug
Flaked Coconut Unsweetened,food,instacart_web
Organic Coconut Cream,food,instacart_web
Indian Mattar Paneer,food,instacart_web
Healthy Multigrain Bread,food,instacart_web
KG,not_food,receipt_ocr
1159.00,not_food,receipt_ocr
60.,not_food,receipt_ocr
OrgaricTornatoSauce,food,synthetic_ocr_aug
Natural Emmentaler Swiss Cheese,food,instacart_web
Speclal Requeat,not_food,receipt_ocr
Organic Greek Lowfat Yogurt With Blueberries,food,instacart_web
Organic Dark Roast,food,instacart_web
RobustoItalianS,food,synthetic_ocr_aug
Organic Sweet Greens and Ginger Juice Blend,food,instacart_web
Vegan Hot & Sour Noodle Soup,food,instacart_web
12200,not_food,receipt_ocr
Natures's Dairy-Free Creamer French Vanilla Unsweetened,food,instacart_web
5.57,not_food,receipt_ocr
Cranberry Nut Goodness Granola,food,instacart_web
6.92-0.214,not_food,receipt_ocr
Penne Pasta,food,instacart_web
Pretzel Snaps Pretzel Packs,food,instacart_web
Nuut&OatBread,food,synthetic_ocr_aug
Unsalted Cultured Butter,food,instacart_web
*0SS,not_food,receipt_ocr
Iced Tea Unsweetened,food,synthetic_food_list
Zero Calorie Ginger Ale,food,instacart_web
Rico Set,not_food,receipt_ocr
Organic Ketchup,food,instacart_web
BlackForestBerryCaffeine-FreeTea,food,synthetic_ocr_aug
3-2-,not_food,receipt_ocr
Recipe Ready Sliced Broccoli Stir Fry,food,instacart_web
Cheddar Bunnies Snack Crackers,food,instacart_web
Coffee (2 @2.95),food,receipt_ocr
AUTLLO,food,receipt_ocr
Organic Tomato Cluster,food,instacart_web
51:00,not_food,receipt_ocr
HEADSTONES AND LANDMINES,food,receipt_ocr
Organic Guacamole,food,instacart_web
Organic Peru Decaf Coffee,food,instacart_web
S*parklingBlackberryJuice,food,synthetic_ocr_aug
GRT,not_food,receipt_ocr
Malted Milk Balls,food,instacart_web
Coconut Pineapple Sparkling Water,food,instacart_web
Reg PepsiMax,food,receipt_ocr
RO3,not_food,receipt_ocr
"Semi-Soft Cheese, Ripened",food,instacart_web
INDOMIEGRGSMTHB5,food,receipt_ocr
Singles American Cheese Slices,food,instacart_web
Ahi Tuna Steak,food,synthetic_food_list
Natural Wild Caught Brisling Sardines in Extra Virgin Olive Oil,food,instacart_web
Birthday Cake Light Ice Cream,food,instacart_web
Wild Arugula,food,instacart_web
Organic Unrefined Sesame Oil,food,instacart_web
Farfalle Pasta,food,instacart_web
Organic Cocktail Sauce,food,instacart_web
U.9DGR,not_food,receipt_ocr
64.00,not_food,receipt_ocr
Zucchi,food,synthetic_ocr_aug
Blue Cheese Dressing,food,instacart_web
hese,food,receipt_ocr
"Buttermilk,CulturedLowFat",food,synthetic_ocr_aug
Black Chai Decaf  Tea Bags,food,instacart_web
15.40SR,not_food,receipt_ocr
$14.98,not_food,receipt_ocr
SparklingWaaterGrapefruit,food,synthetic_ocr_aug
JTAL,not_food,receipt_ocr
smKeCLfRESHtrkYKIElbSO,food,synthetic_ocr_aug
Celery Bunch,food,instacart_web
Organic Balsamic Vinaigrette Dressing,food,instacart_web
xMexicana,food,receipt_ocr
LBee,food,receipt_ocr
MedFrles,food,receipt_ocr
Original Fresh Salsa,food,instacart_web
"24,99s",not_food,receipt_ocr
Original Bran Cereal,food,instacart_web
Spa Cuisine Butternut Squash Ravioli,food,instacart_web
98%FatFreeCondensedSoupCreamofChickn,food,synthetic_ocr_aug
5.6600,not_food,receipt_ocr
8:49,not_food,receipt_ocr
Uncured Hickory Smoked Bacon,food,instacart_web
Chicken Breast Tenders,food,instacart_web
pTanfries,food,receipt_ocr
Whole Wheat Eggo Waffles,food,instacart_web
Citrus Electrolyte Tabs,food,instacart_web
Rawshelledhempseeds,food,synthetic_ocr_aug
Vegan Tortilla Soup with Baked Chips,food,instacart_web
Deseriptton,not_food,receipt_ocr
E514,not_food,receipt_ocr
Unsalted Butter,food,instacart_web
$60.00,not_food,receipt_ocr
tomotpr<u+0o9>,food,synthetic_ocr_aug
NoSugarAdde,food,synthetic_ocr_aug
BBQBEEF,food,receipt_ocr
Organic Cinnamon Raisin Granola,food,instacart_web
Pretzels,food,synthetic_food_list
Mango Lassi,food,receipt_ocr
Chocolate Fudge Brownie Ice Cream,food,instacart_web
Organic Refried Beans,food,instacart_web
41.000,not_food,receipt_ocr
Lean Ground Beef,food,instacart_web
$295,not_food,receipt_ocr
[1]控肉饭,not_food,receipt_ocr
11shac,not_food,receipt_ocr
$12.90,not_food,receipt_ocr
CombinaationPartyPizza,food,synthetic_ocr_aug
4BX230ML,not_food,receipt_ocr
"Light, Very Vanilla",food,instacart_web
HighproTENbrcramypeoRtbTtR,food,synthetic_ocr_aug
2.S0SR,not_food,receipt_ocr
Organic Vegan Smoked Farmhouse Cheese,food,instacart_web
Organic Banana Vanilla Smooth And Creamy Low Fat Yogurt,food,instacart_web
"Kombucha,OrganicRaw,Citrus",food,synthetic_ocr_aug
Premium Quality Cornstarch,food,instacart_web
Mixed Vegetables,food,instacart_web
"Collard Greens, Lower Sodium",food,instacart_web
Paste for Butter Chicken Curry,food,instacart_web
155.00,not_food,receipt_ocr
18:00,not_food,receipt_ocr
19.90S,not_food,receipt_ocr
9/16IN WORD COMBINATION L,not_food,receipt_ocr
Raspberry Chocolate Chip Gelato,food,instacart_web
Pumpkin Pie Gelato,food,instacart_web
Outshine Fruit Bars,food,instacart_web
Organic Flax Plus Multibran Flakes,food,instacart_web
$8.75,not_food,receipt_ocr
condensedcreamofmushr,food,synthetic_ocr_aug
PBXTHCKL7SBACON,food,receipt_ocr
organictraditionalglutenfreenquinoa,food,synthetic_ocr_aug
100% Natural Diced Tomatoes,food,instacart_web
PRIOE,not_food,receipt_ocr
MacheRosettesFr.enchSaladMix,food,synthetic_ocr_aug
Surf & Turf,food,receipt_ocr
Super Seed Crispy Crackers,food,instacart_web
Chocolate Chip Cookies,food,instacart_web
Fren Onion Saup,food,receipt_ocr
Original Croccantini,food,instacart_web
OrganicLentilBeans,food,synthetic_ocr_aug
$18,not_food,receipt_ocr
Fakin' Bacon Organic Smoky Tempeh Strips,food,instacart_web
Organic Chopped Garlic,food,instacart_web
Whole Chia Seeds,food,instacart_web
"Valdosta Pecans With Cranberries, Black Pepper & Orange Zest",food,instacart_web
Garlic,food,instacart_web
BasmatiReadyRice,food,synthetic_ocr_aug
Short6rairBrownRice,food,synthetic_ocr_aug
"Vegetable Base, Organic",food,instacart_web
1.6 0ysters,food,receipt_ocr
Organic Large Grade AA Omega-3 Eggs,food,instacart_web
DROO,not_food,receipt_ocr
$10·99,not_food,receipt_ocr
Arthur'sBurgenChsBleu,food,receipt_ocr
Easy Mac Triple Cheese,food,instacart_web
100% Plant Protein Beastley Sliders,food,instacart_web
DriedCranberries,food,synthetic_ocr_aug
Sugar Free Chocolate Vanilla Swirls Pudding,food,instacart_web
Double Stuf Oreo Sandwich Cookies,food,instacart_web
Raspberry Zinger Caffeine Free Herbal Tea,food,instacart_web
"0rzo,n.6s",food,synthetic_ocr_aug
NATER,food,receipt_ocr
8.87,not_food,receipt_ocr
Big Slice Cheddar Sharp Cheese Slices,food,instacart_web
Eralscc Beefflee/Nocdle,food,receipt_ocr
249,not_food,receipt_ocr
KaTdosa,food,receipt_ocr
$13.00,not_food,receipt_ocr
+$4.00,not_food,receipt_ocr
DoiepineapplePcs,food,receipt_ocr
with Crispy Almonds Cereal,food,instacart_web
Pure Squeezed Orange Juice,food,instacart_web
387,not_food,receipt_ocr
Active Dry Yeast,food,instacart_web
HOTDGBVRS,food,synthetic_ocr_aug
Patron silver,food,receipt_ocr
2305/ea,not_food,receipt_ocr
saalt Dinner 223.se,food,receipt_ocr
spuusa,food,receipt_ocr
FreshFcttvccini,food,synthetic_ocr_aug
Banana Cream Traditional Oikos Greek Yogurt,food,instacart_web
29.88 50XOFF BIRTHDAY,not_food,receipt_ocr
Kashi Company GoLean Crunch! Honey Almond Flax Cereal,food,branded_items_web
Marinara,food,instacart_web
Mediumroastoriginalblendgroundcoffee,food,synthetic_ocr_aug
Diced Red Onions,food,instacart_web
Dry Roasted Lightly Salted Peanuts,food,instacart_web
orkwSpioy,food,receipt_ocr
SALMON SA,food,receipt_ocr
Brown Rice Snaps Black Sesame,food,instacart_web
Organic Strawberry Spread,food,instacart_web
Turkey & Cheddar Cracker Stackers,food,instacart_web
NaBey,not_food,receipt_ocr
Grilled Chicken Strips,food,instacart_web
Red Grapefruit,food,instacart_web
70:00,not_food,receipt_ocr
Organic Greek Lowfat Yogurt With Cherries,food,instacart_web
Corn$o.50,food,receipt_ocr
Almond Breeze Unsweetened Almond Coconut Milk Blend,food,instacart_web
"Wild Non-Pareil Capers, Sunkissed in the Mediterranean",food,instacart_web
Organic Wedge Cut Oven Fries,food,instacart_web
Organic Beef Hot Dogs,food,instacart_web
Organic Turkish Apricots,food,instacart_web
Organic Hazelnuts,food,instacart_web
Cranberries,food,instacart_web
"Fire-Roasted Tomato Taco Sauce, Medium",food,instacart_web
"Kale, Apple, Ginger, Romaine, Spinach, Cucumber, Celery, Parsley, Lemon Cold Pressed Juice Beverage",food,instacart_web
"Pretzel Bread Roasted Turkey, Bacon & Cheese",food,instacart_web
Dark Chocolate Cherry Cashew Plus Antioxidants 1.4 oz Fruit & Nut Bars,food,instacart_web
36.O0SR,not_food,receipt_ocr
ROOMALIROTI,food,receipt_ocr
CONA,not_food,receipt_ocr
2990,not_food,receipt_ocr
COPPERBASIN PILLAR,not_food,receipt_ocr
ChitkanFingers,food,receipt_ocr
Heirloom Tomatoes,food,synthetic_food_list
Garlic Vegetable Soup Cup,food,instacart_web
Tandoor Baked Naan,food,instacart_web
419,not_food,receipt_ocr
Cadi1lac Margartta (2 a1400),food,receipt_ocr
Yotoddler Organic Pear Spinach Mango Yogurt,food,instacart_web
34BURRITO SUPRE,food,receipt_ocr
Thur,not_food,receipt_ocr
11.90,not_food,receipt_ocr
68000,not_food,receipt_ocr
HamachiCoTlar,food,receipt_ocr
Broth Free Range Chicken Organic,food,instacart_web
OrigiralLifeCcreal,food,synthetic_ocr_aug
Poppy Seed Dressing,food,instacart_web
Kentucky Straight Bourbon Whiskey,food,instacart_web
Total 2% All Natural Greek Strained Yogurt with Honey,food,instacart_web
Lump Crab &Spinach Dip,food,receipt_ocr
Organic Lemon Thyme,food,instacart_web
Fresh Cut Green Beans,food,instacart_web
OrganicCreamyChocoloteFvdgeNutritionalShake,food,synthetic_ocr_aug
Pure Maple Syrup,food,instacart_web
Organic Banana,food,instacart_web
CHCKN,food,receipt_ocr
Ka,not_food,receipt_ocr
"Rice Crackers, Original",food,instacart_web
RobustoItalianSaladDressing,food,synthetic_ocr_aug
NoBreod,not_food,receipt_ocr
Mini MOD,not_food,receipt_ocr
Handy Candy Organic Grape Tomatoes,food,instacart_web
3/95.,not_food,receipt_ocr
Half Sour Pickles,food,instacart_web
Premium Apple Cider,food,instacart_web
Organic California Style Sprouted Bread,food,instacart_web
Strawberry Protein Shake,food,instacart_web
Lobster Tail,food,synthetic_food_list
10-49,not_food,receipt_ocr
FishLe,food,receipt_ocr
Butternut Squash Soup,food,instacart_web
Chicken Gravy Mix,food,instacart_web
Chicken Breast Nuggets Gluten Free,food,instacart_web
100% Juice Medley Of Fruits,food,instacart_web
Organic White English Muffins,food,instacart_web
Fresh Cut Cauliflower & Broccoli Steam in Bag,food,instacart_web
$7.78,not_food,receipt_ocr
INDiApaL,food,synthetic_ocr_aug
Chicken Breast Nuggets,food,instacart_web
Organic Fresh Basil,food,instacart_web
Natural Dark Chocolate Bar,food,instacart_web
Crispy Chicken,food,receipt_ocr
59,not_food,receipt_ocr
LargeSheet,not_food,receipt_ocr
The Ultimate Beefless Burger,food,instacart_web
Greoi,not_food,receipt_ocr
8.10,not_food,receipt_ocr
OrganicLowSodiumCh,food,synthetic_ocr_aug
StrawberryLemonadeFrozennPops,food,synthetic_ocr_aug
Pop-Tarts Frosted Blue Raspberry Toaster Pastries,food,instacart_web
1#33WING MEAL,food,receipt_ocr
Special Platter,food,receipt_ocr
ice cream,food,basket_categories_web
066,not_food,receipt_ocr
5..0,not_food,receipt_ocr
10.000,not_food,receipt_ocr
"Refried Beans, with Jalapenos",food,instacart_web
SLEAM,not_food,receipt_ocr
Organic Yummy Veggie Nutrition Chocolate Milkshake,food,instacart_web
6690,not_food,receipt_ocr
SvsetPotinto,food,receipt_ocr
Original Almond Milk Creamer,food,instacart_web
Gluten Free Steel Cut Oats,food,instacart_web
edibmRare,not_food,receipt_ocr
DOES,not_food,receipt_ocr
"Ramen, Vegan, Miso",food,instacart_web
0:00,not_food,receipt_ocr
Oroweat 100% Whole Wheat English Muffin,food,branded_items_web
16Cooktes,food,receipt_ocr
Oatmeal Chocolate Chip Bite-Lettes,food,instacart_web
Z Vanilla Bean,food,receipt_ocr
Watercress,food,instacart_web
Purity Farms Ghee Clarified Butter,food,instacart_web
Nati/2Tt,not_food,receipt_ocr
1HM-Apple.Jutce,food,receipt_ocr
Thyme,food,instacart_web
Totta,not_food,receipt_ocr
Sun Dried Tomato Hummus,food,instacart_web
Oscar Mayer Oven Roasted White Turkey,food,branded_items_web
COUKMEDIUM,not_food,receipt_ocr
Natural Hickory Smoked Canadian Bacon Center Cut From Pork Loin,food,instacart_web
SO HOTYOU'RE HURTING MY,not_food,receipt_ocr
Tradtttonal Ponk  Clans,food,receipt_ocr
SNAPPER,food,receipt_ocr
9900,not_food,receipt_ocr
DRM,not_food,receipt_ocr
"Organic Daikon Root, Bunch",food,instacart_web
Mild Green Chile Enchilada Sauce,food,instacart_web
ZanteCu,food,synthetic_ocr_aug
Loremipsumdolor sit,not_food,receipt_ocr
MadagascarBourbonPu,food,synthetic_ocr_aug
Wheat English Muffins,food,instacart_web
450S,not_food,receipt_ocr
Organic Zucchini Squash,food,instacart_web
Uncured Hickory Smoked Sunday Bacon,food,instacart_web
Mie Lurus R,food,receipt_ocr
0.10,not_food,receipt_ocr
Cara Cara Navel Orange,food,instacart_web
Grilled Spinach,food,receipt_ocr
3.Dullet,food,receipt_ocr
Southwest Chopped Salad Kit with Dressing,food,instacart_web
SlicedHav/artiCheese,food,synthetic_ocr_aug
3-1800,not_food,receipt_ocr
EZ1OHDO5,not_food,receipt_ocr
Pepperonldcwcawiwa,food,receipt_ocr
$17.49,not_food,receipt_ocr
Decaf,food,receipt_ocr
25000,not_food,receipt_ocr
"Energy Drink, Organic, Low Calorie, Acai Berry",food,instacart_web
13300,not_food,receipt_ocr
Organic Cold-Milled Ground Flaxseed,food,instacart_web
1RegularFries,food,receipt_ocr
SEDAAPMIEKARISP75,food,receipt_ocr
Taco Rice Fiesta Sides,food,instacart_web
Roasted Garlic & Parmesan Baby Reds Mashed Potatoes,food,instacart_web
17.00,not_food,receipt_ocr
ZestyFrenchDressing,food,synthetic_ocr_aug
FAMERICANCHS,food,receipt_ocr
3600,not_food,receipt_ocr
Mi1kChocolatePeanvtButterCups,food,synthetic_ocr_aug
1Kaldosa,food,receipt_ocr
FROZENBREADEDBAGGE,food,synthetic_ocr_aug
GradeOrganicLargeBrownggs,food,synthetic_ocr_aug
Dairy Free Gluten Free Chocolate Almond Butter Miracle Tart,food,instacart_web
AddTwo Meatbal,food,receipt_ocr
Chix Cheesestea,food,receipt_ocr
Chunky Pub-Style Chicken Pot Pie Soup,food,instacart_web
#63TENDER ML,food,receipt_ocr
Cinnamon Swirl Raisin Bread,food,instacart_web
Vegetable Classics Lentil Soup,food,instacart_web
osscalopDumplng,food,receipt_ocr
Dairy Free Coconut Milk Passionate Mango Yogurt Alternative,food,instacart_web
LYSOL WIPE BRGT/HZ,not_food,receipt_ocr
Total 2% Lowfat Greek Strained Yogurt With Blueberry,food,instacart_web
0/131b8,not_food,receipt_ocr
1 Plate,not_food,receipt_ocr
FPeps1,food,receipt_ocr
Goldfish Pretzel Baked Snack Crackers,food,instacart_web
BMI TOM,food,receipt_ocr
0131b8,not_food,receipt_ocr
PureVanillaExtractMadagasca,food,synthetic_ocr_aug
4.99,not_food,receipt_ocr
Organic Whole Chocolate Milk,food,instacart_web
Cinnamon Roll Bar,food,instacart_web
1O0%WholeWhcatFarfalleNo.87,food,synthetic_ocr_aug
Chik'n Nuggets,food,instacart_web
Finely Shredded Parmesan Cheese,food,instacart_web
1 TsGuaC,food,receipt_ocr
Cinnamon French Toaster Sticks,food,instacart_web
0249,not_food,receipt_ocr
(GST),not_food,receipt_ocr
Vanillablueberryclustersw,food,synthetic_ocr_aug
+$199,not_food,receipt_ocr
Gluten Free Omega Flax & Fiber Bread,food,instacart_web
Cold Brew Coffee With Coconut Milk,food,instacart_web
7219-136,not_food,receipt_ocr
Codle,not_food,receipt_ocr
Tuna Salad,food,instacart_web
CHOW MEIN,food,receipt_ocr
Organic Extra Large Brown Omega 3 Eggs,food,instacart_web
CR,not_food,receipt_ocr
Double Chocolate Chip Cookies,food,instacart_web
Mango Peach Salsa,food,instacart_web
Cranberry Raincoast Oat Crisps,food,instacart_web
Kol,not_food,receipt_ocr
Raisin Bran Crunch Cereal,food,instacart_web
Hc32o0.00,not_food,receipt_ocr
(28.01)Adult),not_food,receipt_ocr
"Ultracube Stock Cubes, Chicken Style, Salt Reduced",food,instacart_web
**CShk,not_food,receipt_ocr
LALMAAS,food,receipt_ocr
jam,food,basket_categories_web
Cuesadilla,food,receipt_ocr
Peanut Oil,food,instacart_web
Thick & Crispy Tortilla Chips,food,instacart_web
Cole Slaw,food,instacart_web
French,not_food,receipt_ocr
(N33)1O5MM/4'CUTTINGDISC,not_food,receipt_ocr
1Cheeseburoor,food,receipt_ocr
$20.00*,not_food,receipt_ocr
Cornish Game Hens,food,instacart_web
Thin & Crispy Crust Four Cheese Pizza,food,instacart_web
Hotchocolatemix,food,synthetic_ocr_aug
Green Tea With Ginseng and Honey,food,instacart_web
Lemonade,food,instacart_web
1840,not_food,receipt_ocr
Kumquats,food,synthetic_food_list
*USS,not_food,receipt_ocr
Butwhohas,not_food,receipt_ocr
NOODLE,food,receipt_ocr
Chocolate&Peonut8utterShellTopping,food,synthetic_ocr_aug
Peeled Garlic,food,instacart_web
15 Calories Light Lemonade,food,instacart_web
Whole Almonds,food,instacart_web
Krinkle Cut Salt & Fresh Ground Pepper Potato Chips,food,instacart_web
OPHA,not_food,receipt_ocr
Seitan,food,synthetic_food_list
Nestle BlissYooDrink Strawberry,food,receipt_ocr
CHOWMEIN,food,receipt_ocr
Total0%withHoneyNonfatGreekStraiinedYogurt,food,synthetic_ocr_aug
INDIANPA,food,synthetic_ocr_aug
GarlicFries,food,receipt_ocr
Original Popcorn,food,instacart_web
SideHome Fries,food,receipt_ocr
Honey Yoghurt,food,instacart_web
Organic Lemon,food,instacart_web
3-00X3-0D,not_food,receipt_ocr
sourCream,food,receipt_ocr
Instant Ramen Cup,food,synthetic_food_list
1.59-8,not_food,receipt_ocr
CS2OOACUTTING.,not_food,receipt_ocr
SChop Antipasto Salad,food,receipt_ocr
2#0.00,not_food,receipt_ocr
SEDAAPMIAYBW TL73,food,receipt_ocr
Strawberry Gelatin,food,instacart_web
White Kidney Beans,food,instacart_web
OrganicClassicRichCrackers,food,synthetic_ocr_aug
ChfekenFin,food,receipt_ocr
oyama,not_food,receipt_ocr
Natural Chicken Drumsticks,food,instacart_web
StRAWBeRryBANan,food,synthetic_ocr_aug
Spaghetti with Meatballs,food,instacart_web
OLLE,not_food,receipt_ocr
Natural Creamy Peanut Butter Spread,food,instacart_web
Beef Jalapeno Sea Salt Bone Broth,food,instacart_web
SFVaLU,not_food,receipt_ocr
0.53SR,not_food,receipt_ocr
NewYorkStyleNovaLoxx,food,synthetic_ocr_aug
Organic Wheat Square Crackers,food,instacart_web
Large Ripe Pitted Olives,food,instacart_web
Dairy Free Coconut Milk Vanilla Yogurt Alternative,food,instacart_web
Gseriesperformorangespo,food,synthetic_ocr_aug
Oatmeal Blueberry & Hazelnut Cup,food,instacart_web
PistachoInstantPuddingndPeFlling,food,synthetic_ocr_aug
Organic Unrefined-Unfiltered Extra Virgin Olive Oil,food,instacart_web
Gluten Free Whole Grain Bagels,food,instacart_web
Small Country White Oval,food,instacart_web
1X2.64,not_food,receipt_ocr
Hass Avocado Bag,food,instacart_web
Adobe,not_food,receipt_ocr
1McChicken,food,receipt_ocr
Tangerine Fruit Juice,food,instacart_web
Stacy's Multigrain Pita Chips,food,instacart_web
amepral,not_food,receipt_ocr
YAMLUBECSEMIMOTOROIL,not_food,receipt_ocr
Cinnamon Raisin Sprouted Whole Grain Cereal,food,instacart_web
Broccol1,food,receipt_ocr
Siprico,not_food,receipt_ocr
Organic Large Grade A Brown Eggs,food,instacart_web
CheescDippcrs,food,synthetic_ocr_aug
EnvyApp,food,synthetic_ocr_aug
cooking chocolate,food,basket_categories_web
Lenad,food,synthetic_ocr_aug
DLET,food,receipt_ocr
Qty Rate,not_food,receipt_ocr
IodizedSalt,food,synthetic_ocr_aug
Gluten and Dairy Free Rice Macaroni and Cheeze,food,instacart_web
Chicken Pot Pie Frozen,food,synthetic_food_list
Tortilla Triangles Restaurant Style Chips,food,instacart_web
06.9,not_food,receipt_ocr
"84,.000",not_food,receipt_ocr
Cherry Fruit Pie,food,instacart_web
Discount@10.o0%,not_food,receipt_ocr
pvmpkinspicc,food,synthetic_ocr_aug
Creamy Deluxe Macaroni Dinner Elbows & Four Cheese Sauce,food,instacart_web
15.:00,not_food,receipt_ocr
Ice LemonTea,food,receipt_ocr
Squares Dark 60% Cacao Chocolate,food,instacart_web
$2935,not_food,receipt_ocr
Organic All Stars Pasta In Tomato & Cheese Sauce,food,instacart_web
Gluten Free Quinoa Linguine,food,instacart_web
Spearmint Natural Chewing Gum,food,instacart_web
nHCC.,not_food,receipt_ocr
$400,not_food,receipt_ocr
06°,not_food,receipt_ocr
NoBred,not_food,receipt_ocr
DEF0SITCS00530344),not_food,receipt_ocr
SUBTOTAL,not_food,receipt_ocr
Rainbow Bell Peppers,food,instacart_web
Organic Lightly Salted Bread Crumbs,food,instacart_web
Vintage Extra Sharp White Cheddar Cheese,food,instacart_web
S12.00,not_food,receipt_ocr
Premium Healthy Kids No Pulp Orange Juice,food,instacart_web
Canola Oil,food,instacart_web
SCRAMNY,not_food,receipt_ocr
SpaghettiMarinara,food,receipt_ocr
Roasted Garlic Loaf,food,instacart_web
30.00,not_food,receipt_ocr
Jackfruit,food,synthetic_food_list
Kopi,food,receipt_ocr
Scoops! Tortilla Chips,food,instacart_web
Black Cherry New York Seltzer Water,food,instacart_web
GarTicSaimon,food,receipt_ocr
BOF,not_food,receipt_ocr
House Blend Deep Roast Ground Coffee,food,instacart_web
LemonTea,food,receipt_ocr
Red Delicious,food,produce_classes_web
Reese's Chewy Cookies,food,instacart_web
Traditional Favorites Four Cheese Pasta Sauce,food,instacart_web
LafayetteButterLettuce&RadicchioSaladBlend,food,synthetic_ocr_aug
51000,not_food,receipt_ocr
Deluxe Everything Bagels,food,instacart_web
French Vanilla Liquid Coffee Creamer,food,instacart_web
DarkChoolatePomegranate&FruitFlavors,food,synthetic_ocr_aug
Honeydew Kombucha Tea,food,instacart_web
Light and Lean Macaroni and Cheese,food,instacart_web
CherryVanillaCherryOnTheBottomCreamTop,food,synthetic_ocr_aug
DeTox Caffeine Free Organic Herbal Tea Bags,food,instacart_web
OrganicCirnarnonCrunchCereal,food,synthetic_ocr_aug
Magna aliqua,not_food,receipt_ocr
Cinnamon Brown Sugar Breakfast Biscuits,food,instacart_web
"Quinoa, Kale & Red Lentil Soup",food,instacart_web
PomegnateArils,food,synthetic_ocr_aug
Egg Curry,food,receipt_ocr
-8.00,not_food,receipt_ocr
CreamySwissGarlic&HerbSpreadablCheseWdges,food,synthetic_ocr_aug
OrganicReallyPeelyBendyBerryFruitTape,food,synthetic_ocr_aug
Coconut Oil Buttery,food,instacart_web
GlMerlot,food,receipt_ocr
Tacobchorizo,food,receipt_ocr
Taco D Cochihita,food,receipt_ocr
SR.,not_food,receipt_ocr
FreshRoastedTomate&ChilleAsadoMediumSalsa,food,synthetic_ocr_aug
Crispy Thin Crust Sicilian Recipe,food,instacart_web
050007:G:065,not_food,receipt_ocr
Root Veggie Burger,food,instacart_web
Chicken Noodle Soup,food,instacart_web
Miniatures Assortment Party Bag,food,instacart_web
Salesperson:RR,not_food,receipt_ocr
SRAMNY,not_food,receipt_ocr
Thin Crispy Crust Pepperoni Pizza,food,instacart_web
Nonfat Vanilla Fudge Swirl Frozen Yogurt,food,instacart_web
Boom Choco Boom Ricemilk Chocolate Bar,food,instacart_web
Cherry Coke,food,instacart_web
Pure Vanilla Extract,food,instacart_web
Cappellaccl DI Zucca,food,receipt_ocr
Almond Meal/Flour,food,instacart_web
8.60,not_food,receipt_ocr
Tustones,food,receipt_ocr
Chia Protein Bar Dark Chocolate Coconut Sea Salt,food,instacart_web
Crunch Granola Bar Chocolate Chip,food,instacart_web
Woon,food,receipt_ocr
Quartered Marinated Artichoke Hearts,food,instacart_web
Organic Dried Blueberries,food,instacart_web
FCS,not_food,receipt_ocr
"nVTRitNBr,DarKcHcoltPmGrARAt",food,synthetic_ocr_aug
9685,not_food,receipt_ocr
66.90,not_food,receipt_ocr
Organic Chicken Strips,food,instacart_web
SDE:Frles,food,receipt_ocr
MaryTand CrabCakes,food,receipt_ocr
Fresh CA Grown Eggs,food,instacart_web
Organic Fresh Squeezed Orange Juice,food,instacart_web
CherryPomcgrarateDrinkMix,food,synthetic_ocr_aug
Sweet Sliced Bread,food,instacart_web
ReddiWiipFatFreeWhipCream,food,synthetic_ocr_aug
SO HOTYOU'REHURTINGHY,not_food,receipt_ocr
Chocolate Chunk Brownies,food,instacart_web
Coconut Flakes,food,instacart_web
PPNAPRXENNAZS,not_food,receipt_ocr
7.000,not_food,receipt_ocr
@17.83,not_food,receipt_ocr
Kob,food,receipt_ocr
LEMAK,not_food,receipt_ocr
Whole Grain Loaf,food,instacart_web
VITTELIL,food,receipt_ocr
greenpeascanned,food,synthetic_ocr_aug
1IgaBabBalah,food,receipt_ocr
Honey Raw,food,synthetic_food_list
9074333,not_food,receipt_ocr
Thin Sliced Colby Jack Cheese,food,instacart_web
Organic Sprouted English Muffin,food,instacart_web
Cham (B),food,receipt_ocr
Parmesan Cheese,food,instacart_web
Salted Caramel Lean Protein & Fiber Bar,food,instacart_web
GorderSalad,food,synthetic_ocr_aug
Egyptian Licorice Tea Bags,food,instacart_web
Morning Oat Crunch,food,instacart_web
PASIRHALUS (D),not_food,receipt_ocr
58P,not_food,receipt_ocr
AMC,not_food,receipt_ocr
PANEERCHILLYDRY,food,receipt_ocr
Apricot Raspberry Verona Cookies,food,instacart_web
VC INDOMARCO PRI:,not_food,receipt_ocr
Organic Vanilla Whole Milk Yogurt,food,instacart_web
X3.90,not_food,receipt_ocr
Apricot Fruit Spread Organic,food,instacart_web
clpaRoll,food,receipt_ocr
SABLECLIPS@35OOO,not_food,receipt_ocr
Slow Churned Mint Chocolate Chip Ice Cream,food,instacart_web
whzta,not_food,receipt_ocr
zwieback,food,basket_categories_web
GR Sonly,not_food,receipt_ocr
"Orzo, No. 65",food,instacart_web
salmon.,food,receipt_ocr
4Reg Ketel dne,food,receipt_ocr
HotS,food,synthetic_ocr_aug
Cottage Cheese Small Curd,food,synthetic_food_list
HOUSE HARGARITA JUHBO,food,receipt_ocr
38.500,not_food,receipt_ocr
Girl Scouts Thin Mints Coffee Creamer,food,instacart_web
Natural 2% Milk Sharp Cheddar Cheese Chunk,food,instacart_web
Egg$1.30,food,receipt_ocr
Organic Long Grain White Rice,food,instacart_web
TacoD CarmneAsada,food,receipt_ocr
Mango Flavor Probiotic Juice Drink,food,instacart_web
ChocoltChipCokeDughFrzenGrekYogrtBars,food,synthetic_ocr_aug
Homestyle Some Pulp 100% Florida Orange Juice,food,instacart_web
Lrg MashDnly,food,receipt_ocr
Upga,food,receipt_ocr
Vanilla 0% Milkfat Yogurt,food,instacart_web
￥2-75,not_food,receipt_ocr
46.00,not_food,receipt_ocr
BarbequeSauce,food,receipt_ocr
140,not_food,receipt_ocr
BITeSstraWbErRy,food,synthetic_ocr_aug
Teh(B),food,receipt_ocr
UEINEO,not_food,receipt_ocr
Fiber d'Lish Soft Baked Chocolate Brownie Bar,food,instacart_web
Vegetable No Salt Added  Soup,food,instacart_web
Major Dickason's Blend Ground Coffee Dark Roast,food,instacart_web
80% Lean Ground Beef,food,instacart_web
Sweet Potato Corn Tortilla Chips,food,instacart_web
Dnsectet,not_food,receipt_ocr
Choco Croissant,food,receipt_ocr
jaIPURveg,food,synthetic_ocr_aug
CON CEBOLLA,food,receipt_ocr
N perh uoues Aoids,not_food,receipt_ocr
Star Fruit,food,synthetic_food_list
Organic Cocoa Crunch Protein Bar,food,instacart_web
BEIJTNG BEEF,food,receipt_ocr
50,not_food,receipt_ocr
S1200,not_food,receipt_ocr
12DC,not_food,receipt_ocr
70000,not_food,receipt_ocr
ORGANICRFRIEDVEGETARAN81ACKBNS,food,synthetic_ocr_aug
Vanilla Coffee Concentrate,food,instacart_web
$20.95,not_food,receipt_ocr
Potato Puree,food,receipt_ocr
AmericanChecseSliccs12Count,food,synthetic_ocr_aug
GLROUNDPONDSB,not_food,receipt_ocr
Premium Calcium & Vitamin D No Pulp Orange Juice,food,instacart_web
Barbecue Sauce,food,instacart_web
Duck Eggs,food,instacart_web
Item Code/Desc,not_food,receipt_ocr
$6:00,not_food,receipt_ocr
SeafoodPutf,food,receipt_ocr
1WreckItRalph2,not_food,receipt_ocr
JSTRGAniC5tRWbeRrCS,food,synthetic_ocr_aug
Maple Honey Ham,food,instacart_web
Dark Chocolate Pomegranate & FruitFlavors,food,instacart_web
16.980,not_food,receipt_ocr
25.,not_food,receipt_ocr
"13,000X",not_food,receipt_ocr
Frozen Greek Yogurt Bars Blueberry,food,instacart_web
0.5MM.37S,not_food,receipt_ocr
Vanilla Bite Size Wafer Cookies,food,instacart_web
Organic Living Butter Lettuce,food,instacart_web
ALK,food,receipt_ocr
Whole Wheat Cookies Dark Chocolate,food,instacart_web
Organic Spaghetti,food,instacart_web
nCh1le,food,receipt_ocr
Shiitake Mushroom,food,instacart_web
Organic Long Grain Brown Rice,food,instacart_web
19900,not_food,receipt_ocr
MalbecTrivento,food,receipt_ocr
RAGONIJOSH,food,receipt_ocr
Natural Chicken & Sage Breakfast Sausage,food,instacart_web
CMYEDVMea1,food,receipt_ocr
Green,food,receipt_ocr
MexcanFinlyShredddChees,food,synthetic_ocr_aug
100%orGAnIcrAINboWhEiRloOMquInOA,food,synthetic_ocr_aug
4507S,not_food,receipt_ocr
potato products,food,basket_categories_web
Organic Butternut Squash Ravioli,food,instacart_web
Dipps Chocolatey Covered Chocolate Chip Granola Bars,food,instacart_web
BloodOrange,food,synthetic_ocr_aug
20:00,not_food,receipt_ocr
Totem Honey Bee,food,receipt_ocr
Premium Kids+ Orange Juice,food,instacart_web
1Moito pitcherDriginalw/1e.oo,food,receipt_ocr
-2.70,not_food,receipt_ocr
TIMUNJEPUNOAPANESECUCUMBER KG,not_food,receipt_ocr
BLAN,not_food,receipt_ocr
Yukon Gold Potato,food,instacart_web
Frappuccino Vanilla Chilled Coffee Drink Coffee Substitutes,food,instacart_web
AnmaCracker,food,synthetic_ocr_aug
Special Oreo Concrete,food,receipt_ocr
ESPRESSD,food,receipt_ocr
"(2,000）",not_food,receipt_ocr
Nuestro Tequila,food,instacart_web
L Amer Kobe Fllet,food,receipt_ocr
69761:6-122-VAYSIDEUALL/CEILT,not_food,receipt_ocr
Natural Sunflower Seed Bread,food,instacart_web
Avocado Hommus,food,instacart_web
$1099,not_food,receipt_ocr
Fresh Whole Garlic,food,instacart_web
Whole Vitamin D Milk,food,instacart_web
Fudge Stripes Original Cookies,food,instacart_web
ORGANICCLaSSiCHUMmuS,food,synthetic_ocr_aug
Sea Salt Caramel Ice Cream,food,instacart_web
"Ygrt,ShepMlk,Strawbrry",food,synthetic_ocr_aug
Citrus Mandarins Organic,food,instacart_web
Chicken Curry,food,receipt_ocr
150.00,not_food,receipt_ocr
8.90-3,not_food,receipt_ocr
Organic Heavy Whipping Cream,food,instacart_web
Tropicana Juice Smooth,food,produce_classes_web
Lorna Doone Shortbread Cookies,food,instacart_web
Peanut Butter Cookie,food,instacart_web
Natural Fat Free Cheddar Shredded Cheese,food,instacart_web
Vanilla Coconut Milk Yogurt,food,instacart_web
Lrg Coleslaw,food,receipt_ocr
-Meatball Suib,food,receipt_ocr
Craveables Chicken Club Panini,food,instacart_web
598338001 6ChickenCurryPuff,food,receipt_ocr
Ye11owPotato,food,synthetic_ocr_aug
31.50,not_food,receipt_ocr
Avocado Roll,food,instacart_web
Roast Piain,food,receipt_ocr
SpaaghettiwithMeatballs,food,synthetic_ocr_aug
Light & Lean Spinach Lasagna,food,instacart_web
17.41S,not_food,receipt_ocr
Unsweet Blackberry Sparkling Water,food,instacart_web
Coconut Almond Unsweetened Creamer Blend,food,instacart_web
TheDrifter,food,receipt_ocr
Hum,food,synthetic_ocr_aug
S18.95,not_food,receipt_ocr
S8.00,not_food,receipt_ocr
SCAP,food,receipt_ocr
GoTCuon,food,receipt_ocr
"Sausage Biscuits, Snack Size Sandwiches",food,instacart_web
FAJTTA BF,food,receipt_ocr
809 MetalName Badge Cip,not_food,receipt_ocr
Weizener,food,receipt_ocr
Sundried Tomatoes in Olive Oil,food,instacart_web
CERAH,not_food,receipt_ocr
1390,not_food,receipt_ocr
Classic Soda,food,instacart_web
359-56,not_food,receipt_ocr
HA,not_food,receipt_ocr
Vegetable Stock,food,synthetic_food_list
6$,not_food,receipt_ocr
Cheeze Louise! Vegan Broccoli Poppers,food,instacart_web
Organic Sweet Mini Peppers,food,instacart_web
Breakfast Links Maple & Smoked Bacon Smoked Chicken Sausage,food,instacart_web
Honey Graham Sticks,food,instacart_web
1%MilkfatLowFatVitainA&DMilk,food,synthetic_ocr_aug
Beef & Bean Burrito,food,instacart_web
Top Ramen Oriental Flavor,food,instacart_web
Queso Fundido Mexican street Corn Dip,food,receipt_ocr
Greek 0% Fat Strawberry on the Bottom Yogurt,food,instacart_web
"Yogurt, Organic, Lowfat, Raspberry, 1-1/2% Milkfat",food,instacart_web
GlBuca Chianti,food,receipt_ocr
With Raspberry Lemonade,food,instacart_web
Amet,not_food,receipt_ocr
Gluten Free Quinoa Pasta Shells,food,instacart_web
UnsweetBlackberrySparklingWater,food,synthetic_ocr_aug
Peach,food,instacart_web
Party Peanuts,food,instacart_web
$10,not_food,receipt_ocr
OCALSEALWHITE,not_food,receipt_ocr
Blueberriees,food,synthetic_ocr_aug
OrganicBreakfasttBlendWholeBeanCoffee,food,synthetic_ocr_aug
Dairy Free Coconut Milk Raspberry Yogurt Alternative,food,instacart_web
ableGrayy,not_food,receipt_ocr
Ga,not_food,receipt_ocr
Ginger Snap Sprouted Cookies,food,instacart_web
Tequi1a8lanco,food,synthetic_ocr_aug
TSHIRTRRINTING,not_food,receipt_ocr
Dolmas,food,instacart_web
Subsoutdoug,food,receipt_ocr
Muenster Chunk Cheese,food,instacart_web
2FRENCHFRIES,food,receipt_ocr
Vegetable Chips,food,instacart_web
"39,000",not_food,receipt_ocr
CereealHoneyBears,food,synthetic_ocr_aug
Unsweetened Cucumber Water,food,instacart_web
ANGHORBEE,food,receipt_ocr
Organic Sweet Peas with Onions in Parmesan Herb Sauce,food,instacart_web
MFF358,not_food,receipt_ocr
Uncured Beef Hot Dogs,food,instacart_web
Organic Chocolate Syrup,food,instacart_web
Gluten-Free Pancake Mix,food,instacart_web
Select Vegetables Sweet Garden Peas,food,instacart_web
Organic Sprouted Wheat Sesame Bagels,food,instacart_web
Cinnamon Applesauce,food,instacart_web
Taco tuesdayPollo,food,receipt_ocr
Shells & Real Aged Cheddar Macaroni & Cheese,food,instacart_web
909906163102,not_food,receipt_ocr
Nacho Cheese & Bean Snacks,food,instacart_web
"Frozen Fruit & Vegetable Pops, Orbit Orange",food,instacart_web
1 No,not_food,receipt_ocr
snack products,food,basket_categories_web
1NewYork,food,receipt_ocr
"clearSquare Bevel 2""",not_food,receipt_ocr
PLASTIKESLILIN JERAPAH4X17/4PCS,not_food,receipt_ocr
THINNERBOTTLE,not_food,receipt_ocr
italianstylemeatballs&mozza,food,synthetic_ocr_aug
SAUOE,food,receipt_ocr
$3.00,not_food,receipt_ocr
Hashbrowns,food,receipt_ocr
Kettle Cooked Sea Salt & Vinegar Flavored Potato Chips,food,instacart_web
Pomegranate Terere,food,instacart_web
4HOTTEHTANA,food,receipt_ocr
16.13,not_food,receipt_ocr
Chicken Apple Sausage Egg White Breakfast Burrito,food,instacart_web
GWATER,food,receipt_ocr
FAJITA BE,food,receipt_ocr
Natural Choice Original Uncured Bacon,food,instacart_web
OYTX,not_food,receipt_ocr
LSeat,not_food,receipt_ocr
Berry Veggie Juice Smoothie,food,instacart_web
Mombe,not_food,receipt_ocr
22.95,not_food,receipt_ocr
3X3,not_food,receipt_ocr
-4.99T,not_food,receipt_ocr
Clementines,food,instacart_web
MARINA LOT E COLL1**9.9909.990,not_food,receipt_ocr
Organic Reduced Fat Unsweetened Shredded Coconut,food,instacart_web
PeachyPista#chioGreekYogurt,food,synthetic_ocr_aug
Organic V 100% Juice,food,instacart_web
anhuahuaeheese,food,receipt_ocr
SOVOOY,not_food,receipt_ocr
Strawberry Lowfat Yogurt,food,instacart_web
Sliced Halves Whole Wheat Pita Pockets,food,instacart_web
neralWater,food,receipt_ocr
white wine,food,basket_categories_web
OrignalDarkRm,food,synthetic_ocr_aug
BoomchickapopSweet&SaltyKettleCorn,food,synthetic_ocr_aug
Organic Mountain Forest Honey Light Amber,food,instacart_web
Organic Cello Lettuce,food,instacart_web
VNDTTOOOO,not_food,receipt_ocr
Black Berry Hibiscus Beverage,food,instacart_web
Roasted Eggplant Spread,food,instacart_web
itam,not_food,receipt_ocr
PKLI Green Curry Sca1lops,food,receipt_ocr
Rosemary & Sea Salt Fries,food,instacart_web
SmalWedgeSalad(Dinner),food,receipt_ocr
Light Sodium Mexican Casserole Bowl,food,instacart_web
Super Fruit Punch Organic Juice Drink,food,instacart_web
Ancient Grain Blueberry Hemp Granola,food,instacart_web
Old Fashion French Toast,food,receipt_ocr
4O BONELESSWINGS SPECNN F10.00,food,receipt_ocr
Hot Dog Buns,food,instacart_web
ADD Leaf Lettlca,food,receipt_ocr
Cherries&AlmOndSiNdarK,food,synthetic_ocr_aug
Tagliatella al Ragu,food,receipt_ocr
11.50,not_food,receipt_ocr
OpenFood,not_food,receipt_ocr
Tzotziki,food,synthetic_ocr_aug
"French Roast, Dark Roast K-Cups",food,instacart_web
Hacedona,food,receipt_ocr
Med so.oo,not_food,receipt_ocr
TaquttosCarneAeada(o15.0o/ea),food,receipt_ocr
Lettuce,food,receipt_ocr
Half and Half,food,instacart_web
1x000001101575,not_food,receipt_ocr
Sprouted Hot Dog Buns,food,instacart_web
2.50/120Z,not_food,receipt_ocr
Oil Free Original Hummus,food,instacart_web
12.80,not_food,receipt_ocr
FlavorBlastedXtraCheddarGoldfisshCrackers,food,synthetic_ocr_aug
Organic Turmeric,food,instacart_web
00068,not_food,receipt_ocr
Organic Greek Nonfat Yogurt With Mixed Berries,food,instacart_web
150,not_food,receipt_ocr
0.30:,not_food,receipt_ocr
Classic Original Hommus,food,instacart_web
Phish Food<U+00AE> Ice Cream,food,instacart_web
Flatwhite,food,receipt_ocr
"Oat Flour, Whole Grain",food,instacart_web
Organic Low Sodium Chunky Tomato Bisque Soup,food,instacart_web
Gourmet Red Wine Vinegar,food,instacart_web
Organic Cottage Cheese Classic,food,instacart_web
3PSockeyeSalmon,food,receipt_ocr
Lemongrass,food,receipt_ocr
Origina.lInstantGrits,food,synthetic_ocr_aug
Russet Potatoes,food,instacart_web
LOOSEWHITEBUTTONMUS,food,synthetic_ocr_aug
Gluten Free Mini Pretzels,food,instacart_web
30001918,not_food,receipt_ocr
ChickenickMasala,food,receipt_ocr
100% Lactose Free Ultra-Pasteurized Milk With Vitamin D,food,instacart_web
Biriyani,food,receipt_ocr
4099,not_food,receipt_ocr
Original Coconut Milk Creamer,food,instacart_web
TOPVALUFLOOR C,not_food,receipt_ocr
Aloe Vera Pomegranate + Cranberry Juice,food,instacart_web
Reese Puffs,food,instacart_web
116,not_food,receipt_ocr
101785,not_food,receipt_ocr
$6.99,not_food,receipt_ocr
ORGANIC Cocoa Mint Protein Single,food,instacart_web
Pancake&Wafflemix,food,synthetic_ocr_aug
TSALHON ALAPLANCHA,food,receipt_ocr
Pitted Kalamata Olives,food,instacart_web
Unsweetened Vanilla Cashew Milk,food,instacart_web
SHOEFILLERS-CEDARWO0D AO61OCHY,not_food,receipt_ocr
$30.00,not_food,receipt_ocr
Spinach & Feta Pizza,food,instacart_web
51199,not_food,receipt_ocr
Gluten Free Cinnamon Raisin Bagels,food,instacart_web
HONEYSMOK,food,synthetic_ocr_aug
Beef Steak with Cranberry & Sriracha,food,instacart_web
60.00,not_food,receipt_ocr
GST,not_food,receipt_ocr
Fal157057,not_food,receipt_ocr
Vanilla Almond Fit Granola,food,instacart_web
TIMUNDEPUNAPANESECUCUMBER KG,not_food,receipt_ocr
Cashews Halves & Pieces,food,instacart_web
Anaheim Pepper,food,instacart_web
Wrapx,food,receipt_ocr
Organic Acorn Squash,food,instacart_web
75.00,not_food,receipt_ocr
$14.55,not_food,receipt_ocr
Organic Pasture Raised Brown Eggs,food,instacart_web
ORIgiNaLCAshew,food,synthetic_ocr_aug
$FveLU,not_food,receipt_ocr
COFFEESM,food,receipt_ocr
EVICHEDECAMARONES,food,receipt_ocr
Butternut Squash Ravioli,food,instacart_web
Sprouted Seven-Grain Bread,food,instacart_web
Branzino,food,receipt_ocr
Milano Orange Chocolate Cookies,food,instacart_web
WEITH,not_food,receipt_ocr
French Onion Sour Cream Dip,food,instacart_web
eode,not_food,receipt_ocr
TERIYAKICKN,food,receipt_ocr
5X244,not_food,receipt_ocr
1xChasspatzli,food,receipt_ocr
SRULD,not_food,receipt_ocr
PESCADOALAJILLO,food,receipt_ocr
Tri Color Pasta Fettuccini,food,instacart_web
水1O-6,not_food,receipt_ocr
Cinnamon Roll Dough With Icing,food,instacart_web
AlmondNuut&RiceCrackerSnacks,food,synthetic_ocr_aug
2:40,not_food,receipt_ocr
CinnamonSugarPit,food,synthetic_ocr_aug
1 GheeDosa,food,receipt_ocr
Special Request Lively Lemon Tarragon Dressing,food,instacart_web
LeBrMinSoftRipenedCheese,food,synthetic_ocr_aug
Oreo  Ice Cream Sandwiches,food,instacart_web
Potato Gnocchi,food,instacart_web
VitagenAssorted 5xl2Smi,food,receipt_ocr
SlowChurnLightClassicVanillaIceCream,food,synthetic_ocr_aug
Selects Natural Slow Roasted Chicken Breast,food,instacart_web
"Onion Bagels, 6 Pre-Sliced,",food,instacart_web
Brown Sugar Cinnamon Roll Wafflers,food,instacart_web
25.60,not_food,receipt_ocr
NoCebolaRola,food,receipt_ocr
Central Coast 2011 Chardonnay,food,instacart_web
Vanilla Ice Cream,food,instacart_web
Black Rice Burger with Adzuki Beans & Leafy Greens,food,instacart_web
D19,not_food,receipt_ocr
HOMECARESASOAL,not_food,receipt_ocr
Argv1A,food,synthetic_ocr_aug
Organic Turkey Burgers,food,instacart_web
freshtlantc5olmonfllet,food,synthetic_ocr_aug
Tuna Fillets in Spring Water,food,instacart_web
SuperfoodOrganicGlutenFreeMulberrCacaoSeedbar,food,synthetic_ocr_aug
9-.02,not_food,receipt_ocr
Classic Whipped Cream,food,instacart_web
TakoBall,food,receipt_ocr
ChantilllyCreme,food,synthetic_ocr_aug
siwhiskey.2,food,receipt_ocr
Grape Jelly,food,synthetic_food_list
Chocolate Dipped Coconut,food,instacart_web
BBOBEEF,food,receipt_ocr
Shredded Pizza Blend Cheese,food,instacart_web
Total 2% Lowfat Plain Greek Yogurt,food,instacart_web
Ground Cumin,food,instacart_web
Chewy Granola Bars Variety Pack,food,instacart_web
Itomn,not_food,receipt_ocr
1.Coffee Hot,food,receipt_ocr
SunDriedTomato1esinOil,food,synthetic_ocr_aug
Pesto Sauce,food,instacart_web
ItemNa,not_food,receipt_ocr
Raspberries Dark Chocolate Bar,food,instacart_web
Hamachl Teriyaki,food,receipt_ocr
FTautas Chicken,food,receipt_ocr
CAFE EXPRESS,food,receipt_ocr
Rooibos Madagascar Vanilla Red Herbal Tea,food,instacart_web
ansectet,not_food,receipt_ocr
Organic Chocolate Flavored Syrup,food,instacart_web
Donut Peach,food,instacart_web
StrawberryMilk,food,synthetic_ocr_aug
Ricotta And Spinach Tondi,food,instacart_web
1BigMac,food,receipt_ocr
20003310014800.2149,not_food,receipt_ocr
Water Chestnut,food,instacart_web
$1.91,not_food,receipt_ocr
Cin1namonGum,food,synthetic_ocr_aug
"Coffee, Coffee BuzzBuzzBuzz!<U+00AE> Ice Cream",food,instacart_web
PASIR HALUS (D),not_food,receipt_ocr
Sprouted Pumpkin Seeds with Celtic Sea Salt,food,instacart_web
(B),not_food,receipt_ocr
OIL,food,receipt_ocr
Hot Dog Buns Enriched 8 Count,food,instacart_web
Yellowpotato,food,synthetic_ocr_aug
Country Cheddar Bowl,food,instacart_web
Woodstock Dressing,food,instacart_web
Wrapx1,food,receipt_ocr
Halloumi Cheese,food,instacart_web
Petite Brussels Sprouts,food,instacart_web
Lemon and Strawberry Real Italian Ice,food,instacart_web
Burrata alla Panna,food,instacart_web
Irish Aged Cheddar Cheese,food,instacart_web
No Boil Lasagna,food,instacart_web
Mexican Style Four Cheese Shredded Cheese,food,instacart_web
Crunchy Taco Shells,food,instacart_web
Pearled Barley,food,instacart_web
Ocha,food,receipt_ocr
Total 2% Greek Strained Yogurt with Cherry 5.3 oz,food,instacart_web
Globe Eggplant,food,instacart_web
1180,not_food,receipt_ocr
ANEERBEMISAE,food,receipt_ocr
Apple Cinnamon Pecan Oatmeal Cup,food,instacart_web
Temporincididunt,not_food,receipt_ocr
Organic String Cheese,food,instacart_web
Veggiedogs,food,synthetic_ocr_aug
Peanut Butter Creamy With Salt,food,instacart_web
4.55,not_food,receipt_ocr
F BIRTHDAY,not_food,receipt_ocr
Nemoenimipsam,not_food,receipt_ocr
Mini Sweet Peppers,food,instacart_web
"Broccoli, Carrots, Cauliflower, & Cheese Sauce",food,instacart_web
Organic Coconut Milk Non-Dairy Frozen Dessert Butter Pecan,food,instacart_web
$4.39,not_food,receipt_ocr
*COUSCOUSCRF,food,receipt_ocr
Mte,not_food,receipt_ocr
CheesyJaalapenoPoppedCornChips,food,synthetic_ocr_aug
10.80,not_food,receipt_ocr
Organic Evaporated Milk,food,instacart_web
"Dulse, Wild Atlantic Sea Vegetable",food,instacart_web
Total 2% Yogurt Key Lime,food,instacart_web
46,not_food,receipt_ocr
Dinein,not_food,receipt_ocr
naturallybrewedsoysauce,food,synthetic_ocr_aug
Kiwi Sandia Sparkling Water,food,instacart_web
2% Low Fat Cottage Cheese,food,instacart_web
hAssavoCadO,food,synthetic_ocr_aug
26500,not_food,receipt_ocr
HotDoe,food,receipt_ocr
Cake Batter Frozen Dessert,food,instacart_web
Organic Low Sodium Vegetable Broth,food,instacart_web
BOOSR+,not_food,receipt_ocr
30-74,not_food,receipt_ocr
"All-Purpose Sauce, Kale Tahini",food,instacart_web
Organic Banana Bites,food,instacart_web
SUSU INDOFO0DTIGA SAPI 490 GR,food,receipt_ocr
Diced Onions,food,instacart_web
6.56,not_food,receipt_ocr
9.00 Eur B,not_food,receipt_ocr
Organic Mango Chunks,food,instacart_web
Tomato Goat Cheese & Herbs Pizza,food,instacart_web
Alpro Vanilla Soyghurt,food,produce_classes_web
Organic Bay Leaves,food,instacart_web
Tomato Basil Soup,food,instacart_web
100% Lactose Free Fat Free Milk,food,instacart_web
Italian Dry Salame,food,instacart_web
Lite Cheese Presliced Bonus Pack,food,instacart_web
Prosciutto di San Daniele,food,instacart_web
145,not_food,receipt_ocr
Premium Sprouted Artisan Seven-Grain Wraps,food,instacart_web
FamilyFillUp,food,receipt_ocr
Addsteak,food,receipt_ocr
Clover Premium Honey,food,instacart_web
425.00,not_food,receipt_ocr
California Limeade,food,instacart_web
MilkChocolatePeanutButterC*ups,food,synthetic_ocr_aug
NOPickle,food,receipt_ocr
Organic Cottage Cheese,food,instacart_web
GEKIKARA CP120G26.50013.00,food,receipt_ocr
LIchi cream sanduich,food,receipt_ocr
Gummi Bears,food,instacart_web
13.50SR,not_food,receipt_ocr
Organicyogurt,food,synthetic_ocr_aug
Organic Crushed Tomatoes,food,instacart_web
1.38,not_food,receipt_ocr
YellowPTate,not_food,receipt_ocr
lAddBacon,food,receipt_ocr
Gluten-Free Soy Sauce,food,instacart_web
SpreadableBuutterwithOliveOil&SeaSalt,food,synthetic_ocr_aug
OOriginalThins,food,synthetic_ocr_aug
Fit Berry Blast Liquid Water Enhancer,food,instacart_web
AllNaturralApricotSparklingWater,food,synthetic_ocr_aug
1House Cab,food,receipt_ocr
"Bar, Toffee & Almonds in Milk Chocolate",food,instacart_web
17.50,not_food,receipt_ocr
Top Chef Crustless Chicken Pot Pie,food,instacart_web
Organic Hass Avocado,food,instacart_web
Low Fat Cottage Cheese,food,instacart_web
Almond Milk Hazelnut Creamer,food,instacart_web
Classic Mild Cheddar Macaroni & Cheese,food,instacart_web
3PCACONBO,food,receipt_ocr
Parmesan Cheese Angel Hair Pasta Mix,food,instacart_web
$8.35,not_food,receipt_ocr
Organic Strained Tomatoes,food,instacart_web
Klassic 3 Seed Crispbreads,food,instacart_web
Artichoke Hearts,food,instacart_web
$8.00,not_food,receipt_ocr
CaliforniaTropicAndMiso,food,receipt_ocr
Itempeseription,not_food,receipt_ocr
Cheerios Toasted Whole Grain Cereal,food,instacart_web
Raspberry Essence Water,food,instacart_web
White Chocolate Macadamia Nut Energy Bar,food,instacart_web
Uncrustables Peanut Butter & Strawberry Spread Sandwich,food,instacart_web
Creamy & Raw Almond Butter,food,instacart_web
Chicken Breast Cutlets,food,instacart_web
Spaghetti with Meat Sauce Pasta Meal,food,instacart_web
Garlic Lovers Hommus,food,instacart_web
Alfredo Pasta Sauce,food,instacart_web
Synergy Raspberry Chia Kombucha,food,instacart_web
"RegularPrice,Grilled Onion ($o.75)",food,receipt_ocr
(W33)1O5MM/4:CUTTINGDISC,not_food,receipt_ocr
O.53SR,not_food,receipt_ocr
iseava,not_food,receipt_ocr
Unsweetened Chocolate Baking Bar,food,instacart_web
WHEATGLUTENFREEWAFFLES,food,synthetic_ocr_aug
SMALL FISH SAND,food,receipt_ocr
Original Crescent Rolls,food,instacart_web
mt(a),not_food,receipt_ocr
costeak,food,receipt_ocr
Organic Cane Sugar,food,instacart_web
"9,500x",not_food,receipt_ocr
2.300,not_food,receipt_ocr
4900,not_food,receipt_ocr
Gluten Free Plain Tortilla,food,instacart_web
Gofan,not_food,receipt_ocr
Peanut Chocolate Candy,food,instacart_web
Organic Orzo,food,instacart_web
100S,not_food,receipt_ocr
Banihana Rol,food,receipt_ocr
Paprika Smoked,food,synthetic_food_list
Lrocams,not_food,receipt_ocr
Keurig Daybreak Morning Blend Coffee K Cups,food,instacart_web
9063785,not_food,receipt_ocr
Nutrient Enhanced Water,food,instacart_web
Organic SprouTofu Silken Tofu,food,instacart_web
Ice Bag,food,instacart_web
42.4,not_food,receipt_ocr
OrganicFireRoast,food,synthetic_ocr_aug
Nutella & Go Hazelnut Spread + Breadsticks,food,instacart_web
7.03,not_food,receipt_ocr
Avocat farci crabe/crevett,food,receipt_ocr
Sliced Ripe Black Olives,food,instacart_web
Sorbet Dutch Chocolate,food,instacart_web
Unsweetened Almond Coconut Milk Blend,food,instacart_web
3Pax,not_food,receipt_ocr
sirnplygranolo,food,synthetic_ocr_aug
ik.Shake,food,receipt_ocr
2.75,not_food,receipt_ocr
AadOneMeatbaii,food,receipt_ocr
Malabar Parotta with Chettinad Paneer,food,receipt_ocr
Chocolate Dipped Almond Biscotti,food,instacart_web
HHMIGUELSMARGARIT03.3813.52,food,receipt_ocr
Deli Shaved Honey Ham,food,instacart_web
Fresh Ginger Root,food,instacart_web
ne Chili,food,receipt_ocr
HOUSE,not_food,receipt_ocr
4 SOBE MOJITO'S,food,receipt_ocr
"Cheese, Pasteurized Process, Aged Cheddar, Horseradish",food,instacart_web
MediumRoastGround,food,synthetic_ocr_aug
MESC,not_food,receipt_ocr
TMONADA,food,receipt_ocr
KJESSENCE HIJAU.,food,receipt_ocr
Total 0% with Honey Nonfat Greek Strained Yogurt,food,instacart_web
$17.46,not_food,receipt_ocr
Unsweetened Vanilla Almond Milk,food,instacart_web
Add tarnitas,food,receipt_ocr
Organic Pear Juice,food,instacart_web
1.005,not_food,receipt_ocr
14.95,not_food,receipt_ocr
Snow Combo,food,receipt_ocr
N- SMALL,not_food,receipt_ocr
Original No Pulp Pure 100% Florida Orange Juice,food,instacart_web
Sonoma Brut Sparkling Wine,food,instacart_web
nATURAlfReshGoAtC,food,synthetic_ocr_aug
$ ADD GARLTIC FRIES,food,receipt_ocr
peocb,food,synthetic_ocr_aug
WagyuChoeseburo,food,receipt_ocr
Thin Sliced Provolone Cheese,food,instacart_web
Cajun Turkey Breast,food,instacart_web
Jamon Serrano Dry Cured Ham,food,instacart_web
Rock It Red Frozen Veggie and Fruit Pops,food,instacart_web
BUSINESSSOTUV,not_food,receipt_ocr
otgRoast,food,receipt_ocr
Fire Roasted Medium Salsa,food,instacart_web
Dffice,not_food,receipt_ocr
Yukon Gold Potatoes 5lb Bag,food,instacart_web
SOET DRINK,food,receipt_ocr
COmPLAMB BURGER,food,receipt_ocr
Shredded Cheddar Cheese,food,instacart_web
57.00,not_food,receipt_ocr
VN024980,not_food,receipt_ocr
HADHOESS,not_food,receipt_ocr
Toll House Milk Chocolate Morsels,food,instacart_web
Chocolate Chip Cookie Dough Frozen Greek Yogurt Bars,food,instacart_web
Organic Cashew Carrot Ginger Soup,food,instacart_web
Red Pepper,food,instacart_web
Bagel Bites Three Cheese Mini Bagel Pizzas,food,instacart_web
1×3.00,not_food,receipt_ocr
Organic Distilled White Vinegar,food,instacart_web
Organic Balsamic Vinegar of Modena,food,instacart_web
"ORgANiCoLiveoil,bAsil,&garLiCpast",food,synthetic_ocr_aug
Red Wine Vinegar,food,instacart_web
Thick Spaghetti Pasta,food,instacart_web
DISCOUNT.ERCH,not_food,receipt_ocr
Make It Blue,food,receipt_ocr
2MENU ENFANT,food,receipt_ocr
Lean Protein & Fiber Bar Chunky Chocolate Peanut,food,instacart_web
Broccoli & Carrots with Brown & Wild Rice,food,instacart_web
Squeeze Tomato Ketchup,food,instacart_web
Sparkling Apple-Grape Organic 100% Juice,food,instacart_web
TCEDTEA,food,receipt_ocr
Fren Onion Soup,food,receipt_ocr
1OO%JuiceAppleJuice,food,synthetic_ocr_aug
100% Juice Grape,food,instacart_web
Sweet Tea W/Real Sugar Iced Tea,food,instacart_web
CIMORY UHT CHOML 250,food,receipt_ocr
white bread,food,basket_categories_web
DoriDryRamen,food,receipt_ocr
Sweet Italian Chicken Sausage,food,instacart_web
"DeliFreshHoneySmokcdTurkeyBrcast,98%FatFree,GlutenFree",food,synthetic_ocr_aug
$1595,not_food,receipt_ocr
FRIESLRG,food,receipt_ocr
Riginlbarbcuc5Ace,food,synthetic_ocr_aug
BananaBreadFrruit&NutBar,food,synthetic_ocr_aug
Crimint,food,receipt_ocr
Crushed Tomatoes  No Salt Added,food,instacart_web
819,not_food,receipt_ocr
In the Pod Edamame Soybeans,food,instacart_web
Cream Cheese Spread,food,instacart_web
Vegetablesso.00,food,receipt_ocr
Authentic Israeli Fresh Classic Hummus,food,instacart_web
$8,not_food,receipt_ocr
Good Seed Organic Thin Sliced Bread,food,instacart_web
Carrot Bunch,food,instacart_web
Lemon Tea,food,receipt_ocr
(Spicymild）,food,receipt_ocr
Organic Raw Blue Agave,food,instacart_web
71,not_food,receipt_ocr
Jransacuono43,not_food,receipt_ocr
UnsweetenedIcedCoffee,food,synthetic_ocr_aug
Greek Yogurt Vanilla,food,instacart_web
084134,not_food,receipt_ocr
Waffle Fries French Fried Potatoes,food,instacart_web
662,not_food,receipt_ocr
DINO(I),not_food,receipt_ocr
Mea1-strips 4ct,food,receipt_ocr
Classic Sours Deli Style Pickle Spears,food,instacart_web
TaquitosBaJa Calfornla Shrimp,food,receipt_ocr
Classic Vanilla Ice Cream Sandwiches,food,instacart_web
FRCHP/ORK,food,receipt_ocr
Pepp1eredDeliSlices,food,synthetic_ocr_aug
Pears,food,instacart_web
91600,not_food,receipt_ocr
"Cheese, Aged Artisanal Treenut, Classic",food,instacart_web
Unsweetened Coconut Milk Beverage,food,instacart_web
Take & Bake French Dinner Rolls,food,instacart_web
LambBuron,food,receipt_ocr
Office Table,not_food,receipt_ocr
"2,300",not_food,receipt_ocr
201026,not_food,receipt_ocr
"Fruit Spread, Deluxe, Strawberry",food,instacart_web
Coconut Dark Chocolate Bar,food,instacart_web
Pistachio Ice Cream,food,instacart_web
PRETZELCRISPSORIGINALDELISTYLEPRETZELCRACKERS,food,synthetic_ocr_aug
Antioxidant Infusions Molokai Coconut,food,instacart_web
7 Grain Lite Crispbread,food,instacart_web
misc.beverages,food,synthetic_ocr_aug
Medium Salsa Roja,food,instacart_web
DidFaa,not_food,receipt_ocr
plain.paoas,food,receipt_ocr
MightyMangoJuiceSmoothie,food,synthetic_ocr_aug
YAMS,food,receipt_ocr
GroundCuumin,food,synthetic_ocr_aug
KickinSauce,food,receipt_ocr
610.00,not_food,receipt_ocr
RRING,not_food,receipt_ocr
Spinach Pizza,food,instacart_web
Tofu Extra Firm,food,synthetic_food_list
Deli Fresh Smoked Turkey Breast,food,instacart_web
Stsamad Fi,food,receipt_ocr
ChickenSt*ock,food,synthetic_ocr_aug
LO,not_food,receipt_ocr
Garden Salad Mix,food,instacart_web
Pint Bisqu,food,receipt_ocr
Yoplait Light ‘n Fit Nonfat Vanilla Yogurt,food,branded_items_web
(CODE15),not_food,receipt_ocr
Lg Latte,food,receipt_ocr
Maple & Pecan Granola Gluten Free,food,instacart_web
Fish Diana,food,receipt_ocr
Mombel,not_food,receipt_ocr
ShiratakiZeroCalori,food,synthetic_ocr_aug
S'mores Luna Bar,food,instacart_web
WHOlEMILKrICOTtACH,food,synthetic_ocr_aug
020,not_food,receipt_ocr
Total 2% Lowfat Greek Strained Yogurt with Peach,food,instacart_web
TacoDcarnitas,food,receipt_ocr
4% Milkfat Small Curd Grade A Pasteurized Cottage Cheese,food,instacart_web
5075),not_food,receipt_ocr
2X500,not_food,receipt_ocr
935.95,not_food,receipt_ocr
Strawberry C Monster Smoothie Blend,food,instacart_web
Wild Alaskan Pink Salmon,food,instacart_web
Shredded Monterey Jack Cheese,food,instacart_web
KAPURAIR(A1),not_food,receipt_ocr
Organic Beef Uncured Hot Dogs,food,instacart_web
Cracker Trio Selected Favorites,food,instacart_web
STL,not_food,receipt_ocr
ComSnack,food,receipt_ocr
Meal-SpcySand,food,receipt_ocr
OrgonicWholcPeeledBabyCarrots,food,synthetic_ocr_aug
Oregon Porcini Mushrooms,food,instacart_web
Pizza Roasted Vegetable No Cheese,food,instacart_web
Organic Fancy Shredded Mozzarella Cheese,food,instacart_web
1 x T-Shirt,not_food,receipt_ocr
Top Sliced Hot Dog Buns,food,instacart_web
HITECABLETIE 5*250,not_food,receipt_ocr
Solid White Albacore Premium Tuna in Water,food,instacart_web
Buttermilk Pancakes,food,instacart_web
Non Dairy Chunky Monkey,food,instacart_web
Bean & Cheese Burrito,food,instacart_web
"Organic Red Radish, Bunch",food,instacart_web
Organic White Chocolate Peanut Butter Cups,food,instacart_web
Med so.o0,not_food,receipt_ocr
Organic Kale Greens,food,instacart_web
"Ice Cream, Super Premium, Coffee",food,instacart_web
Takatsu8.95,food,receipt_ocr
Sauerkraut,food,instacart_web
Hearty Minestrone with Vegetables Soup,food,instacart_web
cade&Desc,not_food,receipt_ocr
0610b1,not_food,receipt_ocr
CrispyheddarCrackers,food,synthetic_ocr_aug
ORGANICGARDENBLENDSPROUTS,food,synthetic_ocr_aug
Seedless Cucumbers,food,instacart_web
Organic Dark Sweet Cherries,food,instacart_web
SCIENTIFIC,not_food,receipt_ocr
Picklas,food,receipt_ocr
1Beefw.Broccoll,food,receipt_ocr
ChickenKatsu.,food,receipt_ocr
lcedYRCake,food,receipt_ocr
Bakery,food,receipt_ocr
100% Baby Kale,food,instacart_web
34.44,not_food,receipt_ocr
$14:50,not_food,receipt_ocr
LESSSODIUMSOYS,food,synthetic_ocr_aug
Seedless Red Grapes,food,instacart_web
REDBULL,food,receipt_ocr
21.50,not_food,receipt_ocr
Fresh Fussilli,food,instacart_web
13.95,not_food,receipt_ocr
BuckwheatSobaNoodles,food,synthetic_ocr_aug
Qi'a Gluten Free Oatmeal Creamy Coconut,food,instacart_web
1O4OOTTON GLOVE(DOZEN),not_food,receipt_ocr
21414,not_food,receipt_ocr
Pomegranate Blackberry Probiotics Juice Drink,food,instacart_web
Vegan Peanut Butter Chocolate Chip Cookies,food,instacart_web
Bite Size Dry Salami Nuggets,food,instacart_web
2:35,not_food,receipt_ocr
Kids Fnes,food,receipt_ocr
Family Size Cookie Pack,food,instacart_web
GluteFreeCornbeadix,food,synthetic_ocr_aug
r1chcBgr,food,receipt_ocr
BET YOU WANNA (CARDI B),food,receipt_ocr
San Marzano Peeled Tomatoes,food,instacart_web
1SweetSour Chicken,food,receipt_ocr
MacnCheese,food,receipt_ocr
19.20SR,not_food,receipt_ocr
Broccoli Florets,food,instacart_web
JAMBUBATU,food,receipt_ocr
15 Bean Soup,food,instacart_web
Whole Chicken,food,instacart_web
Chocolate Mint Miracle Tart,food,instacart_web
$4,not_food,receipt_ocr
FAJITA BF,food,receipt_ocr
UnsweetenedS*oyMilk,food,synthetic_ocr_aug
Organic Mini Sandwich Crackers Peanut Butter,food,instacart_web
Gluten Free Garden Vegetable Lasagna,food,instacart_web
NakeclGreenMachineBoostedJviceSmoothie,food,synthetic_ocr_aug
Applewood Smoked Turkey Breast,food,instacart_web
Caldo,food,receipt_ocr
OnonFlvorChmperzCrunchySawedChips,food,synthetic_ocr_aug
Energy Drink,food,instacart_web
Indian Paneer Tikka,food,instacart_web
Blue Corn Taco Dinner Kit,food,instacart_web
Favorites Alfredo Pasta with Chicken & Broccoli,food,instacart_web
French Vanilla Ice Cream,food,instacart_web
Caramel Mocha Latte,food,receipt_ocr
96057,not_food,receipt_ocr
Piri Piri Chicken,food,receipt_ocr
Organic Cheese Frozen Pizza,food,instacart_web
red/blush wine,food,basket_categories_web
Rusticwhea,food,synthetic_ocr_aug
Light in Sodium Black Bean Vegetable Enchilada Entree,food,instacart_web
Original Rice Krispies Treats,food,instacart_web
11.500,not_food,receipt_ocr
Sweet & Hot Beef Jerky,food,instacart_web
THELAST GREAT AMERICAN,food,receipt_ocr
330,not_food,receipt_ocr
HITE CABLETIE:5*250,food,receipt_ocr
TeaSmoked Pork Ribs,food,receipt_ocr
Gluten Free Organic Oat Based Cereal,food,instacart_web
Elit eddo elusmod,not_food,receipt_ocr
Beet Chips,food,instacart_web
Raspberry Beret Trail Mix,food,instacart_web
Pyramid Black Tea Bags,food,instacart_web
NonfatPlainGree,food,synthetic_ocr_aug
Sprouted Organic Cinnamon Raisin English Muffins,food,instacart_web
BUCATLNT,food,receipt_ocr
WRIBS,food,receipt_ocr
Spaghett1 Con Po1lo,food,receipt_ocr
Ricotta Salata Cheese,food,instacart_web
Organi,food,synthetic_ocr_aug
"Cheese Sticks, Variety Pack, Colby Jack & Cheddar",food,instacart_web
Organic Sunflower Kernels,food,instacart_web
Sliced American Cheese,food,instacart_web
Rnportclswisschese,food,synthetic_ocr_aug
Organic  Whole Milk,food,instacart_web
Gyros Pita.,food,receipt_ocr
99% Dark Chocolate Critters,food,instacart_web
Almond Milk Ricotta,food,instacart_web
Greek 100 Whips Strawberry Cheesecake Yogurt,food,instacart_web
Spinach And Ricotta Ravioli,food,instacart_web
InsalataNegombo,food,receipt_ocr
GarlicNaan,food,receipt_ocr
HendrickGin&Tonic,food,receipt_ocr
10ssobuco,food,receipt_ocr
Cl0ams,food,synthetic_ocr_aug
Chicken & Broccoli Linguine Pasta,food,instacart_web
Dulce de Leche Caramel Ice Cream,food,instacart_web
Kielbasa,food,instacart_web
Pork Loin Tenderloin,food,instacart_web
Singles 2% Milk American Cheese Slices,food,instacart_web
Organic Nonfat Greek Yogurt With Raspberries,food,instacart_web
OriinalPzzCrustsFrozen,food,synthetic_ocr_aug
DES,not_food,receipt_ocr
Petite Green Peas,food,instacart_web
$299.00,not_food,receipt_ocr
WhippedButter,food,synthetic_ocr_aug
Organic Cultured Cream Cheese Spread,food,instacart_web
TRENETTE ALPESTO,food,receipt_ocr
Fat Free Strawberry Yogurt,food,instacart_web
frozen meals,food,basket_categories_web
High Omega Vegan Ranch Salad Dressing,food,instacart_web
Organic Maple & Onion Baked Beans,food,instacart_web
Organic Fire Roasted Diced Tomatoes,food,instacart_web
Haif,not_food,receipt_ocr
Jumbo Grade A White Eggs,food,instacart_web
Dried Philippine Mango,food,instacart_web
$1795,not_food,receipt_ocr
HOUSE MARGARITA JUMBO,food,receipt_ocr
TacosTradiciona1 Steak3,food,receipt_ocr
Veranda Blend Blonde Ground Coffee,food,instacart_web
De Mexico,food,instacart_web
Sauvignon Blanc Wine,food,instacart_web
heat&eatorganicbowlbrow,food,synthetic_ocr_aug
"Organic Olive Oil, Basil, & Garlic Pasta Sauce",food,instacart_web
Icar-BeetJuice,food,receipt_ocr
Uncooked Corn Tortillas,food,instacart_web
Nutella & Go!,food,instacart_web
Original Rice Pilaf Mix,food,instacart_web
BeefRibs,food,receipt_ocr
SFIVGLU,not_food,receipt_ocr
AmontCRM,not_food,receipt_ocr
Orange Peel In Dark Chocolate Bar,food,instacart_web
$4.91,not_food,receipt_ocr
sesam,food,synthetic_ocr_aug
15,not_food,receipt_ocr
Organic Ground Turkey,food,instacart_web
"Farmhouse,Pancake&WaffleMix",food,synthetic_ocr_aug
NME,not_food,receipt_ocr
SALMERINO PIASTRA,food,receipt_ocr
"Cheese, Marinated, Sheep & Goat Blend",food,instacart_web
ONTRA,not_food,receipt_ocr
22.000,not_food,receipt_ocr
Sriracha Hot Sauce,food,instacart_web
Organic Black Beans,food,instacart_web
OganicStrainedToatoes,food,synthetic_ocr_aug
All Natural White Vinegar,food,instacart_web
3.90SR,not_food,receipt_ocr
Genuine Chocolate Flavor Syrup,food,instacart_web
Broccoli Cuts,food,instacart_web
Spicy Cheese Roll,food,receipt_ocr
Smartwater,food,instacart_web
PLASTIC,not_food,receipt_ocr
Organic Low Fat Plain Yogurt,food,instacart_web
Pennepa,food,synthetic_ocr_aug
0liver,food,receipt_ocr
Carb Balance Small Fajita Whole Wheat Tortillas,food,instacart_web
S2.00,not_food,receipt_ocr
Black Peppercorn,food,instacart_web
Bubblegum Flavor Natural Chewing Gum,food,instacart_web
Organic Wraps Wheat,food,instacart_web
Mixed Melons,food,instacart_web
3.0,not_food,receipt_ocr
ICFRIES,food,receipt_ocr
Excellence 70% Cocoa Smooth Dark Chocolate Bar,food,instacart_web
**TAKEOUT**,not_food,receipt_ocr
Chocolate Silk Pie,food,instacart_web
Hunan Beef(L),food,receipt_ocr
Organic Eggs,food,instacart_web
RABLECLIPS@350OO,not_food,receipt_ocr
UNITAmt Exc.Amt,not_food,receipt_ocr
279812RBABZBARONENTRYKNOB,not_food,receipt_ocr
Cheese Pizza,food,instacart_web
Lg Coke,food,receipt_ocr
Wonderful 100% Pomegranate Juice,food,instacart_web
AppleLemonCayenneGin#ger,food,synthetic_ocr_aug
CafCisinSesameChicken,food,synthetic_ocr_aug
cBOr,not_food,receipt_ocr
Dairy Free Unsweetened Coconut Milk,food,instacart_web
SCONE,food,receipt_ocr
Clmentnes,food,synthetic_ocr_aug
Pepperoni Bagel Bites,food,instacart_web
WalnutHalves&Piecs,food,synthetic_ocr_aug
Sandia Marcar1ta(a13.00/ea),food,receipt_ocr
2Red Sangrla Glass,food,receipt_ocr
Wares,not_food,receipt_ocr
Cinnamon Toast Crunch Crispy Sweetened Whole Wheat & Rice Cereal,food,instacart_web
LunchableExtraCheesyPizzza,food,synthetic_ocr_aug
Guest 1,not_food,receipt_ocr
-6.00,not_food,receipt_ocr
44957612-INSAND/GRAYALANEDAE,not_food,receipt_ocr
OriginalPotatoSalad,food,synthetic_ocr_aug
Italian Round Loaf,food,instacart_web
Gluten Free Blueberry Waffles,food,instacart_web
Organic 100% Grapefruit  Juice,food,instacart_web
Fukunagaoomlac,food,receipt_ocr
Coconut Oatmeal Bliss Cookies,food,instacart_web
"HeirloomBrownEggs,CageFree",food,synthetic_ocr_aug
Bacon Style Veggie Protein Strips,food,instacart_web
888888888,not_food,receipt_ocr
BETYOU WANNA (FEATCARDIB),not_food,receipt_ocr
$000,not_food,receipt_ocr
Mozzarella Finely Shredded Shredded Cheese,food,instacart_web
Cheese Danish,food,instacart_web
"Bread, Country Buttermilk",food,instacart_web
BEEFTARTARE,food,receipt_ocr
Yokids Organic Strawberry Banana Lowfat Yogurt Squeeze,food,instacart_web
OrgancTomtoKetchp,food,synthetic_ocr_aug
Butter & Garlic Ready Rice,food,instacart_web
Meyer Lemons,food,instacart_web
Milk Chocolate,food,instacart_web
220.00,not_food,receipt_ocr
Tamari Sesame Baked Brown Rice Snaps,food,instacart_web
Arugula Marinara Sauce,food,instacart_web
DursfieH399T10x95mm),not_food,receipt_ocr
Gluten Free Pretzel Sticks,food,instacart_web
O6E,not_food,receipt_ocr
Peach Nectar,food,instacart_web
Splash Strawberry Lemonade,food,instacart_web
Oikos Vanilla Nonfat Greek Yogurt,food,instacart_web
2ASAM-ASAMTGASAPT,food,receipt_ocr
Lemon Tea (L),food,receipt_ocr
230,not_food,receipt_ocr
6950,not_food,receipt_ocr
Ruby Red Grapefruit Juice,food,instacart_web
Organic Reduced Sodium Tamari,food,instacart_web
Chocolate Crepes,food,instacart_web
Loremipsumdolorsit,not_food,receipt_ocr
SupremelySpicyHum#mus,food,synthetic_ocr_aug
Premium Ice Cubes,food,instacart_web
Stuffed Chicken,food,receipt_ocr
Original Club Crackers,food,instacart_web
"English Muffin Sandwiches, Canadian Bacon, Whole Cracked Egg & Cheese",food,instacart_web
TBozFAuPo,food,receipt_ocr
EraisecBeefflee/Noodle,food,receipt_ocr
posto,food,synthetic_ocr_aug
Whips! Chocolate Yogurt Mousse,food,instacart_web
GELATOFUDGEBROWNIE<U+00A0>,food,synthetic_ocr_aug
Ground Turkey Breast,food,instacart_web
Whole Grain Dry Rye Crisp Bread,food,instacart_web
EYRTN,not_food,receipt_ocr
Original Semisoft Cheese,food,instacart_web
Bottle(B),food,receipt_ocr
Cherry Pomegranate Drink Mix,food,instacart_web
66EL$,not_food,receipt_ocr
49.90,not_food,receipt_ocr
VND14OOO8,not_food,receipt_ocr
OriginalWholeFatLactoscFrceMilk,food,synthetic_ocr_aug
Crunchy Sunflower Seed Bites Sea Salt,food,instacart_web
"Sardines, in Tomato Sauce",food,instacart_web
Organic Low Fat Chocolate Milk,food,instacart_web
Regional Kansas City Style Barbecue Sauce,food,instacart_web
Fisb,food,synthetic_ocr_aug
BLKROCK,not_food,receipt_ocr
34500,not_food,receipt_ocr
Pastina Pasta,food,instacart_web
Wild Albacore Tuna in Extra Virgin Olive Oil,food,instacart_web
Fudge Graham Nutrition Bar,food,instacart_web
White Peach,food,instacart_web
Sparking Water,food,instacart_web
Natural Pulp Free Coconut Water,food,instacart_web
Protein Bar Coconut Cashew,food,instacart_web
SpicySa,food,receipt_ocr
$9.39,not_food,receipt_ocr
Chicken Flavor Ramen Noodle Soup,food,instacart_web
Hazelnut Toffee Dark Chocolate Bar,food,instacart_web
OnionFlavorChomperzCrunchySeaweedC*hips,food,synthetic_ocr_aug
"Chicken Fried Rice, Side Dish, Family Style",food,instacart_web
2 DoUBLE DIPutkybowT barley.,food,receipt_ocr
FreshCutHones,food,receipt_ocr
Southern Comfort,food,receipt_ocr
acoDcharizo,food,receipt_ocr
3022,not_food,receipt_ocr
￥59.60,not_food,receipt_ocr
cerBurer,food,receipt_ocr
29.88 50X0FF BIRTHDAY,not_food,receipt_ocr
133WINGMEAL,food,receipt_ocr
Organic Roma Tomato,food,instacart_web
04.91,not_food,receipt_ocr
"Salad, Cobb",food,instacart_web
HertoaJan,not_food,receipt_ocr
OESIGN,not_food,receipt_ocr
Gluten Free Paleo Fettuccine,food,instacart_web
Original Roasted & Salted Sunflower Seeds,food,instacart_web
Raisin Bran,food,instacart_web
Gluten Free Old Fashioned Rolled Oats,food,instacart_web
PinnkLady,food,synthetic_ocr_aug
Refried Beans Fat Free,food,instacart_web
$27.00,not_food,receipt_ocr
Sweet Onion,food,instacart_web
Roasted Seaweed Snacks,food,instacart_web
93,not_food,receipt_ocr
T CUP CHOMOERP OO,food,receipt_ocr
BIGSLICECHEDDARSHARPCHEES,food,synthetic_ocr_aug
TiapiaWh,food,receipt_ocr
Sweet Corn On The Cob,food,instacart_web
WomenBlouse,not_food,receipt_ocr
Organic SprouTofu Teriyaki Tofu Cutlets,food,instacart_web
OrganiCeXtRAfiR,food,synthetic_ocr_aug
TotalGreekStrainedYogurt,food,synthetic_ocr_aug
Medium Chunky Salsa,food,instacart_web
$3.50,not_food,receipt_ocr
X3.30,not_food,receipt_ocr
Mayonnaise#,food,synthetic_ocr_aug
Minis Coconut Milk Non Dairy Frozen Dessert Fudge Bars,food,instacart_web
Reduced-fat Soft Cream Cheese,food,instacart_web
Honey Almond Butter Single,food,instacart_web
Red Licorice,food,instacart_web
Organic Plain French Style Yogurt,food,instacart_web
Breakfast Quesadilla,food,receipt_ocr
1MFrench.Frles,food,receipt_ocr
Lemon Lime Soda,food,instacart_web
150-00,not_food,receipt_ocr
Lowfat Plain Yogurt,food,instacart_web
$2.50,not_food,receipt_ocr
"Muffins, Mini, Flax, Chocolate Brownie",food,instacart_web
Sea Salt Potato Chips,food,instacart_web
RX,not_food,receipt_ocr
ELemNo,not_food,receipt_ocr
Descriptton,not_food,receipt_ocr
House Blend Instant Coffee,food,instacart_web
3GreyGoose,food,receipt_ocr
0.20.,not_food,receipt_ocr
Perrier Lime,food,instacart_web
Smoked Turkey Breast,food,instacart_web
Lightly Sweet Popcorn,food,instacart_web
Land O' Lakes Mini Moo's Half & Half,food,instacart_web
49 Flavors Jelly Belly Jelly Beans,food,instacart_web
Sea Scallops,food,synthetic_food_list
nturalslit6odclssdrssing,food,synthetic_ocr_aug
Activia Vanilla Low Fat Yogurt,food,instacart_web
Leek,food,instacart_web
Marketplace Bean and Cheese Enchilada Verde,food,instacart_web
180,not_food,receipt_ocr
$66,not_food,receipt_ocr
KIT01,not_food,receipt_ocr
Extra Beer Bottles,food,instacart_web
The Original Multi Grain Bread,food,instacart_web
KE,not_food,receipt_ocr
1MOoYAHAmericanCheese,food,receipt_ocr
Santa Fe-Style Rice & Beans,food,instacart_web
010,not_food,receipt_ocr
Kashmiri,food,receipt_ocr
15.99,not_food,receipt_ocr
RoastedRedPepperHommus,food,synthetic_ocr_aug
095,not_food,receipt_ocr
Peroni,food,receipt_ocr
Rich & Creamy Hershey's Dutch Cocoa Chocolate Frosting,food,instacart_web
CountryStyleBakedBeans,food,synthetic_ocr_aug
"Fancy Lump White, Crab Meat",food,instacart_web
SoftDrinks,food,receipt_ocr
Sriracha Chili Sauce,food,instacart_web
300,not_food,receipt_ocr
RM,not_food,receipt_ocr
Pork Jerky Grilled Sweet Teriyaki,food,instacart_web
Chopped Onions,food,instacart_web
oBoba,food,receipt_ocr
PYRAMIDBLA,food,synthetic_ocr_aug
10X1KG,not_food,receipt_ocr
26.00,not_food,receipt_ocr
Low Fat Coffee Ice Cream Bars,food,instacart_web
Organicdarkchocolatealmond,food,synthetic_ocr_aug
Lactose Free Low Fat Peach Yogurt,food,instacart_web
Chunky Hot Salsa,food,instacart_web
$9.95,not_food,receipt_ocr
Zero Rise Orange,food,instacart_web
C1AsscROuNCLcRAcKrs,food,synthetic_ocr_aug
ECLEARACRYIC,not_food,receipt_ocr
100% Tangerine Juice,food,instacart_web
Mexicana,food,receipt_ocr
instant coffee,food,basket_categories_web
Organic Sliced Crimini Mushrooms,food,instacart_web
Salami,food,receipt_ocr
1O4 COTTON GLOVE (DOZEN),not_food,receipt_ocr
Organic Mountain Berry Spinach,food,instacart_web
Whole Wheat Tandoori Naan,food,instacart_web
PossionFrvit,food,synthetic_ocr_aug
BOOK,not_food,receipt_ocr
mericnCheseSingls,food,synthetic_ocr_aug
AZ,not_food,receipt_ocr
Cran-Cherry Juice Drink,food,instacart_web
1796,not_food,receipt_ocr
2859,not_food,receipt_ocr
Chunky Salsa,food,synthetic_food_list
Totat,not_food,receipt_ocr
INDOMIE GRGRTCA 85C,food,receipt_ocr
Sandwich Potato Bread,food,instacart_web
All Natural Rice Vinegar,food,instacart_web
Soft orink,food,receipt_ocr
ZOOO SR,not_food,receipt_ocr
2100,not_food,receipt_ocr
Vanilla Coke Zero,food,instacart_web
Thin Stackers Organic Red Rice & Quinoa Puffed Grain Cakes,food,instacart_web
Dairy Free Gluten Free Cheeze Lover's Pizza,food,instacart_web
Vegan Oatmeal Raisin Cookies,food,instacart_web
0/400,not_food,receipt_ocr
Coffee Ground Medium Roast,food,synthetic_food_list
Fukunagazoomlac,food,receipt_ocr
1Sweet/SourChicken,food,receipt_ocr
al Karma Cab Sauy,food,receipt_ocr
aTGiass,not_food,receipt_ocr
5.90,not_food,receipt_ocr
SoftTaoSizeWhiteFlourTortillas,food,synthetic_ocr_aug
Teriyaki Don Buri,food,receipt_ocr
66'9$,not_food,receipt_ocr
Organic YoBaby Vanilla Yogurt,food,instacart_web
"SPECIALKSAUSAGE,EGG&CHEESE",food,synthetic_ocr_aug
Shredded Mexican Blend Cheese,food,instacart_web
Organic Rainier Cherries,food,instacart_web
Whole Bean French Roast Dark Roast Blend Extra Bold Coffee,food,instacart_web
Bone In Beef Rib Steak,food,instacart_web
Old Fashioned Oatmeal,food,instacart_web
EA436W,not_food,receipt_ocr
OntheRocks,not_food,receipt_ocr
SrirachaTortillaChips,food,synthetic_ocr_aug
French Rolls,food,instacart_web
Sparkling Probiotic Drink Mango Coconut,food,instacart_web
4.90,not_food,receipt_ocr
Buffalo Wing Deli Style Pretzel Crackers,food,instacart_web
Kalamata Olive Hummus,food,instacart_web
8-28,not_food,receipt_ocr
GGapeSpotsDrink,food,synthetic_ocr_aug
"Polenta, Organic, Traditional Italian",food,instacart_web
Dairy Free Coconut Milk Chocolate Yogurt Alternative,food,instacart_web
glutenfreecornbreadmix,food,synthetic_ocr_aug
Unsweetened Vanilla Pure Almond Milk,food,instacart_web
SpringMix,food,synthetic_ocr_aug
LrgMash/Gvy,food,receipt_ocr
Gluten Free Cinnamon French Toast Sticks,food,instacart_web
LasooniDalTadkan,food,receipt_ocr
Organic Lowfat 1% Milk,food,instacart_web
CoffeeCHD,food,receipt_ocr
Honeycrisp Apple,food,instacart_web
1325,not_food,receipt_ocr
6X1.00,not_food,receipt_ocr
Original Mashed Potatoes,food,instacart_web
CrumbledBllueCheese,food,synthetic_ocr_aug
CHYSTALCATERING EOLL,not_food,receipt_ocr
Grated Parmesan,food,instacart_web
Loremipsum:,not_food,receipt_ocr
OMANESH,not_food,receipt_ocr
NachissMMoriawase,food,receipt_ocr
Chopped Pecans,food,instacart_web
Sweet and Tangy Barbecue Wings,food,instacart_web
Peppercorn Medley Grinder,food,instacart_web
Kellogg's Corn Flakes Cereal,food,instacart_web
DUCK,food,receipt_ocr
F1502,not_food,receipt_ocr
31.00,not_food,receipt_ocr
Organic Honeydew,food,instacart_web
ToricWoter,food,synthetic_ocr_aug
Organic Lowafat 1% Milk,food,instacart_web
OrganicRainierCherries,food,synthetic_ocr_aug
Kids Strawberry Yogurt Tubes,food,instacart_web
Chivas(s),food,receipt_ocr
Pure Butter Shortbread Rounds,food,instacart_web
.35.00,not_food,receipt_ocr
Traditional Multipack,food,instacart_web
Mild6recnChileEnchiladaSauce,food,synthetic_ocr_aug
OEMENT(5OKG),not_food,receipt_ocr
Descriplion,not_food,receipt_ocr
BIRCH,not_food,receipt_ocr
Sesame Street Bert & Ernie's Berry 100% Juice,food,instacart_web
Dairy Pure Fresh Half & Half,food,instacart_web
Guest,not_food,receipt_ocr
1.45.,not_food,receipt_ocr
NESTLTOLLHUSCPREMERWBTECHCOLTEMRSELS,food,synthetic_ocr_aug
SCAa,not_food,receipt_ocr
Ruamtty,not_food,receipt_ocr
1PEPSI20,food,receipt_ocr
1.Paneer Butter Masala,food,receipt_ocr
Cheddar Snack Crackers Cheddar Bunnies,food,instacart_web
Chocolate Vanilla Swirls Pudding Snacks,food,instacart_web
ChickenBreastNuggets,food,synthetic_ocr_aug
Organic Fat Free Dha Omega 3 Milk,food,instacart_web
4971850134824,not_food,receipt_ocr
ovsters,food,receipt_ocr
Coffee Chocolate Chip Gelato,food,instacart_web
DairyFreeCreamCheeseStleSpreadChive&Onion,food,synthetic_ocr_aug
RM3O8BO,not_food,receipt_ocr
Dubliner Wedge Pre Cut Cheese,food,instacart_web
$0:01,not_food,receipt_ocr
Draft Root Beer,food,instacart_web
Wefzener,food,receipt_ocr
21550,not_food,receipt_ocr
Breakfast Burrito,food,instacart_web
pastry,food,basket_categories_web
seription,not_food,receipt_ocr
Affi's Aubergine Fire Roasted Eggplant & Garlic All Natural Dip,food,instacart_web
eoldNoodleN,food,receipt_ocr
PRO2XMARKHI,not_food,receipt_ocr
Organic Brussel Sprouts,food,instacart_web
Margarita,food,receipt_ocr
domestic eggs,food,basket_categories_web
LOVETO HATEME,not_food,receipt_ocr
"24""X18*",not_food,receipt_ocr
PokeBox,food,receipt_ocr
Hot & Spicey Baked Snack Crackers,food,instacart_web
Banshee,food,receipt_ocr
Organic Fruit and Veggie Smoothie Beetbox Berry Mashups Smoothie Pouch,food,instacart_web
5lidM1KcHOclTEegGSbAG,food,synthetic_ocr_aug
ALGOLDLUXURIOUSKITCHENTOWEL,not_food,receipt_ocr
NaturalButtrmilkPancake&WffleMix,food,synthetic_ocr_aug
Organic Unsweetened Green Tea,food,instacart_web
3-50,not_food,receipt_ocr
Nestle Toll House Premier White Chocolate Morsels,food,instacart_web
Glass,not_food,receipt_ocr
CutTulipps(ChooseColor),food,synthetic_ocr_aug
Freshly Shredded Parmesan Cheese,food,instacart_web
S. Pellegrino Sparkling Natural Mineral Water,food,instacart_web
Baked Potaton,food,receipt_ocr
35,not_food,receipt_ocr
Pork Chop,food,receipt_ocr
UERNK,food,receipt_ocr
62.01,not_food,receipt_ocr
All Natural Four Cheese Ravioli,food,instacart_web
（辣，mild）,food,receipt_ocr
CreamTopSmoothCof,food,synthetic_ocr_aug
ROYALGOLDLUXURIOUSKITCHEN TOWEL,not_food,receipt_ocr
VND396000,not_food,receipt_ocr
Homestyle Healthy Request Savory Chicken with Brown Rice,food,instacart_web
$5.50,not_food,receipt_ocr
Hampshire 100% Natural Sour Cream,food,instacart_web
assoTeR,not_food,receipt_ocr
S9.50,not_food,receipt_ocr
2Kerupukputfh/,food,receipt_ocr
184.00,not_food,receipt_ocr
Organic Russet Potato,food,instacart_web
Green Tea with Lemon,food,instacart_web
PackagedraeTomatoes,food,synthetic_ocr_aug
Prlee,not_food,receipt_ocr
Manchego Cheese,food,instacart_web
Shredded Colby Jack Cheese,food,instacart_web
Organic Blue Corn Tortilla Chips,food,instacart_web
SimplyDeliciousGlvten-FreeBlissfullyBerryCcreal,food,synthetic_ocr_aug
BUNCISDAGING,food,receipt_ocr
TPulledChicken Clubhous,food,receipt_ocr
Shelled Soybeans Edamame,food,instacart_web
Vanilla Almond Crisp Protein Bar,food,instacart_web
1#55WING COMBO,food,receipt_ocr
(MODEL:SC1201MT),not_food,receipt_ocr
pTain.papas,food,receipt_ocr
8.00:8:00,not_food,receipt_ocr
Quick'n Easy Combos Vegetable Stir Fry,food,instacart_web
Strawberry Frozen Greek Yogurt Bars,food,instacart_web
Berry Blue Gelatin,food,instacart_web
Natural Pepper Jack Cheese,food,instacart_web
Iced Coffee,food,instacart_web
NaTuRaLtOMAtopAsTe,food,synthetic_ocr_aug
Organico Bello Tomato Basil Pasta Sauce,food,instacart_web
Ranch,food,receipt_ocr
Good Life Organic Cherry Tomatoes,food,instacart_web
aves,not_food,receipt_ocr
Light Mayonnaise Squeeze Bottle,food,instacart_web
WhippedLightCre,food,synthetic_ocr_aug
Organic Chia Sprouted Oat Vanilla Granola,food,instacart_web
Multigrain Oat Manna Bread,food,instacart_web
-sashimi,food,receipt_ocr
Activia Greek Nonfat Yogurt Blueberry,food,instacart_web
Crunch Berries Cereal,food,instacart_web
ZeroGo-GoMixedBeryVitamnWater,food,synthetic_ocr_aug
TacoDcarneAsada,food,receipt_ocr
Yellow Squash,food,synthetic_food_list
1.70:2,not_food,receipt_ocr
PINEAPPLELOCALIS,food,receipt_ocr
Organic Tortilla Chips,food,instacart_web
Natural String Cheese,food,instacart_web
2.55,not_food,receipt_ocr
2% Milkfat Greek Yogurt with Mango On The Bottom,food,instacart_web
"Tortilla Chips, Clasico, Bacon Habanero",food,instacart_web
Double Shot Espresso And Cream,food,instacart_web
Sweet Potato Yam,food,instacart_web
Red Plum,food,instacart_web
orgrc5hitkmushroms,food,synthetic_ocr_aug
Part Skim Ricotta,food,instacart_web
Garden Vegetable Salad Roll,food,instacart_web
8100,not_food,receipt_ocr
Mediterranean Thin Crust Pizza,food,instacart_web
Pure & Natural Light Sour Cream,food,instacart_web
40:000,not_food,receipt_ocr
Colby-JockCbeeseSticks,food,synthetic_ocr_aug
0.39,not_food,receipt_ocr
OrgancRainerCherrs,food,synthetic_ocr_aug
"Almondmilk, Pure, Chocolate Protein",food,instacart_web
Fresh 99% Lean Ground Turkey,food,instacart_web
SUPERCRWC36G-ISHAZELNUT,food,receipt_ocr
Gluten Free Parbaked Ciabatta Rolls,food,instacart_web
Arla Medium Fat Milk,food,produce_classes_web
Salamini Napoli,food,instacart_web
PAINT,not_food,receipt_ocr
Frozen Whole Strawberries,food,instacart_web
Sunflower Seed Butter,food,instacart_web
FROUND,not_food,receipt_ocr
VITAPRTYSNKWINE,food,receipt_ocr
Chocolate Chocolate Chip Ice Cream,food,instacart_web
Non-Fat Greek Yogurt With Strawberries on the Bottom,food,instacart_web
Santa Cruz OG Sdls Red Raspberry Fruit Spread,food,instacart_web
$795,not_food,receipt_ocr
Gluten Free Sliced Mountain White Bread,food,instacart_web
"Gelato Squares, Key Lime Graham",food,instacart_web
1Grande Chken,food,receipt_ocr
84.00,not_food,receipt_ocr
Raw Tahini Seasame Seed Butter,food,instacart_web
Chunk Light Tuna,food,instacart_web
2805@7.25,not_food,receipt_ocr
Organic Thousand Island Dressing,food,instacart_web
ption,not_food,receipt_ocr
Item CodeDesc,not_food,receipt_ocr
-80,not_food,receipt_ocr
ApplePieFruit&NutFoodBar,food,synthetic_ocr_aug
100% Cranberry Juice,food,instacart_web
1290-109,not_food,receipt_ocr
Non-Dairy Low Fat Strawberry Almond  Yogurt,food,instacart_web
Mini Babybel Light Semisoft Edam Cheeses,food,instacart_web
Wheat Sandwich Thins,food,instacart_web
1 Becks Non Alcoholic,food,receipt_ocr
Organic Southwestern Burrito,food,instacart_web
Tamari Gluten Free Soy Sauce Reduced Sodium,food,instacart_web
×#3.30,not_food,receipt_ocr
OldFFashionEggNog,food,synthetic_ocr_aug
FrChipRegork,food,receipt_ocr
Total 0% Cherry Nonfat Yogurt,food,instacart_web
SPLLIMEJUICE,food,receipt_ocr
French Fries,food,receipt_ocr
Samosa,food,receipt_ocr
AL,not_food,receipt_ocr
Organic Strawberry Fruit Spread,food,instacart_web
Bok Choy,food,instacart_web
Roasted Pumpkin White Cheddar Tamales,food,instacart_web
Naturally Brewed Soy Sauce,food,instacart_web
Peppermint In Dark Chocolate Bar 55% Cocoa,food,instacart_web
Tequila Silver,food,instacart_web
"0% Greek, Blueberry on the Bottom Yogurt",food,instacart_web
Airwick,not_food,receipt_ocr
Iced Lemongrass Green Tea,food,instacart_web
Mushroom Barley Soup,food,instacart_web
rganicEraLargeBrownEggs,food,synthetic_ocr_aug
AMoLntCRM,not_food,receipt_ocr
Organic Coconut Bliss Salted Caramel in Chocolate,food,instacart_web
Magic Shell Chocolate,food,instacart_web
LIZZYHCALPINE,not_food,receipt_ocr
00691,not_food,receipt_ocr
Lager Beer,food,instacart_web
VERDE,not_food,receipt_ocr
Grated Pecorino Romano Cheese,food,instacart_web
NoDescription,not_food,receipt_ocr
709.50SR,not_food,receipt_ocr
To Go Creamy Peanut Butter Cups,food,instacart_web
rgncTomatSauce,food,synthetic_ocr_aug
Mini Peeled Carrots,food,instacart_web
Chocolate Chip Cookie,food,instacart_web
SoftTacoSizeWhiteFlourT,food,synthetic_ocr_aug
5008,not_food,receipt_ocr
Vanilla Goats Milk Yogurt,food,instacart_web
Salonviar,food,synthetic_ocr_aug
1.Chicken Wings,food,receipt_ocr
Freshly Squeezed Orange Juice,food,instacart_web
9.50,not_food,receipt_ocr
Original Pure Creamy Almond Milk,food,instacart_web
Calorie Free Sweetener,food,instacart_web
Chocolate Belgian Waffles,food,instacart_web
5OLOVE from KINJO,not_food,receipt_ocr
Whole Wheat Fresh Stack Crackers,food,instacart_web
1.0.57/ea,not_food,receipt_ocr
Fish&chips,food,receipt_ocr
COATEN,not_food,receipt_ocr
040SR,not_food,receipt_ocr
Squeeze Real Mayonnaise,food,instacart_web
.70,not_food,receipt_ocr
CatalinaFatFreeDre,food,synthetic_ocr_aug
MargheritaWithChrryTomtoesPizza,food,synthetic_ocr_aug
Superfood Organic Gluten Free Mulberry Cacao Seedbar,food,instacart_web
Black Pearls Medium Pitted Ripe Olives,food,instacart_web
Baby Dill,food,instacart_web
8495,not_food,receipt_ocr
BakedCheddarBunniesCrackers,food,synthetic_ocr_aug
Premium Mango Fruit Snack Pack,food,instacart_web
rganicTurkyBcon,food,synthetic_ocr_aug
35616,not_food,receipt_ocr
Juice Squeeze,food,instacart_web
oRGaniCQuICKROL,food,synthetic_ocr_aug
210.00,not_food,receipt_ocr
Lactose Free Fat Free Milk,food,instacart_web
EABLESHORBA,food,receipt_ocr
Organic Roasted Sliced Chicken Breast,food,instacart_web
SpreaDabLEButTErwiTHOLivEoiL&sEasALt,food,synthetic_ocr_aug
8898888899,not_food,receipt_ocr
PREPaRedcheEsePrODucTsliCeS,food,synthetic_ocr_aug
F-FA POIHT,not_food,receipt_ocr
Ground Chuck,food,instacart_web
rganicwhlcpeldplumtrntos,food,synthetic_ocr_aug
Chocolate Chip Granola,food,instacart_web
Pumpkin Seeds,food,instacart_web
12.40,not_food,receipt_ocr
Pure Cane Rough Cut Sugar Cubes,food,instacart_web
Variety Snack Pack,food,instacart_web
FRIEDSHRIMP,food,receipt_ocr
Penne Rigate,food,instacart_web
SUPERCRWC 36G*15HAZELNUT,food,receipt_ocr
(Spioymild）,food,receipt_ocr
FruitPunchJuic/eDrink,food,synthetic_ocr_aug
Well Done,not_food,receipt_ocr
34.34,not_food,receipt_ocr
59.60,not_food,receipt_ocr
Happy Birthday Candle Pick Set,food,instacart_web
"Ice Cream, Dad's Cardamom",food,instacart_web
Cage-Free Grade AA Large Eggs,food,instacart_web
AdoMTS,not_food,receipt_ocr
2rice,food,receipt_ocr
Extra Strong Dark Chocolate,food,instacart_web
Cornbread,food,instacart_web
Minced Ginger,food,instacart_web
1Water,food,receipt_ocr
Bur tto,food,receipt_ocr
KATOILETIROLL3PLYIOR,not_food,receipt_ocr
icken Fried Ric,food,receipt_ocr
Yellow Mustard,food,synthetic_food_list
Organic Medium Cheddar Cheese,food,instacart_web
GR S only,not_food,receipt_ocr
1>FriedOnionstrings,food,receipt_ocr
Discountq1o.oo%,not_food,receipt_ocr
13.000X,not_food,receipt_ocr
Vegetable Biryani,food,receipt_ocr
Organic Cayenne Pepper,food,instacart_web
ice,food,receipt_ocr
Wheat Thins Original,food,instacart_web
pton,not_food,receipt_ocr
*14,not_food,receipt_ocr
Low-Fat Mango on the Bottom Greek Yogurt,food,instacart_web
Organic Chicken Bone Broth,food,instacart_web
orgAnICaLlVEGeTAble,food,synthetic_ocr_aug
1PEPST20-0Z,food,receipt_ocr
Krunch Ice Cream Bars,food,instacart_web
1#33WINGMEAL,food,receipt_ocr
Choc Pot DeCren,food,receipt_ocr
B1aMacMi-Lrg,food,receipt_ocr
Garlic Stuffed Queen Olives,food,instacart_web
Mangoes,food,instacart_web
SideHomeFrles,food,receipt_ocr
Organicstrawberrysmoo,food,synthetic_ocr_aug
VANILLAPROTEINPROTEINSHAKE,food,synthetic_ocr_aug
Organic Fresh Pressed Pure Cranberry Juice,food,instacart_web
Organic Apple Cider Vinegar All Natural Drink Apple Cinnamon,food,instacart_web
Turkey Bacon,food,instacart_web
Shrimp Briyani,food,receipt_ocr
S19:99,not_food,receipt_ocr
Smoked Mozzarella,food,instacart_web
TOOPLUSRE,food,receipt_ocr
Pickled Jalapeno Slices,food,instacart_web
9-9,not_food,receipt_ocr
Salty Date Raincoast Crisps,food,instacart_web
Toaster Pops Strawberry,food,instacart_web
Organic Medium Chili With Vegetables,food,instacart_web
The Original Worcestershire Sauce,food,instacart_web
00:9,not_food,receipt_ocr
choCOlATcBip&0ATmlcoOkiES,food,synthetic_ocr_aug
Organic Earl Grey Black Tea Bags 15 Count,food,instacart_web
1..6 0ysters,food,receipt_ocr
Organic Red Grape Tomato Package,food,instacart_web
Dark Chocolate With Sea Salt & Almonds,food,instacart_web
Cold Noodle WithChicken,food,receipt_ocr
Organic SprouTofu Medium Soft Tofu,food,instacart_web
Crab Cakes,food,instacart_web
Gluten Free Homestyle Hot Oatmeal,food,instacart_web
Organic Apples,food,instacart_web
yEtouffee,food,receipt_ocr
1 Chefs Special,food,receipt_ocr
PKLT GreenC,food,receipt_ocr
396.00,not_food,receipt_ocr
SweetSliced,food,synthetic_ocr_aug
Raspberry Lime Sparkling Seltzer Water,food,instacart_web
Yellow Corn Organic Tortillas,food,instacart_web
Icelandic Style Skyr Blueberry Non-fat Yogurt,food,instacart_web
Americano(L),food,receipt_ocr
Blue Machine 100% Juice Smoothie,food,instacart_web
Skim Milk,food,instacart_web
Organic Chewy Kid-Sized Oatmeal Raisin Granola Bars,food,instacart_web
Raw Cashew Nut Butter,food,instacart_web
Organicreducedfatmilk,food,synthetic_ocr_aug
ICED TEA,food,receipt_ocr
Unsweet Peach Water,food,instacart_web
Red Food Color,food,instacart_web
Caesar Salad,food,instacart_web
Organic Black Plum,food,instacart_web
WhlGranChddarBakdGldfishCrckers,food,synthetic_ocr_aug
Organic Love Crunch Granola Dark Chocolate & Red Berries,food,instacart_web
mila,not_food,receipt_ocr
Sesame Oil,food,synthetic_food_list
TomatoBasilCoingSauce,food,synthetic_ocr_aug
American Cheese Slices,food,instacart_web
MONSTAH COTT,food,receipt_ocr
Pumpkin&SpiceYogurt,food,synthetic_ocr_aug
Reclucedfatvegenisc,food,synthetic_ocr_aug
AMOXICAF,not_food,receipt_ocr
OrgancPtBread,food,synthetic_ocr_aug
U-pricei Total TAx,not_food,receipt_ocr
root vegetables,food,basket_categories_web
$40-00,not_food,receipt_ocr
INDOMI GORENG SPC8O,food,receipt_ocr
Original Tortilla Strips,food,instacart_web
MinirwnieCoco-Roons,food,synthetic_ocr_aug
Spinach Pizza Snacks,food,instacart_web
EnsaTada,food,receipt_ocr
ORANGEPEELINDARKCHOCOLATEBAR,food,synthetic_ocr_aug
Crispy Chilll,food,receipt_ocr
Organic Chunky Tomato Bisque Soup,food,instacart_web
STRAPS,not_food,receipt_ocr
PREMMED DRINK,food,receipt_ocr
Sweet Apple Slices,food,instacart_web
Large Grade AA Cage Free Brown Eggs,food,instacart_web
OriginalMovieThe,food,synthetic_ocr_aug
Bits Cheese Cracker Sandwiches,food,instacart_web
1-08,not_food,receipt_ocr
Light Chicken & Dumpling Soup,food,instacart_web
Green Tea Blueberry Pomegranate,food,instacart_web
mea,food,synthetic_ocr_aug
Spectacular Ginger Beer,food,instacart_web
NewYorkStyleNova,food,synthetic_ocr_aug
Corn5weetPototoTortillaChips,food,synthetic_ocr_aug
109.00,not_food,receipt_ocr
Sprinkles Decors,food,instacart_web
Stoned Wheat Thins Crackers,food,instacart_web
"POIRE ROTIE, ST MAURE",food,receipt_ocr
2 x,not_food,receipt_ocr
wrboba,food,receipt_ocr
Blueberry B Fruit Smoothie,food,instacart_web
Light and Lean Mattar Paneer,food,instacart_web
Carving Board Rotisserie Seasoned Chicken Breast,food,instacart_web
Creamy Parmesan Risotto,food,instacart_web
HONYOULTKETHAT,not_food,receipt_ocr
Organic Romaine,food,instacart_web
"Bread, Double Fiber",food,instacart_web
TCECREAM(UITH SELENA GOHEZ),food,receipt_ocr
0% Fat Organic Greek Vanilla Yogurt,food,instacart_web
Crunchy Almond Butter,food,instacart_web
44.00ZR,not_food,receipt_ocr
Caesar Parmigiano Creamy Yogurt Dressing,food,instacart_web
Brown Fertile Large Grade AA Eggs,food,instacart_web
"Protein Bar, Vanilla Almond Crunch Flavor",food,instacart_web
Hot Wasabi Coated Green Peas,food,instacart_web
AllNaturalRaperrySorbt,food,synthetic_ocr_aug
Marketplace Spicy Mexican Black Beans and Rice,food,instacart_web
Frosted berry Strawberry Toaster Pastries,food,instacart_web
Authentic French Brioche Hamburger Buns,food,instacart_web
Coconut Yogurt,food,instacart_web
"Pineapple Chunks, Organic, in Their Own Organic Juice",food,instacart_web
Organic Skim Milk with DHA Omega-3,food,instacart_web
Peppermint Sugar Free Gum,food,instacart_web
0098$,not_food,receipt_ocr
Mache Rosettes French Salad Mix,food,instacart_web
Fully Cooked Original Pork Sausage Links,food,instacart_web
Small Cantaloupe,food,instacart_web
Shiitake Mushrooms,food,synthetic_food_list
Ground Buffalo,food,instacart_web
24.30,not_food,receipt_ocr
Crispy Cheddar Crackers,food,instacart_web
Original Wheat Thins,food,instacart_web
LOVE from KINJO,not_food,receipt_ocr
Green Cabbage,food,instacart_web
OrganicFloretsBro0ccoli,food,synthetic_ocr_aug
TabascoChhipotlePepperSauce,food,synthetic_ocr_aug
KNITSCARPCG,not_food,receipt_ocr
Original Thin Rye Crispbread,food,instacart_web
Heart to Heart Honey Toasted Oat Cereal,food,instacart_web
VitagenAssortedSxi2ml,not_food,receipt_ocr
Cherry Tomatoes,food,instacart_web
OFENFIL,not_food,receipt_ocr
5.5*,not_food,receipt_ocr
40:00,not_food,receipt_ocr
000.66,not_food,receipt_ocr
Decrption,not_food,receipt_ocr
47.62,not_food,receipt_ocr
Salted Pretzel Sticks,food,instacart_web
Country Brand Chili with Beans,food,instacart_web
100%OrangeJuiceSomePulpCalciumVi,food,synthetic_ocr_aug
6909906163102,not_food,receipt_ocr
baju,not_food,receipt_ocr
Unwrapped Bites,food,instacart_web
NTENS,not_food,receipt_ocr
empuraMakrEbikko,food,receipt_ocr
Beverage,food,receipt_ocr
Top Ramen Shrimp Flavor Instant Noodle Soup,food,instacart_web
tycUnitprice.,not_food,receipt_ocr
Lite Italian Dressing,food,instacart_web
laBean,food,receipt_ocr
Eggs,food,receipt_ocr
$12-95,not_food,receipt_ocr
Turkey Breast Cutlets,food,synthetic_food_list
995,not_food,receipt_ocr
WhiteGlass Pinot,food,receipt_ocr
Dry Roasted Almonds,food,instacart_web
GlutenFreePeanutButterBerryChewyWithACrunch0GranolaBars,food,synthetic_ocr_aug
12.000,not_food,receipt_ocr
Rustic Sourdough Bread,food,instacart_web
Organic Bluephoria Yerba Mate,food,instacart_web
Chopped Ginger,food,instacart_web
>planfries,food,receipt_ocr
RegularPorkSaugeTube,food,synthetic_ocr_aug
Mexican Finely Shredded Cheese,food,instacart_web
1 LAUREN'S HAZELNUT TORTE,food,receipt_ocr
Strawberry Rhubarb Yogurt,food,instacart_web
B89750 CF01N24D-SS,not_food,receipt_ocr
rganicVitaltySnackChiaSqueezBlckberryBlss,food,synthetic_ocr_aug
OrrganicGreenOnions,food,synthetic_ocr_aug
Rice Seasoning,food,instacart_web
160,not_food,receipt_ocr
Newman O's Creme Filled Chocolate Cookies,food,instacart_web
Ipsum,not_food,receipt_ocr
OrganicCoconutBlissSaltedC,food,synthetic_ocr_aug
Nutella Coconut Pancakes,food,receipt_ocr
Organic Chewy Peanut Butter Banana Bites,food,instacart_web
Sicilian Extra Virgin Olive Oil,food,instacart_web
Grands! Flaky Layers Original Biscuits,food,instacart_web
Arla Natural Yoghurt,food,produce_classes_web
lowfatmintychocolatechiporganicf,food,synthetic_ocr_aug
Crescent Butter Flake Dinner Rolls,food,instacart_web
"Green Supreme Apple, Kale & Lemon Cold Pressured Fruit & Vegetable Juice",food,instacart_web
R&B-CICLIP8MMX1OOPCS,not_food,receipt_ocr
Brazilian Cheese Bread Original Cheddar and Parmesan,food,instacart_web
Shredded Low-Moisture Part-Skim Mozzarella Cheese,food,instacart_web
Spritei,food,receipt_ocr
Coconut Breaded Chicken Breast Tenders,food,instacart_web
Organic Lactose Free 1% Lowfat Milk,food,instacart_web
SPAGHETTI POMBASILICO,food,receipt_ocr
30001315,not_food,receipt_ocr
SncDescription,not_food,receipt_ocr
Organic Homestyle Waffles,food,instacart_web
Organic Gala Apples,food,instacart_web
Shrimp Scampi,food,instacart_web
Nonfat Strawberry With Fruit On The Bottom Greek Yogurt,food,instacart_web
Original Unflavored Gelatine Mix,food,instacart_web
Organic Purple Kale,food,instacart_web
Broccoli Florettes,food,instacart_web
Spicy Dyna Soy Cone,food,receipt_ocr
VanillaMilkChocolateAlmondsAllNaturalIceCreamBars,food,synthetic_ocr_aug
08,not_food,receipt_ocr
Mini Italian Eggplant,food,instacart_web
Natural Apple Sauce Cups,food,instacart_web
FSOUTSTRETCHUNSC,food,receipt_ocr
Corn & Butter Sauce Steamers,food,instacart_web
isc.beverages,food,synthetic_ocr_aug
Sorbet Strawberry Limonata,food,instacart_web
1SpicyDrm1 Red,food,receipt_ocr
3xKottbullar,food,receipt_ocr
Organic Smooth Move Chamomile Laxative Tea Bags,food,instacart_web
HeHa,not_food,receipt_ocr
1Choc Pot De Crem,food,receipt_ocr
LittleMooShake,food,receipt_ocr
ButImustexplain,not_food,receipt_ocr
Organic Capellini,food,instacart_web
4% Milkfat Cottage Cheese Small Curd 22 OZ,food,instacart_web
Cinnamon Swirl Bagels,food,instacart_web
SLICEDSOURD,food,synthetic_ocr_aug
Simply Organic Garlic Salt,food,instacart_web
ExtraSharpWhiteC*heddar,food,synthetic_ocr_aug
BroiGrouperFlet,not_food,receipt_ocr
DESC,not_food,receipt_ocr
Si Chop Antipasto Salad,food,receipt_ocr
Mango Sorbet,food,instacart_web
"DELIFRESHHONEYSMOKEDTURKEYBREAST,98%FATFREE,G",food,synthetic_ocr_aug
sicMlieh,not_food,receipt_ocr
100% Whole Wheat Medium Soft Taco Flour Tortillas,food,instacart_web
Super Natural Organic Whole Milk,food,instacart_web
Organic Cauliflower,food,instacart_web
Oven Baked Cheddar & Sour Cream Potato Crisps,food,instacart_web
Jet-Puffed Marshmallows,food,instacart_web
Mild Italian Chicken Sausage,food,instacart_web
Add Vodca,food,receipt_ocr
RnchDressng,food,synthetic_ocr_aug
Restaurant Style White Bean with Sea Salt Bean Chips,food,instacart_web
Single Malt Scotch Whiskey,food,instacart_web
ChppedBbySpinch,food,synthetic_ocr_aug
MasalaDosa,food,receipt_ocr
Niblets Corn & Butter Sauce Steamers,food,instacart_web
Naturals Savory Turkey Breakfast Sausage,food,instacart_web
COOLDRINK,food,receipt_ocr
Bag Pink Lady Apples,food,instacart_web
Organic Pitted Prunes,food,instacart_web
6GL,not_food,receipt_ocr
Blasts! Reese's Peanut Butter Cups Frozen Dairy Dessert,food,instacart_web
Original Seltzer Water,food,instacart_web
Dark Magic Extra Bold Dark Roast Coffee K Cups,food,instacart_web
OriginalSparklingSeltzerWaterCans,food,synthetic_ocr_aug
SiPrcel,not_food,receipt_ocr
Iced SweetTea,food,receipt_ocr
CHEESESTEAK,food,receipt_ocr
5.000,not_food,receipt_ocr
Organic Silken Tofu,food,instacart_web
FroznDumplings,food,synthetic_ocr_aug
CrunchyOats'nHoney,food,synthetic_ocr_aug
Organics Spinach,food,instacart_web
Cham（(B）,food,receipt_ocr
BeefBurger,food,receipt_ocr
Ice Cof,food,receipt_ocr
nrdenedItams,not_food,receipt_ocr
Caf<U+00E9> Steamers Grilled Chicken Marinara,food,instacart_web
030,not_food,receipt_ocr
Soft & Smooth Whole Grain White Bread,food,instacart_web
Organic Braised Tofu,food,instacart_web
YobabyOrganicPlainYYogurt,food,synthetic_ocr_aug
lourTorttTla,food,receipt_ocr
1 Asparagus,food,receipt_ocr
Lemon Real Italian Ice,food,instacart_web
Almond Flour Fine Ground Sea Salt Crackers,food,instacart_web
PENNE ALA CREME,food,receipt_ocr
Tandoori Roti all food,food,receipt_ocr
2556040440548,not_food,receipt_ocr
Cafe Cuisine Sesame Chicken,food,instacart_web
String Cheese,food,instacart_web
GOLEAN Crisp! Toasted Berry Crumble Cereal,food,instacart_web
Pineapple Orange Banana 100% Juice,food,instacart_web
Castelvetrano Olives,food,instacart_web
DoieiPineappiePcs,food,receipt_ocr
JuehocootatTeshrt,not_food,receipt_ocr
Ground Beef 80/20,food,synthetic_food_list
Long Grain White Rice,food,instacart_web
D:00,not_food,receipt_ocr
HaricotsVert,food,receipt_ocr
LNOO,not_food,receipt_ocr
Blckberres,food,synthetic_ocr_aug
Organic Lite Coconut Milk,food,instacart_web
Whole Peeled Tomatoes,food,instacart_web
APR0N-93-5.90,not_food,receipt_ocr
AppleAppleApplesauceOnTheGoPouches,food,synthetic_ocr_aug
Passionfruit Sparkling Water,food,instacart_web
765,not_food,receipt_ocr
All Natural Sour Cream,food,instacart_web
Organicpitobrcad,food,synthetic_ocr_aug
GheePodiDosa,food,receipt_ocr
6600,not_food,receipt_ocr
SUKSESISI2AKCP129,not_food,receipt_ocr
baby,food,synthetic_ocr_aug
Royal Gala,food,produce_classes_web
Speclal Reque:t,not_food,receipt_ocr
*4X1OOGDESS.PANACHE,food,receipt_ocr
PCS,not_food,receipt_ocr
Shredded Asiago Cheese,food,instacart_web
Lor'sLemonTea,food,synthetic_ocr_aug
"Whipped Light Cream, Original",food,instacart_web
PlusShot Strawberry Probiotic Juice Drink,food,instacart_web
$1.45,not_food,receipt_ocr
Organic Microwaveable Pouches Jasmine Rice Thai,food,instacart_web
Oaxacan Red Chile Mole Simmer Sauce,food,instacart_web
RSCNT,not_food,receipt_ocr
Ultra This Colby Jack,food,instacart_web
KidCrillec,food,receipt_ocr
1Snoapy,not_food,receipt_ocr
Blueberry Protein Bar,food,instacart_web
Organic Red On the Vine Tomato,food,instacart_web
Grassfed Whole Milk Plain Yogurt,food,instacart_web
$1.90,not_food,receipt_ocr
FyingDooNumero LnosBTE,food,receipt_ocr
430,not_food,receipt_ocr
Hot Sauce Chili Garlic,food,instacart_web
$2,not_food,receipt_ocr
Toasted Coconut Almond Chip Ice Cream,food,instacart_web
ptton,not_food,receipt_ocr
Golden Delicious,food,produce_classes_web
Lemon & Pepper Seasoning Salt,food,instacart_web
20yroldBalsomicVincgar,food,synthetic_ocr_aug
Light & Lean Spaghetti Italiano with Meatless Meatballs,food,instacart_web
Aquafina(M.Water),food,receipt_ocr
ACRYLIC,not_food,receipt_ocr
Protein Oats & Honey Cheerios,food,instacart_web
40.00.8,not_food,receipt_ocr
Grated Parmesan Cheese,food,instacart_web
Whole Wheat Pita Bread Loaves,food,instacart_web
$3.75,not_food,receipt_ocr
"Cheese,Sausage&PeeroniMiniBagels",food,synthetic_ocr_aug
ACOUA NAT,food,receipt_ocr
ELBOWMACARONIPASTA,food,synthetic_ocr_aug
3544366,not_food,receipt_ocr
Gri1ledSpinach,food,receipt_ocr
claSsiCvarieTypACkd,food,synthetic_ocr_aug
U/P,not_food,receipt_ocr
10.60,not_food,receipt_ocr
Premium Italian Bread,food,instacart_web
Large White Eggs,food,instacart_web
Natural Tomato Paste,food,instacart_web
18%Gratuity,not_food,receipt_ocr
Sprouted Grain Low Sodium Bread,food,instacart_web
dono,not_food,receipt_ocr
Stufato AlL,food,receipt_ocr
Stout,food,receipt_ocr
Classic Chicken Noodle Soup,food,instacart_web
CondensedCreamofMushroomSoup,food,synthetic_ocr_aug
Fettuccine Alfredo Pasta,food,instacart_web
955789210626,not_food,receipt_ocr
Black Beans Reduced Sodium,food,instacart_web
COSrAmdVmslSA,food,synthetic_ocr_aug
ComiccPcar,food,synthetic_ocr_aug
Gindara Saikyo,food,receipt_ocr
Classic Lemonade,food,instacart_web
Apple & Gouda Cheese Chicken Sausage,food,instacart_web
20.95,not_food,receipt_ocr
Donestio Bottles,food,receipt_ocr
Creamy Four Cheese,food,instacart_web
Pure Cane Dark Brown Sugar,food,instacart_web
1Diet Coke,food,receipt_ocr
Organic Fava Beans,food,instacart_web
Watermelon,food,produce_classes_web
Pork w.Spicy Tofu & Cayen,food,receipt_ocr
1(L)VegSpareRibsBBS,food,receipt_ocr
OrganicChhocolateSuperCookies,food,synthetic_ocr_aug
S2.49,not_food,receipt_ocr
Classic Green Tea,food,instacart_web
1133WINGMEAL,food,receipt_ocr
Original Spread,food,instacart_web
"Heirloom Brown Eggs, Cage Free",food,instacart_web
Butter Masala Mild Indian Simmer Sauce,food,instacart_web
115.000,not_food,receipt_ocr
Cocoa & Vanilla Bunny Cookies Gluten Free Bunny Cookies Gluten Free,food,instacart_web
Organic Broccoli,food,instacart_web
Vegan Hickory & Sage Benevolent Bacon,food,instacart_web
Organic Black Chia Seed,food,instacart_web
Organic Original Hot Oatmeal,food,instacart_web
1000.00,not_food,receipt_ocr
1 COLL GRN,food,receipt_ocr
cOkezE,food,synthetic_ocr_aug
EtemNo-,not_food,receipt_ocr
32:26,not_food,receipt_ocr
Potatoes Sweet,food,instacart_web
33,not_food,receipt_ocr
Onion Powder,food,instacart_web
"Milk, Reduced Fat, 2% Milkfat",food,instacart_web
CARPACCIO RED SNAPPE,food,receipt_ocr
Smooth Almond Butter,food,instacart_web
Direct Trade El Diablo Dark Roast Whole Bean Coffee,food,instacart_web
Old Country Style Muesli Cereal,food,instacart_web
SuperfodOrgancGltenFreMulberryCcSeedbar,food,synthetic_ocr_aug
LoremIpsum,not_food,receipt_ocr
ABLECLIPS@35OOO,not_food,receipt_ocr
ItemName,not_food,receipt_ocr
wHItEchOCoLATeRASPbEr,food,synthetic_ocr_aug
tode,not_food,receipt_ocr
FW10018801,not_food,receipt_ocr
Set10,not_food,receipt_ocr
Stonyfield YoToddler Whole Milk Strawberry Beet Berry Yogurt Pouch,food,instacart_web
Chopped Spinach,food,instacart_web
Eggplant,food,instacart_web
Happy Pho Zesty Ginger Brown Rice Noodle Soup,food,instacart_web
Gluten Free & Dairy Free Thai Red Curry With Organic Jasmin Rice & Vegetables,food,instacart_web
JalapenoPeppors,food,receipt_ocr
ECLEARAORYLIC,not_food,receipt_ocr
Chocolate Powder,food,instacart_web
SornePvlpOrangeJuice,food,synthetic_ocr_aug
Grapefruit Seltzer,food,instacart_web
3X2.44,not_food,receipt_ocr
Nesquik Strawberry Milk Drink Mix,food,instacart_web
OrganicFancyShreddcclMozzarellaCheese,food,synthetic_ocr_aug
LZAND1/2.COMBO,food,receipt_ocr
UNICA PAIL6GL,not_food,receipt_ocr
06'89,not_food,receipt_ocr
Organic Caesar Complete Salad Kit,food,instacart_web
Lemon Lime Tabs,food,instacart_web
Snackimals Cookies Vanilla,food,instacart_web
Qty..,not_food,receipt_ocr
Original Barbecue Sauce,food,instacart_web
Organic Vegetarian No-Chicken Broth,food,instacart_web
Chocolate Filled Brioche,food,instacart_web
Grape Chia Kombucha,food,instacart_web
classcchcldorpttoesperogi,food,synthetic_ocr_aug
Hot Chocolate Mix,food,synthetic_food_list
A36,not_food,receipt_ocr
PALA,food,receipt_ocr
Organic Cream Of Mushroom Soup,food,instacart_web
Greek Orzo Salad,food,instacart_web
TAP,not_food,receipt_ocr
200.00-200.00,not_food,receipt_ocr
Original Flavor Instant Oatmeal,food,instacart_web
Cab Sauy,food,receipt_ocr
D COMBINATIONL,not_food,receipt_ocr
Smart Ground Original Veggie Protein Crumbles,food,instacart_web
Organic Whole Wheat Fusilli,food,instacart_web
Compostable Coffee Filters,food,instacart_web
CEAN,not_food,receipt_ocr
6bh*,not_food,receipt_ocr
8970669,not_food,receipt_ocr
720,not_food,receipt_ocr
FAX,food,receipt_ocr
BROCCOLIBEEF,food,receipt_ocr
$12.99,not_food,receipt_ocr
Original Recipe Chocolate Pudding,food,instacart_web
Traditional Chicken Noodle Soup,food,instacart_web
Organics Big Bird's Apple 100% Juice,food,instacart_web
Beef.,food,receipt_ocr
ATM,not_food,receipt_ocr
Mutton,food,receipt_ocr
g.00EurB,not_food,receipt_ocr
Kombucha Gingerade,food,instacart_web
Butterhead Lettuce,food,instacart_web
HealthyRequestCheddarCheeseSoup,food,synthetic_ocr_aug
100% Lemon Juice,food,instacart_web
GLUTENFREEMOUNTAINWHITEBREAD,food,synthetic_ocr_aug
Mal,not_food,receipt_ocr
Turmeric Root,food,instacart_web
10.00.SR,not_food,receipt_ocr
spicyDeTuxe,food,receipt_ocr
Natural Sharp Cheddar Cheese Chunk,food,instacart_web
Low Fat Fudge Bars,food,instacart_web
435.00,not_food,receipt_ocr
WAFERS,food,receipt_ocr
TANDOORI CHICKEN,food,receipt_ocr
Rocky Road Ice Cream,food,instacart_web
Dine1n,not_food,receipt_ocr
Organic Mexican Blend Finely Shredded Cheese,food,instacart_web
ntem,not_food,receipt_ocr
Italian Sausage,food,instacart_web
CANTONESETENDERS,food,receipt_ocr
100% Certified Raw Organic Honey,food,instacart_web
*4,not_food,receipt_ocr
UncuredP*epperoniPizza,food,synthetic_ocr_aug
"17,50$",not_food,receipt_ocr
Large Chicken & Cheese Taquitos,food,instacart_web
MILKcHocOlaTe,food,synthetic_ocr_aug
Homcstylepopcrr,food,synthetic_ocr_aug
Organic Mocha Coffee Concentrate,food,instacart_web
Pumpernickel Bread,food,instacart_web
6.909,not_food,receipt_ocr
$1450,not_food,receipt_ocr
P.,not_food,receipt_ocr
3032,not_food,receipt_ocr
Mini I.D.'s Caramel Macchiato Non-Dairy Coffee Creamer,food,instacart_web
Organic Classic Saltine Crackers,food,instacart_web
Mango Tango Almond Mix,food,instacart_web
OrIginalcHocOlaTEpUDdInGS,food,synthetic_ocr_aug
WildWondersGo0urmetMedleyTomatoes,food,synthetic_ocr_aug
1X1190,not_food,receipt_ocr
8-48,not_food,receipt_ocr
Zero calorie Sport Drink,food,instacart_web
(S),not_food,receipt_ocr
NutrientEnhancedWater,food,synthetic_ocr_aug
White Vinegar,food,instacart_web
Gluten Free Cinnamon Thin Cookies,food,instacart_web
Organic Grapefruit Ginger Sparkling Yerba Mate,food,instacart_web
Organic Calming Tea Bags 16 Count,food,instacart_web
Original Bomb Pops Ice Pops,food,instacart_web
Original Cherry Orchard Yogurt,food,instacart_web
PnkLady(Cripps)pple,food,synthetic_ocr_aug
$229,not_food,receipt_ocr
"Butterhead(Boston,Butter,Bibb)Lettuce",food,synthetic_ocr_aug
Smooth and Creamy Light Sour Cream,food,instacart_web
Baker's Pure Cane Ultrafine Sugar,food,instacart_web
$29,not_food,receipt_ocr
Original French Vanilla Yogurt,food,instacart_web
SuperColossalPimentoStuffedSpanishQueeenOlives,food,synthetic_ocr_aug
0rganicMintCrunchDarkCbocolateBar,food,synthetic_ocr_aug
Uncured Ham-Egg & Cheddar Multi-Grain Flatbread Breakfast Sandwich,food,instacart_web
SIFrICO,not_food,receipt_ocr
Apple Cinnamon Cheerios Cereal,food,instacart_web
1Tcmmy,not_food,receipt_ocr
Roasted Brussels Sprouts,food,instacart_web
Zero Go-Go Mixed Berry Vitamin Water,food,instacart_web
Original Pancake & Waffle Mix,food,instacart_web
Caribbean Coconut Gelato,food,instacart_web
992828,not_food,receipt_ocr
$2.,not_food,receipt_ocr
Organic Cookies & Cream Ice Cream,food,instacart_web
Mini Watermelon,food,instacart_web
1500.00,not_food,receipt_ocr
Organic Bunny-Luv Fresh Carrots,food,instacart_web
15:000,not_food,receipt_ocr
Puffs Cheese Flavored Snacks,food,instacart_web
Classic Granola,food,instacart_web
LghtSdimMexcanCsseroleBowl,food,synthetic_ocr_aug
Lactose-Free Calcium Enriched 1% Low Fat Milk,food,instacart_web
OOTETZ,not_food,receipt_ocr
Organic Salted Butter,food,instacart_web
0.15,not_food,receipt_ocr
WheatSandwichTh,food,synthetic_ocr_aug
Spanish Rice Pilaf Mix,food,instacart_web
100% Organic Unbleached White Whole Wheat Flour,food,instacart_web
Pizza Poppers Uncured Pepperoni,food,instacart_web
25.00/s,not_food,receipt_ocr
SalsaDe Molcaltte.,food,receipt_ocr
ButtermilkBiscu,food,synthetic_ocr_aug
ThinStackersBrownRiceLightlySalted,food,synthetic_ocr_aug
Organic Cold-Pressed Orange Juice,food,instacart_web
Ginger Ale Jamaican Style,food,instacart_web
AYAMGORENGHEDJA,food,receipt_ocr
Grilled Chicken Taquitos,food,instacart_web
21-00,not_food,receipt_ocr
chtcotiar,food,receipt_ocr
Mild Sauce,food,instacart_web
Gluten Free Uncured Bacon Mac and Cheese,food,instacart_web
Qui,food,synthetic_ocr_aug
Fy,not_food,receipt_ocr
UnsaltedVeegetableCookingStock,food,synthetic_ocr_aug
Stir Fry Vegetables,food,instacart_web
Organic Half Baby Spinach & Half Baby Arugula,food,instacart_web
1#3 3WINGMEAL,food,receipt_ocr
escription,not_food,receipt_ocr
Fadedeans:,not_food,receipt_ocr
ToasterPopsStrawbe/rry,food,synthetic_ocr_aug
Organic Ground Chipotle Chili,food,instacart_web
397067.48-INNETAL STAINED BLASS,not_food,receipt_ocr
"Italian Style Favorites Meat Trio (Italian Sausage, Genoa Salami, and Pepperoni with Mozzarella Cheese over a Marinara Sauce)",food,instacart_web
BBQ& Blue Chz chips,food,receipt_ocr
Uncured Bacon,food,instacart_web
6Coke Bt,food,receipt_ocr
TacoDe Pescado,food,receipt_ocr
MMapleHoneyHam,food,synthetic_ocr_aug
PUBLTXBROWN GRAVY,food,receipt_ocr
Nutri Grain Bars Multi Pack,food,instacart_web
Organic Chopped Roasted Garlic,food,instacart_web
"Sauvignon Blanc, Napa Valley, 2009",food,instacart_web
Dairy Free Vanilla Coconut Milk,food,instacart_web
OrganicGunpowderGr,food,synthetic_ocr_aug
12X34F,not_food,receipt_ocr
baohedxBe,food,receipt_ocr
RainbowBellPepperss,food,synthetic_ocr_aug
1x000006937423,not_food,receipt_ocr
Farm House Beans($1.50).white,food,receipt_ocr
Spcy Dyna Soy Cone,food,receipt_ocr
Organic Zucchini,food,instacart_web
Extralean Ground Turkey Breast,food,instacart_web
PmiumAppleCide,food,synthetic_ocr_aug
NO0n1ons,food,receipt_ocr
Whole Wheat Flour,food,synthetic_food_list
Carb Balance Whole Wheat Flour Burrito Tortillas,food,instacart_web
Whole Grain Oat Cereal,food,instacart_web
Brain Toniq,food,instacart_web
Cooking Beef Stock,food,instacart_web
Fusilli with Spinach No. 34,food,instacart_web
OrganicVaanillaKefir,food,synthetic_ocr_aug
Green Beans,food,instacart_web
Soft Pretzel Mini Buns,food,instacart_web
Medicine,not_food,receipt_ocr
MALLOS,not_food,receipt_ocr
GlutenFreeRicePasta&Ch1eddarSingleServingMacaroni&Cheese,food,synthetic_ocr_aug
$21.55,not_food,receipt_ocr
Organic Baby Corn Pieces,food,instacart_web
PLLW,not_food,receipt_ocr
EBBsrChz,food,receipt_ocr
PureVanillaExtractMadag,food,synthetic_ocr_aug
Watei,food,receipt_ocr
Organic Hemp Plus Granola,food,instacart_web
Coronita Beer Extra,food,instacart_web
5.50,not_food,receipt_ocr
"Bread, Whole Wheat Organic Pita",food,instacart_web
sta,not_food,receipt_ocr
65.94,not_food,receipt_ocr
TacoTuestayPolla,food,receipt_ocr
Stand'nStffTacoShells,food,synthetic_ocr_aug
Whole Castelvetrano Olives,food,instacart_web
8500,not_food,receipt_ocr
ino.,not_food,receipt_ocr
fachicker,food,receipt_ocr
TOP,not_food,receipt_ocr
Tota,not_food,receipt_ocr
1259,not_food,receipt_ocr
Young Coconut,food,instacart_web
yoggi5trawberryyoghvrt,food,synthetic_ocr_aug
5565,not_food,receipt_ocr
"ItalinGroundTurkey,Lean",food,synthetic_ocr_aug
EPSI,food,receipt_ocr
Gourmet Popping Corn Original,food,instacart_web
Ripened Raspberry Fruit Leather,food,instacart_web
MaTeEnchtlada,food,receipt_ocr
Lz8Redcurry,food,receipt_ocr
Roasted Salted Almonds,food,instacart_web
2DOUBLE DIP1 tKy.,food,receipt_ocr
Parmesan Cheese Shreds,food,instacart_web
Total,not_food,receipt_ocr
3HATER,food,receipt_ocr
Roasted Garlic & Olive Oil Pearled Couscous,food,instacart_web
3.50e8,not_food,receipt_ocr
Petite Butter Croissant,food,instacart_web
Crispy Rice Dark Chocolate Bar,food,instacart_web
Organic Nighty Night Valerian Herbal Tea,food,instacart_web
25.00S,not_food,receipt_ocr
Wrigley'sOrbitWintermintSugarFre,food,synthetic_ocr_aug
Pecans,food,receipt_ocr
Coke Zero Diet Soda,food,instacart_web
oRgaNiCFirEroASTeDcorn,food,synthetic_ocr_aug
EMENT(SOKG),not_food,receipt_ocr
ckCurrantFruitSpread,food,synthetic_ocr_aug
Brown 'N Serve Turkey Sausage Links,food,instacart_web
Miniatures,food,instacart_web
Tabs,not_food,receipt_ocr
DOMINLCFIKE,not_food,receipt_ocr
42,not_food,receipt_ocr
galaArancto,food,receipt_ocr
5APVGCONNECTOR@18000,not_food,receipt_ocr
Garlic Bread With Mozzarella,food,instacart_web
Taxi,not_food,receipt_ocr
9110,not_food,receipt_ocr
Earthbound Farm Broccoli,food,branded_items_web
RoastcclRedPepperHummusWithChips,food,synthetic_ocr_aug
Movie Theater Butter Microwave Popcorn,food,instacart_web
600.00,not_food,receipt_ocr
11978,not_food,receipt_ocr
Frozen Blueberries,food,instacart_web
Pure Almond Unsweetened Original Almond Milk,food,instacart_web
Good Belly Probiotics Juice Drink Blueberry Acai Flavor,food,instacart_web
Less Sodium Soy Sauce,food,instacart_web
ORIGINALMOL,food,synthetic_ocr_aug
Beef Bratwurst,food,instacart_web
Simply Naked Pita Chips,food,instacart_web
1Menu Tradition,food,receipt_ocr
Coffee Hot,food,receipt_ocr
ySalsa,food,receipt_ocr
Organic Low Sodium Chicken Broth,food,instacart_web
Dine1n16oz,not_food,receipt_ocr
ARROZVERDE CON POLLO,food,receipt_ocr
70.30,not_food,receipt_ocr
WholeWheatFigBarr,food,synthetic_ocr_aug
SaTmon couial,food,receipt_ocr
Beyond8Eefbecfycrmble,food,synthetic_ocr_aug
Kidney Beans,food,instacart_web
9888884,not_food,receipt_ocr
Premium Apple Juice,food,instacart_web
1.25,not_food,receipt_ocr
Unsweetened Whole Milk Peach Greek Yogurt,food,instacart_web
Spicy Red Napa Cabbage Kimchi,food,instacart_web
Pure Goat Milk Herb Chabis Cheese,food,instacart_web
Koobideh7,food,receipt_ocr
Limeade,food,instacart_web
1Pint Boston Lager,food,receipt_ocr
Organic Hibiscus Berry Sparkling Probiotic Drink,food,instacart_web
Brioche,food,instacart_web
Vitamin D Added Evaporated Milk,food,instacart_web
Santa Fe Fiesta Salad,food,instacart_web
Organic Chocolate Super Cookies,food,instacart_web
@1.00,not_food,receipt_ocr
All Natural Honey Almond Butter,food,instacart_web
eFrap,food,receipt_ocr
Organic Whole Grassmilk Milk,food,instacart_web
SDARFSTA,not_food,receipt_ocr
Organic Red Lentils,food,instacart_web
artif. sweetener,food,basket_categories_web
"Pi#zzaPoppers,ThreeCheese",food,synthetic_ocr_aug
100% Pineapple Juice,food,instacart_web
SHEPARDIRIE,food,receipt_ocr
Tusconkale&Quinoasa1D,food,synthetic_ocr_aug
Chocolate Coconut Almond Milk,food,instacart_web
0.53,not_food,receipt_ocr
NY SIRLOIN,food,receipt_ocr
Vitamin D Whole Milk,food,instacart_web
mp Fresh Catch3,food,receipt_ocr
Organic Vanilla Soymilk,food,instacart_web
3.59,not_food,receipt_ocr
YELLOVVLOTIONSOME,not_food,receipt_ocr
Lentil Sage Vegan Deli Slices,food,instacart_web
11-00,not_food,receipt_ocr
aa,not_food,receipt_ocr
"Ginger, Pickled Sushi",food,instacart_web
Oatmeal Fruit & Berries,food,instacart_web
L Shdnrock Shake,food,receipt_ocr
20 Mixed MeatLunch,food,receipt_ocr
1X8.90,not_food,receipt_ocr
Dascription,not_food,receipt_ocr
Tacocarnitas,food,receipt_ocr
Lowsodiumbeefbroth,food,synthetic_ocr_aug
"12,49S",not_food,receipt_ocr
Buffalo Wings,food,instacart_web
625,not_food,receipt_ocr
Fresh Frozen Wild Blueberries,food,instacart_web
KETTLESTYLESWEETMAUIONIONPOTATOCHIPS,food,synthetic_ocr_aug
Mara Natha Organic Peanut Butter Creamy,food,instacart_web
ADD,not_food,receipt_ocr
Etouffee 4oz,food,receipt_ocr
House Cab,food,receipt_ocr
BTSCUIT,food,receipt_ocr
Gluten-Free Chicken Nuggets,food,instacart_web
Carb Balance Flour Tortillas,food,instacart_web
Brie Pico,food,instacart_web
Triple Berry Chewing Gum,food,instacart_web
Mozzarella Ciliegine Fresh,food,instacart_web
#Edamame,food,synthetic_ocr_aug
MATARKICHAAT,food,receipt_ocr
CrushedToma,food,synthetic_ocr_aug
069005841315,not_food,receipt_ocr
Traditional Refried Beans,food,instacart_web
Garant Ecological Standard Milk,food,produce_classes_web
Sliced Blueberry Bagels,food,instacart_web
BOX,not_food,receipt_ocr
HashBrownPotat,food,synthetic_ocr_aug
VND1IOOOO,not_food,receipt_ocr
Roasted Red Pepper Hummus With Chips,food,instacart_web
Organic Green Butter Lettuce,food,instacart_web
Itemp,not_food,receipt_ocr
Zero Calorie Cola,food,instacart_web
12/120,not_food,receipt_ocr
Authentic French Brioche Rolls,food,instacart_web
miritlineggplart,food,synthetic_ocr_aug
0.44,not_food,receipt_ocr
FRIED SUSHI ROLL,food,receipt_ocr
Chocs,food,receipt_ocr
3338088,not_food,receipt_ocr
BEANCURDWITH,food,receipt_ocr
35.00,not_food,receipt_ocr
1SALMON,food,receipt_ocr
Boomchickapop Sweet & Salty Kettle Corn,food,instacart_web
"Cauliflower,",food,synthetic_ocr_aug
GUACAMOLE DIP,food,receipt_ocr
Variety Pack Ice Cream Bars,food,instacart_web
Amou,not_food,receipt_ocr
6389/000,not_food,receipt_ocr
MMERC,not_food,receipt_ocr
100135,not_food,receipt_ocr
E080,not_food,receipt_ocr
French Roast Whole Bean Coffee,food,instacart_web
Original Recipe Rice Pudding,food,instacart_web
#11/POPSHRMP/COMB0,food,receipt_ocr
TH,not_food,receipt_ocr
4 HHMIGUELS MARGARIT03.38.13.52,food,receipt_ocr
JAMBUBATUGUAVASEEDLESSIMUTIARA),not_food,receipt_ocr
6ChocCh1pCookie,food,receipt_ocr
Iterr,not_food,receipt_ocr
YogvrtCheescwithProbiotic,food,synthetic_ocr_aug
Organic White Rose White Tea,food,instacart_web
BASOGORENG,food,receipt_ocr
Ezekiel4:9SproutedGrainTortillas,food,synthetic_ocr_aug
Sweet Greens and Lemon Vegetable and Fruit Juice Blend,food,instacart_web
$19.95,not_food,receipt_ocr
Cage Free Grade A Large Brown Eggs,food,instacart_web
QTYU/PRICE,food,receipt_ocr
[Ch1cken][5*****],food,receipt_ocr
Original Yogurt Caramel,food,instacart_web
Cinnamon Rolls with Icing,food,instacart_web
Harvest Organic Hunza Golden Raisins,food,instacart_web
hole,food,receipt_ocr
Bagofjumboyellowonions,food,synthetic_ocr_aug
*4.80,not_food,receipt_ocr
cur,food,receipt_ocr
Jlpnokettlccookdpototchps,food,synthetic_ocr_aug
Meatloaf with Portobello Mushroom Gravy,food,instacart_web
28500,not_food,receipt_ocr
3-10,not_food,receipt_ocr
Cheez-It Cheddar Cracker,food,instacart_web
"Cheese, Goat Milk, Purple Haze",food,instacart_web
Pay,not_food,receipt_ocr
CAPSU,not_food,receipt_ocr
Kanimayo Salad,food,receipt_ocr
Burtg,food,receipt_ocr
1.08Z,not_food,receipt_ocr
Strawberryyogurtproteindrinkwithacrunchyshot,food,synthetic_ocr_aug
CnnamonBrd,food,synthetic_ocr_aug
BK FETT AI,food,receipt_ocr
Savory Butter Rolls,food,instacart_web
WellDane,not_food,receipt_ocr
Sheila G's Brownie Brittle Salted Caramel,food,instacart_web
水水水水,not_food,receipt_ocr
PotttedBasil,food,synthetic_ocr_aug
SteamfreshPremiumSelectsFroze,food,synthetic_ocr_aug
Coarse Sea Salt,food,instacart_web
SweetsMedleySeaSaltSweetPotatoChips.,food,synthetic_ocr_aug
OrganicGarlicGranulates*,food,synthetic_ocr_aug
TNACNNCCLNWTR,food,synthetic_ocr_aug
DursfileH399T10x95m),not_food,receipt_ocr
TOLY,not_food,receipt_ocr
Low Fat Ice Cream Sea Salt Carmel Bar,food,instacart_web
EHOAE,not_food,receipt_ocr
Patn,food,receipt_ocr
agurs,not_food,receipt_ocr
320,not_food,receipt_ocr
13Yellow Plate,food,receipt_ocr
Keebler Sandies Cashew 12.8 Oz,food,instacart_web
Pesto Tortellini  Bowls,food,instacart_web
Strawberry Yogurt Protein Drink with a Crunchy Shot,food,instacart_web
Stuffed Grape Leaves,food,instacart_web
"Tri Fun Pack Fruit Loops, Cocoa Krispies; Apple Jacks",food,instacart_web
SPL LIMEJLUICE,food,receipt_ocr
TPES,not_food,receipt_ocr
11.800X,not_food,receipt_ocr
VALK,food,receipt_ocr
PKLTGreenCu,food,receipt_ocr
ClassicHurnmvs,food,synthetic_ocr_aug
KttleStylSweetMauOnonPottoChps,food,synthetic_ocr_aug
13.9,not_food,receipt_ocr
OrganicSproutedSpeltFlour,food,synthetic_ocr_aug
California Orange Juice,food,instacart_web
2×,not_food,receipt_ocr
X Aqua Panna,food,receipt_ocr
Organic Hot Jalapeno Nacho Slices,food,instacart_web
Italian Dill Spears Hot,food,instacart_web
IBuca Chtanti,food,receipt_ocr
Kdscnlledcheas,food,receipt_ocr
"Lentil Chips, Himalayan Pink Salt",food,instacart_web
OrgaicWholeWheatFusili,food,synthetic_ocr_aug
ZCOLORCOPYA4,not_food,receipt_ocr
Bowls Tortilla Casserole & Black Beans,food,instacart_web
Goldfish Cheddar Baked Snack Crackers Multi Packs,food,instacart_web
inkLemonadeDrinkMix,food,synthetic_ocr_aug
Organic Plain Kefir,food,instacart_web
Raspberry Licorice Bar,food,instacart_web
Chicken Pot Pie,food,instacart_web
Kombucha Green Tea,food,instacart_web
Sea Salt & Vinegar Kettle Cooked Potato Chips,food,instacart_web
14.99,not_food,receipt_ocr
Real Bleu Cheese Dressing Dipping,food,instacart_web
86E$,not_food,receipt_ocr
harnbrgerovldillpicklcbps,food,synthetic_ocr_aug
KEYOATN,not_food,receipt_ocr
lax,food,receipt_ocr
Pepprn,food,synthetic_ocr_aug
Fingerling Potatoes,food,synthetic_food_list
CAULIFLOWERFLORETS,food,synthetic_ocr_aug
Roasted Garlic Family Size Hummus,food,instacart_web
1.Fish and Chips,food,receipt_ocr
Gotta Do Chocolate Ice Cream,food,instacart_web
$7.75,not_food,receipt_ocr
Simply Sea Salted Thick Cut Potato Chips,food,instacart_web
NATURALCHOICESMOKEDSLICEDDELITURKEY,food,synthetic_ocr_aug
Brown Rice Pasta Vegetable Spirals,food,instacart_web
Kettle Cooked Sea Salt & Vinegar Potato Chips,food,instacart_web
2X Protein Original Cream Cheese Spread,food,instacart_web
Cold Brew Coffee,food,instacart_web
Earl Grey Tea,food,instacart_web
ZestyItallianSaladDressing&RecipeMix,food,synthetic_ocr_aug
$7.00,not_food,receipt_ocr
130.00,not_food,receipt_ocr
OrganicSalt/edIndividuallyWrappedQuartersButter,food,synthetic_ocr_aug
SHS$11.99Any2FtLog,food,receipt_ocr
Hard & Soft Taco Dinner Kit,food,instacart_web
Mini Tater Tots Seasoned Shredded Potatoes,food,instacart_web
LooseWhiteButtorMvshrooms,food,synthetic_ocr_aug
Original Black Box Tablewater Cracker,food,instacart_web
"Water, Unsweet, Blood Orange",food,instacart_web
SAUCF,food,receipt_ocr
DikkoGK,food,receipt_ocr
Original Sprouted Grains Protein & Fiber Hot Oatmeal,food,instacart_web
Clasico Dark Roasted Sticks,food,instacart_web
Smart Pop! Butter Microwave Popcorn,food,instacart_web
birthday.cake,food,receipt_ocr
filletsofanchoviesinoliveoil,food,synthetic_ocr_aug
Vegan Cheddar Mac & Cheese,food,instacart_web
Organic Hash Browns,food,instacart_web
1KonaLongboard,food,receipt_ocr
STK,food,receipt_ocr
500S,not_food,receipt_ocr
GODE,food,receipt_ocr
Ripe Large Pitted Olives,food,instacart_web
￥99,not_food,receipt_ocr
Kefir Cultured Strawberry Milk Drink,food,instacart_web
Whole Grain Cheddar Baked Snack Crackers,food,instacart_web
Five Cheese Garlic Toast,food,instacart_web
Noodle Soup Mix With Chicken Broth,food,instacart_web
DiryFreCocontMilkFrozenDssertMnis,food,synthetic_ocr_aug
1.19,not_food,receipt_ocr
nihuahuaCheese,food,receipt_ocr
Lindor Extra Dark Chocolate Truffles,food,instacart_web
238.000,not_food,receipt_ocr
Uncured Pepperoni,food,instacart_web
ReadyRi.ceRedBeans&Rice,food,synthetic_ocr_aug
FountainSoda,food,receipt_ocr
c324o0.00,not_food,receipt_ocr
Bla0ckBeansNoSaltAdded,food,synthetic_ocr_aug
MacheBlend,food,synthetic_ocr_aug
"Natural Artesian Water, Mini & Mobile",food,instacart_web
Cranberry Ginger Ale,food,instacart_web
Organic Ground Chicken Breast,food,instacart_web
QTYU/PRICE:,food,receipt_ocr
Organic Green Tea Bags,food,instacart_web
glInpWhite,not_food,receipt_ocr
36.OOSR,not_food,receipt_ocr
Sesame Blues Corn Tortilla Chips,food,instacart_web
Plain Cultured Goat Milk Kefir,food,instacart_web
Chomperz Original Crunchy Seaweed Chips,food,instacart_web
Maple Almond Butter,food,instacart_web
艺800,not_food,receipt_ocr
Roasted Turkey,food,instacart_web
Synergyraspber,food,synthetic_ocr_aug
(LG)SMOOTHIE,food,receipt_ocr
Salsa De Molcalete,food,receipt_ocr
"Apple, Juicy Red, Family Pack",food,instacart_web
J[Smal] BrQwn Rice],food,receipt_ocr
LIZZYMCALPINE,not_food,receipt_ocr
Uorice,food,receipt_ocr
Europeanstyleunsaltedbutter,food,synthetic_ocr_aug
DtyRa,not_food,receipt_ocr
Old Fashioned Hamburger Buns,food,instacart_web
Pimento Cheese,food,instacart_web
FrChipRegrk,food,receipt_ocr
Frozen Chicken Nuggets,food,synthetic_food_list
Natural Mint Gum,food,instacart_web
Creamy Classic Vanilla Frosting,food,instacart_web
larcFres,food,receipt_ocr
Krinkle Cut Classic Barbecue Potato Chips,food,instacart_web
CrystalllizedGingerInDarkChocolateBar,food,synthetic_ocr_aug
Strawberry Greek 100 Calories Yogurt,food,instacart_web
Teanny,not_food,receipt_ocr
Salt-Free Blend Pumpkin Pie Spice,food,instacart_web
White Premium Chunk Chicken Breast With Rib Meat in Water,food,instacart_web
"Coffee, Medium Roast, Original Blend, K-Cup Packs",food,instacart_web
Organic YoKids Squeeze! Straw-Nana-Rama Yogurt,food,instacart_web
MAC&CHEESE,food,receipt_ocr
OrgNicgreK1OwFTYGUrTwThsTRwbrrCS,food,synthetic_ocr_aug
1099.00,not_food,receipt_ocr
(3-5Y),not_food,receipt_ocr
Organic Cheddar Bunnies,food,instacart_web
4.35,not_food,receipt_ocr
$6.75,not_food,receipt_ocr
-5.00,not_food,receipt_ocr
Mint Chocolate Chip Ice Cream,food,instacart_web
X2-70,not_food,receipt_ocr
Mediterranee Strawberry Yogurt,food,instacart_web
MILD PLEASE,food,receipt_ocr
084,not_food,receipt_ocr
3S003200,not_food,receipt_ocr
Rainbow Crisps Fig And Olive Crackers,food,instacart_web
Blackened Chicken Salad,food,instacart_web
"100% Juice, Original",food,instacart_web
1430018201,not_food,receipt_ocr
ptio,not_food,receipt_ocr
Mango Chunks,food,instacart_web
Organic Coconut Granola MacroBar,food,instacart_web
TandooriParotta,food,receipt_ocr
14.88-DISCOUNTERCH,not_food,receipt_ocr
Triscuit Baked Whole Grain Wheat Rosemary & Olive Oil,food,instacart_web
Or0iginalFigSpread,food,synthetic_ocr_aug
Kettle Korn Popcorn,food,instacart_web
"Ice Cream, Super Premium, Dutch Chocolate",food,instacart_web
Vanilla Milk Chocolate Almond Ice Cream Bars Multi-Pack,food,instacart_web
Organic Sesame Ginger Vinaigrette Dressing,food,instacart_web
Rotisserie Chicken Breast,food,instacart_web
BBQ& Blue Chzchips,food,receipt_ocr
ME,not_food,receipt_ocr
Pizza for One Original 4 Cheese Frozen Pizza,food,instacart_web
Lemon-Lime 12 Pack Soda,food,instacart_web
"12,500X",not_food,receipt_ocr
butter milk,food,basket_categories_web
Coke(L,food,receipt_ocr
Color Discount,not_food,receipt_ocr
Organic Raw Kombucha Gingerade,food,instacart_web
6.95,not_food,receipt_ocr
Elbow Macaroni Pasta,food,instacart_web
4Biscuit,food,receipt_ocr
Fat Free Smart Ground Mexican Style Taco Protein Crumbles,food,instacart_web
Clear Square Pencll Bevel1,not_food,receipt_ocr
Hass Avocado,food,instacart_web
9976-118FLEM-LG,not_food,receipt_ocr
Pretzels Original Thins,food,instacart_web
8862-22,not_food,receipt_ocr
24X18m,not_food,receipt_ocr
295.00,not_food,receipt_ocr
Buitoni Three Cheese Tortellini,food,branded_items_web
GrundCoffee,food,synthetic_ocr_aug
48,not_food,receipt_ocr
1ouesad11a,food,receipt_ocr
Fancy Shredded Cheese,food,instacart_web
All Natural Smoothies Orange Dream Machine,food,instacart_web
OrganicWholeWbeatFusi1li,food,synthetic_ocr_aug
GDNCMINT HUWASHES,not_food,receipt_ocr
Lime Juice,food,instacart_web
Organic YoKids Very Berry Smoothies,food,instacart_web
Pure Cane Confectioners Powdered Sugar,food,instacart_web
Homemade Hot Arrabbiata Fra Diavolo Sauce,food,instacart_web
Vegetable Lasagna,food,instacart_web
SolidMilkChocolateEgsBag,food,synthetic_ocr_aug
Side Craw,food,receipt_ocr
10.38,not_food,receipt_ocr
Apple Cinnamon GoGo Squeez,food,instacart_web
Organicyell,food,synthetic_ocr_aug
EbtiMentai,food,receipt_ocr
5MX,not_food,receipt_ocr
1Dellvery,not_food,receipt_ocr
CRAZYOUERYOU,not_food,receipt_ocr
GyunikuRoll,food,receipt_ocr
Lightly Salted Kettle Potato Chips - Sea Salt,food,instacart_web
5-40s,not_food,receipt_ocr
Crushed Tomatoes With Basil,food,instacart_web
BlueberyFrittor,food,receipt_ocr
Bear,food,receipt_ocr
WildCherr,food,synthetic_ocr_aug
Bombay Potatoes Vegetarian,food,instacart_web
$7.98,not_food,receipt_ocr
Semi-Sweet Mini Chocolate Chips,food,instacart_web
(Inclusive,not_food,receipt_ocr
Mozzarella&Tomato,food,receipt_ocr
Special Dark Cocoa,food,instacart_web
Organic Cameo Apple,food,instacart_web
Non Fat Black Cherry on the Bottom Greek Yogurt,food,instacart_web
"Tea, Echinacea Immune Support",food,instacart_web
"vEGEtableChiPS,",food,synthetic_ocr_aug
58.30,not_food,receipt_ocr
Cinnamon Raisin English Muffins,food,instacart_web
Tori,food,receipt_ocr
BISOUT,food,receipt_ocr
Mint Chip Almond Milk Non-Dairy Frozen Dessert,food,instacart_web
Mixed Apple Slices,food,instacart_web
Organic Brown Rice And Wakame Noodles,food,instacart_web
AddTwotostones,food,receipt_ocr
Red Chile Enchilada Sauce,food,instacart_web
Original Crumbled Goat Cheese,food,instacart_web
ChoppedB/abySpinach,food,synthetic_ocr_aug
"Organic Milk Reduced Fat, 2% Milkfat",food,instacart_web
Lemon Ice Cubes,food,instacart_web
Creamofcclerycondenscdsoup,food,synthetic_ocr_aug
Sugar Snap Peas,food,instacart_web
ETE,not_food,receipt_ocr
Pickles,food,receipt_ocr
22.50C,not_food,receipt_ocr
Stacy'Smultigra,food,synthetic_ocr_aug
Chipotle Beef & Pork Realstick,food,instacart_web
LOUETOHATE.ME,not_food,receipt_ocr
Gala Apples,food,instacart_web
organichot,food,synthetic_ocr_aug
GingorAle,food,receipt_ocr
NEO,not_food,receipt_ocr
All Natural Peach Tea Bottles,food,instacart_web
California,not_food,receipt_ocr
1Kobe Beef Slder,food,receipt_ocr
StrawberryBananaJuice,food,synthetic_ocr_aug
Cornstarch,food,instacart_web
TacoSeasningMix,food,synthetic_ocr_aug
Grapefruit Juice,food,instacart_web
TkkoGK,food,receipt_ocr
Homestyle Chicken Flavor Ramen Noodle Soup,food,instacart_web
Cinnamon French Toast Sticks,food,instacart_web
LARGE,not_food,receipt_ocr
Popcorn Vegan Buttery Flavor,food,instacart_web
Baguette,food,instacart_web
Stodk,not_food,receipt_ocr
Organic Enriched Unbleached White Flour,food,instacart_web
Organic Cilantro Bunch,food,instacart_web
$0.70,not_food,receipt_ocr
Original Rotisserie Chicken,food,instacart_web
a18.50CHF,not_food,receipt_ocr
Pineapple Coconut Water,food,instacart_web
nosugaraddedapplesauce,food,synthetic_ocr_aug
Nut&HeySnacGranola,food,synthetic_ocr_aug
Low Fat Vanilla Non Dairy Yogurt,food,instacart_web
Organic White Pita Bread,food,instacart_web
PEOTALLDRY,not_food,receipt_ocr
Butter 2.0 Featuring Virgin Coconut Oil,food,instacart_web
Millenium 2#,not_food,receipt_ocr
3:16,not_food,receipt_ocr
Le Brie Mini Soft Ripened Cheese,food,instacart_web
Traditional Basil Pesto Sauce,food,instacart_web
rpuke16ozTopSrlo1n,food,receipt_ocr
YOMG,not_food,receipt_ocr
Organic Cornstarch,food,instacart_web
96'9S,not_food,receipt_ocr
RootBeerSo,food,synthetic_ocr_aug
Pink Lady (Cripps) Apple,food,instacart_web
CIMORYYOGHRTMIX250,food,receipt_ocr
Pussy,not_food,receipt_ocr
Pure Lemon Extract,food,instacart_web
Dolor Sit,not_food,receipt_ocr
CAFSU,not_food,receipt_ocr
OrganicRoasted5eaweed5nacksTeriyaki,food,synthetic_ocr_aug
Sorbetto Alphonso Mango,food,instacart_web
Coconut Kale & Cacao Organic Superfoods Bar,food,instacart_web
Organic Iced Tea Variety Pack,food,instacart_web
enocs,not_food,receipt_ocr
Organic Whole Wheat Fusilli Pasta,food,instacart_web
Organic Chinese Five Spice,food,instacart_web
Yogurt Pretzels,food,instacart_web
Smoked Apple Sage Sausages,food,instacart_web
Lightly Smoked Sardines in Olive Oil,food,instacart_web
Delightfully Turkish Sun Dried Figs,food,instacart_web
Red Seedless Grapes Bunch,food,instacart_web
Organic Earl Grey Black Tea 16 Count,food,instacart_web
FOAMBARD91X46CM,not_food,receipt_ocr
wacer,food,receipt_ocr
JAMONSERRANODRYC,food,synthetic_ocr_aug
WholeWhcatCrackcrs,food,synthetic_ocr_aug
LAUTLLO,food,receipt_ocr
ORGANICSPROUTED,food,synthetic_ocr_aug
OrganicRedGrapeTato,food,synthetic_ocr_aug
MARYCHIGKEN,food,receipt_ocr
ng,not_food,receipt_ocr
CheeseEnchiadaMel,food,synthetic_ocr_aug
Colby Cheese Sticks,food,instacart_web
Dark Chocolate Almond & Coconut Fruit & Nut Bar,food,instacart_web
No Added Salt Chicken Noodle Soup,food,instacart_web
1 Ghee Dosa,food,receipt_ocr
Pizzeria Style Classic Crust Pepperoni Pizza,food,instacart_web
Almonds Roasted,food,synthetic_food_list
Passion Punch,food,instacart_web
LASAGNES DE LEGUM,food,receipt_ocr
GULALOKALTKG,food,receipt_ocr
GreenPeassCanned,food,synthetic_ocr_aug
149.70,not_food,receipt_ocr
Kettle Style Sweet Maui Onion Potato Chips,food,instacart_web
spupusa,food,receipt_ocr
Kefir Lowfat Probiotic Peach,food,instacart_web
Calm Chamomile Herbal Tea,food,instacart_web
C<U+00F4>tes-Du-Rh<U+00F4>ne,food,instacart_web
Organic Unfrosted Granny's Apple Pie Toaster Pastries,food,instacart_web
NOBEVERAGE,food,receipt_ocr
INDOMIAYAMBWNG69G,food,receipt_ocr
Hot Taco Seasoning Mix,food,instacart_web
Snow,not_food,receipt_ocr
RoasteclPineNvtHummus,food,synthetic_ocr_aug
TequlSilver,food,synthetic_ocr_aug
"Uncured, No Sugar, Hickory Smoked Bacon",food,instacart_web
220,not_food,receipt_ocr
Chicken Curry Salad,food,instacart_web
I Brussel Sprouts,food,receipt_ocr
1TACO PASTOR,food,receipt_ocr
AP,not_food,receipt_ocr
ChocolateCreeamPie,food,synthetic_ocr_aug
MozzarellaStringCheese,food,synthetic_ocr_aug
1A27269,not_food,receipt_ocr
Powdered Sugar,food,synthetic_food_list
GreenChile,food,receipt_ocr
JIUPAI,not_food,receipt_ocr
G Series Perform Lemon Lime Sports Drink,food,instacart_web
Chive & Onion Cream Cheese Spread,food,instacart_web
1ParkBunger,food,receipt_ocr
18.2X3,not_food,receipt_ocr
Tots,food,receipt_ocr
Original Ranch Salad Dressing & Seasoning Mix,food,instacart_web
：7.50,not_food,receipt_ocr
Olive Hummus,food,instacart_web
Smoked Turkey Breast Slices,food,instacart_web
ChpotlePepprsindboSace,food,synthetic_ocr_aug
T-r*openLiquor.,food,receipt_ocr
Gluten Free Blueberry Oat Muffin Tops,food,instacart_web
SP RICE,food,receipt_ocr
Boneless Skinless Chicken Breast,food,instacart_web
Rice Krispies Cereal,food,instacart_web
ChlllFries,food,receipt_ocr
spagh,food,receipt_ocr
TacoDEAsada,food,receipt_ocr
Sweet Potato Chips,food,instacart_web
Amt inc.,not_food,receipt_ocr
061,not_food,receipt_ocr
Pancake & Baking Mix,food,instacart_web
WholeMilkRi,food,synthetic_ocr_aug
Almond Breeze Unsweetened Vanilla Almond Milk,food,instacart_web
Etouffee Aoz,food,receipt_ocr
Organic Maitake Mushrooms,food,instacart_web
Seasoned Croutons,food,instacart_web
veganagdwhitecbeddarflavrpvffs,food,synthetic_ocr_aug
Peanut Almond & Dark Chocolate Protein Chewy Bars,food,instacart_web
Whole Wheat Crackers,food,instacart_web
3..MONSTAHOT1,food,receipt_ocr
Pure Olive Oil,food,instacart_web
Select Natural Applewood Smoked Turkey Breast,food,instacart_web
CreamyFourCheesse,food,synthetic_ocr_aug
100% Whole Wheat Slice English Muffins,food,instacart_web
Pinto Beans Canned,food,synthetic_food_list
Organic Lady Alice Apples,food,instacart_web
Dbi Qtr Chees:,food,receipt_ocr
2%MilkfatGreekYogurtwithMangoOn,food,synthetic_ocr_aug
Unsweetened Vanilla Coconut Milk Beverage,food,instacart_web
All Natural Regular Pork Sausage,food,instacart_web
Potato Chips Classic,food,synthetic_food_list
Popcorn Butter Flavor,food,synthetic_food_list
Chunky Garlic Stir-In Paste,food,instacart_web
OOSO6UNA,food,receipt_ocr
BCOLLGRNSMALL,food,receipt_ocr
laryland CrabCakes,food,receipt_ocr
LG,not_food,receipt_ocr
BudL1ght2370),food,receipt_ocr
2 eRILLeb chickeN erRast 1 19:38,food,receipt_ocr
KisssMilkChocolateCandy,food,synthetic_ocr_aug
%DrPepper330ml,food,receipt_ocr
New York Strip Steak,food,synthetic_food_list
Plain Nonfat Yogurt,food,instacart_web
Organic Raspberry Leaf Herbal Tea,food,instacart_web
QuarterPounder,food,receipt_ocr
Classic Ketchup,food,instacart_web
Tangy BBQ Sauce,food,instacart_web
SemiSoftPart-5kimSliccs,food,synthetic_ocr_aug
Dairy Free Lite Culinary Coconut Milk,food,instacart_web
190,not_food,receipt_ocr
335m1Nat-NutriSenum,not_food,receipt_ocr
Mandarin Clementine  Bag,food,instacart_web
"Caesar Salad Croutons, Restaurant Style",food,instacart_web
VintageExtraShaarpWhiteCheddarCheese,food,synthetic_ocr_aug
English Seedless Cucumber,food,instacart_web
GGrinderHimalayanSaltPink,food,synthetic_ocr_aug
OrganicFlaxPlusMultibranFlakesCereal,food,synthetic_ocr_aug
"Cabbage, Napa, Table Cut",food,instacart_web
Steak Fries Thick-Cut French Fried Potatoes,food,instacart_web
Dhornego3Redcedfat2%Milk,food,synthetic_ocr_aug
ALMONDBREEZE UNSWEETENED,food,instacart_web
STTOO,not_food,receipt_ocr
STUDENT SOCKS3PCSBK,not_food,receipt_ocr
Pasta Joy Ready Brown Rice Pasta Lasagne,food,instacart_web
18350846,not_food,receipt_ocr
"PantinChips,Sweet",food,synthetic_ocr_aug
Microwaveable Whole Grain Brown Rice 2 ct,food,instacart_web
frozen dessert,food,basket_categories_web
$359,not_food,receipt_ocr
Maple Syrup,food,instacart_web
Cheese Shredded Sharp Cheddar Reduced Fat 2%,food,instacart_web
SUOA,food,receipt_ocr
ihnsteomataoolomoodofnqzsn,not_food,receipt_ocr
Authentic Chinese Noodles,food,instacart_web
Sweet Italian Sausage,food,instacart_web
I (L)Veg SpareRibs.BBS,food,receipt_ocr
ECLEARARYIC,not_food,receipt_ocr
Sparkling Peach,food,instacart_web
Reduced Fat 2% Milk,food,instacart_web
KTEHLTLYSOOME,not_food,receipt_ocr
Creamy Deluxe Gluten Free Rice Pasta & Extra Cheesy Cheddar Sauce,food,instacart_web
Traditional Hummus,food,instacart_web
Popayo,food,synthetic_ocr_aug
103 SUNGUICK OREN 84OMERHE1.40,not_food,receipt_ocr
Blueberry Muffin Mix,food,instacart_web
Extra Long Grain Enriched Rice,food,instacart_web
03,not_food,receipt_ocr
Beef Brisket,food,synthetic_food_list
IMilk Shake,food,receipt_ocr
Dairy Free New York Style Cheezecake,food,instacart_web
Velveeta Original Shells & Cheese,food,instacart_web
WhopperJR,food,receipt_ocr
"Tuna Ventresca, in Olive Oil",food,instacart_web
Dairy-Free Chive Cream Cheese,food,instacart_web
Tequila Blanco,food,instacart_web
Extra Spearmint Sugar-Free Gum,food,instacart_web
Nutri-Grain Soft Baked Strawberry Cereal Breakfast Bars,food,instacart_web
Mighty Mango Juice Smoothie,food,instacart_web
OfGSTO,not_food,receipt_ocr
AYAM LADAGARAM,food,receipt_ocr
nuts/prunes,food,basket_categories_web
Naturally Aged Cheddar Cheese Block Hot Habanero,food,instacart_web
Notoast,food,receipt_ocr
Hibiscus Mint Frozen Pops,food,instacart_web
Organic Three Grain Tempeh,food,instacart_web
Sea Salt Made With Organic Grain Rice Chips,food,instacart_web
New Mexico Taco Skillet Sauce For Chicken,food,instacart_web
Hemp & Greens Burger,food,instacart_web
Okra,food,instacart_web
Non Dairy Ranch Organic Dressing Gluten Free,food,instacart_web
Arnold Palmer Lite Half & Half Iced Tea Lemonade,food,instacart_web
Chicken Breast Grilled Strips,food,instacart_web
ISIM,not_food,receipt_ocr
"Bread, Sliced, Extra Sourdough",food,instacart_web
PanSeared,food,receipt_ocr
Dark Chocolate Mocha Granola Bars,food,instacart_web
MAKEITMILDPLEASE,not_food,receipt_ocr
OS'ES,not_food,receipt_ocr
3301,not_food,receipt_ocr
Macaroni & Cheese,food,instacart_web
"SparklingCitrusBeverage,withNaturalPulpp",food,synthetic_ocr_aug
Marinated Artichoke Hearts,food,instacart_web
SUKSESISI2A.KCP129,not_food,receipt_ocr
WhiteDistlldVinegar,food,synthetic_ocr_aug
Honey Bunches of Oats Honey Roasted with Almonds Cereal,food,instacart_web
UNSWTENEDORIGINALALMRDBREZALMONDMI1K,food,synthetic_ocr_aug
LrgCiamsmussels,food,receipt_ocr
Organic Raspberry Lowfat Yogurt,food,instacart_web
orGANicnA,food,synthetic_ocr_aug
ALLA/PAP*,food,receipt_ocr
#19-D.B.B.V.spec1aicomboPho$12.95,food,receipt_ocr
UnsweetenedVani,food,synthetic_ocr_aug
Cold Brew Coffee Double Espresso with Almond Milk,food,instacart_web
WATER,food,receipt_ocr
Banana.,food,receipt_ocr
Fruit&NuttyAlrnordsRaisinsCranberriesPecansGranola,food,synthetic_ocr_aug
440G,not_food,receipt_ocr
ICETEHTARIK,food,receipt_ocr
Animal Crackers,food,instacart_web
Mandarin Clementine,food,instacart_web
PAVLOVA FRUITS RGE CITRO,food,receipt_ocr
Apple Strawberry Bar,food,instacart_web
Organic Kamut Pasta Sprirals,food,instacart_web
emonCrd,food,synthetic_ocr_aug
$4.20,not_food,receipt_ocr
1.90,not_food,receipt_ocr
Dietcaffeinefreenocalorieorangesoda,food,synthetic_ocr_aug
100% Lactose Free Organic 2% Reduced Fat Milk,food,instacart_web
Whole White Mushrooms,food,instacart_web
Probiotics Tropical Green Juice Drink,food,instacart_web
Chickpeas! Rotini Pasta,food,instacart_web
Organic Free Range Grade A Large Brown Eggs,food,instacart_web
Oty,not_food,receipt_ocr
Honey Bunches of Oats Roasted Oats,food,instacart_web
Edamame In Pod,food,instacart_web
Tostones,food,receipt_ocr
Unsweetened Original Almond Breeze Almond Milk,food,instacart_web
Chunky Medium Salsa,food,instacart_web
Appleappleapplesauceonthegopouches,food,synthetic_ocr_aug
KTEHLELYSOOME,not_food,receipt_ocr
$1e-98,not_food,receipt_ocr
Organic Wild Blueberry Bars,food,instacart_web
Chocolate Chip Cooke Dough Gelato,food,instacart_web
dgeGrahamNuritionBar,food,synthetic_ocr_aug
Dry Sake,food,instacart_web
Pineapple Strawberry Sparkling Water,food,instacart_web
1% Lowfat Chocolate Milk,food,instacart_web
Peach on the Bottom Nonfat Greek Yogurt,food,instacart_web
Spicy Bread and Butter Pickles,food,instacart_web
Sparkling Tangerine Probiotic Drink,food,instacart_web
bu11e28F00,not_food,receipt_ocr
PANADCSL,not_food,receipt_ocr
Sourdough Round Loaf,food,instacart_web
3Tea,food,receipt_ocr
Miniatures Candy Bars,food,instacart_web
Blue Machine Boosted 100% Juice Smoothie,food,instacart_web
1 Arizona,food,receipt_ocr
WhippedCrearnChecse,food,synthetic_ocr_aug
18.00,not_food,receipt_ocr
Quinoaa,food,synthetic_ocr_aug
675,not_food,receipt_ocr
Supergreens!,food,instacart_web
$15.08,not_food,receipt_ocr
$35.9,not_food,receipt_ocr
Hand Picked Pomegranate Seeds/Arils,food,instacart_web
"TOLNGRUNDTRKEY,LR",food,synthetic_ocr_aug
Guiness,food,receipt_ocr
All Natural Half Lemon Aid & Half Iced Tea,food,instacart_web
Skevers,food,receipt_ocr
AddM,not_food,receipt_ocr
Shishito Peppers,food,instacart_web
Soft-Baked Ripe Strawberry Cereal Bars,food,instacart_web
itam Name,not_food,receipt_ocr
talianStyleMeatballs&MozzrellaSandwichs,food,synthetic_ocr_aug
4895,not_food,receipt_ocr
CoconutMilkVanillaBeanFroz,food,synthetic_ocr_aug
Honeydew Melon,food,instacart_web
Mint & Honey Green Tea,food,instacart_web
8.50,not_food,receipt_ocr
Turkey Pepperoni Slices,food,instacart_web
Seafood Puff,food,receipt_ocr
1THE EARLGREY,food,receipt_ocr
59.36,not_food,receipt_ocr
SLICEDTAMEDJALAPENOPEPPERS,food,synthetic_ocr_aug
Organic Lowfat Yogurt Banana Vanilla,food,instacart_web
NERDE,not_food,receipt_ocr
Sliced Smoked Atlantic Nova Salmon,food,instacart_web
Homemade Vanilla Ice Cream,food,instacart_web
"Juice Beverage, Cold Pressed, Kale Apple Ginger Romaine Spinach Cucumber Celery Parsley Lemon",food,instacart_web
PlainGreekYogurt,food,synthetic_ocr_aug
Roasted Seaweed Snacks Wasabi,food,instacart_web
RICE,food,receipt_ocr
ISUBFIXN,food,receipt_ocr
PPBOWL,not_food,receipt_ocr
FrenchBatardBred,food,synthetic_ocr_aug
ROMBO CARCIOFI FUNGH,food,receipt_ocr
Spicy Chicken w. Spicy Garli,food,receipt_ocr
TriplCrmeBre,food,synthetic_ocr_aug
Bravo Orange Juice,food,produce_classes_web
Diet Coke Soda,food,instacart_web
2.305/ea,not_food,receipt_ocr
Cheddar Cheese,food,instacart_web
IGETEHTARTK,food,receipt_ocr
Natural Alpine Spring Water,food,instacart_web
CarrtRsinFlaxMffns,food,synthetic_ocr_aug
Imitation Crab Sticks,food,instacart_web
2SAUV,food,receipt_ocr
Pepper Jack String Cheese,food,instacart_web
99%Dark/ChocolateCritters,food,synthetic_ocr_aug
Orange Peach Mango,food,instacart_web
7560.00,not_food,receipt_ocr
"Milk, Organic, Fat Free",food,instacart_web
Vegetable Broth,food,instacart_web
"White meat chicken, shredded cabbage, julienne yellow carrots and spicy red coconut flavored curry Thai-Style Chicken Spring Rolls",food,instacart_web
IcelandicStyleSkyrNon-FatStrainedPl0ainYogurt,food,synthetic_ocr_aug
ENCHN,food,receipt_ocr
MAC &CHEESE,food,receipt_ocr
Yaku1t5x65m1,food,receipt_ocr
Crunchy Peanut Butter Builder's Bar,food,instacart_web
Vanilla Unsweetened Almond Milk,food,instacart_web
All Natural Won Ton Wraps,food,instacart_web
Reduced Fat Original Baked Snack Crackers,food,instacart_web
Greek Strawberry Fat Free Yogurt,food,instacart_web
Green Tea Mochi Ice Cream Bonbons,food,instacart_web
Cbocolatcbip,food,synthetic_ocr_aug
30000,not_food,receipt_ocr
Bacon (2)Slices,food,receipt_ocr
Clams,food,receipt_ocr
Shclledsybensclmame,food,synthetic_ocr_aug
Gluten Free Chocolate Chunk Cookies,food,instacart_web
Qtr,not_food,receipt_ocr
(S16.50each),food,receipt_ocr
BonelessSkinlessChickenB1reasts,food,synthetic_ocr_aug
Homestyle Ranch,food,instacart_web
Turmeric,food,instacart_web
Guesta,not_food,receipt_ocr
Organic 100% Whole Wheat Loaf,food,instacart_web
Granulated White Cane Sugar,food,instacart_web
OrganicSweetPota,food,synthetic_ocr_aug
66'9S,not_food,receipt_ocr
glutenfreecomfortchickeninsweetbbqsa,food,synthetic_ocr_aug
Fever,not_food,receipt_ocr
38589,not_food,receipt_ocr
"Frozen Desserts, Cookies and Cream",food,instacart_web
HeirloomBrownEgg,food,synthetic_ocr_aug
Artichoke Sauce,food,instacart_web
1 Fanta groot,food,receipt_ocr
AVOCADOSALAD,food,receipt_ocr
Spicy Salmon Head N,food,receipt_ocr
aacnos,food,receipt_ocr
@2.75,not_food,receipt_ocr
Seedless Watermelon,food,instacart_web
Ixpe IV8t1060-,not_food,receipt_ocr
709 P-Copy 450'S,not_food,receipt_ocr
Harvest Peach Yogurt,food,instacart_web
Original Chai Tea Latte,food,instacart_web
Real Smooth,food,receipt_ocr
LaPotato Gravy,food,receipt_ocr
YgurtCheesewhProbiotic,food,synthetic_ocr_aug
BoolthouseBabyCarrots,food,synthetic_ocr_aug
Mint Chocolate Chip Protein Bar,food,instacart_web
STEAMED GINGER CHICKEN,food,receipt_ocr
Naturals Lite Goddess Dressing,food,instacart_web
Indian Samosa Wrap,food,instacart_web
yogurt,food,basket_categories_web
3.266,not_food,receipt_ocr
Disc.,not_food,receipt_ocr
ProBugs Whole Milk Kefir Orange Creamy Crawler,food,instacart_web
Organic Wide Udon Asian Pasta,food,instacart_web
35/36,not_food,receipt_ocr
Organic Plain Nonfat Greek Yogurt,food,instacart_web
CANDY,food,receipt_ocr
"Sparkling Water, Natural Mango Essenced",food,instacart_web
CranberryNutGoodnessGr,food,synthetic_ocr_aug
Nan-.Sabn,food,receipt_ocr
27:98,not_food,receipt_ocr
13.,not_food,receipt_ocr
Limonata Sparkling Lemon Beverage,food,instacart_web
06E,not_food,receipt_ocr
Aner KobeFf let,food,receipt_ocr
Sweet Potatoes,food,instacart_web
OlvHummus,food,synthetic_ocr_aug
Hass Avocado Variety,food,instacart_web
PeeledSbal1ots,food,synthetic_ocr_aug
Maguro,food,receipt_ocr
Organic Greek Olive Mix,food,instacart_web
Loose White Button Mushrooms,food,instacart_web
Size,not_food,receipt_ocr
NHITECABLE TIE4*2OOMMC8),not_food,receipt_ocr
"Tortillas,Brownrice",food,synthetic_ocr_aug
100160,not_food,receipt_ocr
JalapenoKettleCo,food,synthetic_ocr_aug
Total 2% with Raspberry Pomegranate Lowfat Greek Strained Yogurt,food,instacart_web
shami Fish Head curryM),food,receipt_ocr
Natural Classic Pork Breakfast Sausage,food,instacart_web
S6.50,not_food,receipt_ocr
Low Fat Plain Yogurt,food,instacart_web
KARI PAKORA,food,receipt_ocr
Coconut Milk Carton,food,synthetic_food_list
Roasted Tomato Basil Soup,food,instacart_web
Hawaiian Dinner Rolls,food,instacart_web
TUSCanKAle&QUINO,food,synthetic_ocr_aug
Hab Ro asRed Bean,food,receipt_ocr
OrangePeelnDrkChocolateBar,food,synthetic_ocr_aug
Bone OUT,food,receipt_ocr
Coconut Blended Greek Yogurt,food,instacart_web
FISHBIRIYANT,food,receipt_ocr
$E00,not_food,receipt_ocr
T2X,not_food,receipt_ocr
Lime Flavored Flavored Sparkling Water,food,instacart_web
1512,not_food,receipt_ocr
Cinnamon,food,receipt_ocr
Chicken Little Jamm Sliders,food,instacart_web
No.Item,not_food,receipt_ocr
9034870,not_food,receipt_ocr
Whipped Butter,food,instacart_web
$570,not_food,receipt_ocr
Amo,not_food,receipt_ocr
Organic Raw Sharp Cheddar Cheese,food,instacart_web
Provolone,food,instacart_web
8oogrHiJau,not_food,receipt_ocr
Waffle Cut Sweet Potato Seasoned Fries,food,instacart_web
Strawberry Rhubarb Yoghurt,food,instacart_web
C.aliforniaClementines,food,synthetic_ocr_aug
$3.99,not_food,receipt_ocr
Wafelke,food,receipt_ocr
GUNTURTOLY,food,receipt_ocr
ARRCV,not_food,receipt_ocr
urcuredcrockedpepperbeef,food,synthetic_ocr_aug
SUMATRADARKROASTK-CUPS,food,synthetic_ocr_aug
Nutty for 'Nana Low-Fat Greek Yogurt,food,instacart_web
Blckberries,food,synthetic_ocr_aug
Organic Low Fat Cottage Cheese,food,instacart_web
Original Red Raspberry Yogurt,food,instacart_web
Vanilla Bean Ice Cream,food,instacart_web
1a22.00CHF,not_food,receipt_ocr
Organic Rosemary,food,instacart_web
Heirloomt,food,synthetic_ocr_aug
Garbanzo Beans,food,instacart_web
The Smurfs Gummi Candy,food,instacart_web
AddPolloTaco,food,receipt_ocr
TraditionalScottishStyleSmokeddSalmon,food,synthetic_ocr_aug
CRISPY,not_food,receipt_ocr
425,not_food,receipt_ocr
milclgrcenchleenchildasuc,food,synthetic_ocr_aug
Dinner Platters,food,receipt_ocr
Beseripton,not_food,receipt_ocr
Kale Bunch,food,synthetic_food_list
ROUND,not_food,receipt_ocr
Organic Golden Round Crackers,food,instacart_web
Breakfast Blend Ground Coffee,food,instacart_web
Gin Gins Original Chewy Ginger Candy,food,instacart_web
$10.00,not_food,receipt_ocr
$4.50,not_food,receipt_ocr
-20/250,not_food,receipt_ocr
Blueberry B Monster,food,instacart_web
BtstecPalomllla,not_food,receipt_ocr
fnkoftheDay,food,receipt_ocr
Strawberries,food,instacart_web
80$,not_food,receipt_ocr
Bertolli Extra Virgin Olive Oil,food,branded_items_web
Chocolate Chips,food,instacart_web
Protein Bars,food,synthetic_food_list
Garden Salad,food,instacart_web
Wint-O-Green,food,instacart_web
1693211KRYLONQT CHALKYFINSHMH,not_food,receipt_ocr
TaFritia,food,receipt_ocr
Caffe Verona Dark Ground Coffee,food,instacart_web
LUNCHABLEEXTRACHEESY,food,synthetic_ocr_aug
JAMBUBATU(GUAVASEEDLESSIMUTIARAKG,food,receipt_ocr
Special K Fruit & Yogurt Cereal,food,instacart_web
SteamersAntioxid,food,synthetic_ocr_aug
1250,not_food,receipt_ocr
9.800,not_food,receipt_ocr
NASTPUTTH,food,receipt_ocr
:1272,not_food,receipt_ocr
Organic Chicken & Vegetable Potstickers,food,instacart_web
22,not_food,receipt_ocr
FIMLANDTACWELLSMAR,food,receipt_ocr
Air Chilled Breaded Chicken Breast Nuggets,food,instacart_web
200.00,not_food,receipt_ocr
"Whole Milk, Vitamin D, Jug",food,instacart_web
Original Restaurant Style Tortilla Chips,food,instacart_web
31.000,not_food,receipt_ocr
O'Soy Smooth & Creamy Vanilla Organic Soy Yogurt,food,instacart_web
RME,not_food,receipt_ocr
Organic Coconut Palm Sugar,food,instacart_web
orGaNICFatFreEdhAOmEgA3miLk,food,synthetic_ocr_aug
996,not_food,receipt_ocr
SPCY.FRY,food,receipt_ocr
OriginalStrawberryLowFatYYogurt,food,synthetic_ocr_aug
Caramel Corn Rice Cakes,food,instacart_web
Original Cream Cheesecake,food,instacart_web
10 Grams Protein Cranberry Almond Instant Oatmeal,food,instacart_web
Granulated Sugar,food,instacart_web
Oh My Yog! Pacific Coast Strawberry Trilayer Yogurt,food,instacart_web
1185,not_food,receipt_ocr
"23,00",not_food,receipt_ocr
0rganicGarbanzoBeansNoSaltAclded,food,synthetic_ocr_aug
Organic Garden Blend Sprouts,food,instacart_web
Digestive European Biscuits,food,instacart_web
SeaSaltCaramlFrozeGreeYogurtBars,food,synthetic_ocr_aug
Feta Crumbles,food,instacart_web
Taco D Chorizo,food,receipt_ocr
WellDena,not_food,receipt_ocr
SaImonSashim:,food,receipt_ocr
Queso Chihuahua Quesadilla Cheese Shredded,food,instacart_web
6969,not_food,receipt_ocr
Marshmallow Creme,food,instacart_web
stRaWBerRylOwFATMilk,food,synthetic_ocr_aug
169.00,not_food,receipt_ocr
RUOAST,food,receipt_ocr
KE23-33-53,not_food,receipt_ocr
COSTOLETT,food,receipt_ocr
Almond Breeze Original Almond Milk,food,instacart_web
GS,not_food,receipt_ocr
"Cabernet Sauvignon, California, 2005",food,instacart_web
FriendoB1cndoEspressoBeans,food,synthetic_ocr_aug
BigSlceCheddarSharCheeseSlices,food,synthetic_ocr_aug
Super Greens,food,instacart_web
GuinnessDraft,food,receipt_ocr
TACOMilDseAson,food,synthetic_ocr_aug
LACTOSEFREEORGANICWHOLEMILKPLAINYOGURT,food,synthetic_ocr_aug
Brown Eggs,food,instacart_web
Sliced White Mushrooms,food,instacart_web
OrganicFrzeDridStrwbrris,food,synthetic_ocr_aug
WEEKDAY DINN,not_food,receipt_ocr
Small Curd Lowfat 2% Milkfat Cottage Cheese,food,instacart_web
Russian Style Gluten Free No Salt Added Farmers Cheese,food,instacart_web
stat,not_food,receipt_ocr
irr,not_food,receipt_ocr
AmontRM,not_food,receipt_ocr
Diced Jalapenos,food,instacart_web
Crunchy Chocolate Bliss Coconut Chips,food,instacart_web
Lucky Charms Cereal,food,instacart_web
ROCCOLIRABE WGA*,food,receipt_ocr
BudL1ght(2#370),food,receipt_ocr
Largay,not_food,receipt_ocr
Original Animal Crackers,food,instacart_web
"Capers, Imported Non-Pareil",food,instacart_web
comps,not_food,receipt_ocr
aomp:,not_food,receipt_ocr
Apple Cinnamon,food,instacart_web
Cream Top Smooth Coffee Yogurt,food,instacart_web
CBE,not_food,receipt_ocr
9V8,not_food,receipt_ocr
Cranberry Pomegranate Flavor 100% Juice,food,instacart_web
Vegan Split Pea Soup,food,instacart_web
Organic Red Potatoes,food,instacart_web
Poached Beijing Dumpling,food,receipt_ocr
SloppyJoes,food,receipt_ocr
Pita Chips Simply Naked,food,instacart_web
SiNoItem Name,not_food,receipt_ocr
IND0MILKBANANA190,food,receipt_ocr
Caesar Salad Kit,food,instacart_web
Chessmen Cookies,food,instacart_web
2OX1KG,not_food,receipt_ocr
Swiss Cheese Block,food,instacart_web
ADSVO,not_food,receipt_ocr
Clean Energy Berry,food,instacart_web
Crunchy Kale Nacho,food,instacart_web
2Vani1la Bean,food,receipt_ocr
Sp,not_food,receipt_ocr
OrganicEdamame,food,synthetic_ocr_aug
SotFamiy100%WholeWheaBread,food,synthetic_ocr_aug
Jiffy Creamy Peanut Butter,food,branded_items_web
rgancbobyarugu1a,food,synthetic_ocr_aug
Jasmine Rice,food,instacart_web
1.50,not_food,receipt_ocr
TEREPEMARRON,food,receipt_ocr
10.579/ea,not_food,receipt_ocr
RINSO DET.MTCFRNT 3,not_food,receipt_ocr
9.79,not_food,receipt_ocr
Tempt Unsweetened Coconut Hemp Milk,food,instacart_web
Pasta Joy Ready Organic Brown Rice Pasta Penne,food,instacart_web
Ceg Chips,food,receipt_ocr
Slice,food,receipt_ocr
GtchEeSc1OG,food,synthetic_ocr_aug
French Loaf,food,instacart_web
Noragainisthere,not_food,receipt_ocr
Dumpling Hunan,food,instacart_web
SfveLU,not_food,receipt_ocr
Harvest Best in 100% Fruit Juice Mandarin Oranges,food,instacart_web
STK LUNCH,food,receipt_ocr
Clementines#,food,synthetic_ocr_aug
Pure Cane Granulated Sugar,food,instacart_web
Tofu Shirataki Fettuccine Noodle Substitute,food,instacart_web
(3)0riginal,not_food,receipt_ocr
$757,not_food,receipt_ocr
Grape Tomatoes,food,instacart_web
Garlic & Herb Multi Grain Crackers,food,instacart_web
Salt,food,instacart_web
"Chicken Base, Organic",food,instacart_web
23.75,not_food,receipt_ocr
Dark Chocolate Peanut Butter Cups,food,instacart_web
BRANZINO GRIGLIATO,food,receipt_ocr
40.00o,not_food,receipt_ocr
CinramonBreacl,food,synthetic_ocr_aug
Organic Creamy Tomato Soup,food,instacart_web
Baked Sea Salt & Vinegar Potato Chips,food,instacart_web
3.600,not_food,receipt_ocr
Cherimoya,food,instacart_web
Vanilla Caramel Fudge Ice Cream,food,instacart_web
W/Moro Ganduies,food,receipt_ocr
Chunk Light Tuna In Water,food,instacart_web
345,not_food,receipt_ocr
DiSCAMOUNTTAX,not_food,receipt_ocr
"Organicbutterhead(Boston,Butter,Bibb)Lettuce",food,synthetic_ocr_aug
Crescent Rolls,food,instacart_web
Country Style Baked Beans,food,instacart_web
68$,not_food,receipt_ocr
PurityFarmsheeClrifidButter,food,synthetic_ocr_aug
Lighty Breaded Fishies,food,instacart_web
NOJBUN,not_food,receipt_ocr
FIBER,not_food,receipt_ocr
$10.0,not_food,receipt_ocr
1MEZCALARITA,food,receipt_ocr
Sharp Cheddar Cheese Shredded,food,instacart_web
"Bacon, Egg & Cheese Biscuit Sandwiches",food,instacart_web
Defense Up Cold Pressed Fruit Smoothie,food,instacart_web
Thin Whole Wheat Sandwich Buns,food,instacart_web
Soft Taco Tortillas,food,instacart_web
450,not_food,receipt_ocr
Descript ion,not_food,receipt_ocr
GRS only,not_food,receipt_ocr
Life Cereal,food,instacart_web
ROCCOLI RABEWGA*,food,receipt_ocr
KOBIS,food,receipt_ocr
Macaroni&CheeseDinnerNicelodeonSpongeBobSquarePantsShapes,food,synthetic_ocr_aug
uht-milk,food,basket_categories_web
Rab!,food,receipt_ocr
Canned Aranciata Orange,food,instacart_web
"Organic Pineapple, Apple & Pea Freeze Dried Snacks",food,instacart_web
SIO3M,not_food,receipt_ocr
DIETCOKE,food,receipt_ocr
Golden Delicious Apple,food,instacart_web
te66 Burger 8oz,food,receipt_ocr
$B.80,not_food,receipt_ocr
Vegetarian Grain Meat Sausages Italian - 4 CT,food,instacart_web
17.20,not_food,receipt_ocr
Carrots,food,instacart_web
Wator,food,receipt_ocr
5.909,not_food,receipt_ocr
39706748-INNETAL STAINED 8LASS,food,receipt_ocr
Pacific Cod Fillet,food,instacart_web
Organic Sweet Italian Chicken Sausage,food,instacart_web
"Almondmilk Creamer, Vanilla",food,instacart_web
Sml Coffee Frap,food,receipt_ocr
Extra Crunchy Peanut Butter,food,instacart_web
Selects Smoked Uncured Bacon,food,instacart_web
2.18,not_food,receipt_ocr
S22.90,not_food,receipt_ocr
Steak,food,receipt_ocr
Spaghett1 ConPo1lo,food,receipt_ocr
DAN,not_food,receipt_ocr
Natural Premium Coconut Water,food,instacart_web
X050,not_food,receipt_ocr
Baked Caesar Snapea Crisps,food,instacart_web
Caramel Filled Chocolate Candy,food,instacart_web
Bravo Apple Juice,food,produce_classes_web
Triscuit Original Baked Whole Grain Wheat Crackers,food,instacart_web
Chocolate Chip Bunny Grahams Whole Grain Graham Snacks Bunny Grahams,food,instacart_web
WhOLEWHEaTFREShst,food,synthetic_ocr_aug
0:10,not_food,receipt_ocr
PurifiedDrinkingWater,food,synthetic_ocr_aug
71.00S,not_food,receipt_ocr
MASALA,food,receipt_ocr
SPAN HANDLE,not_food,receipt_ocr
80.000,not_food,receipt_ocr
sundriedtomatoesinoliveoil,food,synthetic_ocr_aug
Special K Vanilla Almond Cereal,food,instacart_web
Organic Dried & Unsulfured Orchard Select Apples,food,instacart_web
Eggnog,food,instacart_web
23.70Z,not_food,receipt_ocr
OrganicrostedMpleBrownSugarToastrPastries,food,synthetic_ocr_aug
Teriyaki Sauce,food,instacart_web
Sliced Brown Portabello Mushrooms,food,instacart_web
$35.99,not_food,receipt_ocr
1Dietcoke,food,receipt_ocr
Flax Plus Hot Oatmeal,food,instacart_web
3.60,not_food,receipt_ocr
"HintofMinnt,RichChocolatewithaSplashofMintFitFrozenDessert",food,synthetic_ocr_aug
Organic Southwestern Vegetable Soup,food,instacart_web
O.20SR,not_food,receipt_ocr
1BLACK PEPPER BACON,food,receipt_ocr
33.90,not_food,receipt_ocr
Gigli,food,instacart_web
Organic American Cheese Singles,food,instacart_web
No Pulp Calcium & Vitamin D Pure Premium 100% Pure Orange Juice,food,instacart_web
Essential Greens With Lime  Vegetable and Fruit Juice Blend,food,instacart_web
Pita Chips,food,synthetic_food_list
1500,not_food,receipt_ocr
SalmonoyakoRoll,food,receipt_ocr
Onion Flavor Chomperz Crunchy Seaweed Chips,food,instacart_web
Coconut Water with Peach & Mango,food,instacart_web
AMOUN,not_food,receipt_ocr
8read&ButterCbips,food,synthetic_ocr_aug
WhiteCbeddarSemisoftChecse,food,synthetic_ocr_aug
Yakisoba Instant Noodle Soup,food,instacart_web
O*rganicBonelessSkinlessChickenBreasts,food,synthetic_ocr_aug
1LobsterTa,food,receipt_ocr
DietRootBeer,food,synthetic_ocr_aug
Kefir Cultured Milk Smoothie Plain,food,instacart_web
Mild Cheddar Cheese,food,instacart_web
BRUNCHZ COURSE,not_food,receipt_ocr
nosBtava,not_food,receipt_ocr
Trapper Creek Organic Decaf Blend Whole Bean Coffee,food,instacart_web
ComicePear,food,synthetic_ocr_aug
fruit/vegetablejuice,food,synthetic_ocr_aug
>FriedOntonstrings,food,receipt_ocr
ChrryCk,food,synthetic_ocr_aug
Pineapple Juice,food,instacart_web
Coho Salmon,food,instacart_web
Rice Crusted Fish Fillets,food,instacart_web
House Blend Whole Bean Coffee,food,instacart_web
5.60SR,not_food,receipt_ocr
Intense & Smoky French Roast Dark Roast Ground Coffee,food,instacart_web
Crunchy Flamin' Hot Cheese Flavored Snacks,food,instacart_web
Sourdough Bread,food,instacart_web
Vanilla Mini Swirls Cones,food,instacart_web
Chicken Bouillon Cubes,food,instacart_web
Peanut Butter & Chocolate Muddy Buddies Chex Mix,food,instacart_web
OrganicStrawbberryLowfatYogurtSmoothie,food,synthetic_ocr_aug
HandyCandyOrganicGrapeT,food,synthetic_ocr_aug
Quiche Lorraine,food,instacart_web
S1O3M,not_food,receipt_ocr
138,not_food,receipt_ocr
Best Sloppy Joe Skillet Sauce,food,instacart_web
OrignalSace,food,synthetic_ocr_aug
Crunchy Peanut Butter,food,instacart_web
Sweet Mint Gum,food,instacart_web
Toddler Veggie Cracker Bites,food,instacart_web
New York Style Nova Lox,food,instacart_web
229,not_food,receipt_ocr
Sea Salt Garden Veggie Straws,food,instacart_web
Dark Chocolate  with A Touch Of Sea Salt,food,instacart_web
Organic Sweet Potato Fries,food,instacart_web
Ezekiel 4:9 Flax Sprouted Grain Bread,food,instacart_web
Fajita Whole Wheat Flour Tortillas,food,instacart_web
XPeps Max74,food,receipt_ocr
Naturally Smoked Oysters in Pure Olive Oil,food,instacart_web
Papaya*,food,synthetic_ocr_aug
WomanBlouse,not_food,receipt_ocr
"192,000",not_food,receipt_ocr
vRmrTMpLESyrup8raKfaSTSUsaG,food,synthetic_ocr_aug
38500,not_food,receipt_ocr
OrgaanicRawCoconutButter,food,synthetic_ocr_aug
Mixed Fruit Salad,food,instacart_web
Adipisc,not_food,receipt_ocr
Organic Salted Pistachio,food,instacart_web
26.Fish Goulash,food,receipt_ocr
Forest Berry Natural Lowfat Yogurt,food,instacart_web
Large Soft,food,receipt_ocr
$695,not_food,receipt_ocr
OriginalKettleCookedPotatoChip/s,food,synthetic_ocr_aug
Peanut Butter Gluten Free Breakfast Bars,food,instacart_web
Raisin Bran Cereal,food,instacart_web
NoonPareilsCapers,food,synthetic_ocr_aug
Premiumapplecider,food,synthetic_ocr_aug
Lime Ginger Lemon Agave,food,instacart_web
Spicy Salsa,food,instacart_web
ManzanitaSol,food,receipt_ocr
OFFERU,not_food,receipt_ocr
Find Your Thrill On Blueberry Hill Cheesecake,food,instacart_web
Oyster Sauce,food,instacart_web
Jasmine Ready Rice,food,instacart_web
THagularSoda,food,receipt_ocr
Uncured Genoa Salami,food,instacart_web
1X16,not_food,receipt_ocr
Dine,not_food,receipt_ocr
OrganicVaillaKefir,food,synthetic_ocr_aug
Organic Unrefined Coconut Oil,food,instacart_web
5:600,not_food,receipt_ocr
Organic Spelt Tortillas,food,instacart_web
Organic Half Tea & Half Lemonade,food,instacart_web
Baby Corn,food,receipt_ocr
M&G.R3 GELPEN.0.5MM 37S.,not_food,receipt_ocr
Cinnamon & Spice Instant Oatmeal,food,instacart_web
1 Taquitos Baja Callfornla Shrimp,food,receipt_ocr
xOppeneFouratt,not_food,receipt_ocr
Outrageous B & B Pickles,food,instacart_web
"49,500",not_food,receipt_ocr
1Scoke,food,receipt_ocr
TASREBANATANGGUNG KUNING,not_food,receipt_ocr
MatchaFusion,food,receipt_ocr
Coconut Yoghurt,food,instacart_web
Stovigle,not_food,receipt_ocr
Semi-Sweet Chocolate Premium Baking Chips,food,instacart_web
"Pizza Poppers, Three Cheese",food,instacart_web
Liverwurst,food,instacart_web
Cheese Tamale Verde,food,instacart_web
$11.98,not_food,receipt_ocr
Spanish Rice,food,instacart_web
"TORTILLACHIPS,MXICANKITCHCNSTYL,SLTCD",food,synthetic_ocr_aug
The Big 16 Grain Sprouted Whole Grain Bread,food,instacart_web
Ersalada,food,receipt_ocr
1.Kona Longboard,food,receipt_ocr
Organic 2% Reduced Fat Milk,food,instacart_web
UncrutablesPeanutButter&StrawberrySpreadSandwich,food,synthetic_ocr_aug
Ovenbakedcheddar&Sourcreampotato,food,synthetic_ocr_aug
# Naam,food,receipt_ocr
Brown Rice,food,synthetic_food_list
SunflowerSeedSp,food,synthetic_ocr_aug
Dips Original Ranch Mix,food,instacart_web
dTots,food,receipt_ocr
Take,not_food,receipt_ocr
Organic Ice Cream Vanilla Bean,food,instacart_web
Pear Nectar,food,instacart_web
Reduced Fat Milk 2%,food,instacart_web
66ZS,not_food,receipt_ocr
Zinfa,food,synthetic_ocr_aug
RefriedBeansFFatFree,food,synthetic_ocr_aug
191,not_food,receipt_ocr
Sweet&So,food,synthetic_ocr_aug
"Ice Cream, Super Premium, Mint Chocolate Chip",food,instacart_web
Large Brown Eggs,food,instacart_web
egapokeBowl,food,receipt_ocr
ORGANICBARTLETTPEAR,food,synthetic_ocr_aug
2 cnu Toro,food,receipt_ocr
510.00,not_food,receipt_ocr
snoestring,food,receipt_ocr
Original Classic Organic Rice Drink,food,instacart_web
aarlupsrm,food,receipt_ocr
YellowNec,food,synthetic_ocr_aug
organicsproutofuteriyakitofucutlets,food,synthetic_ocr_aug
"Sugar, Organic",food,instacart_web
EdamameInPod0,food,synthetic_ocr_aug
PhiladelphaRol,food,receipt_ocr
Organic Thompson Seedless Raisins,food,instacart_web
Sliced Sourdough Bread,food,instacart_web
PureConeRougbCutSugarCubes,food,synthetic_ocr_aug
(SST),not_food,receipt_ocr
C9.99EA,not_food,receipt_ocr
Cru.shedTomatoes,food,synthetic_ocr_aug
Whole Milk Ricotta Cheese,food,instacart_web
"Hazelnuts in Milk Chocolate, 33% Cocoa",food,instacart_web
StrawberryYogurtProteinDrirkwithaCrunchySbot,food,synthetic_ocr_aug
Crispy Naked Wings,food,receipt_ocr
"The \""World's Best\"""" Veggie Burger""",food,instacart_web
StrawberryLemonadeFrozenP*ops,food,synthetic_ocr_aug
S40.00,not_food,receipt_ocr
BBQRanc.hChoppedSalad,food,synthetic_ocr_aug
Spreadable Butter with Olive Oil & Sea Salt,food,instacart_web
Salsa Con Queso Medium,food,instacart_web
edDrpeppe,food,receipt_ocr
U.price,food,receipt_ocr
Organic Cinnamon Raisin Bread,food,instacart_web
TSHIRTPRINTING,not_food,receipt_ocr
Thins,food,receipt_ocr
FavaaBeans,food,synthetic_ocr_aug
101756,not_food,receipt_ocr
BingCherri,food,synthetic_ocr_aug
Street Wrap Chicken Tikka Masala,food,instacart_web
Vcggicdogs,food,synthetic_ocr_aug
TX,not_food,receipt_ocr
OEY,not_food,receipt_ocr
SoftPotattoBread,food,synthetic_ocr_aug
ROYALGOLDLUXURIOUSKITCHENTOWEL,not_food,receipt_ocr
Dbi otr Chees.,food,receipt_ocr
Leafy Romaine Salad Blend,food,instacart_web
White Cheddar Jalapeno Gourmet Popcorn,food,instacart_web
Strawberry Soda,food,instacart_web
211011.Portugues,not_food,receipt_ocr
elliedCranberrySauce,food,synthetic_ocr_aug
Organic Whole Grain Sprouted Quinoa,food,instacart_web
BBQ,not_food,receipt_ocr
Lactose Free Half & Half,food,instacart_web
SALE,not_food,receipt_ocr
Tofu,food,instacart_web
*14.90,not_food,receipt_ocr
BelVita Golden Oat Breakfast Biscuit Packets,food,instacart_web
Organic Diabetic Lifestyle Bread,food,instacart_web
Hemp Seeds,food,instacart_web
Spam Original Luncheon Meat,food,instacart_web
herbs,food,basket_categories_web
CheeseAlternativeShreds,food,synthetic_ocr_aug
rginalMolasss,food,synthetic_ocr_aug
Spicy Tomato & Basil Pasta Sauce,food,instacart_web
Mighty Minis Slow Melt Pops,food,instacart_web
Bacon Breakfast Bowl,food,instacart_web
5683,not_food,receipt_ocr
Butter!,food,receipt_ocr
*COUSCOUSCRF.44OG,food,receipt_ocr
63.75,not_food,receipt_ocr
Vermont Maple Syrup Breakfast Sausage,food,instacart_web
NOL,not_food,receipt_ocr
Almond & Apricot Bar,food,instacart_web
OrganicTraditionalGluten,food,synthetic_ocr_aug
French Vanilla Super Moist Cake Mix,food,instacart_web
Baby Portabella Mushrooms,food,instacart_web
400MG,not_food,receipt_ocr
1.29*0.837,not_food,receipt_ocr
Vegetabl Roil,food,receipt_ocr
Hot Salsa,food,instacart_web
TheDON×3,food,receipt_ocr
Crumb1Edbluccheese,food,synthetic_ocr_aug
OriginalBarbecueSauce,food,synthetic_ocr_aug
Bread Crumbs,food,instacart_web
HOUSE MARGARITA JUHBO,food,receipt_ocr
Butternut Squash Bisque,food,instacart_web
Kobe Beef Slder,food,receipt_ocr
Deep Applewood Smoked Thick Sliced Bacon,food,instacart_web
Cherubs Tomatoes,food,instacart_web
Unseasoned Whole Grain Bread Crumbs,food,instacart_web
Smores Drumstick,food,instacart_web
Vintners Reserve Sauvignon Blanc,food,instacart_web
Dnsalatar,food,receipt_ocr
"Broccoli Florets, Organic",food,instacart_web
Sides,food,receipt_ocr
QUICHE LORAINE,food,receipt_ocr
Organic Brown Rice Snaps Unsalted Plain,food,instacart_web
Poblano Pepper,food,instacart_web
0575,not_food,receipt_ocr
Cream Top Strawberry on the Bottom Yogurt,food,instacart_web
STRAWBERRYLOWFATMILK,food,synthetic_ocr_aug
SmokcdPul1edPork,food,synthetic_ocr_aug
Cage Free Large Brown Eggs,food,instacart_web
1LIcedTea,food,receipt_ocr
Rico,not_food,receipt_ocr
FOAMEGARD9X46CM,not_food,receipt_ocr
Chocolate Milk Frozen Pops,food,instacart_web
HamachiCollar,food,receipt_ocr
Butter Snap Pretzels,food,instacart_web
Milk Whole,food,instacart_web
Frenc/hVanillaSuperMoistCakeMix,food,synthetic_ocr_aug
Bunched Carrots,food,instacart_web
4.10SR,not_food,receipt_ocr
"Cookies, Chocolate Chip Walnut",food,instacart_web
TMANISMEXLEAPC,food,receipt_ocr
Total Greek Yogurt With Honey,food,instacart_web
Spinach And Artichoke Hummus,food,instacart_web
Pretzel Sticks,food,instacart_web
Frosted Chocolate Cup Cakes  with Creamy Filling,food,instacart_web
Zesty French Dressing,food,instacart_web
Non-Fat Blueberry on the Bottom Greek Yogurt,food,instacart_web
88889,not_food,receipt_ocr
39000,not_food,receipt_ocr
DAL KHICHDI,food,receipt_ocr
DELECT BSOUECKTN,food,receipt_ocr
Mott’s Natural Apple Juice,food,branded_items_web
RoundAmt,not_food,receipt_ocr
Chili Garlic Sauce,food,instacart_web
Dark Chocolate Hazelnut,food,instacart_web
HH,not_food,receipt_ocr
TGWFD32,not_food,receipt_ocr
Hickory Smoked Turkey Breast,food,instacart_web
Caramel Almond and Sea Salt Nut Bar,food,instacart_web
OrgaanicBreakfastBlendWholeBeanCoffee,food,synthetic_ocr_aug
11000,not_food,receipt_ocr
SmartBBranWithPsyllium&OatbranCereal,food,synthetic_ocr_aug
2EGGS,food,receipt_ocr
Parmesan Cheese Grated,food,synthetic_food_list
Sausage  Links,food,instacart_web
Organic Darjeeling Tea,food,instacart_web
Soft Serve,food,receipt_ocr
"rgancTurbind,RwCaneSugar",food,synthetic_ocr_aug
Winter Cheer Cold Brew,food,instacart_web
Salame,food,instacart_web
008°6,not_food,receipt_ocr
Low fat Chocolate Milk,food,instacart_web
Buckwheat Soba,food,instacart_web
2EMPANADA,food,receipt_ocr
"Organic Mini Sweet Pepper, Pint",food,instacart_web
ArlaMdmFatMilk,food,synthetic_ocr_aug
$1.00,not_food,receipt_ocr
Organic Freeze Dried Pineapple,food,instacart_web
PREMIUMICECUBES,food,synthetic_ocr_aug
OrganiicMango,food,synthetic_ocr_aug
$5.00,not_food,receipt_ocr
2.80,not_food,receipt_ocr
Creamy Carob Mousse Cheesecake,food,instacart_web
Tacobearnitas,food,receipt_ocr
Organic Triple Berry Blend,food,instacart_web
$475,not_food,receipt_ocr
HaSSaVCCLBOG,food,synthetic_ocr_aug
"Bread, Sprouted Grain & Seed Loaf, Genesis 1:29",food,instacart_web
45:00,not_food,receipt_ocr
California Veggie Burger,food,instacart_web
"Black Cherry, Naturally Flavored Zero Calorie Soda, Caffeine Free",food,instacart_web
Organic Whole Wheat Bread,food,instacart_web
Spaghetti  No 12,food,instacart_web
10199/ea,not_food,receipt_ocr
1% Milkfat Low Fat Vitamin A & D Milk,food,instacart_web
Aner Kobe et,food,receipt_ocr
Duisauteirure-dolor,not_food,receipt_ocr
Prosciutto,food,instacart_web
1612,not_food,receipt_ocr
HOI,not_food,receipt_ocr
YukonGoldPPotato,food,synthetic_ocr_aug
Doris,food,receipt_ocr
Organic Whole Wheat Sourdough Bread,food,instacart_web
Turkey Drumsticks,food,instacart_web
3:00,not_food,receipt_ocr
GroundCoffee,food,synthetic_ocr_aug
25,not_food,receipt_ocr
Organic Roasted Turkey Breast,food,instacart_web
Orange,food,instacart_web
Spicy Minis Guacamole,food,instacart_web
Lightlysaltedkettlepota,food,synthetic_ocr_aug
M&GR3GEL,not_food,receipt_ocr
Boneless Beef Sirloin Steak,food,instacart_web
GUNTURTDLY,food,receipt_ocr
8.00,not_food,receipt_ocr
Table2,not_food,receipt_ocr
"""Our""",food,receipt_ocr
Go Lean Cereal,food,instacart_web
Organic Whole Peeled Plum Tomatoes,food,instacart_web
Blonde Macaroons,food,instacart_web
c334o0.00,not_food,receipt_ocr
Organic Good Seed Bread,food,instacart_web
ESSO*,not_food,receipt_ocr
STDE,not_food,receipt_ocr
#L14 GarlicDe1ight,food,receipt_ocr
Wild Rice,food,instacart_web
TRUFFLEROLLTO,food,receipt_ocr
Cayenne Cleanse Probiotic Tea,food,instacart_web
Dueso Fresco Guacamole:,food,receipt_ocr
Arugul*a,food,synthetic_ocr_aug
organicplainwholemilkyogurt,food,synthetic_ocr_aug
Yerba Mate Orange Exuberance Tea,food,instacart_web
Multi Grain Sea Salt Tortilla Chips,food,instacart_web
GOTCU,food,receipt_ocr
DTSCOUNTEACH,not_food,receipt_ocr
Sparkling Probiotic Drink Strawberry Acai Coconut,food,instacart_web
Sea Salt Soiree Intense Dark Chocolate Squares,food,instacart_web
Natural California Raisins Mini Snack Boxes,food,instacart_web
01406,not_food,receipt_ocr
Authentic French Brioche,food,instacart_web
Bacon2ysllees,food,receipt_ocr
Carrot and Celery Sticks,food,instacart_web
FRIES,food,receipt_ocr
2 5 French Frles3.18,food,receipt_ocr
Organic Oat Non-Dairy Original Beverage,food,instacart_web
Super Moist Yellow Cake Mix,food,instacart_web
lv871060,not_food,receipt_ocr
Chili Garlic Hot Sauce,food,instacart_web
Cool Ranch Tortilla Chips,food,instacart_web
000.88,not_food,receipt_ocr
Cheese Square Crackers,food,instacart_web
Everything Deli Style Pretzel Crisps Crackers,food,instacart_web
NO On1ons,food,receipt_ocr
Total 0% Nonfat Greek Yogurt,food,instacart_web
DGiornoHalf&HlfPzzaChesendPepperni,food,synthetic_ocr_aug
Chicken Plate,food,receipt_ocr
53-005,not_food,receipt_ocr
Crunchy Cheese Flavored,food,instacart_web
Gluten Free Exotic Black Rice Bread,food,instacart_web
Oreo Mini/Nutter Butter Bites/Mini Chips Ahoy! Cookies,food,instacart_web
Organic Delicata Squash,food,instacart_web
Strained Non Fat Orange & Ginger Yogurt,food,instacart_web
Jan,not_food,receipt_ocr
Organic Ezekiel 49 Bread Cinnamon Raisin,food,instacart_web
Corn.$o.50,food,receipt_ocr
167000,not_food,receipt_ocr
whipped/sour cream,food,basket_categories_web
Organic Red Pepper Hommus,food,instacart_web
E7230,not_food,receipt_ocr
SupremelyS,food,synthetic_ocr_aug
Vanilla Milk Chocolate Almond Ice Cream Bars,food,instacart_web
35.50,not_food,receipt_ocr
Mini Brownie Coco-Roons,food,instacart_web
Organic Popcorn,food,instacart_web
HOMESTYLECHAMPAGNECAP,food,synthetic_ocr_aug
ChickenBreast,food,synthetic_ocr_aug
48.000,not_food,receipt_ocr
1Bakso Kcc1,food,receipt_ocr
adih,food,synthetic_ocr_aug
$99Banquet @99.00,food,receipt_ocr
PNUT,food,receipt_ocr
Ricotta Cheese,food,instacart_web
5.80,not_food,receipt_ocr
AuthenticRed,food,synthetic_ocr_aug
SweetRejuventionCashewButtrMacroba,food,synthetic_ocr_aug
Coconut Chia Bar,food,instacart_web
66'8$,not_food,receipt_ocr
All Natural Boneless Skinless Chicken Breasts,food,instacart_web
MainaHBL,not_food,receipt_ocr
Organic Superfirm Vacuum Packed Tofu,food,instacart_web
Chik'n Patties,food,instacart_web
Asian Pears,food,instacart_web
Vanilla Ice Cream Sandwiches,food,instacart_web
060,not_food,receipt_ocr
TWISTDRILL,not_food,receipt_ocr
1 Baked Potato,food,receipt_ocr
Gluten Free Tapioca Pudding,food,instacart_web
Enchilada with Spanish Rice & Beans Meal,food,instacart_web
1 % Lowfat Milk,food,instacart_web
ALPHA LIPID LIFE LINE,food,receipt_ocr
26.70,not_food,receipt_ocr
Hot Insanity Sauce,food,instacart_web
Whole Medjool Dates,food,instacart_web
Organic Stoneground Flakes Purple Corn Cereal,food,instacart_web
Silver Tequila,food,instacart_web
Noragain isthere,not_food,receipt_ocr
88888,not_food,receipt_ocr
Coldbrew Coffee Pops,food,instacart_web
32.26,not_food,receipt_ocr
$1.ee,not_food,receipt_ocr
Low Sodium Refried Black Beans,food,instacart_web
Tequila Reposado,food,instacart_web
hOneynUtdR,food,synthetic_ocr_aug
Whole Milk With Vitamin D,food,instacart_web
Gl Karma Cab Sauy,food,receipt_ocr
22:00,not_food,receipt_ocr
OrganicHotHou,food,synthetic_ocr_aug
Fruit Punch Juice Drink,food,instacart_web
Lorem wheat,food,receipt_ocr
#19-D.B.B.Vspec1aicomboPho$12.95,food,receipt_ocr
NoBoba,food,receipt_ocr
Butter Beans,food,instacart_web
Sweet Red Grape Tomatoes,food,instacart_web
Organic Turkey Bone Broth,food,instacart_web
Apple Butter,food,instacart_web
9:00,not_food,receipt_ocr
($z.850ac,not_food,receipt_ocr
Paya,food,receipt_ocr
Yellow Zucchini,food,instacart_web
33.SLRT BLACK OXIDE,not_food,receipt_ocr
OrgancStrndTomtoes,food,synthetic_ocr_aug
1112VITTEL,food,receipt_ocr
474.00,not_food,receipt_ocr
Boz FTBearn,food,receipt_ocr
Deli Sliced Turkey,food,synthetic_food_list
RedSangrt,food,receipt_ocr
9.00,not_food,receipt_ocr
0% Fat Blueberry Greek Yogurt,food,instacart_web
Spinach And Cheese Ravioli,food,instacart_web
NewYorkExtraSharpChedddar,food,synthetic_ocr_aug
EnviroKidz Chocolate Choco Chimps,food,instacart_web
"Lasagna, Whole Wheat",food,instacart_web
Salmon Fillet,food,synthetic_food_list
CHOW MEIN-1/,food,receipt_ocr
Smooth & Balanced Pike Place Medium Roast Ground Coffee,food,instacart_web
High Pulp Orange Juice,food,instacart_web
Original Mixed Vegetables,food,instacart_web
25100s,not_food,receipt_ocr
Organicvirg,food,synthetic_ocr_aug
Boneless Skinless Chicken Thighs,food,instacart_web
Goi Cuon,food,receipt_ocr
Organic Jumbo Eggs,food,instacart_web
Organic Heritage Flakes Cereal,food,instacart_web
Kinen,not_food,receipt_ocr
Pris,not_food,receipt_ocr
-SMALL,not_food,receipt_ocr
Diet Ginger Ale All Natural Soda,food,instacart_web
OH,not_food,receipt_ocr
Organic Ezekiel 4:9 Sesame Bread,food,instacart_web
1 Crisfield Special Platter,food,receipt_ocr
UOM,not_food,receipt_ocr
Kale & Sea Salt Popcorn,food,instacart_web
MAR YCHICKEN,food,receipt_ocr
Desaript,not_food,receipt_ocr
Juice,food,receipt_ocr
ChilFr,food,receipt_ocr
TripleBerr,food,synthetic_ocr_aug
Organic Original Hommus,food,instacart_web
"FaavaCrisps,SantaBarbaraRanch",food,synthetic_ocr_aug
50%LessSodiumGarbanzoBeans,food,synthetic_ocr_aug
1250*225.00/S,not_food,receipt_ocr
Dark Chocolate Pretzels with Sea Salt,food,instacart_web
"FreshlyMade.FilledwithCreamyRicotta,AgedParmesanandRomanoCheesesMixedCheeseTortellini",food,synthetic_ocr_aug
378.00,not_food,receipt_ocr
Salsa Verde,food,synthetic_food_list
"OrganicTurkeywithRosemary,Sagee&ThymeBoneBroth",food,synthetic_ocr_aug
000/69,not_food,receipt_ocr
REGULARPORKSAU,food,synthetic_ocr_aug
Restaurant Style Medium Salsa,food,instacart_web
Organic Extra Large Grade AA Brown Eggs,food,instacart_web
Pure&NaturalLightSSourCream,food,synthetic_ocr_aug
Edamame,food,instacart_web
KASHESIDE,food,receipt_ocr
Parsnips,food,synthetic_food_list
Almond Milk Vanilla Frozen Dessert Sandwich,food,instacart_web
28,not_food,receipt_ocr
1Taco,food,receipt_ocr
Two Organic Cornmeal Pizza Crusts,food,instacart_web
1Belvedere,food,receipt_ocr
VE,not_food,receipt_ocr
APES,not_food,receipt_ocr
Wild Caught Frozen Sockeye Salmon Fillet,food,instacart_web
CENAAN,food,receipt_ocr
All-Purpose Flour,food,instacart_web
CCONTM1KVNLLABNFRZCNDSSERT,food,synthetic_ocr_aug
Sausage Buns,food,instacart_web
Recover Vanilla Protein Shake,food,instacart_web
$36.00,not_food,receipt_ocr
Description,not_food,receipt_ocr
Natural Rotisserie Chicken,food,instacart_web
Organic Mandarins,food,instacart_web
"Acini di Pepe, No. 78",food,instacart_web
Oatmeal Dark Chocolate Cookies,food,instacart_web
"Vanilla Extract, Pure, Madagascar",food,instacart_web
BLACKPEPPER BACON,food,receipt_ocr
Roasted Bell Peppers,food,instacart_web
hawaiiand,food,synthetic_ocr_aug
Multi-Grain Sea Salt Crackers,food,instacart_web
Organic Mountain Forest Amber Honey,food,instacart_web
Farmhouse!,food,receipt_ocr
BANNER.8X4FEET,not_food,receipt_ocr
C01,not_food,receipt_ocr
Macn Cheese,food,receipt_ocr
1 Anjappar Mutton Meals,food,receipt_ocr
Nacho Cheese Tortilla Chips,food,instacart_web
ANGKORBE,food,receipt_ocr
Diet Tonic Water,food,instacart_web
CupItalian WeddineSoup,food,receipt_ocr
Single Serve Cheese Pizza,food,instacart_web
Organic Baby Kale Mix,food,instacart_web
Original Turkey Cooking Stock,food,instacart_web
ITEMN,not_food,receipt_ocr
Near East Rice Pilaf: Roasted Almond Flavor,food,branded_items_web
3.26e,not_food,receipt_ocr
Goodness Grapeness Organic Juice Drink,food,instacart_web
Mac & Trees Natural,food,instacart_web
VNDLOOOOO,not_food,receipt_ocr
Chocolate Fudge High Protein Bar,food,instacart_web
Best Original Baked Beans,food,instacart_web
Margherita Crispy Thin Crust Pizza,food,instacart_web
Thinstackersbrownricelightlysalted,food,synthetic_ocr_aug
"6,000",not_food,receipt_ocr
FUL,not_food,receipt_ocr
Strawberry Lowfat Milk,food,instacart_web
$2.45,not_food,receipt_ocr
Dark Chocolate Almond Milk,food,instacart_web
Organic French Roast Ground Coffee,food,instacart_web
cheesefries,food,receipt_ocr
Small White Beans,food,instacart_web
Cla,food,synthetic_ocr_aug
Organic Egg Whites,food,instacart_web
9072363,not_food,receipt_ocr
20 Mixed MeatL,food,receipt_ocr
298.,not_food,receipt_ocr
Strawberry Jam,food,instacart_web
1TsGuac,food,receipt_ocr
39375,not_food,receipt_ocr
Corn Grits,food,instacart_web
Mocha Frappucino Chilled Coffee Drink,food,instacart_web
Classic Yellow Mustard,food,instacart_web
Tangerine Dream Sweet Dreams,food,instacart_web
AndMiso,food,receipt_ocr
1.19E,not_food,receipt_ocr
FO000,not_food,receipt_ocr
Gluten Free Peanut Butter Berry  Chewy With A Crunch Granola Bars,food,instacart_web
DOMINICFIKE,not_food,receipt_ocr
100PLUSLIME-325ML,food,receipt_ocr
0.40 ZRL,not_food,receipt_ocr
2% Milk,food,instacart_web
Organic Canola Oil,food,instacart_web
220.0000,not_food,receipt_ocr
ldFshionedRodsPrtzls,food,synthetic_ocr_aug
Organic Broccoli Crown,food,instacart_web
American Cheese Singles,food,instacart_web
SHOOLAE,not_food,receipt_ocr
Peanut Butter Chocolate Chip Macrobar,food,instacart_web
Cream Top with Chocolate on the Bottom Yogurt,food,instacart_web
485,not_food,receipt_ocr
Organic Whole White Mushrooms,food,instacart_web
Made with Extra Virgin Olive Oil Pesto sauce with Basil,food,instacart_web
MED,not_food,receipt_ocr
Zero Calorie Lemon Lime Soda,food,instacart_web
ncrdSlowCookedHm,food,synthetic_ocr_aug
Gluten-FreeSupergrainPastaElbows,food,synthetic_ocr_aug
Sandia Marcar1ta(a13.0o/ea),food,receipt_ocr
Vegetable Dumpling,food,instacart_web
"wour""",not_food,receipt_ocr
2.5,not_food,receipt_ocr
Hot Dog,food,receipt_ocr
INDOMIAYAM BWNG69G,food,receipt_ocr
Ritz Sour Cream & Onion Toasted Chips,food,instacart_web
1Pepperfin,food,receipt_ocr
Fcaon is7os77sTachk!,not_food,receipt_ocr
ReguarMilk,food,receipt_ocr
LOSB,not_food,receipt_ocr
utshineTngrineFruitBrs,food,synthetic_ocr_aug
LX30.0O,not_food,receipt_ocr
lopped,food,receipt_ocr
FIT:SIZE/FIT:0 /FIT:./SIZE:60,food,receipt_ocr
Chicken & Apple Breakfast Sausage,food,instacart_web
Frozen Peaches,food,instacart_web
Organicbananabites,food,synthetic_ocr_aug
Hf-PekingDuck,food,receipt_ocr
TERIYAKTALCART,food,receipt_ocr
Cherry Vanilla Creme Soda,food,instacart_web
S78921O2639.TBUPR0FEN,not_food,receipt_ocr
15.56,not_food,receipt_ocr
Baby Cut Carrots,food,instacart_web
Banana Coconut Fruit Leather,food,instacart_web
$50.00,not_food,receipt_ocr
OganiGreekPlainNonftYogurt,food,synthetic_ocr_aug
Low Carb Whole Wheat Tortillas,food,instacart_web
$1,not_food,receipt_ocr
Classic Burger 4oz,food,receipt_ocr
Pumpkin Bar Sprouted Bar,food,instacart_web
LemonGrass,food,synthetic_ocr_aug
shpistressedPedes,not_food,receipt_ocr
Organic Iced Cafe Mocha Nutritional Shake,food,instacart_web
Mild Salsa Roja,food,instacart_web
Chicken Flavor Ramen Noodles,food,instacart_web
Cookies,food,receipt_ocr
Organic Italian Bread Crumbs,food,instacart_web
841:95,not_food,receipt_ocr
"100,000",not_food,receipt_ocr
T83WING MEAE,food,receipt_ocr
cOrNflAKeSCruMBs,food,synthetic_ocr_aug
HomeMenuMealsfor2OrgeChicken,food,synthetic_ocr_aug
1 Plt Lunch 2 Choices,food,receipt_ocr
Vanilla Yoghurt,food,instacart_web
D28.MILO,food,receipt_ocr
Le Gruyere Cheese,food,instacart_web
Blueberry English Tea Scones,food,instacart_web
TOEDTEA,food,receipt_ocr
Almond Milk Unsweetened,food,synthetic_food_list
MuffinSheese,food,receipt_ocr
OrganicDDarkChocolateAlmond&SeaSaltTrailMixBar,food,synthetic_ocr_aug
Bartlett Pear,food,synthetic_food_list
Gluten Free Mountain White Bread,food,instacart_web
Unsweetened Premium Iced Tea,food,instacart_web
Salted Sweet Cream Butter Quarters,food,instacart_web
"cbcse,provlon",food,synthetic_ocr_aug
Hamachi coiar,food,receipt_ocr
HERS/PCNMROLL20 S,food,receipt_ocr
Buttermilk Biscuits,food,instacart_web
Milk Chocolate baking Chips,food,instacart_web
Protein Chewy Bars Salted Caramel Nut,food,instacart_web
ADD RAW ONIONS& BACON PLE,food,receipt_ocr
Holler Mountain Organic Coffee,food,instacart_web
BoomChocoBoom Dark Chocolate Bar,food,instacart_web
cerealhoneybears,food,synthetic_ocr_aug
Panama Peach Antioxidant Infusion,food,instacart_web
Brown Rice with Rice Bran Fusilli Pasta,food,instacart_web
Original Special K Toasted Rice Cereal,food,instacart_web
Oregano,food,instacart_web
2AND12COMBO,food,receipt_ocr
TTenderBranohHibtsoue,not_food,receipt_ocr
BIRYANI,food,receipt_ocr
Ground Cinnamon,food,instacart_web
$1600,not_food,receipt_ocr
1PORKPILLOWS,food,receipt_ocr
Salted Caramel Peanuts,food,instacart_web
Turkey Pastrami,food,instacart_web
cajntrkcybrcast,food,synthetic_ocr_aug
Constant Comment Black Tea Bags,food,instacart_web
4HOESHANDLE,not_food,receipt_ocr
4 Cheese Medley Frozen Pizza,food,instacart_web
Organic Mesa Sunrise Cereal,food,instacart_web
BATU3I4(D),not_food,receipt_ocr
Organic Grape Tomatoes,food,instacart_web
HMGrChsS-FryYog,food,receipt_ocr
188.00,not_food,receipt_ocr
LPATATINEFRITTE,food,receipt_ocr
Tamarind Stir-Fry Paste,food,instacart_web
SMALLBATCHAUTHENTICTAQUERIATORTILLACHIPS,food,synthetic_ocr_aug
Gluten-Free Red Hot Blues Made with Organic Blue  Corn Tortilla Chips,food,instacart_web
Organic Sandwich Crackers Peanut Butter,food,instacart_web
Organic Frozen Mango Chunks,food,instacart_web
3.66,not_food,receipt_ocr
Floury Potato,food,produce_classes_web
Soft Rolls,food,instacart_web
Organic Spinach Pow Salad,food,instacart_web
T RiohrFamousRoll,food,receipt_ocr
Red Globe Grapes,food,instacart_web
POMMHEROPVCCONDUITPIPE,not_food,receipt_ocr
Amish Blue Cheese,food,instacart_web
Low Moisture Part Skim Mozzarella Cheese,food,instacart_web
VineRipeTomat/oes,food,synthetic_ocr_aug
99%FaatFreeChickenBroth,food,synthetic_ocr_aug
edFries,food,receipt_ocr
Organic Sliced Peaches,food,instacart_web
OrganicPmegranateKernels,food,synthetic_ocr_aug
ColorDiscount,not_food,receipt_ocr
Whole Milk Plain Greek Yogurt,food,instacart_web
Roasted Brussel Sprouts,food,instacart_web
em,not_food,receipt_ocr
5.25,not_food,receipt_ocr
Crossoverscoconutchocolate,food,synthetic_ocr_aug
PRICETOTAL,not_food,receipt_ocr
Pas&Carrots,food,synthetic_ocr_aug
Sensible Foods Kale Veggie Burgers - 4 CT,food,instacart_web
Nectarine,food,produce_classes_web
oesc,not_food,receipt_ocr
Bufala,food,receipt_ocr
StraightBourbonWhisey,food,synthetic_ocr_aug
100% Mango Juice,food,instacart_web
delt,food,receipt_ocr
Pad Thai,food,instacart_web
Cream Soda,food,instacart_web
High Protein Bar Chunky Peanut Butter,food,instacart_web
OrganicSkimMlk,food,synthetic_ocr_aug
Imported Beer from Mexico,food,instacart_web
2.*Spark1ingWine,food,receipt_ocr
2EA,not_food,receipt_ocr
Sweet Belgian Style Waffles Cinnamon Swirl,food,instacart_web
Plain Dosa,food,receipt_ocr
PANEER CHILLYDRY,food,receipt_ocr
Cafe Style Tortilla  Chips,food,instacart_web
Lemon-Lime Soda,food,instacart_web
$8800,not_food,receipt_ocr
House Napa Cabbage,food,instacart_web
Non Pareils Capers,food,instacart_web
59.00SR,not_food,receipt_ocr
Deli Fresh Rotisserie Seasoned Chicken Breast,food,instacart_web
Anchovy Paste,food,instacart_web
Honey Nut Cheerios,food,instacart_web
Rice Crackers Cheese,food,instacart_web
Organic Fuji Apple,food,instacart_web
2xlatteMacchiato,food,receipt_ocr
Sleeyelessshirt,not_food,receipt_ocr
Prs,not_food,receipt_ocr
Cinnamon Bun,food,receipt_ocr
304-3,not_food,receipt_ocr
Low Sodium Black Beans,food,instacart_web
PUSS,not_food,receipt_ocr
Frozen Dumplings,food,synthetic_food_list
Organic Sunflower Seed Spread,food,instacart_web
Heat & Serve Sweet Potato,food,instacart_web
ALLNATURALNOOD,food,synthetic_ocr_aug
TTripleBerryChewingGum,food,synthetic_ocr_aug
Milk Chocolate Peanut Butta Pro Protein Bar,food,instacart_web
SlicedSurdughBrd,food,synthetic_ocr_aug
Roasted Green Chile & Jack Cheese Tamales,food,instacart_web
BESI R 5.5 (CQ),not_food,receipt_ocr
150.00°,not_food,receipt_ocr
"Miso, Organic, Mellow, White",food,instacart_web
xtrostrngdarkcbocolate,food,synthetic_ocr_aug
BENNENASALE DOSES,not_food,receipt_ocr
liquor,food,basket_categories_web
Peppermint Patties,food,instacart_web
nescriprtion,not_food,receipt_ocr
CmisPakis,not_food,receipt_ocr
Big Whole Grain Wheat Thins,food,instacart_web
Organic Super Beet Juice,food,instacart_web
Organic Broccoli Slaw,food,instacart_web
Heirloom Whole Bean Coffee,food,instacart_web
Healthy Grains Fiber Cinnamon Oat Clusters,food,instacart_web
$0.50,not_food,receipt_ocr
600100,not_food,receipt_ocr
ButterSnapPretzels,food,synthetic_ocr_aug
Organic Diced Tomatoes,food,instacart_web
Organic Mini Cheddar Cheese Crackers,food,instacart_web
plainDosa,food,receipt_ocr
Aged White Cheddar Popcorn,food,instacart_web
White Wine Vinegar,food,instacart_web
Lemon Ginger Caffeine Free Herbal Tea Bags,food,instacart_web
IOO MANESHSAUS,food,receipt_ocr
CHZBURGERSP,food,receipt_ocr
Taco De Pescado:,food,receipt_ocr
liquor (appetizer),food,basket_categories_web
Garlic Powder,food,instacart_web
Organic Freeze Dried Bananas,food,instacart_web
Med snoo,not_food,receipt_ocr
Rice Thin Sesame Seed Gluten Free Crackers,food,instacart_web
otTea,food,receipt_ocr
Organic Yellow Mustard  Seed,food,instacart_web
HUMMUS10OZWHITTEBEANEATWELL,food,synthetic_ocr_aug
6.300,not_food,receipt_ocr
$9.99,not_food,receipt_ocr
Tomato Cherry On The Vine,food,instacart_web
.90,not_food,receipt_ocr
Fried Cheose Cake,food,receipt_ocr
Reg Ketel One,food,receipt_ocr
Organic Double Dark Chocolate Nutrition Bar,food,instacart_web
FettuccrneAlFredo,food,receipt_ocr
Whole Wheat Pre-Sliced Mini Bagels,food,instacart_web
$8:00,not_food,receipt_ocr
Artichoke Lemon Pesto,food,instacart_web
Blueberry Blaze Trail Mix,food,instacart_web
Original Whipped Cream Cheese,food,instacart_web
"Nutrition Bar, Dark Chocolate Pomegranate",food,instacart_web
SOftbakEDdOuBLeCHOcOlateBrOwnIEcOoKies,food,synthetic_ocr_aug
Drie1dCranberries,food,synthetic_ocr_aug
classiccaesardressing,food,synthetic_ocr_aug
BreadedFi0shSticks,food,synthetic_ocr_aug
Gueso Fresco Guiacamole:,food,receipt_ocr
Stea,food,receipt_ocr
TeQUilaSiLveR,food,synthetic_ocr_aug
Vitaminwater<U+00AE> Focus Kiwi-Strawberry,food,instacart_web
LambBuro,food,receipt_ocr
69421,not_food,receipt_ocr
FFRIES,food,receipt_ocr
PLASTICTRAY-GLOSSRI,not_food,receipt_ocr
Vegan Cheddar Flavor Squares,food,instacart_web
MOOYAHBUrOer,food,receipt_ocr
Rich & Hearty Chicken Corn Chowder Flavored with Bacon Soup,food,instacart_web
23ZCH,not_food,receipt_ocr
Mustard,food,receipt_ocr
Fresh & Fruity Arbequina Extra Virgin Olive Oil,food,instacart_web
15.50,not_food,receipt_ocr
SUKSESISI2A_KCP129,not_food,receipt_ocr
OrganicCinna.monGrahamCrackers,food,synthetic_ocr_aug
Chocolate Mousse Ganache Cone,food,instacart_web
LO5,not_food,receipt_ocr
Low Fat Split Pea Soup,food,instacart_web
Boneless Beef Chuck Roast,food,instacart_web
9.01,not_food,receipt_ocr
46MM*5M.,not_food,receipt_ocr
CheesyMe/xicanRice,food,synthetic_ocr_aug
Air Chilled Organic Boneless Skinless Chicken Breasts,food,instacart_web
Ametcandy,food,receipt_ocr
Organic Red Pepper Hummus,food,instacart_web
Chunky Grilled Chicken & Sausage Gumbo Soup,food,instacart_web
Homemade Salted Butter,food,instacart_web
Milditaliansausage,food,synthetic_ocr_aug
Almond Milk Blueberry Yogurt,food,instacart_web
Ready to Serve Brown & Wild 4.4 Oz Rice,food,instacart_web
Original Strawberry Gelatin Snacks,food,instacart_web
ExtraLargeEggs,food,synthetic_ocr_aug
Ultra-Purified Water,food,instacart_web
Mild Taco Seasoning Mix,food,instacart_web
KEEBLHI2 BECEIDL,not_food,receipt_ocr
Organic Pomegranate,food,instacart_web
FlameBrolledChicken,food,receipt_ocr
SiPric,not_food,receipt_ocr
100% Oatnut Bread,food,instacart_web
Ccnut Raw Cocoaminos,food,instacart_web
Sxkottbuilar,food,receipt_ocr
Orange Seltzer Water,food,instacart_web
DecafChaiLatte,food,synthetic_ocr_aug
Hearts of Palm,food,instacart_web
Little Bites Chocolate Chip Muffins,food,instacart_web
Original Non-Dairy Coffee Creamer,food,instacart_web
MapleuinoaClusterWithChiaSeeds,food,synthetic_ocr_aug
3 lb Clementines,food,instacart_web
caakebar,food,synthetic_ocr_aug
CinnamonBunnyGrahamsWholeGrainGrahamSnacksBunnyGrahams,food,synthetic_ocr_aug
CresscentRolls,food,synthetic_ocr_aug
Chicken Carbonara,food,instacart_web
MONTANT,not_food,receipt_ocr
XHoegaarden,food,receipt_ocr
Organic Hothouse Cucumbers,food,instacart_web
Mame,not_food,receipt_ocr
073,not_food,receipt_ocr
$48.00,not_food,receipt_ocr
165.00,not_food,receipt_ocr
Kumato Tomatoes,food,instacart_web
Qty Size Iten,not_food,receipt_ocr
8389.000,not_food,receipt_ocr
PIE SLTCE,food,receipt_ocr
Montreal Chicken Seasoning,food,instacart_web
Traditional Seitan,food,instacart_web
Goldfish Original Baked Snack Crackers,food,instacart_web
Lowfat Vanilla Milk,food,instacart_web
1.8*15M,not_food,receipt_ocr
Club Soda,food,instacart_web
Whole Milk Greek Plain,food,instacart_web
Orange Sparkling Water,food,instacart_web
Organic Brown Long Grain Rice,food,instacart_web
1#72PCR&BMEAL,food,receipt_ocr
345.00,not_food,receipt_ocr
87000,not_food,receipt_ocr
Peachy Pistachio Greek Yogurt,food,instacart_web
UnseasonedWholeGrai1nBreadCrumbs,food,synthetic_ocr_aug
JalapenoPeppers,food,receipt_ocr
ChrysanthamumTea,food,receipt_ocr
887,not_food,receipt_ocr
Hickory Smoke Real Bacon Bits,food,instacart_web
DOSEOUS,not_food,receipt_ocr
Lemon Master Cleanse Fruit Juice Drink,food,instacart_web
Chicken Salad,food,instacart_web
PANEERMULTANI,food,receipt_ocr
Orange Sports Drink,food,instacart_web
B03,not_food,receipt_ocr
Unprocessed American Singles Colby-Style Cheese,food,instacart_web
Sour Brite Crawlers Gummi Candy,food,instacart_web
$2.9,not_food,receipt_ocr
Sport Bottle with Flip Cap Natural Spring Water,food,instacart_web
Whole Kernel Golden Sweet Corn,food,instacart_web
grANu1aTcLsuGR,food,synthetic_ocr_aug
Lager,food,instacart_web
Porcini Mushroom Tortellini,food,instacart_web
ticuiars,not_food,receipt_ocr
ATATINE FRLTTE,food,receipt_ocr
139.00,not_food,receipt_ocr
18-00,not_food,receipt_ocr
Med.Soup,food,receipt_ocr
1x5.000,not_food,receipt_ocr
All Prune 100% Juice,food,instacart_web
1×17-41,not_food,receipt_ocr
1-60,not_food,receipt_ocr
ChixParm Sandwich,food,receipt_ocr
3 Color Deli Coleslaw,food,instacart_web
Inck,not_food,receipt_ocr
Beyond Chicken Lightly Seasoned Strips,food,instacart_web
BUSINESSSFOTUV,not_food,receipt_ocr
$5.19,not_food,receipt_ocr
Oovers:4,not_food,receipt_ocr
70gP.Cop,not_food,receipt_ocr
StdeHome.,not_food,receipt_ocr
Sparkling Peach Nectarine Soda,food,instacart_web
Traditional Crust Pepperoni Pizza,food,instacart_web
gl InpWhite,not_food,receipt_ocr
Toasted Almond Rice Pilaf Mix,food,instacart_web
largeelbowmacaroni,food,synthetic_ocr_aug
3390,not_food,receipt_ocr
Totaal,not_food,receipt_ocr
BunryPastawithYurnmyCheeseMacaroni&Cheese,food,synthetic_ocr_aug
$10:00,not_food,receipt_ocr
Original No Pulp 100% Florida Orange Juice,food,instacart_web
4212,not_food,receipt_ocr
1%,not_food,receipt_ocr
Peanut Butter Protein Replenishment Macrobar,food,instacart_web
19.20,not_food,receipt_ocr
"FANCYLUMPWHITE,CRABMEAT",food,synthetic_ocr_aug
Organic Oat Cakes,food,instacart_web
Unfiltered Ginger Ale Pomegranate with Hibiscus,food,instacart_web
CHOWMETN,food,receipt_ocr
Vinegar Balsamic,food,instacart_web
599,not_food,receipt_ocr
$10.98,not_food,receipt_ocr
Reduced Fat Sliced Swiss Cheese,food,instacart_web
Spaghetti,food,instacart_web
Gla,food,receipt_ocr
chalLatte-lced,food,receipt_ocr
ANGKORBEERWITI,food,receipt_ocr
9557031100236,not_food,receipt_ocr
ICECREAM(SELENA GOMEZ),food,receipt_ocr
LGST,not_food,receipt_ocr
PANEER CHILLY DRY,food,receipt_ocr
CAUSA DEPOLLO,food,receipt_ocr
00.0,not_food,receipt_ocr
Premium Sliced Bacon,food,instacart_web
ice..u..Amount.,food,receipt_ocr
Spicy Salmon Avocado Roll,food,instacart_web
Non-Stick Olive Oil Spray,food,instacart_web
Reduced Fat Chocolate Sandwich Cookies,food,instacart_web
"SparklingCitrusBeverage,withNaturalPulp",food,synthetic_ocr_aug
Blueberry Bliss Luna Bar,food,instacart_web
Beef Burger,food,receipt_ocr
White Chocolate Macadamia Coffee Creamer,food,instacart_web
Snack Mix Bold Party Blend Value Size,food,instacart_web
TBtCok,food,receipt_ocr
Veggie Bologna Deli Slices,food,instacart_web
EPAL25G,food,receipt_ocr
CrunchyLobster Roll,food,receipt_ocr
HH GUINESS 12 GLASSES,food,receipt_ocr
"Jalapeno Nacho Slices, Mild",food,instacart_web
BalamMadurado,food,receipt_ocr
Beast Burger,food,instacart_web
Organicbeefbroth,food,synthetic_ocr_aug
Kencel,not_food,receipt_ocr
Del Monte Green Beans,food,branded_items_web
Organic Sugar Ice Cream Cones,food,instacart_web
28.50,not_food,receipt_ocr
Maryland Crab Cakes,food,receipt_ocr
RedPlate,not_food,receipt_ocr
OOBTZ,not_food,receipt_ocr
smartwater<U+00AE> Electrolyte Enhanced Water,food,instacart_web
Original Style Yoghurt Plain,food,instacart_web
90% Lean Ground Beef,food,instacart_web
Ch*eeseDelicatoTortelloni,food,synthetic_ocr_aug
Pure Kosher Dills,food,instacart_web
Original Real Vegetable Chips,food,instacart_web
PureCneGldnBrownSugr,food,synthetic_ocr_aug
Artikel,not_food,receipt_ocr
wrap,food,receipt_ocr
Lamp28MercuryNickelBase(vory,not_food,receipt_ocr
68.00,not_food,receipt_ocr
Sparkling Pomegranate,food,instacart_web
sash,food,receipt_ocr
Pinto Beans No Salt Added,food,instacart_web
deca,food,receipt_ocr
Organic Fat Free Refried Pinto Beans,food,instacart_web
Californiagrownc,food,synthetic_ocr_aug
GardenSal,food,synthetic_ocr_aug
LowSodiumSoySavcc,food,synthetic_ocr_aug
OG California Brown Jasmine Organic Brown Rice,food,instacart_web
Organic Fat Free Cottage Cheese,food,instacart_web
MT,not_food,receipt_ocr
12wontonorEgDropor,food,receipt_ocr
Med$0.00,not_food,receipt_ocr
$3.60,not_food,receipt_ocr
Low Sodium Beef Broth,food,instacart_web
Pure Leaf Tea Unsweetened,food,instacart_web
COMPLETE OIGNON,food,receipt_ocr
Soft Flour Tortillas,food,instacart_web
9556040440548,not_food,receipt_ocr
Zero Calorie Grape Soda,food,instacart_web
Variety Pack Hard Cider,food,instacart_web
Cayenne Pepper,food,instacart_web
BananaCoconutFruitLea,food,synthetic_ocr_aug
MIGHTYMANGOJ,food,synthetic_ocr_aug
Organic Refried Black Beans,food,instacart_web
DryRamen,food,receipt_ocr
MASALA PAPAD,food,receipt_ocr
Cheese Ravioli with Sauce Bowls,food,instacart_web
39:000,not_food,receipt_ocr
ChickenFreeStripsGrilled,food,synthetic_ocr_aug
BalsamicVine/gar,food,synthetic_ocr_aug
SIDE CLEAR,not_food,receipt_ocr
Plain Mini Bagels,food,instacart_web
SourdoughErg1ishMuffins,food,synthetic_ocr_aug
Buffalo Chicken,food,receipt_ocr
Peeach,food,synthetic_ocr_aug
1NerYork,food,receipt_ocr
285,not_food,receipt_ocr
"""6T",not_food,receipt_ocr
FAMERICAN CHS,food,receipt_ocr
1 SUB EIXN,food,receipt_ocr
2.,not_food,receipt_ocr
atyHenuteu,not_food,receipt_ocr
FRESH LIMEWATER,food,receipt_ocr
Organcsawdblacksesarnesperscdcrackers,food,synthetic_ocr_aug
Gluten Free Uncured Frozen Pepperoni Pizza,food,instacart_web
GARETCBR,food,receipt_ocr
Edamame Shelled,food,synthetic_food_list
Organic Creamy Carrot & Bunny Pasta Soup,food,instacart_web
1000,not_food,receipt_ocr
0.50,not_food,receipt_ocr
TBUPROFEN,not_food,receipt_ocr
darkchocolateacaiblueberry,food,synthetic_ocr_aug
PomegranateSSeeds,food,synthetic_ocr_aug
0:90,not_food,receipt_ocr
2-70,not_food,receipt_ocr
frozen chicken,food,basket_categories_web
CC22,not_food,receipt_ocr
BarbecueChipotleCheddarTamales,food,synthetic_ocr_aug
Cheese & Pepperoni Mini Bagels,food,instacart_web
UncuredCrackedPepperBef,food,synthetic_ocr_aug
Classic Recipe Chicken & Stars Condensed Soup,food,instacart_web
4.97,not_food,receipt_ocr
THEORANGE PEKOE,food,receipt_ocr
WEEKEND SENIOR DINNER,food,receipt_ocr
Lemon Zest Nutrition Bars,food,instacart_web
1.69,not_food,receipt_ocr
Strawberry8anara,food,synthetic_ocr_aug
HashbrownsSide,food,receipt_ocr
WholeCarrrots,food,synthetic_ocr_aug
Maple Pumpkin Seeds with Sea Salt Chewy with a Crunch Granola Bars,food,instacart_web
Natural Deli Style Sliced Swiss Cheese,food,instacart_web
Cmild,food,receipt_ocr
HzelnutTrfflDrkChoclteBr,food,synthetic_ocr_aug
pePollc,food,receipt_ocr
Whole Wheat Fig Bar,food,instacart_web
NOFTG-NIXS,not_food,receipt_ocr
Barbeque Potato Chips,food,instacart_web
Old Fashioned Rolled Oats,food,instacart_web
White Sandwich Bread,food,instacart_web
OriginalMediumPicanteSauce,food,synthetic_ocr_aug
Lite Balsamic Dressing,food,instacart_web
BuckwheotSobaNood1es,food,synthetic_ocr_aug
ORGANicjUSTpeAChEs,food,synthetic_ocr_aug
soupso.oo,food,receipt_ocr
Cookies 'N Cream Ice Cream,food,instacart_web
Pearl Onions,food,instacart_web
Medium Cheddar Cheese,food,instacart_web
Organic Hoisin Sauce,food,instacart_web
2x0.50,not_food,receipt_ocr
22.905R,not_food,receipt_ocr
Organic Shiitaki Mushrooms,food,instacart_web
Dairy Free Coconut Milk Frozen Dessert Minis,food,instacart_web
>SubSweetPotato Fries,food,receipt_ocr
1.08,not_food,receipt_ocr
coldocha,food,receipt_ocr
WnToat,food,receipt_ocr
Cone,food,receipt_ocr
MLAT,not_food,receipt_ocr
ROLLERPAINT,not_food,receipt_ocr
"Cookie Bars, Caramel Milk Chocolate",food,instacart_web
Flying Chicken Ya,food,receipt_ocr
P12109603,not_food,receipt_ocr
HAZLRUTCOFFESUGRFRECOFFECCREMER,food,synthetic_ocr_aug
ouTShINeTanGeriNefRuiTBArs,food,synthetic_ocr_aug
Steamable Broccoli Florets,food,instacart_web
JuebocootaJLshrt,not_food,receipt_ocr
Adipiscing Elit,not_food,receipt_ocr
PremiumSproutedArtisanSeven-GrainnWraps,food,synthetic_ocr_aug
1HMAnpleJu1ce,food,receipt_ocr
Sharp Cheddar Singles,food,instacart_web
Organic Green Leaf Lettuce,food,instacart_web
Traditional Basil Pesto,food,instacart_web
1TACOASADA,food,receipt_ocr
mount,not_food,receipt_ocr
No CebolTa,food,receipt_ocr
Organic Florets Broccoli,food,instacart_web
ProteinPLUS Multigrain Thin Spaghetti Pasta,food,instacart_web
FIT:6/SIZE:6.5/SIZE:65,food,receipt_ocr
TwoEggsAny,food,receipt_ocr
Coconutdarkchocolatebar,food,synthetic_ocr_aug
Beef Ravioli in Tomato & Meat Sauce,food,instacart_web
"Shrimp, Asparagus & Penne Pasta",food,instacart_web
Chocolate Sea Salt,food,instacart_web
BarbecueChipotleCheddarTornales,food,synthetic_ocr_aug
Baguette Sourdough,food,instacart_web
Organic Multigrain Waffles,food,instacart_web
SM DRINK,food,receipt_ocr
COPERTO,not_food,receipt_ocr
MandarinOrangeCrispyCh,food,synthetic_ocr_aug
GAGETHE,not_food,receipt_ocr
FettuccineAlfredo,food,receipt_ocr
HoneyBBQFlavoredBonelessChickenWyngz,food,synthetic_ocr_aug
Portabella & Fontina Ravioli,food,instacart_web
$1:00,not_food,receipt_ocr
TehB),food,receipt_ocr
27.98,not_food,receipt_ocr
OrgancabyArugla,food,synthetic_ocr_aug
NYStip-8oz,food,receipt_ocr
Organic SprouTofu Royal Thai Baked Tofu,food,instacart_web
"Cherries & Almonds in Dark Chocolate, 55% Cocoa",food,instacart_web
Organic Decaf Black Tea,food,instacart_web
28000,not_food,receipt_ocr
Gluten Free Blueberry Breakfast Bars,food,instacart_web
pip fruit,food,basket_categories_web
Fresh Chicken Drumsticks,food,instacart_web
TostitosSccoops,food,synthetic_ocr_aug
IBeafw.Broccoll,food,receipt_ocr
Red Papaya,food,instacart_web
Uassoestoviglle,not_food,receipt_ocr
NaturalFreshGoatCheese,food,synthetic_ocr_aug
Aner Kobelet,food,receipt_ocr
9 inch Deep Dish Pie Crusts,food,instacart_web
Super Nutty Granola,food,instacart_web
SerambCBuds SR-1o2,not_food,receipt_ocr
12000,not_food,receipt_ocr
OriginalRecipe,food,synthetic_ocr_aug
Grassmilk 2% Reduced Fat Milk,food,instacart_web
BACARDI,food,receipt_ocr
Cannellini Beans,food,instacart_web
95.000,not_food,receipt_ocr
Organic Bakery Hamburger Buns Wheat - 8 CT,food,instacart_web
Apple Juice,food,instacart_web
Chick'n Nuggets,food,instacart_web
B12,not_food,receipt_ocr
95,not_food,receipt_ocr
CUCUMBER&GARLI,food,synthetic_ocr_aug
Crumbled Blue Cheese,food,instacart_web
Turkey Breakfast Sausage Links,food,instacart_web
Carrot Raisin Manna Bread,food,instacart_web
Small Batch Authentic Taqueria Tortilla Chips,food,instacart_web
MediumicanteSalsa,food,synthetic_ocr_aug
WAPE,not_food,receipt_ocr
ClassicMichelada,not_food,receipt_ocr
Band2o0gm,not_food,receipt_ocr
Cherry Coke Soda,food,instacart_web
Small Hass Avocado,food,instacart_web
Caizone,food,receipt_ocr
"MilkChocolateCandies,BonuBag",food,synthetic_ocr_aug
Lean Sweet Italian Turkey Sausage,food,instacart_web
Original Spring Rolls with Traditional Sauce,food,instacart_web
KlloggsSpcialKProtnCinnmonBrwnSugarCrnch,food,synthetic_ocr_aug
B.MTSU,not_food,receipt_ocr
"Flat Parsley, Bunch",food,instacart_web
STRAWBERRYBANANAFLAVOR,food,synthetic_ocr_aug
6.90,not_food,receipt_ocr
SEDAAPMIE BASOSPZZ,food,receipt_ocr
Organic Turmeric Tonic Juice,food,instacart_web
Sliced Genoa Salami,food,instacart_web
Gluten Free Covered Pretzels Yogurt,food,instacart_web
52.000,not_food,receipt_ocr
Bluechscrurnb1Es,food,synthetic_ocr_aug
naCHoCHEESe&beAN,food,synthetic_ocr_aug
Pepperoni8agel8ites,food,synthetic_ocr_aug
Yellow Corn Taco Shells,food,instacart_web
SimplyDeliciousGluten*-FreeBlissfullyBerryCereal,food,synthetic_ocr_aug
NOKM,not_food,receipt_ocr
SpringVale 05 @86.00,food,receipt_ocr
Di Giorno Half & Half Pizza Cheese And Pepperoni,food,instacart_web
Baking Powder,food,instacart_web
Organic Peace Pasta & Parmesan Macaroni & Cheese,food,instacart_web
Honeycrisp Bag,food,instacart_web
ALPHA LIPIDLIFE LINE,food,receipt_ocr
1:19,not_food,receipt_ocr
61-00,not_food,receipt_ocr
Ice Cream Chocolate,food,synthetic_food_list
Jalape,food,synthetic_ocr_aug
Organic Apple,food,instacart_web
OrganicSpouTofuSuperFiTofu,food,synthetic_ocr_aug
01,not_food,receipt_ocr
OrganicWholeBlackPeppercornss,food,synthetic_ocr_aug
Gourmet Mango Mochi Sherbet Bonbons,food,instacart_web
Tomato Basil Pasta Sauce,food,instacart_web
Large Lemon,food,instacart_web
TSR,not_food,receipt_ocr
Kale Cranberry Chopped Salad Kit,food,instacart_web
Organic Baking Cocoa,food,instacart_web
1300,not_food,receipt_ocr
ZerCaloriLmnLimeSportsDrink,food,synthetic_ocr_aug
Shredded Carrots,food,instacart_web
5.99,not_food,receipt_ocr
Sesame Topped Hamburger Buns,food,instacart_web
Staamed,not_food,receipt_ocr
Lunchables Ham & Cheddar with Cracker Stackers,food,instacart_web
35895,not_food,receipt_ocr
VITA PRTYSNKWINE,food,receipt_ocr
18.09,not_food,receipt_ocr
Nonfat Vanilla Bio Kefir,food,instacart_web
Organic Smoked Turkey Breast,food,instacart_web
1 CHES& GUAC,food,receipt_ocr
100% Grapeseed Oil,food,instacart_web
100% Organic Diced Tomatoes,food,instacart_web
Temporibus autem,not_food,receipt_ocr
"Trop50 No Pulp Orange Juice w/ Calcium + Vitamin D, 50% Less Sugar & Calories",food,instacart_web
1350/ea,not_food,receipt_ocr
ModeloTap.,food,receipt_ocr
750.00,not_food,receipt_ocr
Spicys0.00,food,receipt_ocr
GluTeNfreequinOarOte,food,synthetic_ocr_aug
Organic Bartlett Pear,food,instacart_web
Barista Blend Pure Almond Milk,food,instacart_web
Light and Lean Quinoa Black Beans with Butternut Squash and Chard,food,instacart_web
Wild Mushroom & Herb Couscous Mix,food,instacart_web
Dove Dark Chocolate Bar,food,branded_items_web
Chunky Guacamole,food,instacart_web
"Prosciutto, Americano",food,instacart_web
Hardwood Smoked Lower Sodium Bacon,food,instacart_web
Organic Raw Multigreen Kobmbucha,food,instacart_web
HamachlTeriyaki,food,receipt_ocr
Cucumber Kirby,food,instacart_web
1/2Ch,not_food,receipt_ocr
Organic Hot Cocoa Mix,food,instacart_web
WEEKEND DINNER KIDS,food,receipt_ocr
Exc.,not_food,receipt_ocr
Organic Plain Whole Milk Yogurt,food,instacart_web
Sa#uerkraut,food,synthetic_ocr_aug
Gi Karma,food,receipt_ocr
Organic Frozen Peas,food,instacart_web
Classic Potato Gnocchi,food,instacart_web
Red Bell Pepper,food,instacart_web
Rosemary Mini Croccantini,food,instacart_web
Pripes.BlaFATaB7O0,food,receipt_ocr
Cage Free Grade AA Large White Eggs,food,instacart_web
BBODIM,food,receipt_ocr
SFIveLU,not_food,receipt_ocr
Oatmeal Original Unsweetened,food,instacart_web
Colby-Jack Cheese Sticks,food,instacart_web
Tomato Yellow Cherry,food,instacart_web
Vanilla Blueberry Clusters With Flax Seeds Granola,food,instacart_web
ENDERS,food,receipt_ocr
Organic Eggs Large,food,instacart_web
Fillets of Anchovies in Olive Oil,food,instacart_web
Lightly Salted Rice Cakes,food,instacart_web
CONDENSEDCREAMO,food,synthetic_ocr_aug
$4:75,not_food,receipt_ocr
Romaine Lettuce,food,instacart_web
Rosemary Olive Oil Bread,food,instacart_web
SHRIMPVERACRUZ,food,receipt_ocr
Original Crackers,food,instacart_web
Steamfresh Premium Selects Broccoli Florets,food,instacart_web
CANTONESE TENDERS,food,receipt_ocr
LUNCH FAJI,food,receipt_ocr
reenNz,not_food,receipt_ocr
KJ ESSENCE HIJAU,food,receipt_ocr
1 OUESADILLA ASADA,food,receipt_ocr
Chicken Fried Rice,food,instacart_web
Papay#a,food,synthetic_ocr_aug
Pinot Noir Wine,food,instacart_web
oldecha,food,receipt_ocr
"\""Constant Comment\"""" Decaffeinated Black Tea Blend""",food,instacart_web
844882,not_food,receipt_ocr
Plain Whole Milk Yogurt,food,instacart_web
"132,00",not_food,receipt_ocr
3Pupusa ueso,food,receipt_ocr
Soft French-Style Nut Cheese,food,instacart_web
tropical fruit,food,basket_categories_web
6.00 SR*,not_food,receipt_ocr
Smoked Fresh Turkey Kielbasa,food,instacart_web
Shami Lime Juice,food,receipt_ocr
Shredded Parmigiano Reggiano,food,instacart_web
"New England Style Clam Corn Chowder, Condensed",food,instacart_web
965789210626E,not_food,receipt_ocr
ANGKORBEERHTT,food,receipt_ocr
1539,not_food,receipt_ocr
87,not_food,receipt_ocr
Burrata Mozzarella Cheese,food,instacart_web
Original Instant Grits,food,instacart_web
pasta,food,basket_categories_web
Muenster Cheese Slices,food,instacart_web
"Bocconcini, Fresh Mozzarella",food,instacart_web
955789210626E,not_food,receipt_ocr
Smoked Gourmet Chorizo Chicken Sausage,food,instacart_web
S14,not_food,receipt_ocr
Kosher Dill Pickle Spears,food,instacart_web
Philadelphia Cream Cheese Spread,food,instacart_web
gl Imp White,food,receipt_ocr
Black Peppercorns,food,instacart_web
Uncured Cracked Pepper Beef,food,instacart_web
Organic Light In Sodium Traditional Refried Beans,food,instacart_web
HHGUINESS12 GLASSES,food,receipt_ocr
2.5.50,not_food,receipt_ocr
Prngrrtarls,food,synthetic_ocr_aug
s6b-s,not_food,receipt_ocr
8.c0,not_food,receipt_ocr
DairyFreeCoconutMilkFrozen,food,synthetic_ocr_aug
Natural California Raisins,food,instacart_web
11.90.8,not_food,receipt_ocr
Mediim,food,receipt_ocr
Gluten Free Baking & Packing Mix,food,instacart_web
Sparkling Mineral Water,food,instacart_web
LWR,not_food,receipt_ocr
Goat's Milk Cheese,food,instacart_web
Olives Stuffed With Blue Cheese,food,instacart_web
46CL RGE,not_food,receipt_ocr
STroWBrRyTWIZz1Ers,food,synthetic_ocr_aug
HFRTES,food,receipt_ocr
50% Less Sodium Kidney Beans,food,instacart_web
Original Sparkling Water,food,instacart_web
2195,not_food,receipt_ocr
Organic Chopped Spinach,food,instacart_web
Natural Chicken Breast Cutlets,food,instacart_web
Pecan Nut & Rice Cracker Snacks,food,instacart_web
00.8,not_food,receipt_ocr
Bites Strawberry,food,instacart_web
OrganicAllStarsPastaInTomato&CheeseSauce,food,synthetic_ocr_aug
UnsweetcnedOriginalAlmondBreezeAlmonclMilk,food,synthetic_ocr_aug
Organic Raw Walnut Banana High Protein Warrior Bar,food,instacart_web
$89,not_food,receipt_ocr
0$129.00,not_food,receipt_ocr
Peanut Butter Chocolate Chip Fruit & Nut Bars,food,instacart_web
Lump Crab &SpinachDip,food,receipt_ocr
HarDwoOdsmOkEDcEnTercUtORIginalbaCon,food,synthetic_ocr_aug
MovieTheaterButterMicrowavePopcorn,food,synthetic_ocr_aug
LowerSuugarInstantOatmealVariety,food,synthetic_ocr_aug
NHTOKE,not_food,receipt_ocr
Watermelon Juice,food,receipt_ocr
EMENTSOKG),not_food,receipt_ocr
$15,not_food,receipt_ocr
STUDENT,not_food,receipt_ocr
BAGS,not_food,receipt_ocr
Medjool Dates,food,instacart_web
Black Beans No Salt Added,food,instacart_web
LYCHEE-FRESH,food,receipt_ocr
Cran-Apple Juice Drink,food,instacart_web
Organic Soy Tempeh,food,instacart_web
fruit/vegetablejuiice,food,synthetic_ocr_aug
California White Jasmine Rice,food,instacart_web
Lemon Fruit & Nut Food Bar,food,instacart_web
CASTEL,not_food,receipt_ocr
皖A·96,not_food,receipt_ocr
UdonSoupBo,food,synthetic_ocr_aug
enSaTad,food,receipt_ocr
Chicken & Apple Smoked Chicken Sausage,food,instacart_web
VALLOMS,not_food,receipt_ocr
ALABARPARATHA,food,receipt_ocr
Pork Breakfast Sausage,food,instacart_web
Traditional Crumbled Feta Cheese,food,instacart_web
Chocolate Chip Cookie Coffee Creamer,food,instacart_web
UnsweetBlackberrySparklingWater0,food,synthetic_ocr_aug
Glut0enFreePeanutButterDarkChocolateChewyWithaCrunchGranolaBars,food,synthetic_ocr_aug
Peppered Turkey Breast,food,instacart_web
3.20,not_food,receipt_ocr
Sa Imon Teriyaki Don Buri,food,receipt_ocr
YoKids Squeeze! Organic Strawberry Flavor Yogurt,food,instacart_web
3ASADA,food,receipt_ocr
BBQRanchChoppedSalad,food,synthetic_ocr_aug
snceen,not_food,receipt_ocr
Fettuccine Paglia E Fieno,food,instacart_web
Bagel Thins Everything,food,instacart_web
OrignalDrkRum,food,synthetic_ocr_aug
TotalTAx,not_food,receipt_ocr
Chix,food,receipt_ocr
Gluten Free Sourdough Sandwich Rolls,food,instacart_web
Natural Lime Flavor Sparkling Mineral Water,food,instacart_web
Orange Chicken,food,instacart_web
0riginalThinBaconChceseburgerPizza,food,synthetic_ocr_aug
2.64,not_food,receipt_ocr
3.35,not_food,receipt_ocr
Regular Cream Cheese Spread,food,instacart_web
S19.20,not_food,receipt_ocr
3.00ZR,not_food,receipt_ocr
Almond Milk Peach Yogurt,food,instacart_web
WheatSandwichThiins,food,synthetic_ocr_aug
Mozzarella Cheese Shreds,food,instacart_web
Yerba Mate Sparkling Classic Gold,food,instacart_web
Banana Dippers Banana Slices,food,instacart_web
Gluten Free Chicken Breast Tenders,food,instacart_web
FEBRTCOL,not_food,receipt_ocr
Gl Sangfoves,food,receipt_ocr
Dried Strawberries,food,instacart_web
3.80,not_food,receipt_ocr
Crackers Cheddar Bunnies Snack Packs,food,instacart_web
"Eggs, Free Range, Brown, Large",food,instacart_web
Classic Crust Pepperoni Pizza,food,instacart_web
Mango Protein Juice Smoothie,food,instacart_web
1xSchweinschnitzela22.00CHF,food,receipt_ocr
SmmertimeBlsMultigrinTrtllaChips,food,synthetic_ocr_aug
$B:80,not_food,receipt_ocr
Bread Butter Pudding,food,receipt_ocr
AlessiBalsalmicVineg#ar,food,synthetic_ocr_aug
1REUBEN SANDWICH,food,receipt_ocr
Gluten Free Rice Pasta & Cheddar Single Serving Macaroni & Cheese,food,instacart_web
Fruit & Cream Variety Pack,food,instacart_web
Diet Green Tea With Citrus,food,instacart_web
Cream Top Smooth & Creamy Plain Yogurt,food,instacart_web
$13.15,not_food,receipt_ocr
Vegetable Pie In A Pocket Sandwich,food,instacart_web
Honey Mustard Squeeze,food,instacart_web
Tortilla Strips,food,instacart_web
OrganicSeweedBlackSesameSuperSeedrakers,food,synthetic_ocr_aug
Organic Red Bell Pepper,food,instacart_web
SmokedPulledPork,food,synthetic_ocr_aug
Light & Lean Sweet & Sour Asian Noodle Pasta,food,instacart_web
11.,not_food,receipt_ocr
$2135,not_food,receipt_ocr
liver loaf,food,basket_categories_web
TThinPizzaCrust,food,synthetic_ocr_aug
Lightly Salted Brown Rice Cakes,food,instacart_web
$3.66,not_food,receipt_ocr
NenYork,not_food,receipt_ocr
Dark Chocolate Frozen Dessert bars,food,instacart_web
Rustic Cut Organic Ruby Red Beets,food,instacart_web
Organic Micro Greens Sprouts,food,instacart_web
$2700,not_food,receipt_ocr
Peanut Butter 100% Natural Creamy,food,instacart_web
ADOUA NAT,food,receipt_ocr
Cafe Latte,food,receipt_ocr
"Milk Chocolate Candies, Bonus Bag",food,instacart_web
7-703,not_food,receipt_ocr
Activia Peach/Strawberry Lowfat Yogurt,food,instacart_web
Wild Sockeye Salmon,food,instacart_web
Draft Beer,food,instacart_web
Organic Fuji Apples,food,instacart_web
Hacedon,food,receipt_ocr
Unsweetened Vanilla Almond Breeze,food,instacart_web
"Green Beans, Organic, Cut",food,instacart_web
CDL,not_food,receipt_ocr
Smal Wedge Salad (Dinner),food,receipt_ocr
Sparkling Clementine Juice Beverage,food,instacart_web
G Dragon,not_food,receipt_ocr
Crunchy Peanut Butter Energy Bar,food,instacart_web
NUMBERI,not_food,receipt_ocr
"Coconut Water, Pulp, Real",food,instacart_web
"74,00",not_food,receipt_ocr
ATIOZ,not_food,receipt_ocr
Major Grey's Chutney,food,instacart_web
UnitPrice,not_food,receipt_ocr
Grade A Large White Eggs,food,instacart_web
Family Recipe Italian Dressing,food,instacart_web
Mozzarella String Cheese,food,instacart_web
Mache Blend,food,instacart_web
07120.00,not_food,receipt_ocr
OrganicCoconutBlissSaltedCaramelinChocolate,food,synthetic_ocr_aug
CHCKNPOTPIE,food,receipt_ocr
70.00,not_food,receipt_ocr
NaturalEmmental/erSwissCheese,food,synthetic_ocr_aug
GarlcParm,food,receipt_ocr
Rutabaga,food,synthetic_food_list
White Meat Chicken Taquitos,food,instacart_web
Whole 7 Ancient Grains Bread,food,instacart_web
GRNIER M.COOLFOAM50,not_food,receipt_ocr
Sweet & Salty Nut Granola Bars Peanut,food,instacart_web
Original Sweet Chili Dipping Sauce,food,instacart_web
MalaiKofta,food,receipt_ocr
nch,not_food,receipt_ocr
Veggie Cheese & Pretzel Snack Pac Prepacked,food,instacart_web
Shredded Sharp Cheddar Cheese,food,instacart_web
AmoE,not_food,receipt_ocr
CTIMBANG,not_food,receipt_ocr
3.34,not_food,receipt_ocr
$100.00,not_food,receipt_ocr
Roasted Garlic & Sweet Basil Sauce,food,instacart_web
Cornmeal Crust 3 Cheese Pizza,food,instacart_web
ThinSpaghettiPasta,food,synthetic_ocr_aug
1174,not_food,receipt_ocr
HouseReoipe,food,receipt_ocr
noSugarAddeDsLIcEDPeAcHes,food,synthetic_ocr_aug
OrganiicBeefBoneBroth,food,synthetic_ocr_aug
HOCTT,not_food,receipt_ocr
9072317,not_food,receipt_ocr
Hazelnut & Currant Dark Chocolate Bar,food,instacart_web
080456,not_food,receipt_ocr
MTLD16S,not_food,receipt_ocr
combo.Grilled Onion.(so.75),food,receipt_ocr
Meatless & Soy Free Frozen Chik'n Tenders,food,instacart_web
Peach Mango Salsa,food,instacart_web
ea,not_food,receipt_ocr
Organic Unsweetened Almond Milk,food,instacart_web
Organic Recipe Granola,food,instacart_web
Outshine Fruit Bars Pineapple,food,instacart_web
X4.00,not_food,receipt_ocr
Spaghett1 ConPo11o,food,receipt_ocr
Adipiscing,not_food,receipt_ocr
Granola Bars,food,instacart_web
Honey BBQ Flavored Boneless Chicken Wyngz,food,instacart_web
Brie*,food,synthetic_ocr_aug
RealSmooth,not_food,receipt_ocr
noibnstomstaoolomoo3onneesns,not_food,receipt_ocr
1-70,not_food,receipt_ocr
Sea Salt Original Beef Jerky,food,instacart_web
Dolorsitametonsectetur,not_food,receipt_ocr
Mini,not_food,receipt_ocr
Brownberry Natural Wheat Bread,food,instacart_web
Spectacular Sparkling Grapefruit,food,instacart_web
UKUR,not_food,receipt_ocr
Vanilla Almond Butter,food,instacart_web
Honey Maid Graham Crackers,food,instacart_web
BbyOatmelCereal,food,synthetic_ocr_aug
6LTBIGTREEHIGHGLOSSPAINT,not_food,receipt_ocr
7.50,not_food,receipt_ocr
Eggo Nutri-Grain Blueberry Waffles,food,instacart_web
Toma,food,instacart_web
Organic Baby Rainbow Carrots,food,instacart_web
35MM,not_food,receipt_ocr
trno,food,synthetic_ocr_aug
"Tortilla Chips, Clasico, Jalapeno Lime",food,instacart_web
Colby And Monterey Jack Cheeses Finely Shredded,food,instacart_web
Kale & Roasted Garlic Baked Bean Bites,food,instacart_web
Homestyle Alfredo Sauce,food,instacart_web
KidsCrialedc,food,receipt_ocr
Ready Rice Roasted Chicken Flavored,food,instacart_web
Tm,food,synthetic_ocr_aug
Solid White Albacore Tuna In Spring Water,food,instacart_web
Fish Goulash,food,receipt_ocr
S/Price,food,receipt_ocr
1HappyMea16Pc,food,receipt_ocr
STUDENTSOCKS3PCSBK,not_food,receipt_ocr
2 Large Fry (85.79),food,receipt_ocr
Cilantro Avocado Yogurt Dressing,food,instacart_web
Organic Protein Cocoa Coconut Bar,food,instacart_web
"RussiarLowfotYogurt,2%Milkfat",food,synthetic_ocr_aug
WholeGrainsHealthNutB,food,synthetic_ocr_aug
rgnicUnrefnedSsmeOil,food,synthetic_ocr_aug
Spaohetti,food,receipt_ocr
Napa Cabbage,food,instacart_web
"CBE-S217CBE7""SCISSORS(2OMM",not_food,receipt_ocr
TacoTues,not_food,receipt_ocr
Roasted & Salted Cheddar Cheese,food,instacart_web
Orange Bell Pepper,food,instacart_web
Dipps Dark Chocolatey Granola Bars,food,instacart_web
BLACKOXIDE,not_food,receipt_ocr
Traditional 98% Fat Free,food,instacart_web
STO0,food,receipt_ocr
1OCTOPUS,food,receipt_ocr
OrganicShellsndWhteChddr,food,synthetic_ocr_aug
Fair Trade Dark Chocolate Cookies,food,instacart_web
20G,not_food,receipt_ocr
Hazelnut Spread with Cocoa,food,instacart_web
Special Dark Mildly Sweet Chocolate Bar,food,instacart_web
1250*225.00.5,not_food,receipt_ocr
Pure Granulated Cane Sugar,food,instacart_web
190.00,not_food,receipt_ocr
Chicken ings,food,receipt_ocr
taco5soring,food,synthetic_ocr_aug
ORANGECK,food,receipt_ocr
100 Calorie  Per Bag Popcorn,food,instacart_web
Vegan Apple Maple Breakfast Sausage,food,instacart_web
Stringles Organic Colby Jack Cheese,food,instacart_web
"Green Peas, Organic, Petite",food,instacart_web
TNA,food,receipt_ocr
121093307GBXTISSU4X150,not_food,receipt_ocr
Lactose Free Organic Whole Milk Plain Yogurt,food,instacart_web
112000,not_food,receipt_ocr
ORGANICCH<U+00E8>VREFLEURIESOFTRIPENEDGOATCHEESE,food,synthetic_ocr_aug
LOWGRDCERY,not_food,receipt_ocr
Better Than Cream Cheese - Plain Imitation Cream Cheese,food,instacart_web
Whole Milk Greek Blended Vanilla Bean Yogurt,food,instacart_web
Slow Churned Light Peppermint Ice Cream Limited Edition,food,instacart_web
Restaurant Style Organic Chia & Quinoa Tortilla Chips,food,instacart_web
ananaBeadFrut&NutBar,food,synthetic_ocr_aug
Frozen Shrimp Raw,food,synthetic_food_list
CoconutAlmondMinisFrozenDessertBars,food,synthetic_ocr_aug
wrigley'sorbitwintermin,food,synthetic_ocr_aug
Vitaminwater<U+00AE>FocusKiwi-Strawberry,food,synthetic_ocr_aug
NaturallySmokedTr.outFillet,food,synthetic_ocr_aug
WholeWhatFgBar,food,synthetic_ocr_aug
Oreo Chocolate Sandwich Cookies,food,instacart_web
Black Coffee,food,instacart_web
crmelapp1cdreamherbalt,food,synthetic_ocr_aug
N22,not_food,receipt_ocr
Original Lemonade,food,instacart_web
$1746,not_food,receipt_ocr
Packets No Calorie Sweetener,food,instacart_web
$2.59,not_food,receipt_ocr
WHOLEWHEATPITABREA,food,synthetic_ocr_aug
SHREDDED BEEG,food,receipt_ocr
10.98,not_food,receipt_ocr
DiryFreGltenFreeCkieDughCocnutMilkFrozenDessert,food,synthetic_ocr_aug
ITEMNRME,not_food,receipt_ocr
FREEBIRD,food,receipt_ocr
9/161NWORD,not_food,receipt_ocr
920s350,not_food,receipt_ocr
Lightly Salted Almonds,food,instacart_web
Tofuso.0o,food,receipt_ocr
Organic EVOO,food,instacart_web
BOO SR+,not_food,receipt_ocr
Organic Gold Beet Bunch,food,instacart_web
Serrano Chile Peppers,food,instacart_web
Chicken Curry.,food,receipt_ocr
House Recipe,food,receipt_ocr
Slow Churned Light Vanilla Bean Ice Cream,food,instacart_web
Corn Starch,food,instacart_web
17.95,not_food,receipt_ocr
14.500,not_food,receipt_ocr
1160,not_food,receipt_ocr
Mango Sorbet Pops,food,instacart_web
Plain Bagelettes,food,instacart_web
1 Rich/FamousRoll,food,receipt_ocr
591552.25-0ALBOUGTRELLIS,not_food,receipt_ocr
Organic Lentil Vegetable Soup,food,instacart_web
Organic Capellini Whole Wheat Pasta,food,instacart_web
Mt1lenium 2#,not_food,receipt_ocr
Longd,food,receipt_ocr
"PizzaPopprs,ThreChese",food,synthetic_ocr_aug
TOSTITOSSCOOPS,food,synthetic_ocr_aug
100.00,not_food,receipt_ocr
HT,not_food,receipt_ocr
Marinara Pasta Sauce,food,instacart_web
HomemadeS/altedButter,food,synthetic_ocr_aug
BES,not_food,receipt_ocr
"Super Spinach! Baby Spinach, Baby Bok Choy, Sweet Baby Kale",food,instacart_web
ER.6D0S,not_food,receipt_ocr
Pumpernickel Dark Pump Bread,food,instacart_web
$1999,not_food,receipt_ocr
Cornmeal,food,synthetic_food_list
WhiteMeatCckenPoPie,food,synthetic_ocr_aug
OrganicSpouofuSuperFirmTfu,food,synthetic_ocr_aug
5ugarWofersCremeFilling,food,synthetic_ocr_aug
CnuToro,food,receipt_ocr
Organic 100% Pure Dark Amber Maple Syrup,food,instacart_web
DRINK,food,receipt_ocr
Tropicana Apple Juice,food,produce_classes_web
$1.99,not_food,receipt_ocr
4.50,not_food,receipt_ocr
Nut & Oat Bread,food,instacart_web
1900,not_food,receipt_ocr
Greek Whole Milk Blended Blueberry Yogurt,food,instacart_web
Cheese Finely Shredded Mexican Four Cheese Blend,food,instacart_web
Eggo Chocolate Chip Waffles,food,instacart_web
Green Tea Ice Cream,food,instacart_web
Unsweetened Green Tea,food,instacart_web
xEriksberg Karaktag4n00,food,receipt_ocr
1% Lowfat Milk,food,instacart_web
Qtas.Sosamo.chieken,food,receipt_ocr
Deli Sliced Ham,food,synthetic_food_list
xAgua Panna,food,receipt_ocr
Arla Natural Mild Low Fat Yoghurt,food,produce_classes_web
79.000,not_food,receipt_ocr
Tincidunt,not_food,receipt_ocr
Dairy Free Gluten Free Strawberry Cheesecake,food,instacart_web
6:00,not_food,receipt_ocr
Organic Cheddar Classics Baked Crackers,food,instacart_web
Unsalted Peanut Butter Filled Pretzels,food,instacart_web
Organicextralargegradeaabrowneggs,food,synthetic_ocr_aug
YOUNEVERKNOW,not_food,receipt_ocr
"Granola, Original Honey",food,instacart_web
ORGANICGREEKPLAINN,food,synthetic_ocr_aug
SARBAG,not_food,receipt_ocr
13.6,not_food,receipt_ocr
Honey Roasted Peanuts,food,instacart_web
Jack'sSpecilSlsaMediumHot,food,synthetic_ocr_aug
.PRICE,not_food,receipt_ocr
BOZOOESOOO8,not_food,receipt_ocr
6.79,not_food,receipt_ocr
Garden,food,receipt_ocr
Beef Pattie,food,receipt_ocr
"Pie Crust, Gluten Free",food,instacart_web
GrannySm,food,synthetic_ocr_aug
anachiCotiar,food,receipt_ocr
Raw Goat Milk Sharp Cheddar Cheese,food,instacart_web
DIE-CUT TRANSPARENT PPS,not_food,receipt_ocr
Whole Grains Health Nut Bread,food,instacart_web
Organic Nonfat Greek Yogurt With Lemon,food,instacart_web
Lite Coconut Milk,food,instacart_web
VNB6OOO,not_food,receipt_ocr
956783740003E,not_food,receipt_ocr
Culinary Coconut Milk,food,instacart_web
RAVTOLD,food,receipt_ocr
Milk & Caramel Mini Squares,food,instacart_web
OrganicStonegroundFlakesCocoaClustersCereal,food,synthetic_ocr_aug
Mayo Sriracha,food,instacart_web
Low Fat Blueberry Goat Milk Yogurt,food,instacart_web
CAFE,food,receipt_ocr
TRUE.,not_food,receipt_ocr
855.000,not_food,receipt_ocr
Long Grain Natural Brown Rice,food,instacart_web
Cherry Pomegranate Greek Yogurt,food,instacart_web
HALIBUT,food,receipt_ocr
Cinnamon Sugar Pita Chips,food,instacart_web
Orange Juice with Calcium,food,instacart_web
Organic Gluten-Free Quinoa Spaghetti,food,instacart_web
OrangPeachMango,food,synthetic_ocr_aug
Ginger Ale,food,instacart_web
Breakfast Blend Medium Keurig Brewed K-Cups Ground Coffee,food,instacart_web
Vanilla Bean Chia Pod,food,instacart_web
Add Tequila,food,receipt_ocr
Southern Butter Pecan Gourmet Coffee Creamer,food,instacart_web
bowl barley,food,receipt_ocr
Original Ranch Salad Dressing,food,instacart_web
Sea Salt Fine Crystals,food,instacart_web
NaturalClassicPorkBreak,food,synthetic_ocr_aug
"395,000",not_food,receipt_ocr
19:80C,not_food,receipt_ocr
Boneless Chicken Breast,food,instacart_web
1Mie Ayam+,food,receipt_ocr
14500,not_food,receipt_ocr
OrganicCreamyChocolateFudgeNutritionalShak.e,food,synthetic_ocr_aug
Naan Bread,food,synthetic_food_list
Classic French White Bread,food,instacart_web
Classico Traditional Pizza Sauce,food,instacart_web
frozen vegetables,food,basket_categories_web
ITEM,not_food,receipt_ocr
Chunk Light in Water Tuna,food,instacart_web
Couscous,food,synthetic_food_list
VitaminWater Zero<U+2122> XXX Acai Blueberry Pomegranate,food,instacart_web
Tot,not_food,receipt_ocr
Boke,food,receipt_ocr
colasoda,food,synthetic_ocr_aug
HONE,food,synthetic_ocr_aug
GoatCheeseLog,food,synthetic_ocr_aug
VegetableBiryani,food,receipt_ocr
Toru,food,receipt_ocr
0rganicExtraVirginOi1Olive,food,synthetic_ocr_aug
Low Fat No Chicken Noodle Soup,food,instacart_web
Chipotle Pepprs in Adobo Sauce,food,instacart_web
Roma Tomatoes,food,synthetic_food_list
8-45,not_food,receipt_ocr
FW10010801,not_food,receipt_ocr
Classic Vegetables Chopped Broccoli,food,instacart_web
SteamfreshPrremiumSelectsFrozenWholeGreenBeans,food,synthetic_ocr_aug
S5.25,not_food,receipt_ocr
Rp17.000,not_food,receipt_ocr
Shelled Walnuts,food,instacart_web
"Turkey Jerky, Lemon Garlic",food,instacart_web
2.X0.50,not_food,receipt_ocr
Organic Black Bean Rotini Pasta,food,instacart_web
Orgaricchesyrovol,food,synthetic_ocr_aug
CREAM,food,receipt_ocr
Gluten-Free Original Veggie Chips,food,instacart_web
Amour,not_food,receipt_ocr
YokidsOrganicStrawberryBananaLowfatY,food,synthetic_ocr_aug
rgncChicknPtPi,food,synthetic_ocr_aug
AllNaturalApricot,food,synthetic_ocr_aug
2e305/ea,not_food,receipt_ocr
Plain Low Fat Australian Style Yogurt,food,instacart_web
DEPOSITCS0D489793T,not_food,receipt_ocr
MET,food,receipt_ocr
Blueberry Lemonade,food,instacart_web
100% Liquid Egg Whites,food,instacart_web
Cinnamon Toast Organic Rice Cakes,food,instacart_web
11.98,not_food,receipt_ocr
PeachPureBodyImmuneSupportBlend,food,synthetic_ocr_aug
Cold Noodle With Chicken,food,receipt_ocr
ENCHMANUEL,food,receipt_ocr
soda,food,receipt_ocr
2.00X4-51,not_food,receipt_ocr
Organic Garlic Hommus,food,instacart_web
Organic Grass-Fed Real Aged Cheddar & Macaroni Shells,food,instacart_web
MiniChocolteDonuts,food,synthetic_ocr_aug
Mediterranean Sea Salt Grinder,food,instacart_web
BESPY,not_food,receipt_ocr
KaleFlavoreCornTortillahips,food,synthetic_ocr_aug
REG CAJ FRIES,food,receipt_ocr
all,not_food,receipt_ocr
MOM,not_food,receipt_ocr
4 COPERTO,not_food,receipt_ocr
HOMECARESASCOAL,not_food,receipt_ocr
EUROPEANSTYLEUNSALTEDBUTTER,food,synthetic_ocr_aug
Rendao,food,receipt_ocr
Ne Chevre Cashew Cheeze Pure,food,instacart_web
Rosemary & Olive Oil Flatbread,food,instacart_web
1FR,not_food,receipt_ocr
Organic Chicken Breast,food,instacart_web
DairyPurcFrcshHalf&Half,food,synthetic_ocr_aug
CInciusiveofGsT),not_food,receipt_ocr
Orange Honeydew Melon,food,instacart_web
2.88,not_food,receipt_ocr
Lower Sodium Split Pea Vegan Soup,food,instacart_web
FLittleHaburger,food,receipt_ocr
Organic Black Lentils,food,instacart_web
OrganicYoKidsSqueeze!Str,food,synthetic_ocr_aug
Classic Macaroni & Mild Cheddar Cheese,food,instacart_web
Original Buttery Spread,food,instacart_web
909906163103,not_food,receipt_ocr
Creamy Chicken & Dumplings Soup,food,instacart_web
9.,not_food,receipt_ocr
MlkChocolteCrnchBnchCandyinStandpBag,food,synthetic_ocr_aug
EbiMentai,food,receipt_ocr
StackerMallows Marshmallows,food,instacart_web
Original Crunchy Corn Snack,food,instacart_web
Ten Vanilla Root Beer,food,instacart_web
Tomato Medley,food,instacart_web
Mayo,food,receipt_ocr
Black Bean Burger Meatless Patties,food,instacart_web
1 Amer Kobe FITet,food,receipt_ocr
Cheese Q,food,receipt_ocr
Chewy Yogurt Strawberry Granola Bars,food,instacart_web
Parsnip,food,instacart_web
10%SVCCHG,not_food,receipt_ocr
20250,not_food,receipt_ocr
TotemHoney Bee,food,receipt_ocr
2 The Drifter,food,receipt_ocr
plain Rice+2Veg Set,food,receipt_ocr
Sumatra Dark Roast K-Cups,food,instacart_web
VeganChocolateChipMiniMuf*fins,food,synthetic_ocr_aug
Half,not_food,receipt_ocr
Persimmon Sharon Fruit Cv,food,instacart_web
Black Bean Veggie Burger,food,instacart_web
Peanut Butter Egg White Protein Bar,food,instacart_web
Organic 1% Lowfat Milk,food,instacart_web
Unsweetened Whole Milk Blueberry Greek Yogurt,food,instacart_web
CHEESE STEAK,food,receipt_ocr
805,food,instacart_web
Organic Free-Range Chicken Broth,food,instacart_web
100% Whole Wheat Pre-Sliced Bagel Thins,food,instacart_web
coeb,not_food,receipt_ocr
Organic Roasted Seaweed Snacks Teriyaki,food,instacart_web
5.41,not_food,receipt_ocr
TaguitosBaJaCafornla sheimp,food,receipt_ocr
w/Beef,food,receipt_ocr
Organic Tamari With Seaweed Rice Cake,food,instacart_web
Pure0live0il,food,synthetic_ocr_aug
Cinnamon Raisin Bagels,food,instacart_web
Plain Pre-Sliced Bagel Thins,food,instacart_web
KaleFlavoredCorrTortilloChips,food,synthetic_ocr_aug
Free Range Chicken Broth,food,instacart_web
Brass Tacks Blend Whole Bean Coffee,food,instacart_web
GARDENMINESTRON,food,synthetic_ocr_aug
Limes,food,instacart_web
BBODR,not_food,receipt_ocr
Organic Cream Cheese Bar,food,instacart_web
Chicken & vegetable dumplings with rice in an Asian-style dipping sauce. Asian-Style Pot Stickers,food,instacart_web
Nectarin1es,food,synthetic_ocr_aug
ChantillyC0reme,food,synthetic_ocr_aug
COLL GRN,food,receipt_ocr
$8.85,not_food,receipt_ocr
Original Black Bean with Sea Salt Bean Chips,food,instacart_web
80S,not_food,receipt_ocr
Delights Turkey Sausage Egg Whites & Cheese English Muffin,food,instacart_web
82.01,not_food,receipt_ocr
Combination Pizza Rolls,food,instacart_web
Baby Eggplant,food,instacart_web
1-00X6-30,not_food,receipt_ocr
100,not_food,receipt_ocr
SotnahDu,not_food,receipt_ocr
22.26,not_food,receipt_ocr
Organic Premium Concord Grape Spread,food,instacart_web
Crossovers Caramel Hny Almond,food,instacart_web
Mie KeritingR,food,receipt_ocr
Original Pancake Mix,food,instacart_web
Mild Diced Green Chiles,food,instacart_web
Grade A Organic Large Brown Eggs,food,instacart_web
To Go Dippers Creamy Peanut Butter with Pretzeles Single,food,instacart_web
e:40z,not_food,receipt_ocr
Organic Honey Mustard,food,instacart_web
Peanut Butter & Jelly Fruit & Nut Food Bar,food,instacart_web
Miso Soup,food,instacart_web
Bold & Crispy Zesty Twirls,food,instacart_web
Ground Smoked Paprika,food,instacart_web
121093307 GBXTI5SU.4X150,not_food,receipt_ocr
Organicpremiumq,food,synthetic_ocr_aug
182X3,not_food,receipt_ocr
Cream of Chicken & Mushroom Condensed Soup,food,instacart_web
Organic Sweet Potatoes,food,instacart_web
Original Multigrain Spoonfuls Cereal,food,instacart_web
Salted Butter,food,instacart_web
Oikos Traditional Cafe Latte Greek Yogurt,food,instacart_web
Hand-Formed Vegan Burger Patties,food,instacart_web
Activia Lowfat Peach Yogurt,food,instacart_web
Taco Spices and Seasonings,food,instacart_web
"a145,00",not_food,receipt_ocr
Weight Watchers Three Cheese Ziti Marinara,food,instacart_web
Original Fudge Sticks,food,instacart_web
R&B-C/CLIP8MMX1OOPCS,not_food,receipt_ocr
Soy Crisps Deep Sea Salted Snack Chips,food,instacart_web
Original Plain Yoghurt,food,instacart_web
90CalorieL/emonBars,food,synthetic_ocr_aug
Natural Cane Turbinado Sugar,food,instacart_web
500,not_food,receipt_ocr
Raincoast Crisps Cranberry And Hazelnut Crackers,food,instacart_web
Original Whipped Topping,food,instacart_web
19:80:C,not_food,receipt_ocr
Organic Brown Rice Cake Salt-Free,food,instacart_web
OrganicAppleCiderVinegarAllNaturalDrinkAppleCinnammon,food,synthetic_ocr_aug
[1]鸡丝凉面,not_food,receipt_ocr
Classic Mixed Vegetables,food,instacart_web
Petite Peas,food,instacart_web
PintBisgu,food,receipt_ocr
RegularPrice,not_food,receipt_ocr
Stir-fry Rice Noodles,food,instacart_web
Originalsweetchilidipping,food,synthetic_ocr_aug
8.40,not_food,receipt_ocr
Homemade Marinara Sauce,food,instacart_web
Black Cherry Ice Cream,food,instacart_web
59.80 Eur.×,not_food,receipt_ocr
2.49,not_food,receipt_ocr
DolorSit,not_food,receipt_ocr
PineappletrawerryNaturalyEssencedSparklingWater,food,synthetic_ocr_aug
FUdgEstrIPeSORI,food,synthetic_ocr_aug
Pitted Greek Kalamata Olives,food,instacart_web
Sparkling Orange Juice & Prickly Pear Beverage,food,instacart_web
Organic Carrots & Ranch Dip,food,instacart_web
Organicgradeafreerangelargebrowneggs,food,synthetic_ocr_aug
Red Potatoes,food,instacart_web
"Steamfresh Selects Frozen Broccoli, Cauliflower & Carrots",food,instacart_web
JEERARICE,food,receipt_ocr
Wavy Original Potato Chips,food,instacart_web
Organic Just Peaches,food,instacart_web
Apple + Blueberry Fruit Bar,food,instacart_web
Orange Juice Fresh Squeezed,food,synthetic_food_list
DESIGNBANNER,not_food,receipt_ocr
Organic Peach Oo La Long Tea,food,instacart_web
unt,not_food,receipt_ocr
Honeybunchesofoatshoneyroastedwithalmondscereal,food,synthetic_ocr_aug
Lemon Thins,food,instacart_web
Rising Crust Pepperoni Pizza,food,instacart_web
Corn Flakes,food,instacart_web
0094,not_food,receipt_ocr
6120,not_food,receipt_ocr
largEGrADEaAorGaNIcEggS,food,synthetic_ocr_aug
Berry Bounty Trail Mix,food,instacart_web
S900,not_food,receipt_ocr
GlutenFreeOriginalGra,food,synthetic_ocr_aug
Anne's Org Strw Yog 4 Ct,food,instacart_web
Vanilla Almond Builder's Bar,food,instacart_web
Craveables Pepperoni Pizza,food,instacart_web
Sliced Tamed Jalapeno Peppers,food,instacart_web
40,not_food,receipt_ocr
Green Chili & Cumin Adzuki Bean Burger,food,instacart_web
DALFRY,food,receipt_ocr
-6.40,not_food,receipt_ocr
White Cheddar Snack Crackers Cheddar Bunnies,food,instacart_web
TCED,food,receipt_ocr
ToastedAlmondRicePlafMx,food,synthetic_ocr_aug
Organic Fat Free Milk,food,instacart_web
Chicken Tikka Masala,food,receipt_ocr
Chocolate Sandwich Cookies,food,instacart_web
129,not_food,receipt_ocr
15.49,not_food,receipt_ocr
Oikos Fat Free Vanilla Greek Yogurt,food,instacart_web
CIF REGULAR50,food,receipt_ocr
991,not_food,receipt_ocr
FlaxPlusH*otOatmeal,food,synthetic_ocr_aug
Tradtttonal P,not_food,receipt_ocr
LafayetteButterLettuce&RadicchioSa,food,synthetic_ocr_aug
Organic Flame Raisins,food,instacart_web
Tabasco Chipotle Pepper Sauce,food,instacart_web
Corn tortillas filled with chicken & vegetables over a bed of rice topped with a real cheese sauce Chicken Enchiladas with Cheese Sauce & Rice,food,instacart_web
Nestle BlissYoaDriakstrawberry,food,receipt_ocr
Jimmy Dean Fully Cooked Original Pork Sausage Crumbles,food,instacart_web
THaaularSoda,food,receipt_ocr
Organic Jalapeno Crackers,food,instacart_web
Nutri*entEnhancedWater,food,synthetic_ocr_aug
Creamy Chocolate Frosting,food,instacart_web
100% Whole Wheat Burger Buns,food,instacart_web
54.00,not_food,receipt_ocr
TELESCOPE,not_food,receipt_ocr
POLACHEK,not_food,receipt_ocr
Tonatoes,food,receipt_ocr
PESC,food,receipt_ocr
FRTES,food,receipt_ocr
"Dill, Sea Salt & Olive Oil Crackers",food,instacart_web
MediumWel1,not_food,receipt_ocr
Crunchy Oats 'n Dark Chocolate Granola Bars,food,instacart_web
JumboButerfyShrim,food,synthetic_ocr_aug
Hommous/Tabboulj,food,receipt_ocr
Organic Gluten Free Buckwheat Wildberry Waffles,food,instacart_web
TW33WING MEAE,food,receipt_ocr
vanillaCustard,food,receipt_ocr
Original Superfood Fruit Smoothie Blend,food,instacart_web
Large Pineapple Chunks,food,instacart_web
Garlic Parmesan Pretzel Thins,food,instacart_web
Wettissue,not_food,receipt_ocr
tnihuahuacheese,food,receipt_ocr
Exotic Harvest Sea Salt Vegetable Chips,food,instacart_web
Organic Diced Fire Roasted Tomatoes,food,instacart_web
HERS/PCNMROLL20S,food,receipt_ocr
102X2,not_food,receipt_ocr
VEGGIELOAF&MASHEDPO,food,synthetic_ocr_aug
Lg Bevy Bar,food,receipt_ocr
25-80,not_food,receipt_ocr
APPLCPIEFRIT&NTFOOCLBR,food,synthetic_ocr_aug
White Nectarine,food,instacart_web
Blueberry Muffin Bar,food,instacart_web
Mango Grapefruit Water,food,instacart_web
Buttery Spread Light With Flaxseed Oil,food,instacart_web
G Series Perform Orange Sports Drink,food,instacart_web
Organic Low Sodium Beef Flavored Broth,food,instacart_web
Oatmealchocolatech,food,synthetic_ocr_aug
otDoo,food,receipt_ocr
Legendary Smokey Mesquite Bar-B-Q Sauce,food,instacart_web
MO5,not_food,receipt_ocr
LG SODA,food,receipt_ocr
DESIGN,not_food,receipt_ocr
71.00(S),not_food,receipt_ocr
Tryst Black Bean Hummus,food,instacart_web
REGSoda(2 @275),food,receipt_ocr
100% Whole Wheat Hot Dog Buns,food,instacart_web
OriginalThinPepper,food,synthetic_ocr_aug
#L14Gar1c De1ight,food,receipt_ocr
Auacate,food,receipt_ocr
Hoisin Sauce,food,instacart_web
Orgonicmntbelloorecchitt1Tlianpst,food,synthetic_ocr_aug
grapes,food,basket_categories_web
Mountain Spring Water,food,instacart_web
GluttenFreeMountainWhiteBread,food,synthetic_ocr_aug
Catalina Fat Free Dressing,food,instacart_web
Big Sur Breakfast Burrito,food,instacart_web
Original Tomato Juice,food,instacart_web
Spicy Sweet Chili Flavored Tortilla Chips,food,instacart_web
S28.00,not_food,receipt_ocr
5MCGREEND,not_food,receipt_ocr
68.69,not_food,receipt_ocr
Organic Kale Italia Deep Green Blends,food,instacart_web
Buckwheat Soba Noodles,food,instacart_web
Atlantic Salmon,food,synthetic_food_list
JEERA RICE,food,receipt_ocr
HarvestBrryChwyGrnlaBrs,food,synthetic_ocr_aug
Cookies & Cream Ice Cream,food,instacart_web
Seedless Grapes Green,food,instacart_web
Comice Pear,food,instacart_web
Organic Tomato Basil Pasta Sauce,food,instacart_web
DRICLRCGNO,food,synthetic_ocr_aug
RAVIOLO,food,receipt_ocr
30,not_food,receipt_ocr
MultiseedSpeltFlatbrcod,food,synthetic_ocr_aug
Chicken & Vegetable Dumplings Potstickers,food,instacart_web
Unsalted Butter Quarters,food,instacart_web
21.00,not_food,receipt_ocr
tandoorbakednaan,food,synthetic_ocr_aug
Plain Sheep Milk Yogurt,food,instacart_web
STKKA,not_food,receipt_ocr
Philadelphia Garden Vegetable Light Cream Cheese,food,instacart_web
Tender white meat turkey & stuffing in a homestyle gravy with russet mashed potatoes Roast Turkey,food,instacart_web
1 Hot Apple Pie,food,receipt_ocr
PuRfcclDRinKingWTR,food,synthetic_ocr_aug
1.80SH,not_food,receipt_ocr
All star Meal #tie,food,receipt_ocr
GDNEMINTHUWASHS,not_food,receipt_ocr
CRAB SUIZA,food,receipt_ocr
Lemon Love Juice Drink,food,instacart_web
Mexican Lime & Cilantro Diced Tomatoes,food,instacart_web
Breadc,food,synthetic_ocr_aug
Boneless & Skinless Wild Alaskan Sockeye Salmon,food,instacart_web
British Style Bangers,food,instacart_web
UncuredAppllewoodSmokedBacon,food,synthetic_ocr_aug
Light Italian Dressing,food,instacart_web
Jimmy's Mushroonsmixed,food,receipt_ocr
14 Oz Half And Half,food,instacart_web
ERTYAKTCN,food,receipt_ocr
ORAF,not_food,receipt_ocr
"Organic Butterhead (Boston, Butter, Bibb) Lettuce",food,instacart_web
RECETPT,not_food,receipt_ocr
-647.30,not_food,receipt_ocr
>Pickles,food,receipt_ocr
Talenti Double Dark Chocolate Gelato,food,instacart_web
ONO ZRL,not_food,receipt_ocr
Grlid Asparagus,food,receipt_ocr
Organic Multigrain Tortilla Chips Sub Lime,food,instacart_web
"Club Delight Sausage, Egg, & Cheese Sandwiches",food,instacart_web
Qui*ckCookingSteelCutOats,food,synthetic_ocr_aug
Sagge,food,synthetic_ocr_aug
Africa Single Origin 1 Coffee,food,instacart_web
Calamari Rings,food,synthetic_food_list
les,not_food,receipt_ocr
Assorte.dNuggets,food,synthetic_ocr_aug
Organic Soba,food,instacart_web
COMP-BRUNCH FISHTACO,food,receipt_ocr
Unsulphured Blackstrap Molasses,food,instacart_web
3.98,not_food,receipt_ocr
Diet Cherry Soda,food,instacart_web
OOkra,food,synthetic_ocr_aug
Baked Cheese Puffs Real Cheddar Lunch Packs,food,instacart_web
ItalianExtrraVirginOliveOil,food,synthetic_ocr_aug
4.,not_food,receipt_ocr
9:18,not_food,receipt_ocr
riginalPlainYghrt,food,synthetic_ocr_aug
Genuine Brewed Rice Vinegar,food,instacart_web
Greek10OWhipsStrawbcrryCheesecakeYogurt,food,synthetic_ocr_aug
13.90S,not_food,receipt_ocr
Light Strawberries 'n Bananas Fat Free Yogurt,food,instacart_web
3.99/EA,not_food,receipt_ocr
DINNER,not_food,receipt_ocr
Kadal,food,receipt_ocr
OrgancSprklingGrapefrutJuice,food,synthetic_ocr_aug
TBL,not_food,receipt_ocr
Organic White Potato,food,instacart_web
"""TAX",not_food,receipt_ocr
GST),not_food,receipt_ocr
MFF35O,not_food,receipt_ocr
UgliFruit,food,synthetic_ocr_aug
Goya Rice Black Beans 8 Oz,food,instacart_web
luckycharm,food,synthetic_ocr_aug
Organic Chili Powder Blend,food,instacart_web
Boneless BBQ Chicken Bites,food,instacart_web
cpioycmild,food,receipt_ocr
00:0S,not_food,receipt_ocr
Unsweetened Ice Tea,food,instacart_web
Organic Black Cherry Lowfat Yogurt,food,instacart_web
Descrrption,not_food,receipt_ocr
Premium Green Tea,food,instacart_web
Classic Round Crackers,food,instacart_web
Gluten Free Oatmeal Apple Pieces and Cinnamon with Flax & Chia,food,instacart_web
GI Douglass Green SB,food,receipt_ocr
Chicken Caprese,food,receipt_ocr
Sparkling Natural Spring Water,food,instacart_web
51299,not_food,receipt_ocr
376.00,not_food,receipt_ocr
ApplcCider5pice,food,synthetic_ocr_aug
Lime & Sea Salt Tortilla Chips,food,instacart_web
Vitaminwater Zero Glow Strawberry Guanabana,food,instacart_web
714WH,not_food,receipt_ocr
Broccoli Spears Steamers Plain,food,instacart_web
Cabernet Sauvignon Napa Valley,food,instacart_web
Toasted Caramel Coconut Chips,food,instacart_web
REG MACHEESE,food,receipt_ocr
Fiying Dog Numero Uno.BTL,food,receipt_ocr
PeanutButt/erCupsMinis,food,synthetic_ocr_aug
**Avocado,food,receipt_ocr
155,not_food,receipt_ocr
"Bread, Natural Pumpernickel",food,instacart_web
CofTee(H,food,receipt_ocr
Strawberry Banana Juice,food,instacart_web
Multi Grain Waffles,food,instacart_web
Deep Dish Minis Pepperoni Pizza,food,instacart_web
Veggie Dogs,food,instacart_web
Vegetarian Chili Seasoning,food,instacart_web
Poppy & Sesame Crackers,food,instacart_web
(0.15),not_food,receipt_ocr
$8.95,not_food,receipt_ocr
Chicken Pad Thai With Rice Noodles,food,instacart_web
4.60,not_food,receipt_ocr
Organic Alfredo Shells & Cheddar Macaroni & Cheese,food,instacart_web
2DONDONGOZEN(PMB),food,receipt_ocr
Coarse Grind Blend with Parsley Garlic Powder,food,instacart_web
"Eggs, Cheese & Turkey Sausage Breakfast Burrito",food,instacart_web
XX8402,not_food,receipt_ocr
Calcium Enriched 100% Lactose Free Fat Free Milk,food,instacart_web
French Roast Ground Coffee,food,instacart_web
1Onion Rings,food,receipt_ocr
MSLPAPAD,food,receipt_ocr
Wild Alaska Pink Salmon,food,instacart_web
Fish Sauce,food,instacart_web
Barbecue Potato Chips,food,instacart_web
4 bag.,not_food,receipt_ocr
Chocolate Chip Chewy Cookies Family Size,food,instacart_web
ELEPHANT,not_food,receipt_ocr
Flax Plus Raisin Bran Cereal,food,instacart_web
ZEMPANADA,food,receipt_ocr
Butterfinger Chocolate Chocolates,food,instacart_web
Real Guacamole,food,instacart_web
Cajun Combo,food,receipt_ocr
IRME,not_food,receipt_ocr
Chocolate Ice Cream,food,instacart_web
2% Milkfat Reduced Fat Milk,food,instacart_web
lemonzestnutrtr8ars,food,synthetic_ocr_aug
Cut Leaf Spinach,food,instacart_web
1.000,not_food,receipt_ocr
13.636,not_food,receipt_ocr
Izener,not_food,receipt_ocr
GINGERROOT,food,receipt_ocr
"28.,00",not_food,receipt_ocr
Organic Peanut Butter Chocolate Chip Granola,food,instacart_web
Country Potato Bread,food,instacart_web
ode,not_food,receipt_ocr
$13.99,not_food,receipt_ocr
Diet Lemon Lime Soda,food,instacart_web
"Bread, Gluten Free, White Sandwich",food,instacart_web
9556001030290,not_food,receipt_ocr
Medium Roast Whole Bean Coffee,food,instacart_web
ChOColatemArsHMaLLoW,food,synthetic_ocr_aug
BlueberryYoghuurt,food,synthetic_ocr_aug
8.69,not_food,receipt_ocr
1 Taquitos Baja California Shrimp,food,receipt_ocr
OrganicBeefBroth,food,synthetic_ocr_aug
Very Vanilla Soymilk,food,instacart_web
Oriental Flavor Ramen Noodle Soup,food,instacart_web
SlimCanLimeSparklingNaturalMineralWater,food,synthetic_ocr_aug
Homogenized Milk,food,instacart_web
1BakedApplePte,food,receipt_ocr
bepe,food,receipt_ocr
DETTOLGOML,not_food,receipt_ocr
Premium English Breakfast Black Tea Bags,food,instacart_web
Boneless Skinless Chicken Breast Fillets,food,instacart_web
100% Sheep's Milk,food,instacart_web
DINN,not_food,receipt_ocr
OrganicStoneground.WheatCrackers,food,synthetic_ocr_aug
Chocolate Milk 1% Milkfat,food,instacart_web
Spinach & Artichoke Ravioli,food,instacart_web
LE,not_food,receipt_ocr
Goldfish Cheddar Baked Snack Crackers,food,instacart_web
Dark Brown Sugar,food,instacart_web
Quick Cooking Rolled Oats,food,instacart_web
$28.95,not_food,receipt_ocr
Mint Chocolate Chip Grand Ice Cream,food,instacart_web
Three Cheese Mini Pizza Bagels Frozen Snacks,food,instacart_web
Squeeze Mayonnaise Dressing with Olive Oil,food,instacart_web
Total 0% Greek Yogurt,food,instacart_web
Organic Himalayan Pink Popcorn,food,instacart_web
56492002837K,not_food,receipt_ocr
Salt & Vinegar Potato Crisps,food,instacart_web
BagfJumboYellowOnions,food,synthetic_ocr_aug
CageFreeGradeAL,food,synthetic_ocr_aug
Vanilla Bean Yogurt,food,instacart_web
Guacamole Dips,food,instacart_web
Maryland CrabCakes,food,receipt_ocr
HomrnusClassicOrigina1,food,synthetic_ocr_aug
ICETEHTARTK,food,receipt_ocr
IDO MANESHSAUS,food,receipt_ocr
Organic Whipped Naturally Buttery Spread,food,instacart_web
BeefLit'lSm/okies,food,synthetic_ocr_aug
Grande,not_food,receipt_ocr
TEA.,food,receipt_ocr
Large Organic Omega3 Brown Eggs,food,instacart_web
16.50,not_food,receipt_ocr
Unsweetened Chocolate Almond Breeze Almond Milk,food,instacart_web
1.0255/ea,not_food,receipt_ocr
Low Fat Kefir Cultured Milk Smoothie Lowfat Probiotic Blueberry,food,instacart_web
EbiMentat,food,receipt_ocr
"Breacl,Sproutedgron&Sedloaf,Gnesis1:29",food,synthetic_ocr_aug
Mini Seedless Cucumbers,food,instacart_web
Premium Fish Sauce,food,instacart_web
26.60,not_food,receipt_ocr
S39.99,not_food,receipt_ocr
MediterraneanS*eaSaltGrinder,food,synthetic_ocr_aug
shandchipe,food,receipt_ocr
Dbl Qtr Chees:,food,receipt_ocr
FrChipRegDrk,food,receipt_ocr
PASIRKASAR(DY,not_food,receipt_ocr
RibEyeSteak,food,receipt_ocr
Chocolate Peanut Butter Ice Cream,food,instacart_web
DELITE,not_food,receipt_ocr
Banana Nut Chia Bar,food,instacart_web
￥440,not_food,receipt_ocr
Organic Milk Chocolate Peanut Butter Cups,food,instacart_web
BeefBlrger,food,receipt_ocr
159.00,not_food,receipt_ocr
SFIVoLU,not_food,receipt_ocr
SULAR,food,receipt_ocr
With Pineapple Pulp Free Orange Juice,food,instacart_web
Old World Style Traditional Pasta Sauce,food,instacart_web
Oats & Honey Gluten Free Granola,food,instacart_web
10.500,not_food,receipt_ocr
55.00,not_food,receipt_ocr
Rise Krisipies Toasted Rice Cereal,food,instacart_web
NATURALSSWEET&SPICYBBQSAUCE,food,synthetic_ocr_aug
Classic Hot Dog Buns,food,instacart_web
rgonicvgetbllnt1&roastedredpeppersop,food,synthetic_ocr_aug
SoyFreeBuutterySpreadwithOliveOil,food,synthetic_ocr_aug
0.90,not_food,receipt_ocr
Wheat Hot Dog Rolls,food,instacart_web
88888888888,not_food,receipt_ocr
SPr,not_food,receipt_ocr
JOBBER DRILLS,not_food,receipt_ocr
COLLARD GREENS,food,receipt_ocr
Paddoburger,food,receipt_ocr
Dark Chocolate Blueberry Quinoa,food,instacart_web
Oatmealdarkchocolatecookies,food,synthetic_ocr_aug
Traditional Lavash Flatbread,food,instacart_web
OrganicCottageCbcese,food,synthetic_ocr_aug
13.901S,not_food,receipt_ocr
ORganiCALLVegETabLeShORtENiNG,food,synthetic_ocr_aug
Madras Lemon Rice,food,instacart_web
Garlic Bulb,food,synthetic_food_list
BonelcssSkinlessChickerBreast,food,synthetic_ocr_aug
CarvigoardRotisserieSeasonedChickenBreast,food,synthetic_ocr_aug
9.500,not_food,receipt_ocr
chlckenTorte,food,receipt_ocr
8.60*2,not_food,receipt_ocr
Just Mayo,food,instacart_web
"Cereal, Superfood, Hemp & Greens",food,instacart_web
Organic Yellow Corn Tortilla Chips,food,instacart_web
Chocolate Whole Grain Graham Snacks Bunny Grahams,food,instacart_web
Frozen Organic Strawberries,food,instacart_web
DETOLGGML,not_food,receipt_ocr
Taboule Salad,food,instacart_web
Heavy Duty Aluminum Foil,food,instacart_web
BLACK PEPPER BACON,food,receipt_ocr
Light Mozarella String Cheese,food,instacart_web
gren5edlss6rps,food,synthetic_ocr_aug
HMEAI,not_food,receipt_ocr
SpanishStyleReadyR/ice,food,synthetic_ocr_aug
MlerLiteSEEED5.00,food,receipt_ocr
Organic Classic Sea Salt  Oven Crinkles Fries,food,instacart_web
RspbrryontheBottmNnftGrekYogurt,food,synthetic_ocr_aug
"6\"" Yellow Corn Tortillas""",food,instacart_web
Lean Protein & Fiber Bar Chocolate Almond Brownie,food,instacart_web
Organic Mayonnaise with Olive Oil,food,instacart_web
Sliced Wheat Bread,food,instacart_web
6.000,not_food,receipt_ocr
Aged Wisconsin Cheddar Cheese,food,instacart_web
MiniOriginalBabbelCheese,food,synthetic_ocr_aug
Feta Crumbled Traditional Cheese,food,instacart_web
Organic Yukon Select Fries,food,instacart_web
Three Cheese Tortellini,food,instacart_web
creaayRanchCup,food,receipt_ocr
Organic Really Peely Bendy Berry Fruit Tape,food,instacart_web
Ground Beef 85% Lean,food,instacart_web
Dried Sweetened Cranberries,food,instacart_web
5PARKLINGWOTRGRPEFRUIT,food,synthetic_ocr_aug
140-000,not_food,receipt_ocr
100% Pure Honey,food,instacart_web
Sharp Cheddar Shredded Cheese,food,instacart_web
"Chese,GotMilk,PurplHaze",food,synthetic_ocr_aug
Wild Herring in Wine Sauce,food,instacart_web
MatchaMonaka,food,receipt_ocr
Asahi @9.50,food,receipt_ocr
Red Kidney Beans,food,instacart_web
40 BOMELESSWINGS SPECNWN 10.00,food,receipt_ocr
Fire Grilled Steak Bowl,food,instacart_web
Almond Milk Cookies N' Cream Non-Dairy Frozen Dessert,food,instacart_web
Cherry Pie Fruit & Nut Bar,food,instacart_web
QuanDescript,not_food,receipt_ocr
Baking Soda,food,instacart_web
Original,not_food,receipt_ocr
2-06,not_food,receipt_ocr
100% Carrot Juice,food,instacart_web
later,not_food,receipt_ocr
ChoppedSpinachSt,food,synthetic_ocr_aug
LHONHENTATROLL,food,receipt_ocr
DarkChocolatePomegranate&FruitFlavors,food,synthetic_ocr_aug
Lean Honey Ham,food,instacart_web
Himalayan Pink Salt,food,instacart_web
Salisbury Steak Dinner,food,instacart_web
Icelandic Style Skyr Non-Fat Strained Plain Yogurt,food,instacart_web
66ts,not_food,receipt_ocr
LONESTAR,food,receipt_ocr
Ready-to-Bake 9 Inch Pie Crusts,food,instacart_web
9555037203555,not_food,receipt_ocr
Original Thins,food,instacart_web
AHSS,not_food,receipt_ocr
Ground Ginger,food,instacart_web
ASSORTEDNUGGETS,food,synthetic_ocr_aug
GSeriesPerformOrarge5portsDrink,food,synthetic_ocr_aug
$11:56,not_food,receipt_ocr
120.00,not_food,receipt_ocr
Krave Basil Citrus Turkey Jerky,food,instacart_web
Mint Chocolate Chip Frozen Greek Yogurt Bars,food,instacart_web
Imported Swiss Cheese,food,instacart_web
Cashew Milk Salted Caramel Cluster Non-Dairy Frozen Dessert,food,instacart_web
Apple Cinnamon & Pecan Fruit & Nut Bar,food,instacart_web
Organic Chocolate  Chip Cookie Vanilla Bean Ice Cream Sandwiches,food,instacart_web
HVYWBIPCROM,food,synthetic_ocr_aug
RegularPriceGrilledonionsozs),not_food,receipt_ocr
TSpteyDrm,food,receipt_ocr
Jiffycreamypeanutb,food,synthetic_ocr_aug
TAS REBANA TANGGUNG KUNING,not_food,receipt_ocr
1MOoYAHBurger,food,receipt_ocr
"Refried Beans, Green Chile & Lime",food,instacart_web
LimeIta.lianSparklingMineralWater,food,synthetic_ocr_aug
Sparkling Probiotic Drink Blueberry Cherry,food,instacart_web
"Culinary Stock, Beef Style",food,instacart_web
4.99T,not_food,receipt_ocr
aRoll,food,receipt_ocr
Original Roast Coffee,food,instacart_web
"Yogurt, Lowfat, Organic, Vanilla Bean",food,instacart_web
VhieRoccs,not_food,receipt_ocr
Black Beans Refried Beans,food,instacart_web
11.B9T,not_food,receipt_ocr
Original Whole Fat Lactose Free Milk,food,instacart_web
enCaprese,food,receipt_ocr
120.89,not_food,receipt_ocr
825,not_food,receipt_ocr
Paleo Pancake & Waffle Mix,food,instacart_web
Caramel Cookie Crunch Gelato,food,instacart_web
MOOYAH AmericanCheese,food,receipt_ocr
White Label Blended Scotch Whisky,food,instacart_web
DEL MONTE.EXTRAHOT 265ML,food,receipt_ocr
4486,not_food,receipt_ocr
Almonnds,food,synthetic_ocr_aug
Buffalo Chik Veggie Patties,food,instacart_web
Natura1sLiteGoddcssDressing,food,synthetic_ocr_aug
"Bread, Healthy Whole Grain",food,instacart_web
Baby Cut Carrots Snack Size Bags,food,instacart_web
Soft'ees Variety Donuts Family Pack - 12 CT,food,instacart_web
Eraisocy:,not_food,receipt_ocr
Condensed Cream of Chicken Soup,food,instacart_web
All Natural Marinara Pasta Sauce,food,instacart_web
Organic Broccoli Crowns,food,instacart_web
Organic Extra Virgin Coconut Oil,food,instacart_web
Danish Blue Viking Cheese,food,receipt_ocr
ESPRESSO,food,receipt_ocr
MuffinChaeolate,food,receipt_ocr
Bak,food,receipt_ocr
RegChips,food,receipt_ocr
Pork8e1ly,food,synthetic_ocr_aug
INDOOR,not_food,receipt_ocr
Gluten Free Dark Chocolate Chunk Chewy with a Crunch Granola Bars,food,instacart_web
Instant Mashed Potatoes,food,instacart_web
Original Chocolate Pudding Snacks,food,instacart_web
ORGONICPEELDGORLC,food,synthetic_ocr_aug
Home Menu Meals for 2 Orange Chicken,food,instacart_web
Light & Fit Greek Yogurt Toasted Coconut,food,instacart_web
ANS,not_food,receipt_ocr
2.50/12,not_food,receipt_ocr
Organic Fire Roasted Corn,food,instacart_web
Dark Chocolate Nuts & Sea Salt Bars,food,instacart_web
ClassicRoundCraces,food,synthetic_ocr_aug
rosemaryminicroccantini,food,synthetic_ocr_aug
Aged Balsamic Vinegar,food,instacart_web
62,not_food,receipt_ocr
Oraganic Lemon Elation Yerba Mate Drink,food,instacart_web
PAP*,food,receipt_ocr
L1Ntr1Wontonwrps,food,synthetic_ocr_aug
Unsweetened Coconut Milk,food,instacart_web
1>Pickles,food,receipt_ocr
Cheese Pizza Rolls,food,instacart_web
Adut Paperbacks,not_food,receipt_ocr
"Honey,",food,synthetic_ocr_aug
pickled vegetables,food,basket_categories_web
Organic Creamy Butternut Squash Soup,food,instacart_web
Malnuts,food,receipt_ocr
Celery Root,food,synthetic_food_list
"Crushed Fire Roasted With Eggplant, Kale & Beet Puree",food,instacart_web
Kosher Dill Spears Fresh Pack Pickles,food,instacart_web
Organic Baby Carrots,food,instacart_web
EDoebo,not_food,receipt_ocr
·95,not_food,receipt_ocr
Chickpeas Canned,food,synthetic_food_list
HamburgerOvaDillPickleChips,food,synthetic_ocr_aug
Organic Carrot Bunch,food,instacart_web
GrandmasBrownieBc2.875Oz,food,synthetic_ocr_aug
FreshlySqueezedOrangeeJuice,food,synthetic_ocr_aug
KM,not_food,receipt_ocr
Classic Roast Medium Ground Coffee,food,instacart_web
ish,food,synthetic_ocr_aug
"Chao, Vegan, Tomato Cayenne, Slices",food,instacart_web
PLASTIK SDG,not_food,receipt_ocr
Toasted Coconut Chips,food,instacart_web
Original Life Cereal,food,instacart_web
Organic Truffle Fries,food,instacart_web
Salted Sweet Cream Butter,food,instacart_web
2.00X1.50,not_food,receipt_ocr
NVO LFWHEAT BREAD,food,receipt_ocr
Oatly Oat Milk,food,produce_classes_web
279812RBABZ.BARONENTRYKNOB,not_food,receipt_ocr
PrbioticsTropicalGreenJuieDrink,food,synthetic_ocr_aug
AlproBluebe,food,synthetic_ocr_aug
Frontier Whiskey,food,instacart_web
HHTIGERT2 GLASSES,food,receipt_ocr
Unsweetened Carob Chips,food,instacart_web
MedDrPeppot,food,receipt_ocr
"12,000",not_food,receipt_ocr
comp.,not_food,receipt_ocr
Mini Whole Wheat Pita Bread,food,instacart_web
Muffin Cheese,food,receipt_ocr
36,not_food,receipt_ocr
SOUA,food,receipt_ocr
Ksa Ko?Lsch Style Ale,food,instacart_web
Baileys,food,receipt_ocr
46MM*5M.(GREEND),food,receipt_ocr
Very Young Small Small Peas,food,instacart_web
6-60,not_food,receipt_ocr
3:04,not_food,receipt_ocr
CUCUMBER&GARLICTZ,food,synthetic_ocr_aug
Original Cooking Spray,food,instacart_web
MIE GORENGKAMPUNG,food,receipt_ocr
Mild Enchilada Sauce,food,instacart_web
Slow Kettle Tomato & Sweet Basil Bisque Soup,food,instacart_web
Part Skim Ricotta Cheese,food,instacart_web
BlackberryYogurt,food,synthetic_ocr_aug
$675,not_food,receipt_ocr
With Chioken,food,receipt_ocr
Chocolate Chip,food,instacart_web
DhabaChickenTikka,food,receipt_ocr
Imported Capote Capers,food,instacart_web
Natural Vanilla Marshmallows,food,instacart_web
Banihana RoT,food,receipt_ocr
"Coconut & Peanut Spread, Crunchy",food,instacart_web
dnos,not_food,receipt_ocr
Long Grain & Wild Rice Original Rice Mix,food,instacart_web
Lemon Sparkling Water,food,instacart_web
Cream On Top Vanilla Organic Yogurt,food,instacart_web
SaImonSashim,food,receipt_ocr
$19.20,not_food,receipt_ocr
Amount,not_food,receipt_ocr
ButtermilkBiscuitsVa,food,synthetic_ocr_aug
Bold & Spicy Italian Style Pasta Sauce,food,instacart_web
VNB240809,not_food,receipt_ocr
Ice Cream Cups,food,instacart_web
Robusto Italian Salad Dressing,food,instacart_web
Original Long Grain Rice,food,instacart_web
12/480,not_food,receipt_ocr
248.04,not_food,receipt_ocr
ield,not_food,receipt_ocr
[Roll],food,receipt_ocr
Nacho Sliced Jalapenos,food,instacart_web
55.65,not_food,receipt_ocr
Three Cheese Ravioli In Egg Pasta,food,instacart_web
xMargherlta,food,receipt_ocr
Sugarfree Energy Drink,food,instacart_web
xEriksberg Karakt ag4n00,food,receipt_ocr
Synergy Organic & Raw Cosmic Cranberry,food,instacart_web
OrignalRecipeTpicaPudding,food,synthetic_ocr_aug
Bread&ButterC,food,synthetic_ocr_aug
Organic Mushroom Broth,food,instacart_web
Mild Guacamole,food,instacart_web
RaInbW8cLlpePpERS,food,synthetic_ocr_aug
3.18,not_food,receipt_ocr
ORangeseLtzerwATER,food,synthetic_ocr_aug
RED,food,receipt_ocr
$2.00,not_food,receipt_ocr
Builder's<U+00AE> Chocolate Peanut Butter Protein Bars,food,instacart_web
Frontier Straight 95% Rye Mash Whiskey,food,instacart_web
BEIJTNGBEEE,food,receipt_ocr
TAPBEERTOHH,food,receipt_ocr
OatmealChocolat.eChipBite-Lettes,food,synthetic_ocr_aug
Variety,food,instacart_web
Mixed Berries Wildly Nutritious Signature Blends,food,instacart_web
QLY,not_food,receipt_ocr
NOBE,not_food,receipt_ocr
250,not_food,receipt_ocr
snacksizecandy,food,synthetic_ocr_aug
UNICORN-2OCMHALFWHIIERULEF,not_food,receipt_ocr
GHTLOS,not_food,receipt_ocr
Liquid Aminos All Purpose Seasoning,food,instacart_web
Brussels Sprouts,food,instacart_web
ALTADKANAGAUR,food,receipt_ocr
SCAPPERXIIASA,not_food,receipt_ocr
American Blend Salad,food,instacart_web
Cane Sugar,food,instacart_web
Raspberry Yoghurt,food,instacart_web
Diet Caffeine Free No Calorie Orange Soda,food,instacart_web
Medium Roast Ground Coffee,food,instacart_web
Light & Fit Strawberry Cheesecake Greek Nonfat Yogurt,food,instacart_web
Organic Black Peppercorns,food,instacart_web
Goldfishbakedsnackcracker,food,synthetic_ocr_aug
Power Snack Cacao Goji Superfood,food,instacart_web
Pumpkin Yoghurt,food,instacart_web
"Honey, Infused with Chilies",food,instacart_web
AddVodca,food,receipt_ocr
Cham(B),food,receipt_ocr
Wintergreen Mints,food,instacart_web
Ultra Thin Pepper Jack Cheese Slices,food,instacart_web
Black Currant Fruit Spread,food,instacart_web
Earl Grey Tea Bags,food,instacart_web
Organic Apple Sauce + Fruit & Veggie Carroty Chop Mashups,food,instacart_web
PASIRKASAR(BAG),not_food,receipt_ocr
Original Ritz Toasted Chips,food,instacart_web
Macin Cheese,food,receipt_ocr
Balsamic Vinegar,food,instacart_web
Vanilla Chocolate Chip Ice Cream,food,instacart_web
Organic Chicken Noodle Soup,food,instacart_web
Large Strawberry Smoothte,food,receipt_ocr
Rao's Homemade Roasted Garlic Sauce,food,instacart_web
Tamari Gluten Free Soy Sauce,food,instacart_web
Roasted Chicken Breast,food,instacart_web
Chtfcken,food,receipt_ocr
WhisttepioRyetoyr,not_food,receipt_ocr
"Cottage Doubles Peach, 2% Milkfat Lowfat Cottage Cheese & Peach Topping",food,instacart_web
Hashbrowns Side,food,receipt_ocr
Organic Ground Nutmeg,food,instacart_web
ROLUERREFILL,not_food,receipt_ocr
W/Noro Gandules,food,receipt_ocr
rum,food,basket_categories_web
AnarKobe flet,food,receipt_ocr
Lightly Salted Potato Chips,food,instacart_web
Baco,food,receipt_ocr
Family Size Naturally Flavored Whole Grain Oats Cereal,food,instacart_web
Hazelnut Coffee Sugar Free CoffeeCreamer,food,instacart_web
Calzone,food,receipt_ocr
premiumice,food,synthetic_ocr_aug
PROM-SZA,not_food,receipt_ocr
G-Series Rain Berry Thirst Quencher Sports Drink,food,instacart_web
32ozHTggngEggnog,food,synthetic_ocr_aug
1 X3.00,not_food,receipt_ocr
Cultured Low Fat Buttermilk,food,instacart_web
Chardonnay California 2009,food,instacart_web
Pork Belly,food,synthetic_food_list
Aged Goat Cheese Bijou,food,instacart_web
AllNturalWonTonWraps,food,synthetic_ocr_aug
Light Cream,food,instacart_web
Hot,not_food,receipt_ocr
PoppdDarkChcolatewthSeSltGrnolaBar,food,synthetic_ocr_aug
SUBCORNEREAD,food,receipt_ocr
BloodorangeMarg,food,receipt_ocr
CHAPATHI,food,receipt_ocr
BIMONADA,food,receipt_ocr
21020,not_food,receipt_ocr
Nonfat Icelandic Style Strawberry Yogurt,food,instacart_web
Kale Salad,food,instacart_web
Catdo de Camarong 00,food,receipt_ocr
"Organic Spelt Penne, Made with VitaSpelt",food,instacart_web
Broccoli & Cauliflower,food,instacart_web
Diet Orange Soda,food,instacart_web
$0.01,not_food,receipt_ocr
Plantain,food,synthetic_food_list
Frice,food,receipt_ocr
Mini Double Caramel Ice Cream Bars,food,instacart_web
Chocolate&PeanuttButterShellTopping,food,synthetic_ocr_aug
Taindoori Roti,food,receipt_ocr
Mozzare1la&Tonato,food,receipt_ocr
"Crispy Wheat, Crackers",food,instacart_web
1:X1050,not_food,receipt_ocr
Flip Chocolate Haze Craze Low-Fat Greek Yogurt,food,instacart_web
Original Instant Oatmeal,food,instacart_web
(56.00each),food,receipt_ocr
X2.70,not_food,receipt_ocr
16.98CDISCOUNTERCH,not_food,receipt_ocr
Brick Oven Crust Cheese Trio Pizza,food,instacart_web
HommusClassicOriginal,food,synthetic_ocr_aug
Gran Polenta Express,food,instacart_web
Walnuts,food,receipt_ocr
$22.90,not_food,receipt_ocr
OrganicCauliflower,food,synthetic_ocr_aug
iExtraKidsFr,food,receipt_ocr
"Cheese Alternative Shreds, Mozzarella",food,instacart_web
TSalsaDe Molcajete,food,receipt_ocr
40.000,not_food,receipt_ocr
Maghaout.,food,receipt_ocr
682,not_food,receipt_ocr
ChildRTD,not_food,receipt_ocr
Vanilla Light & Fit Greek Yogurt,food,instacart_web
1.B*15M,not_food,receipt_ocr
Aged Red Wine Vinegar,food,instacart_web
Almond Snack Crackers,food,instacart_web
BlackbcrryYogvrt,food,synthetic_ocr_aug
Coconutblendedgreekyogurt,food,synthetic_ocr_aug
Whiskey,food,instacart_web
Hearty Thick Cut Bacon,food,instacart_web
-Tomato,food,receipt_ocr
UNI,not_food,receipt_ocr
1.RegularFrtes,food,receipt_ocr
17.74,not_food,receipt_ocr
MediumRare,not_food,receipt_ocr
Organic Kosher Free Range Chicken Broth,food,instacart_web
Cut & Peeled Baby Carrots,food,instacart_web
x0liver,food,receipt_ocr
Organic Medium Salsa,food,instacart_web
Kiwi,food,instacart_web
Frozen Organic Mango Chunks,food,instacart_web
Lifesavors Mints Wint O Green,food,instacart_web
handycandyorganicgrape,food,synthetic_ocr_aug
Mild  Switzerland Le Gruyere Cheese,food,instacart_web
MFF350,not_food,receipt_ocr
Chocolate Squares Premium Assortment,food,instacart_web
Fying DogNumeronosBTL,food,receipt_ocr
BEST,not_food,receipt_ocr
OrganicBonelessSkinllessChickenBreasts,food,synthetic_ocr_aug
Coconut Almond Creamer Blend,food,instacart_web
Orgnc85%CacDarkChcolateBar,food,synthetic_ocr_aug
Organic Short Brown Sprouted Rice,food,instacart_web
Fudge Brownie Grand Ice Cream,food,instacart_web
0.30,not_food,receipt_ocr
Oatmeal & Raisin Cookies,food,instacart_web
ORGANICSPINACHPOWSALAD,food,synthetic_ocr_aug
Creamy Vanilla Fat Free Ice Cream,food,instacart_web
TrueJuiceBananabcrryCrush100%Juice5moothie,food,synthetic_ocr_aug
Shallot,food,instacart_web
Natural Milk Chocolate Bar,food,instacart_web
0.40,not_food,receipt_ocr
18/900,not_food,receipt_ocr
BingCherrries,food,synthetic_ocr_aug
Cream Cheese Bar,food,instacart_web
Gluten Free Rotini,food,instacart_web
Hawaiian Sausage,food,receipt_ocr
GHOCOLAT,food,receipt_ocr
HtCHOco1tCMX,food,synthetic_ocr_aug
Dried Mangoes,food,instacart_web
Organic White Cane Sugar,food,instacart_web
Organic Coriander Seeds,food,instacart_web
"Pizza, Rice Crust, Cheese",food,instacart_web
Organic Orange Bell Pepper,food,instacart_web
"Cheese, Sausage & Pepperoni Mini Bagels",food,instacart_web
Shredded Parmesan,food,instacart_web
CatalinaFatFreeDressin0g,food,synthetic_ocr_aug
9556492002837K,not_food,receipt_ocr
Part,not_food,receipt_ocr
Pepperoncini Potato Chips,food,instacart_web
Lightly Salted Baked Snap Pea Crisps,food,instacart_web
Coconut Cookie Thins,food,instacart_web
Platters,food,receipt_ocr
Pure Cane Golden Brown Sugar,food,instacart_web
Organic Yogurt Original Plain,food,instacart_web
Dairy Free Almond Milk Chocolate Frozen Dessert,food,instacart_web
$21.33,not_food,receipt_ocr
Spicy Chili Seasoning,food,instacart_web
Organic Original Panko,food,instacart_web
Honey Nut Dream Granola,food,instacart_web
Fruit Pie Apple,food,instacart_web
kaclan,not_food,receipt_ocr
Dffice Table,not_food,receipt_ocr
Toll House Semi-Sweet Chocolate Morsels,food,instacart_web
Star Wars Italian Sweet Creme Creamer,food,instacart_web
twhohas,not_food,receipt_ocr
3.60 SR,not_food,receipt_ocr
Shredded Mozzarella,food,instacart_web
"Cabbage,Napa,Tableut",food,synthetic_ocr_aug
Blueberry Waffles,food,instacart_web
($7.85each),food,receipt_ocr
x Diavola,food,receipt_ocr
OrganicGrundTurkey,food,synthetic_ocr_aug
Organic Microgreens Kale,food,instacart_web
Snickerdoodle Cookie with Salted Caramel Ice Cream Sandwich,food,instacart_web
Premium Spring Water,food,instacart_web
"CopperFoll,1.5mll,7132",food,receipt_ocr
Italian Style Favorites Chicken Parmesan (White Meat Chicken and Tomatoes with Mozzarella Cheese Over a Marinara Sauce) Pizza,food,instacart_web
Unsweetened Blackberry Water,food,instacart_web
Organic Bakery Tortillas Whole Spelt,food,instacart_web
VND398O8,not_food,receipt_ocr
-2-70,not_food,receipt_ocr
caesardressing,food,synthetic_ocr_aug
wholeFish,food,receipt_ocr
5vpermoistyllwcakemx,food,synthetic_ocr_aug
$24,not_food,receipt_ocr
Beancurd Prawn Cheung Fun 10 80,food,receipt_ocr
3122,not_food,receipt_ocr
3EA,not_food,receipt_ocr
Unsalted Sweet Butter Quarters,food,instacart_web
Kids,not_food,receipt_ocr
TPETOR,not_food,receipt_ocr
Classic Hummus Family Size,food,instacart_web
Gluten Free Ancient Grain Pasta Penne,food,instacart_web
Tomatoes Sauce,food,instacart_web
MaplePumpkinSeedswithSeaSaltChewywit,food,synthetic_ocr_aug
Vegetables so.00,food,receipt_ocr
$8.50,not_food,receipt_ocr
Jumbo Shrimp,food,synthetic_food_list
#11/POP:SHRMP/COMBO,food,receipt_ocr
hemps,food,synthetic_ocr_aug
11.13,not_food,receipt_ocr
ebsns,not_food,receipt_ocr
15.000,not_food,receipt_ocr
Cooked Spicy Italian Sausage,food,instacart_web
Organic Baby Romaine,food,instacart_web
6.50,not_food,receipt_ocr
2556040440543,not_food,receipt_ocr
VND6OOO,not_food,receipt_ocr
Wild Cherry Cola,food,instacart_web
Lingutne Scaot,food,receipt_ocr
GUAD,food,receipt_ocr
4 Flavor Variety Pack,food,instacart_web
OG,not_food,receipt_ocr
Caramels,food,instacart_web
Organic Bosc Pear,food,instacart_web
Rose,food,instacart_web
Multi-Grain Cheerios Dark Chocolate Crunch Cereal,food,instacart_web
Low Fat Strawberry Yogurt Tubes,food,instacart_web
Pink Virgin Lemonade,food,instacart_web
Cmilay,not_food,receipt_ocr
X.48.000,not_food,receipt_ocr
Organic California Brown Jasmine Rice,food,instacart_web
Organic Premium Quinoa,food,instacart_web
Demon,not_food,receipt_ocr
Banihana Rol1,food,receipt_ocr
onOvakoRoll,food,receipt_ocr
Reduced Fat Sliced Provolone Cheese,food,instacart_web
Organic Peanut Butter Granola,food,instacart_web
1OPENFOOB,not_food,receipt_ocr
ORgANiCdRKChOcOlatA1MONcLnTRtIonBaR,food,synthetic_ocr_aug
Chocolate Mini Swirls Cones,food,instacart_web
29.00,not_food,receipt_ocr
Ginger Fire Probiotic Kombucha,food,instacart_web
Natural Brown Paper #2 Size Cone Coffee Filters,food,instacart_web
omsemms,not_food,receipt_ocr
REVIVE 50OML,food,receipt_ocr
COMPBRUNCHFISHTACO,food,receipt_ocr
98%fatfreecondensedsoupcreamofchicken,food,synthetic_ocr_aug
"Juice, Vegetable & Fruit, Purify",food,instacart_web
Apple + Banana Fruit Bar,food,instacart_web
MUTIARA),food,receipt_ocr
Organic Nettle Leaf Tea Bags,food,instacart_web
"Muffins, Flax, Wild Blueberry",food,instacart_web
Organic Hot House Tomato,food,instacart_web
Chopped Walnuts,food,instacart_web
SUB CORNBREAD,food,receipt_ocr
#1,not_food,receipt_ocr
16.79,not_food,receipt_ocr
172.00,not_food,receipt_ocr
Zero Vitamin Water,food,instacart_web
RONTANT,not_food,receipt_ocr
90.10,not_food,receipt_ocr
DIE-CUTTRANSPARENTPFIO,not_food,receipt_ocr
Kombucha Ginger,food,synthetic_food_list
Taxcode,not_food,receipt_ocr
GL ROUNOPOND SB,not_food,receipt_ocr
200:00-200.00,not_food,receipt_ocr
Chopped Clams,food,instacart_web
Tostoree,food,receipt_ocr
DCPublix,not_food,receipt_ocr
Mild Sliced Cheddar Cheese,food,instacart_web
Extra Ginger Brew Jamaican Style Ginger Beer,food,instacart_web
breadedfishsticks,food,synthetic_ocr_aug
aVitloksbrod,food,receipt_ocr
OATMILK,food,synthetic_ocr_aug
1Chicken Caesar Salad,food,receipt_ocr
HOLDER,not_food,receipt_ocr
BTR MILK,food,receipt_ocr
Swirl Thick Slice Brown Sugar Cinnamon Bread,food,instacart_web
Peeled Italian Plum Tomatoes,food,instacart_web
Chocolate With Fudge Low Fat Ice Cream Cones,food,instacart_web
Smart Bran With Psyllium & Oatbran Cereal,food,instacart_web
Non-GMO Cacao Banana Protein Bar,food,instacart_web
KNTT,not_food,receipt_ocr
Round Amt,not_food,receipt_ocr
Mochacappuccino,food,synthetic_ocr_aug
Shredded 3 Cheese Blend,food,instacart_web
ble.,not_food,receipt_ocr
TOPVALU FLOOR C,not_food,receipt_ocr
QTYI,not_food,receipt_ocr
2COLOR COPYA4,not_food,receipt_ocr
BHAR,food,receipt_ocr
Rp55.000,not_food,receipt_ocr
SourD,food,receipt_ocr
480,not_food,receipt_ocr
Classic Air-Puffed Vanilla Flavored Marshmallows,food,instacart_web
PANEERTIKKA,food,receipt_ocr
99% Fat Free Chicken Broth,food,instacart_web
21.80,not_food,receipt_ocr
-0.85,not_food,receipt_ocr
PotatoPuree,food,receipt_ocr
Dark Chocolate Mint Snacking Chocolate,food,instacart_web
JUNCHFAJI,food,receipt_ocr
Tesora Medium Roast,food,instacart_web
Golden Butter Crackers,food,instacart_web
fpiteh,not_food,receipt_ocr
specialty chocolate,food,basket_categories_web
85-00,not_food,receipt_ocr
Meyer Lemon,food,instacart_web
Margherita With Cherry Tomatoes Pizza,food,instacart_web
RIE,food,receipt_ocr
16CLCHARDONNAY,food,receipt_ocr
Maple Nut Hot Oatmeal,food,instacart_web
Swt Tea MB,food,receipt_ocr
642656-143-UAYSIDEUALL/CEILT,not_food,receipt_ocr
1MILK &HONEY,food,receipt_ocr
14,not_food,receipt_ocr
Red Vine Tomato,food,instacart_web
JCHAM,not_food,receipt_ocr
CHCN,food,receipt_ocr
"Oat Flour, Organic",food,instacart_web
Simply Vanilla Ice Cream Sandwiches,food,instacart_web
Breakfast Scramble Wrap,food,instacart_web
Flam,food,receipt_ocr
9566405112206,not_food,receipt_ocr
VOUNT,not_food,receipt_ocr
Organic Apple Cider Vinegar Ginger Spice All Natural Drink,food,instacart_web
1.Milenium 2#,not_food,receipt_ocr
VEGGIE SANDWICH,food,receipt_ocr
Gluten Free Brown Rice English Muffins 6 ct,food,instacart_web
Hotocha,food,receipt_ocr
Original Cereal,food,instacart_web
LIONFILE6S,not_food,receipt_ocr
9300,not_food,receipt_ocr
LAUREN S HAZELNUT TORTE,food,receipt_ocr
Dairy Free Original Coconutmilk Coffee Creamer,food,instacart_web
Vegan Shells & Creamy Sauce Mac & Cheese Macaroni & Cheese Organic,food,instacart_web
1Ribeye Bone In,food,receipt_ocr
OrganicSweetiniPeppers,food,synthetic_ocr_aug
Artkel,not_food,receipt_ocr
M11d,not_food,receipt_ocr
6.010,not_food,receipt_ocr
+$1.99,not_food,receipt_ocr
2 DoUBLE DIP tkybowT barley,food,receipt_ocr
NOGlutenLemonCookie,food,synthetic_ocr_aug
Flank Steak,food,instacart_web
Organic Pita Bread,food,instacart_web
BTLBEER,food,receipt_ocr
Organic Bernie's Farm Macaroni & Cheese,food,instacart_web
S Chop Antipasto Salad,food,receipt_ocr
100% Natural Tomato Sauce,food,instacart_web
A-COMBOFATTA,not_food,receipt_ocr
CALCULATOR,not_food,receipt_ocr
Black,not_food,receipt_ocr
Lemonada,food,receipt_ocr
1/2,not_food,receipt_ocr
RitzPcanut8utterCrackerSandwiches,food,synthetic_ocr_aug
Aged White Cheddar Gluten-Free Baked Rice And Corn Puffs,food,instacart_web
Pure & Natural Sour Cream,food,instacart_web
TaquttosCarne Asada(o15.oo/ea),food,receipt_ocr
Blanched Unsalted Hazelnuts (Filberts),food,instacart_web
133.00,not_food,receipt_ocr
5.BO:S,not_food,receipt_ocr
JBrussel Sprouts,food,receipt_ocr
Buffalo Style Chicken Strips,food,instacart_web
Chanterelle Mushroom And Ricotta Cappellacci,food,instacart_web
Yellow Nectarine,food,instacart_web
Organic Whole Milk,food,instacart_web
Pita Crisps Simply Naked,food,instacart_web
Diet Orange Diet CSD,food,instacart_web
TRUFFLEROLL1.O,food,receipt_ocr
Teh-(B),food,receipt_ocr
inc,not_food,receipt_ocr
EERDOSA5PCS,food,receipt_ocr
CHRISTM,not_food,receipt_ocr
USBCABLECCODEIS),not_food,receipt_ocr
13.90,not_food,receipt_ocr
ICECREAM(SELENAGOMEZ),food,receipt_ocr
BUFFET DINNER（ADULT),food,receipt_ocr
Red Bell Peppers,food,instacart_web
(3)Origina),not_food,receipt_ocr
atteiRavenna,food,receipt_ocr
Sesame Whole Wheat Crackers,food,instacart_web
PAPAN,not_food,receipt_ocr
Pure Cane Confectioners 10-X Powdered Sugar,food,instacart_web
Organic Traditional Hummus,food,instacart_web
Fresh Fettuccini,food,instacart_web
SALMONSA,food,receipt_ocr
rAwPuRe&sImpLEorgAnicOlDFASHIoNEdOaTs,food,synthetic_ocr_aug
Organic Hazelnut Spread,food,instacart_web
Med s0.00,not_food,receipt_ocr
BrownRiceSnapsBlackkSesame,food,synthetic_ocr_aug
E7730,not_food,receipt_ocr
64Z656-143-AYSIDEVALL/CEILT,not_food,receipt_ocr
$11.99,not_food,receipt_ocr
Ugli Fruit,food,synthetic_food_list
Reddi Wip Fat Free Whip Cream,food,instacart_web
Sesame Street Friends Elmo's Fruit Punch,food,instacart_web
61.00,not_food,receipt_ocr
Spicy Nacho Tortilla Chips,food,instacart_web
Cream Of Celery Condensed Soup,food,instacart_web
Split Chicken Breast,food,instacart_web
Low Sodium Soy Sauce,food,instacart_web
Cinnamon Gum,food,instacart_web
LJUAMOO6K,not_food,receipt_ocr
1XTRAJENTREE,not_food,receipt_ocr
Creamy Balsamic Dressing,food,instacart_web
ellaFritia,food,receipt_ocr
Pink Lemonade Drink Mix,food,instacart_web
2CockShrimp,food,receipt_ocr
EISHBIRIYANI,food,receipt_ocr
Pomegranate Arils,food,instacart_web
YC ONIGIRI DGG SAPI,food,receipt_ocr
1Dal Fry,food,receipt_ocr
1COLL GRN,food,receipt_ocr
Whole Grain Brown Rice Thin Cakes,food,instacart_web
TYODEL,not_food,receipt_ocr
xkottbullar,food,receipt_ocr
Pretzel Dogs Soft Pretzel Mini Beef Hot Dogs,food,instacart_web
TacoD cochinita,food,receipt_ocr
10/150,not_food,receipt_ocr
Gluten Free Pizza Crust,food,instacart_web
Tomato Cream Sauce,food,instacart_web
3.49,not_food,receipt_ocr
Whole Wheat Bread Loaf,food,instacart_web
DEETOLGGML,not_food,receipt_ocr
Spa,food,receipt_ocr
BRCFLRT EATSMART,food,receipt_ocr
212,not_food,receipt_ocr
ButtrmilkBiscitsVluePack,food,synthetic_ocr_aug
SMAL,not_food,receipt_ocr
4.24,not_food,receipt_ocr
ORIGINALSNACKCRACKERS,food,synthetic_ocr_aug
Bag of Russet Potatoes,food,instacart_web
ClassicCheddarPotatoesPi,food,synthetic_ocr_aug
DBL,not_food,receipt_ocr
Cheesecake,food,instacart_web
Organic Very Raw Honey,food,instacart_web
2.15,not_food,receipt_ocr
Ginger Soda,food,instacart_web
SproutedRyeSeedBred,food,synthetic_ocr_aug
100% Guava Juice,food,instacart_web
Ensalada,food,receipt_ocr
Crackers Harvest Whole Wheat,food,instacart_web
PumpknSeeds,food,synthetic_ocr_aug
TORTILLAS,food,receipt_ocr
TmptUnsweetnedCcntHmpMilk,food,synthetic_ocr_aug
SHORTRTB,food,receipt_ocr
1O3 SUNGUICKORENB4OMERHI40,not_food,receipt_ocr
Organic Canned Red Kidney Beans,food,instacart_web
Organic Dried Granny Apple Chips,food,instacart_web
Sun Dried Tomatoes in Oil,food,instacart_web
Sweet Potato Fries with Sea Salt,food,instacart_web
Short Grain Brown Rice,food,instacart_web
Kit Kat King Size,food,instacart_web
YellowPlate,not_food,receipt_ocr
Appley Ever After Organic Juice Drink,food,instacart_web
Mango Yoghurt,food,instacart_web
INDOMIGORENG SPC 80,food,receipt_ocr
SweetBBelgianStyleWafflesCinnamonSwirl,food,synthetic_ocr_aug
Original Citrus Sparkling Flavored Soda,food,instacart_web
YegMancnurian,food,receipt_ocr
Organic Lacinato (Dinosaur) Kale,food,instacart_web
RRTNO,not_food,receipt_ocr
[Ch1cken][5*****][Sma]]BrownRice],food,receipt_ocr
Unsweetened Whole Milk Mixed Berry Greek Yogurt,food,instacart_web
M&M's Vanilla Lowfat Yogurt,food,instacart_web
Orange Slices,food,instacart_web
SO HOT YOU'RE HURTING HY,not_food,receipt_ocr
StdeHome,not_food,receipt_ocr
IphaRoll,food,receipt_ocr
1 No Beverage,food,receipt_ocr
Herring In Wine Sauce,food,instacart_web
Bambooshoots$1.00,food,receipt_ocr
1/3 Less Fat Chive & Onion Cream Cheese,food,instacart_web
200017100108008367,not_food,receipt_ocr
SOAR,not_food,receipt_ocr
Greek & Chia Blueberry Nonfat Yogurt,food,instacart_web
Seeded Jewish Rye Bread,food,instacart_web
Organic Italian Dressing,food,instacart_web
Kellogg's Special K Strawberry Fruit Crisps 100 Calorie,food,instacart_web
OrganicNavlOrange,food,synthetic_ocr_aug
Trail Mix Chewy Granola,food,instacart_web
0.99/1b,not_food,receipt_ocr
Diet Green Tea,food,instacart_web
New York Super Fudge Chunk<U+00AE> Ice Cream,food,instacart_web
Catdo de Camarong.00,food,receipt_ocr
Originalcrumbledgoatcheese,food,synthetic_ocr_aug
wholemilklowmoisturemozzarellacheese,food,synthetic_ocr_aug
Vegetable Lasagna Light In Sodium,food,instacart_web
$1100,not_food,receipt_ocr
Dark Sumatra Ground Coffee,food,instacart_web
Unsweetened 100% Cacao Baking Chocolate,food,instacart_web
SHREDDED BEEF,food,receipt_ocr
Chocolate Coconut Crisp Protein Bar,food,instacart_web
Add Cheese slice,food,receipt_ocr
SUPERCRWC4OG*15CLASSIC,food,receipt_ocr
CHICHAMORADA,food,receipt_ocr
Double Chocolate Brownie Mix,food,instacart_web
SAGU MIRKUCING 1O0 GR,food,receipt_ocr
WarmeChocomelkslagroom,not_food,receipt_ocr
ESCET,not_food,receipt_ocr
Harissa Dip,food,instacart_web
2xlatte Macchiato,food,receipt_ocr
ZR,not_food,receipt_ocr
Tommy/Kent/Keitt/Haden Mango,food,instacart_web
4'HOESHANDLE,not_food,receipt_ocr
Vegetabtes soao,food,receipt_ocr
Low Sodium Bacon,food,instacart_web
goz Buca Chiantt (2e14.00),food,receipt_ocr
0.000,not_food,receipt_ocr
Bread Fampak Tortilla,food,instacart_web
BistecPalonlla,food,receipt_ocr
Original Kettle Cooked Potato Chips,food,instacart_web
Heath Milk Chocolate English Toffee Bar Frozen Dairy Dessert,food,instacart_web
Lowfat 1% Milkfat Lactose Free Milk,food,instacart_web
Soy Free Buttery Spread,food,instacart_web
REG Soda(2 @2.75),food,receipt_ocr
Organic Plain Greek Whole Milk Yogurt,food,instacart_web
KASHESTDE,food,receipt_ocr
2:42,not_food,receipt_ocr
Margherita,food,receipt_ocr
Southwest Taco Seasoning Mix,food,instacart_web
Udon Soup Bowl,food,instacart_web
ORGANICSTRAWBERRYIC,food,synthetic_ocr_aug
3ICETEHAHA,food,receipt_ocr
LUAMOOGKAMOXICAF,not_food,receipt_ocr
Cut Baby Corn,food,instacart_web
HAMOUNT,not_food,receipt_ocr
Natural Sharp Cheddar Sliced Cheese,food,instacart_web
Peanut Butter Cacao Chia Protein Bar,food,instacart_web
OrganicSprout/edWheatBagels,food,synthetic_ocr_aug
"Salted Caramel Organic Dark Chocolate, 57% Cocoa",food,instacart_web
"Cheee,Prvlone",food,synthetic_ocr_aug
BUNGISDAGING,food,receipt_ocr
VegetableBiryan,food,receipt_ocr
Sliced Mozzarella Cheese,food,instacart_web
organicunsweetenedvanilla,food,synthetic_ocr_aug
Lemon Tea(L),food,receipt_ocr
Corn Chex Gluten Free,food,instacart_web
Gluten Free Cheese Bites,food,instacart_web
Superfood Amond Butter Spread,food,instacart_web
S Santa Fe Sce,food,receipt_ocr
Aloe Chunk Juice with Vitamin C,food,instacart_web
KASHE SIDE,food,receipt_ocr
Addcheese sltce,food,receipt_ocr
Mint Ice Cream Sandwiches,food,instacart_web
Baked White Cheddar Cheese Puffs,food,instacart_web
Classic Decaf Medium Roast Ground Coffee,food,instacart_web
Vitamin Water Zero Rise Orange,food,instacart_web
Fadedje,not_food,receipt_ocr
Family Size Peanut Butter Cracker Sandwiches,food,instacart_web
Lemon Sparkling Mineral Water,food,instacart_web
54.000,not_food,receipt_ocr
Classic Mix Variety,food,instacart_web
Nature Valley Oats ‘N Honey Crunchy Granola Bars,food,branded_items_web
Cherubs Heavenly Salad Tomatoes,food,instacart_web
Ju/mboButterflyShrimp,food,synthetic_ocr_aug
90.00,not_food,receipt_ocr
Kids Organic Chocolate Chip ZBars,food,instacart_web
MILDITALI,food,synthetic_ocr_aug
GURAMESAHBALKECOMBRANG,not_food,receipt_ocr
+JtSmall Brown Rtcel,food,receipt_ocr
Organic Kosher Dill Baby Pickles,food,instacart_web
A4,not_food,receipt_ocr
rgnccramycorrot&8unnypastasup,food,synthetic_ocr_aug
iceOnons,food,synthetic_ocr_aug
1 Kobe Beef Sllder.,food,receipt_ocr
3RICE,food,receipt_ocr
2%Lactosefreemilk,food,synthetic_ocr_aug
Italian Six Cheese Blend,food,instacart_web
Peaches Large,food,instacart_web
18.80,not_food,receipt_ocr
1ATTS,food,receipt_ocr
Organic & Cold-Pressed Vegetable & Fruit Juice Vitality,food,instacart_web
《《TOGO2》》》》》》》》》》,not_food,receipt_ocr
Bread Rolls,food,instacart_web
MakersMark(2 811.50),food,receipt_ocr
BELT,not_food,receipt_ocr
ChocolateF1udgeBrownieFrozenYogurt,food,synthetic_ocr_aug
Gluten Free Blueberry Muffins,food,instacart_web
0.60,not_food,receipt_ocr
Original Gourmet Granola,food,instacart_web
White Anchovies In Extra Virgin Olive Oil,food,instacart_web
061061,not_food,receipt_ocr
"16,600",not_food,receipt_ocr
Prtce,not_food,receipt_ocr
ROLERREFIL,not_food,receipt_ocr
silver,not_food,receipt_ocr
ChickenFriedRic,food,receipt_ocr
BKFETTA,food,receipt_ocr
oRgaNiCSkImMIlkWiThdhAOMEgA-3,food,synthetic_ocr_aug
JH61,not_food,receipt_ocr
Hamburger Helper Cheddar Cheese Melt,food,instacart_web
BeetNoo,food,receipt_ocr
KEL,not_food,receipt_ocr
s3.soeac,not_food,receipt_ocr
Br.ie,food,synthetic_ocr_aug
Grann0ySmith,food,synthetic_ocr_aug
$6.67,not_food,receipt_ocr
0rigina1SnackCrackers,food,synthetic_ocr_aug
OriginalCeral,food,synthetic_ocr_aug
100% Whole Wheat Cinnamon with Raisins,food,instacart_web
Chocolate Chip Vegan Cookie Dough,food,instacart_web
Original Sparkling Seltzer Water Cans,food,instacart_web
Triscuit Brown Rice & Wheat Sea Salt & Black Pepper Crackers,food,instacart_web
6*1,not_food,receipt_ocr
NAME,not_food,receipt_ocr
SODA DRINK,food,receipt_ocr
OPEN,not_food,receipt_ocr
000001060836,not_food,receipt_ocr
Organics Pop's Corn Microwave Butter Popcorn,food,instacart_web
NUMBERPLASTIC,not_food,receipt_ocr
Med.,not_food,receipt_ocr
neBrolled Chicken,food,receipt_ocr
Jalapeno Potato Chips,food,instacart_web
5.75,not_food,receipt_ocr
SUPER,not_food,receipt_ocr
Shake Choc,food,receipt_ocr
Plain Bagels,food,instacart_web
OrgncCheesyRavli,food,synthetic_ocr_aug
RwPre&SmpleOrgancldFashionedOts,food,synthetic_ocr_aug
1X11.90,not_food,receipt_ocr
Frozen Broccoli Florets,food,instacart_web
4*200MM8,not_food,receipt_ocr
3.68,not_food,receipt_ocr
"8rccoliflorts,orgric",food,synthetic_ocr_aug
Greek Plain Whole Milk Yogurt,food,instacart_web
0-00,not_food,receipt_ocr
Coke Zero,food,instacart_web
Absolutely Zero Energy Drink,food,instacart_web
Soymilk Nog,food,instacart_web
Udis Gluten Free Italian Sausage Lasagna,food,instacart_web
Smoked Ham,food,instacart_web
cu1TUrEDLowfTBttcrMIlK,food,synthetic_ocr_aug
c1ossichmmswithrldgoldpetzelssnck,food,synthetic_ocr_aug
Dr. Zevia Zero Calorie Soda,food,instacart_web
Baked Cookie,food,receipt_ocr
Coconut Sparkling Water,food,instacart_web
Gluten Free Original Granola,food,instacart_web
S4.00,not_food,receipt_ocr
MalabarParotta with Chettinad Paneer,food,receipt_ocr
Popped Corn Just The Cheese Corn,food,instacart_web
Unlt,not_food,receipt_ocr
ezekiel4:9sproutedgrai,food,synthetic_ocr_aug
Cinnamon Sticks,food,instacart_web
VeaManchurian.,food,receipt_ocr
ChId RTWIP,not_food,receipt_ocr
Americone Dream<U+00AE> Ice Cream,food,instacart_web
pollo,food,receipt_ocr
Chipotle Peppers In Adobo Sauce,food,instacart_web
E51/2,not_food,receipt_ocr
8120,not_food,receipt_ocr
Nacho Cheese Chips,food,instacart_web
8-02,not_food,receipt_ocr
CH FONT DU BROC 75CL ROS 35.00,food,receipt_ocr
Chile Verde Chicken,food,instacart_web
Ginzer.,food,receipt_ocr
Chanese,not_food,receipt_ocr
1..chickenWings,food,receipt_ocr
Yo Baby Organic Whole Milk Banana Mango Yogurt,food,instacart_web
85% Lean Ground Beef,food,instacart_web
Original Beef Jerky,food,instacart_web
Discount,not_food,receipt_ocr
Miscelanceous,not_food,receipt_ocr
Yogurt Cheese with Probiotic,food,instacart_web
Almond Walnut Macadamia Plus Bar,food,instacart_web
100%PureGrapeJuice,food,synthetic_ocr_aug
Giddy Up & Go Granola,food,instacart_web
Curate Pomme Baya-Apple Berry Sparkling Water,food,instacart_web
GriIled ChickenGyoza2pcs,food,receipt_ocr
SapJ,food,receipt_ocr
if pitcher,food,receipt_ocr
cornswcctptattortillachips,food,synthetic_ocr_aug
E7:30,not_food,receipt_ocr
AmeicanCheeseSlices12Count,food,synthetic_ocr_aug
rtikel,not_food,receipt_ocr
Iacoruesdaypollo,food,receipt_ocr
Leafy Green Romaine Lettuce,food,instacart_web
ROSEmARyOLiVeOiLbrEad,food,synthetic_ocr_aug
JNRHEA,not_food,receipt_ocr
PAGES.,not_food,receipt_ocr
"Butterhead (Boston, Butter, Bibb) Lettuce",food,instacart_web
Biscoff Cookie,food,instacart_web
Organic Onion Powder,food,instacart_web
Hearts Of Romaine,food,instacart_web
Ezekiel 4:9 Original Sprouted Grain Crunchy Cereal,food,instacart_web
Original Pepperoni & Sausage Pizza,food,instacart_web
06-6,not_food,receipt_ocr
Organic Whole Black Peppercorns,food,instacart_web
TOMATO,food,receipt_ocr
43.000,not_food,receipt_ocr
Cavatappi No. 87 Macaroni,food,instacart_web
whiTeCBDClArSEMiSOFTcHEese,food,synthetic_ocr_aug
100% Florida Orange Juice,food,instacart_web
Ginger Soother,food,instacart_web
CrispyCheddar,food,synthetic_ocr_aug
2.POP,food,receipt_ocr
Green Bell Pepper,food,instacart_web
Mild Cheddar Shredded Natural Cheddar Cheese Traditional Cut,food,instacart_web
TakeAay,not_food,receipt_ocr
Organic Green Cabbage,food,instacart_web
Dfet,not_food,receipt_ocr
Original Sauce,food,instacart_web
Chocolate Mint Creme Sandwich Cookies,food,instacart_web
s Breed Burot e,food,receipt_ocr
Pure Life Purified Water,food,instacart_web
Away,not_food,receipt_ocr
100% Whole Wheat,food,instacart_web
Zinfandel,food,instacart_web
LECLASSTDUE,not_food,receipt_ocr
Nine Grain Sourdough Bread,food,instacart_web
Baby Spring Mix,food,instacart_web
Tandoori chioken,food,receipt_ocr
SODOR,not_food,receipt_ocr
Goldfish Parmesan Baked Snack Crackers,food,instacart_web
American Cheese Slices 12 Count,food,instacart_web
21,not_food,receipt_ocr
3900,not_food,receipt_ocr
Bag Of Baby Lemons,food,instacart_web
fcosteak,food,receipt_ocr
CORN,food,receipt_ocr
MadrasCurrySpicyIndianSimmerSauce,food,synthetic_ocr_aug
WOW,not_food,receipt_ocr
Regular Marshmallows,food,instacart_web
WildWonersGourmetMedleyTmatoes,food,synthetic_ocr_aug
Cream Top Smooth & Creamy Maple Yogurt,food,instacart_web
BLANG,not_food,receipt_ocr
Natural Sunflower Spread,food,instacart_web
$349.00,not_food,receipt_ocr
GRILLED CFICKEN BIRIYANI,food,receipt_ocr
190:00,not_food,receipt_ocr
CS2OOA CUTTINGWHEEL,not_food,receipt_ocr
Kosher Dill Wholes Pickles,food,instacart_web
Fettuccine,food,instacart_web
Grlld Asparagus,food,receipt_ocr
Lamb Buroar,food,receipt_ocr
"Frozen Fruit & Vegetable Pops, Galaxy Green",food,instacart_web
Light & Lean Pasta & Veggie Bowl,food,instacart_web
Potato Chips Sea Salt & Vinegar,food,instacart_web
MANGOORANGEEEZE5.000,food,receipt_ocr
Pecan Halves,food,instacart_web
FRI-SUNDI,not_food,receipt_ocr
Raw Shelled Hemp Seeds,food,instacart_web
Horseradish Aioli Mayonnaise,food,instacart_web
GrlicBread,food,synthetic_ocr_aug
Super Moist Devil's Food Cake Mix,food,instacart_web
French Vanilla Coffee Creamer,food,instacart_web
OLORTNK,not_food,receipt_ocr
OrganicGreekLowfatYogurt,food,synthetic_ocr_aug
TropicalKo*mbucha,food,synthetic_ocr_aug
ACI,not_food,receipt_ocr
with Xylitol Original Flavor 18 Sticks Sugar Free Gum,food,instacart_web
LOTH,not_food,receipt_ocr
Sloppy Joes Seasoning Mix,food,instacart_web
Organic Half & Half,food,instacart_web
Uncure.dSlowCookedHam,food,synthetic_ocr_aug
Brut Sparkling Wine,food,instacart_web
030424458834,not_food,receipt_ocr
other vegetables,food,basket_categories_web
371SR,not_food,receipt_ocr
001,not_food,receipt_ocr
aLNacros,not_food,receipt_ocr
Semisweet Chocolate Chips,food,instacart_web
NO Gluten Lemon Cookie,food,instacart_web
Lean Ground Turky,food,instacart_web
wsetPote,food,receipt_ocr
1Barbeque Sauce,food,receipt_ocr
1 KIO PEPERONI PIZZA,food,receipt_ocr
VEGE,food,receipt_ocr
Black Bean Tamale Verde,food,instacart_web
Italian Five Cheese Shredded Cheese,food,instacart_web
Tandoor Parotta,food,receipt_ocr
"CheeseAlternativeShreds,Mozzarella",food,synthetic_ocr_aug
2.10ZRL,not_food,receipt_ocr
Hot Oatmeal Variety Pack,food,instacart_web
OrganicBabyS0pinach,food,synthetic_ocr_aug
34.Vegetarian Dish,food,receipt_ocr
Gr1ledMushroons,food,receipt_ocr
1ExtraKidsF,food,receipt_ocr
VEG DIWANI HANDI,food,receipt_ocr
Organic Simply Naked Pita Chips,food,instacart_web
TMole Enchiada,food,receipt_ocr
6ARNT5WETPOTTO(YAM),food,synthetic_ocr_aug
Beets Bunch,food,instacart_web
Healthy Harvest Granny Smith Apple Sauce,food,instacart_web
13100,not_food,receipt_ocr
Arla Sour Cream,food,produce_classes_web
Plain Dairy Free Cream Cheese Alternative Classic,food,instacart_web
NaturalToomatoPaste,food,synthetic_ocr_aug
DRYCHAPATI,food,receipt_ocr
OrgaicOvenToastedOatsOldashiond,food,synthetic_ocr_aug
BRUSSELSSPROUTS,food,receipt_ocr
The Original Hot Picante Sauce,food,instacart_web
Organic Lowfat French Vanilla Yogurt,food,instacart_web
FlAKyBiSCui,food,synthetic_ocr_aug
t0.00,not_food,receipt_ocr
X100.000,not_food,receipt_ocr
TEN,not_food,receipt_ocr
White Rice,food,instacart_web
"Milk, Organic, Vitamin D",food,instacart_web
Gluten Free Tofu Scramble Breakfast Wrap,food,instacart_web
750,not_food,receipt_ocr
Original Potato Salad,food,instacart_web
Strawberry Blended Non Fat Greek Yogurt,food,instacart_web
107500,not_food,receipt_ocr
$ 0.78,not_food,receipt_ocr
OrganCwHlewhAtSoUrcloGbBRD,food,synthetic_ocr_aug
"Baked Rice and Corn Puffs, Aged White Cheddar",food,instacart_web
KANI SALAD TACOS,food,receipt_ocr
IRT,not_food,receipt_ocr
Blackberry Preserves,food,instacart_web
Banana,food,receipt_ocr
Organic Cranberry Pomegranate Juice,food,instacart_web
AIRADAPTOR,not_food,receipt_ocr
6360,not_food,receipt_ocr
Vegan Chocolate Chip Mini Muffins,food,instacart_web
46MM5M.CGREEND,food,receipt_ocr
XL Emerald White Seedless Grapes,food,instacart_web
"Ice Pops Sugar Free, Orange, Cherry, Grape",food,instacart_web
Lemon Echinacea Organic Throat Coat Tea,food,instacart_web
Mocha/Cappuccino,food,synthetic_ocr_aug
BULB.SIGNAL12V8.RXZG18.5,not_food,receipt_ocr
(300riginal,not_food,receipt_ocr
No Sugar Added Apple Sauce,food,instacart_web
emace,not_food,receipt_ocr
Sovr8atard,food,synthetic_ocr_aug
25.95,not_food,receipt_ocr
Spinach Feta in a Pocket Sandwich,food,instacart_web
4.89,not_food,receipt_ocr
cokeL,food,receipt_ocr
101869,not_food,receipt_ocr
$6.50,not_food,receipt_ocr
Organic Summer Strawberry Bunny Fruit Snacks,food,instacart_web
Lowfat Strawberries 'n Cream Kefir,food,instacart_web
OrginalSauce,food,synthetic_ocr_aug
SFL ACO F6.99,food,receipt_ocr
Potted Thyme,food,instacart_web
Original Chocolate Vanilla Swirls Pudding,food,instacart_web
P.Sosro Salmon Teriyaki Don Buri,food,receipt_ocr
Magic Steak,food,receipt_ocr
Air Chilled Chicken Thighs,food,instacart_web
Tuscan White Beans,food,instacart_web
Squeeze Pouch Sour Cream,food,instacart_web
Mocha Cappuccino,food,instacart_web
$14.00,not_food,receipt_ocr
"SourD,Bacon(56.0o)",food,receipt_ocr
No Pulp Calcium & Vitamin D Pure Orange Juice,food,instacart_web
SANDWICHPOTATOBREAD,food,synthetic_ocr_aug
Kisses Milk Chocolate Candy,food,instacart_web
Brioc,food,synthetic_ocr_aug
Brazil Nuts,food,instacart_web
cheesesteaksandwich,food,receipt_ocr
Organic Lactose Free Whole Milk,food,instacart_web
Pitted Medium Ripe Olives,food,instacart_web
Corn Dogs,food,instacart_web
1AppleCinnamon,food,synthetic_ocr_aug
*20,not_food,receipt_ocr
TTRAMTSU,food,receipt_ocr
Quadratini Chocolate Cream Wafers,food,instacart_web
0150,not_food,receipt_ocr
$O.85,not_food,receipt_ocr
Apple Pie Fruit & Nut Bars,food,instacart_web
6375,not_food,receipt_ocr
XPepsi74,food,receipt_ocr
LngGrainNaturalBrownRice,food,synthetic_ocr_aug
35.80,not_food,receipt_ocr
Thin Stackers Brown Rice  Salt Free,food,instacart_web
Cheddar Cheese Burrito,food,instacart_web
.00,not_food,receipt_ocr
IUNIT,not_food,receipt_ocr
Large Alfresco Eggs,food,instacart_web
714H,not_food,receipt_ocr
Green Onion Dip Mix,food,instacart_web
voffee,food,receipt_ocr
Gluten Free Peanut Butter Dark Chocolate Chewy With a Crunch Granola Bars,food,instacart_web
Large Shells Pasta,food,instacart_web
Armenian String Cheese,food,instacart_web
Cheese Enchilada,food,instacart_web
Italian Sparkling Pomegranate And Orange Soda,food,instacart_web
11.800,not_food,receipt_ocr
Pot Roast,food,receipt_ocr
KrINklECutSALT&FreshGROuNdpepPErpotaToCHIps,food,synthetic_ocr_aug
Plant Based Burger Patties,food,synthetic_food_list
NDPickle,food,receipt_ocr
1Millenium 2#,not_food,receipt_ocr
Fontina Cheese,food,instacart_web
5our8atard,food,synthetic_ocr_aug
Provolone.,food,synthetic_ocr_aug
1809187295055905,not_food,receipt_ocr
honeybunchesofoatshoneyroastedwithalmondscereal,food,synthetic_ocr_aug
Cranberry Watermelon Probiotic Juice Drink,food,instacart_web
CoconutBlendedGreekYo,food,synthetic_ocr_aug
Order Type,not_food,receipt_ocr
53-00,not_food,receipt_ocr
Organic Peach Rings,food,instacart_web
SUSU,food,receipt_ocr
C10-98#10,not_food,receipt_ocr
1113,not_food,receipt_ocr
Provolone Cheese Slices,food,instacart_web
Kraft Cheddar Cheese Slices,food,branded_items_web
Light Multi-Grain English Muffins,food,instacart_web
Sliced Pepperoni,food,instacart_web
2.05,not_food,receipt_ocr
Boz FT Bearn,food,receipt_ocr
SOPA DETORTILA BOWL,food,receipt_ocr
2-50,not_food,receipt_ocr
OrganicPremiumQuinoa,food,synthetic_ocr_aug
$19.60,not_food,receipt_ocr
xoscallop Dumpling,food,receipt_ocr
D1ne-1n,not_food,receipt_ocr
SAMPOI,not_food,receipt_ocr
KaMK,not_food,receipt_ocr
GEKIKARA CP120G26.5001300,food,receipt_ocr
Club Soda Lower Sodium,food,instacart_web
Z3ANDROIDUSBCABLECODEIS,not_food,receipt_ocr
Grape Blended Low-Fat Greek Yogurt Pouches,food,instacart_web
Chewy Peanut Peanut Butter Granola Bars,food,instacart_web
Organic Cilantro,food,instacart_web
3SockeyeSalmon,food,receipt_ocr
Goat Milk Yogurt Blueberry,food,instacart_web
French Batard Bread,food,instacart_web
"Pita Chips, Simply Naked",food,instacart_web
100% Grass-Fed Organic Plain Creamline Yogurt,food,instacart_web
1$5.99,not_food,receipt_ocr
Furniture,not_food,receipt_ocr
Noket,food,receipt_ocr
Cocoa Powder,food,instacart_web
55*,not_food,receipt_ocr
9oz Buca Chianti(2@14.00),food,receipt_ocr
ItemDescription,not_food,receipt_ocr
PPER969,not_food,receipt_ocr
(MODEL:SCI2O1(MT),not_food,receipt_ocr
TY,not_food,receipt_ocr
PaneerCu,food,receipt_ocr
Bag of Red Delicious Apples,food,instacart_web
Original Strawberry Low Fat Yogurt,food,instacart_web
American Ch,food,receipt_ocr
T CUP CHOHOERO,food,receipt_ocr
MargheritaPizza,food,receipt_ocr
Lactose Free Grade A Low Fat Vanilla Yogurt,food,instacart_web
Sourdough Hearty Sliced Bread,food,instacart_web
theePodiDosa,food,receipt_ocr
3.O0ZR,not_food,receipt_ocr
Monterey Jack Cheese,food,instacart_web
Fresh Ciliegine Mozzarella Cheese,food,instacart_web
CKN EGGROLL,food,receipt_ocr
Unitmtted,not_food,receipt_ocr
Honey Wheat Pretzel Sticks,food,instacart_web
OldFashionedRoll,food,synthetic_ocr_aug
Fresh Whole Milk Ricotta,food,instacart_web
I Heart Baby Kale,food,instacart_web
1Gjacachiohar,food,receipt_ocr
T CUP CHOHCER 00,food,receipt_ocr
Ezekiel 4:9 Bread Organic Sprouted Whole Grain,food,instacart_web
"Russian Lowfat Yogurt, 2% Milkfat",food,instacart_web
Organic Milk Whole,food,instacart_web
Original Dried Cranberries,food,instacart_web
28.68,not_food,receipt_ocr
Italian Bread Crumbs,food,instacart_web
Medium Salsa Con Queso,food,instacart_web
34.VegetarianDish,food,receipt_ocr
s19.95,not_food,receipt_ocr
Orecchiette Dry Pasta,food,instacart_web
Cheddarsnackcrackerscheddarbunnies,food,synthetic_ocr_aug
Sun-Dried Tomato Alfredo Pasta Sauce,food,instacart_web
PMSGAUJZEE,not_food,receipt_ocr
RM12.80,not_food,receipt_ocr
$23.95,not_food,receipt_ocr
1IqveUR,food,synthetic_ocr_aug
Organic Chocolate Almondmilk Pudding,food,instacart_web
0rganicbonanbits,food,synthetic_ocr_aug
CaliorniMerlot,food,synthetic_ocr_aug
Bacon Applewood Smoked,food,synthetic_food_list
Mer Lite SEEED 5.00,not_food,receipt_ocr
Original Vegenaise Dressing & Sandwich Spread,food,instacart_web
Ezekiel 4:9 Golden Flax Sprouted Grain Crunchy Cereal,food,instacart_web
Organic Chamomile with Lavender Herbal Tea Bags,food,instacart_web
WoodfordReserve (2812.00),not_food,receipt_ocr
REDUCEDFATRIGINALBAKED5NOCKCRCKERS,food,synthetic_ocr_aug
SlowCh#urnedLightClassicVanillaIceCream,food,synthetic_ocr_aug
esur,not_food,receipt_ocr
AddTwo Meatball,food,receipt_ocr
UEGLASSES,not_food,receipt_ocr
OrganicVegetableLentil&RoastedReclPcpperSoup,food,synthetic_ocr_aug
400,not_food,receipt_ocr
caGEfreegrAdEAlArGeBROWnEGgS,food,synthetic_ocr_aug
Green Peas Canned,food,synthetic_food_list
BIRTHDAY CAKE,food,receipt_ocr
X1.50,not_food,receipt_ocr
Pepperfin,food,receipt_ocr
1 PARGO FRITO,food,receipt_ocr
12-00,not_food,receipt_ocr
Wagyuschoese,food,receipt_ocr
200X4-51,not_food,receipt_ocr
RNRGARINC,food,synthetic_ocr_aug
Light and Lean 3 Cheese Penne Marinara,food,instacart_web
Chocolate Hazelnut Butter Blend,food,instacart_web
European-Style Cultured Butter,food,instacart_web
20.75,not_food,receipt_ocr
9084135,not_food,receipt_ocr
Chickenbrcasttndrsbreadecl,food,synthetic_ocr_aug
Original Pizza Crusts Frozen,food,instacart_web
Blueberry Fruit & Grain Cereal Bars,food,instacart_web
Add Chicken Fajita,food,receipt_ocr
All Natural Apricot Sparkling Water,food,instacart_web
Take Aay,not_food,receipt_ocr
Wild Pink Salmon,food,instacart_web
3103,not_food,receipt_ocr
Reduced Fat Crescent Rolls,food,instacart_web
ROOMALI ROTI,food,receipt_ocr
HOSEPUMPC88351#,not_food,receipt_ocr
No Sausage,food,receipt_ocr
Grated Parmigiano Reggiano,food,instacart_web
Natural Casing Beef Frankfurters,food,instacart_web
101808,not_food,receipt_ocr
Chorizo Seitan,food,instacart_web
Organic Jalapeno Pepper,food,instacart_web
CauliflowerFloret*s,food,synthetic_ocr_aug
Frozen French Fries,food,synthetic_food_list
SAGU MIRKUCING 100 GR,food,receipt_ocr
SS s11.99 Any 2FiLong1,food,receipt_ocr
Yogurt Honey Peanut Energy Bar,food,instacart_web
Almond Flour,food,synthetic_food_list
ORGANICSPARKLINGGRAPEFRUITJUICE,food,synthetic_ocr_aug
The Ultimate Beefless Ground Gluten Free,food,instacart_web
29.68,not_food,receipt_ocr
Blue Cheese Vinaigrette Dressing,food,instacart_web
ABURI ROLL,food,receipt_ocr
Dried Cranberries,food,instacart_web
OrganicGreenLea*fLettuce,food,synthetic_ocr_aug
Organic Garlic,food,instacart_web
Organic Freeze Dried Strawberries,food,instacart_web
0riginalSweetencdDriedCranberries,food,synthetic_ocr_aug
Lightly Sweetened Half & Half Organic Iced Green Tea & Lemonade,food,instacart_web
Black Cherry Sparkling Water,food,instacart_web
Zucchini Squash,food,instacart_web
390,not_food,receipt_ocr
Gluten Free Chocolate Cake Mix,food,instacart_web
Organic Buttery Rich Classics,food,instacart_web
Gluten-Free Brown Rice Pasta,food,instacart_web
90 Calorie Lemon Bars,food,instacart_web
Organic Chewy Honey Roasted Nut Granola Bars,food,instacart_web
IM FC,not_food,receipt_ocr
Beancurd Prawn Cheung Fun 10.80,food,receipt_ocr
1 Compltem,not_food,receipt_ocr
Organic Kale Chips,food,instacart_web
1.29/lb,not_food,receipt_ocr
Zero Calorie Iced Green Tea Raspberry,food,instacart_web
Fadedjeans:,not_food,receipt_ocr
TFA,not_food,receipt_ocr
"Roasted Red Peppers with Garlic in Olive Oil, Mild",food,instacart_web
51.96,not_food,receipt_ocr
$13.95,not_food,receipt_ocr
8.-95,not_food,receipt_ocr
nescription,not_food,receipt_ocr
Bean & Rice Chips Nacho,food,instacart_web
ANKTOP,not_food,receipt_ocr
Table Water Crackers with Cracked Pepper,food,instacart_web
DiscountBBo & Blue Chz,not_food,receipt_ocr
Morning Blend 100% Juice,food,instacart_web
Organic Coconut Original Unsweetened Non-Dairy Beverage,food,instacart_web
Pistachio Instant Pudding and Pie Filling,food,instacart_web
669,not_food,receipt_ocr
2PK,not_food,receipt_ocr
ShrcddedHoshBrowns,food,synthetic_ocr_aug
Hommus Balsamic Caramelized Onion,food,instacart_web
Toasted Chips Garden Valley Veggie Wheat Thins,food,instacart_web
Crumbled Reduced Fat Feta Cheese,food,instacart_web
Uncured Pepperoni Mini Pizza Bagels Frozen Snacks,food,instacart_web
Peanut Butter Cups Minis,food,instacart_web
GarnetweetPotato(Yam),food,synthetic_ocr_aug
Organic All Natural Blueberry Mini Waffles,food,instacart_web
Fresh Sugar Snap Peas,food,instacart_web
RIEDSHRLMP,food,receipt_ocr
Vanilla Maple Frozen Dessert,food,instacart_web
Gluten-Free Smart Puffs Real Wisconsin Cheddar Baked Cheese Puffs,food,instacart_web
kfruitiPeeied,food,receipt_ocr
112-VITTEL,food,receipt_ocr
Greek Toasted Coconut Vanilla Non Fat Yogurt,food,instacart_web
Pineapple Strawberry Naturally Essenced Sparkling Water,food,instacart_web
Chunky Salsa Mild,food,instacart_web
NatturalsSweet&SpicyBBQSauce,food,synthetic_ocr_aug
(28.01)Adult,not_food,receipt_ocr
Chicken&Broccoli,food,synthetic_ocr_aug
Gluten Free Organic Cereal Coconut Maple Vanilla,food,instacart_web
Pnce,not_food,receipt_ocr
Go Pumpkins Organic Raw Pumpkin Seeds,food,instacart_web
Baked Whole Grain Wheat Original Crackers Thin Crisps,food,instacart_web
16X,not_food,receipt_ocr
RwCashewNutButter,food,synthetic_ocr_aug
Cheez-It Packs,food,instacart_web
aork,food,receipt_ocr
SingkongLemongrass,not_food,receipt_ocr
1GlasTempranillo,food,receipt_ocr
Black Forest Shaved 98% Fat Free Ham,food,instacart_web
LimeIttalianSparklingMineralWater,food,synthetic_ocr_aug
Vitloksbrod,food,receipt_ocr
DELMONTETOMAT135ML,food,receipt_ocr
8.60 SR,not_food,receipt_ocr
10/500,not_food,receipt_ocr
Fresh Mozzarella Ball,food,instacart_web
Item(s),not_food,receipt_ocr
OldFashionedAppleCider,food,synthetic_ocr_aug
RedEnchil/adaSauce,food,synthetic_ocr_aug
Harvest Casserole Bowls,food,instacart_web
uisPakis,not_food,receipt_ocr
061D61,not_food,receipt_ocr
Organic Peeled Garlic,food,instacart_web
Organic Unsalted Butter,food,instacart_web
Ground Hot Italian Sausage,food,instacart_web
"oRzo,No.65",food,synthetic_ocr_aug
GriJledChickenGyoza2,food,receipt_ocr
GS1@6%4106,not_food,receipt_ocr
X2-64,not_food,receipt_ocr
035-50,not_food,receipt_ocr
OatealBlueberr&HzelnutCup,food,synthetic_ocr_aug
PrtnBarChcltePeanutBtter,food,synthetic_ocr_aug
vanilla,food,receipt_ocr
Wonder Bread Sandwich Bread,food,branded_items_web
15900,not_food,receipt_ocr
Fresh Cut Cream Style Golden Sweet Corn,food,instacart_web
Tomato Pur<U+00E9>e,food,instacart_web
Green Skinned Avocado,food,instacart_web
Organic Dandelion Greens,food,instacart_web
Wide Egg Noodles,food,instacart_web
TIGER 12 GLASSES,food,receipt_ocr
Tostitos  Scoops,food,instacart_web
12.00D,not_food,receipt_ocr
Pumpkin Pie Spice,food,instacart_web
Pretzel Crisps Original Deli Style Pretzel Crackers,food,instacart_web
Lemon,food,instacart_web
218.00,not_food,receipt_ocr
Nonfat Plain Greek Yogurt,food,instacart_web
AMT,not_food,receipt_ocr
Kickin Sauce,food,receipt_ocr
9358,not_food,receipt_ocr
46MM*5M,not_food,receipt_ocr
Honey Mustard,food,instacart_web
Apple Sauce,food,instacart_web
Naan,food,receipt_ocr
18%Gratulty,not_food,receipt_ocr
EERDOSASPCS,food,receipt_ocr
Tater Tots,food,instacart_web
Owl's Howl Coffee,food,instacart_web
Sliced Beets No Salt Added,food,instacart_web
HITECABLETIE4*2OOMM8S,not_food,receipt_ocr
Organic Marinara Sauce,food,instacart_web
Organic Penne Rigate Whole Wheat Pasta,food,instacart_web
LG OrigBind,not_food,receipt_ocr
Fries MD,food,receipt_ocr
MilkChocolateCandyBars/,food,synthetic_ocr_aug
/SweetGardenPeas,food,synthetic_ocr_aug
Rout,not_food,receipt_ocr
Quesadtlla chicken,food,receipt_ocr
Wondrful100%PomgrnateJuice,food,synthetic_ocr_aug
Dark Red Kidney Beans,food,instacart_web
Bites Strawberry Twists,food,instacart_web
ReducedFatCrescentRolls,food,synthetic_ocr_aug
$625,not_food,receipt_ocr
Klassic Onion Buns 8 ct,food,instacart_web
9557305000118,not_food,receipt_ocr
"Crackers, Puffed, Corn, Quinoa & Sesame",food,instacart_web
Golden Sweet Potato,food,instacart_web
Unsweetened Organic Coconut Milk Light,food,instacart_web
1Aerojet,not_food,receipt_ocr
3.95,not_food,receipt_ocr
Pink Lady Apples,food,instacart_web
S21.95,not_food,receipt_ocr
45.000,not_food,receipt_ocr
795,not_food,receipt_ocr
OrganicWho1ePeeledPlumTomotoes,food,synthetic_ocr_aug
Mint Chocolate Chip,food,instacart_web
Brown Rice Black-Eyed Peas and Veggies Bowl,food,instacart_web
1 - SMALL,not_food,receipt_ocr
OatmealDarkChocolateCookies,food,synthetic_ocr_aug
6-6,not_food,receipt_ocr
Ultimate Petite Mixed Vegetables,food,instacart_web
CAKEBAR,food,synthetic_ocr_aug
1:000,not_food,receipt_ocr
Tropical Natural Stress Relief Drink,food,instacart_web
GlutenFreePeanutButterDarkChocolateChewyWit,food,synthetic_ocr_aug
159:00,not_food,receipt_ocr
ISL,not_food,receipt_ocr
Flax Plus Organic Pumpkin Flax Granola,food,instacart_web
Organic Almond Extract,food,instacart_web
93008,not_food,receipt_ocr
Clementin,food,synthetic_ocr_aug
Honey Battered Breast Tenders,food,instacart_web
73.14,not_food,receipt_ocr
eld,not_food,receipt_ocr
Organic Chicken Nuggets,food,instacart_web
Whole Grain Blends Wheat Couscous Roasted Garlic & Olive Oil,food,instacart_web
74-80,not_food,receipt_ocr
Ginger Tea,food,instacart_web
DESIGNATION,not_food,receipt_ocr
Pineapple Apple Mint Organic Cold Pressed Juicd,food,instacart_web
Almond Breeze Chocolate Almond Milk,food,instacart_web
Organic Chopped Ginger,food,instacart_web
RGNCBOBYSPNOCH,food,synthetic_ocr_aug
Marvel Avengers Assemble Ice Pops,food,instacart_web
5805,not_food,receipt_ocr
99999,not_food,receipt_ocr
Yellow Corn Tortillas,food,instacart_web
Diet Green Tea with Ginseng,food,instacart_web
139S,not_food,receipt_ocr
No Calorie Sweetener Packets,food,instacart_web
LSUBFIXN,food,receipt_ocr
Descrtpt,not_food,receipt_ocr
Sonoma Handmade Style Corn Tortillas,food,instacart_web
Hair Bender Whole Bean Coffee,food,instacart_web
Brown Rice Pasta Shells,food,instacart_web
"Clotted Cream, English Luxury",food,instacart_web
21200,not_food,receipt_ocr
Organic Cut Spinach,food,instacart_web
2 Taqu1tos Carne Asada(@15.00/ea),food,receipt_ocr
Organic Traditional Gluten Freen Quinoa,food,instacart_web
Creamy Swiss Original Wedges Cheese,food,instacart_web
10.802,not_food,receipt_ocr
Vegan Buttery Sticks,food,instacart_web
Salted Butter Half Sticks,food,instacart_web
"Kefir Cultured Milk Smoothie, Lowfat, Plain",food,instacart_web
Classic Meatless Meatballs,food,instacart_web
Organic Promise Autumn Wheat Cereal,food,instacart_web
Ruby Red Grapefruit,food,instacart_web
Low Sodium Original 100% Vegetable Juice,food,instacart_web
Mini Chocolate Croissant,food,instacart_web
Organic Whole Milk Strawberry Beet Berry Yogurt Pouch,food,instacart_web
Sea Salt And Vinegar Potato Chips,food,instacart_web
RED),food,receipt_ocr
Jalapeno1,food,synthetic_ocr_aug
2COUUERT,not_food,receipt_ocr
"Coconut Water, Real",food,instacart_web
Barbecue Chipotle Cheddar Tamales,food,instacart_web
bowt barley.,food,receipt_ocr
Organic Basil,food,instacart_web
1Pineapple Juice,food,receipt_ocr
Extra Broad Noodles,food,instacart_web
Dolorsitamet,not_food,receipt_ocr
9.00EurB,not_food,receipt_ocr
Loremipsumdolorsitamet,not_food,receipt_ocr
Hares,not_food,receipt_ocr
1200,not_food,receipt_ocr
VND140.O00,not_food,receipt_ocr
Farmhouse Culture Classic Caraway Kraut,food,instacart_web
Organic Powered Chocolate Peanut Butter,food,instacart_web
Multigrain Pancake & Waffle Mix,food,instacart_web
CHOW CHOW BATH,food,receipt_ocr
Alpro Fresh Soy Milk,food,produce_classes_web
Blood Orange,food,synthetic_food_list
Honey Bunches of Oats Honey Roasted Cereal,food,instacart_web
rganicCsarPremmCrutons,food,synthetic_ocr_aug
888,not_food,receipt_ocr
Custon lten,not_food,receipt_ocr
RedOnion,food,synthetic_ocr_aug
KTO,not_food,receipt_ocr
Shoestring Fries,food,instacart_web
$2.17,not_food,receipt_ocr
Mandarin Orange Crispy Chick'n,food,instacart_web
Pure Lemon Juice,food,instacart_web
All Natural Gluten Free Dijon Mustard,food,instacart_web
Shrim,food,receipt_ocr
tneTex,not_food,receipt_ocr
Ttem,not_food,receipt_ocr
"Genoa Salame, Provolone Cheese & Breadsticks",food,instacart_web
Organic Green Kale,food,instacart_web
Taco DE Asada,food,receipt_ocr
OrganicRefinedSunflowerOil,food,synthetic_ocr_aug
Sugar Free Seedless Blackberry Jam,food,instacart_web
Sweet Peas Valley Fresh Steamers,food,instacart_web
Nine Grain Sourdough Dough,food,instacart_web
Coconut Chocolate Chip,food,instacart_web
"Upast,bowi barley",food,receipt_ocr
Chicken Pepper,food,receipt_ocr
Chocolate Low Fat Milk,food,instacart_web
95506104,not_food,receipt_ocr
EscoTar,food,receipt_ocr
chColatSQUaRspREMurnassrtmerT,food,synthetic_ocr_aug
Teh Tawar Hangat,food,receipt_ocr
MieLurus,food,receipt_ocr
Melograno e Arancia Sparkling Pomegranate & Orange Beverage,food,instacart_web
4OOMG,not_food,receipt_ocr
Greek bop,food,receipt_ocr
Chix Cheesesteak,food,receipt_ocr
Low Calorie G2 Perform Thirst Quencher Fruit Punch,food,instacart_web
Whole Wheat English Muffins,food,instacart_web
2748,not_food,receipt_ocr
Lowfat 2% Milkfat Cottage Cheese,food,instacart_web
Organic Hummus,food,instacart_web
SparkTingwine,food,receipt_ocr
Shredded Mild Cheddar Cheese,food,instacart_web
Dark Chocolate Covered Banana,food,instacart_web
Tahitian Vanilla Bean Gelato,food,instacart_web
TPepst,food,receipt_ocr
Sweet And Salty Almond Bar,food,instacart_web
Lg Potato Gravy,food,receipt_ocr
1BUTAKAKUNI(AC10),food,receipt_ocr
Organic Skim Milk,food,instacart_web
TBarbeque Sauce,food,receipt_ocr
3350,not_food,receipt_ocr
Rising Crust Three Meat Pizza,food,instacart_web
Vanilla Frosting,food,instacart_web
$55.000,not_food,receipt_ocr
Country Dijon Mustard,food,instacart_web
SR Cake Bundle 3,food,receipt_ocr
NHITE CABLETIE 5*250,not_food,receipt_ocr
NITAmt,not_food,receipt_ocr
Fresh Cut Golden Sweet No Salt Added Whole Kernel Corn,food,instacart_web
Sensible Foods Asian Veggie Burgers,food,instacart_web
creen,not_food,receipt_ocr
159.50N,not_food,receipt_ocr
TurkeyBurger,food,receipt_ocr
LUNCH SEAFOOD PASTA,food,receipt_ocr
QTYOM,not_food,receipt_ocr
SKG,not_food,receipt_ocr
ZUccH,food,synthetic_ocr_aug
SOCKS3PCSBK,not_food,receipt_ocr
$8.59,not_food,receipt_ocr
Goldfish Cheddar,food,instacart_web
Chicken Breast Fries,food,instacart_web
lVegetable Roll,food,receipt_ocr
organicroastedtu,food,synthetic_ocr_aug
Sprouted Wheat Cinnamon Raisin Bagels,food,instacart_web
Rooibos Chai Herbal Tea Bags,food,instacart_web
Casillero del Dialblo,food,instacart_web
Restaurant Style Garlic & Butter Croutons,food,instacart_web
Grape White/Green Seedless,food,instacart_web
Oscar Mayer Deli Style Smoked Ham,food,branded_items_web
cheesecakeSanduitch,food,receipt_ocr
Cajun Andouille Smoked Pork Sausage,food,instacart_web
2COLORCOPYA4,not_food,receipt_ocr
Sparkling Water Berry,food,instacart_web
UnsWEeTENdcReaMeR,food,synthetic_ocr_aug
BlueCornTa,food,synthetic_ocr_aug
"Tortillas, Wheat Free, Sprouted Corn",food,instacart_web
"Crackers, Crispy, Cheddar",food,instacart_web
Apples,food,instacart_web
Brownberry Oroweat Potato Hot Dog Roll,food,instacart_web
Organic Red Delicious Apple,food,instacart_web
3554,not_food,receipt_ocr
xtr5tovt,food,synthetic_ocr_aug
Pure Unsweetened Cashewmilk,food,instacart_web
AlmndButter,food,synthetic_ocr_aug
VNB1IOPOOO,not_food,receipt_ocr
Shredded Mozzarella Cheese,food,instacart_web
Delights Super Moist Triple Chocolate Fudge Cake Mix,food,instacart_web
1Ossobuco,food,receipt_ocr
Pad Thai Brown Rice Noodles,food,instacart_web
5-30-SR,not_food,receipt_ocr
All Natural Whole Wheat Bread,food,instacart_web
Kidney Beans Canned,food,synthetic_food_list
Roasted & Salted Almonds,food,instacart_web
Corn Tortillas,food,instacart_web
Honey Maid Fresh Stack Honey Grahams,food,instacart_web
Snack Size Milk Chocolate Peanut Butter Cups,food,instacart_web
B1g Mac M1-Lrg,food,receipt_ocr
3PC@13.69,not_food,receipt_ocr
Organic Greek Whole Milk Blended Strawberry Yogurt,food,instacart_web
Extra Hot Habanero Pepper Sauce,food,instacart_web
"Protein Bar, Chocolate Pretzel",food,instacart_web
Fresh Chicken Wings,food,instacart_web
Coffoe,food,receipt_ocr
$15.50,not_food,receipt_ocr
Organic Chives,food,instacart_web
62.29,not_food,receipt_ocr
"Orange, Cherry, & Grape Ice Pops",food,instacart_web
Pomodorir,food,receipt_ocr
Cantaloupe Chunks,food,instacart_web
Organic Creamy Tomato Basil Soup,food,instacart_web
nToita,food,receipt_ocr
CountryStyleBaked,food,synthetic_ocr_aug
6.15,not_food,receipt_ocr
Selects Turkey Breast Slow Roasted,food,instacart_web
Home Style Sauerkraut,food,instacart_web
Amo.,not_food,receipt_ocr
TO,not_food,receipt_ocr
3.3,not_food,receipt_ocr
1MerLiteSEEED5.00,not_food,receipt_ocr
creamtopsmoothcoffeeyogurt,food,synthetic_ocr_aug
"Low Fat, Small Curd 1% Milkfat No Salt Added Cottage Cheese",food,instacart_web
1Sshamrockshake,food,receipt_ocr
000:69,not_food,receipt_ocr
Low Fat Ice Cream Bars Mint Fudge Swirl,food,instacart_web
Talenti Banana Chocolate Swirl Gelato,food,instacart_web
Dairy Free Coconut Milk Blueberry Yogurt Alternative,food,instacart_web
Sparkling Spring Water,food,instacart_web
Brownie Scratch Baking Mix,food,instacart_web
Traditional Favorites Tomato & Basil Pasta Sauce,food,instacart_web
6lToFudgbrwNi<+0OA0>,food,synthetic_ocr_aug
GST@6%1.06,not_food,receipt_ocr
Bananacoconutfruitleather,food,synthetic_ocr_aug
Yellow Bell Pepper,food,instacart_web
Setad,food,receipt_ocr
@1,not_food,receipt_ocr
BerryVeggieJuiceSm,food,synthetic_ocr_aug
ECODEOTYU/PRICEAANT,not_food,receipt_ocr
Cream Cheese,food,instacart_web
Cherry Preserves,food,instacart_web
Deli Select Ultra Thin Honey Ham,food,instacart_web
eornbread,food,receipt_ocr
Roasted Salted Peanuts,food,instacart_web
Premium Light Tuna in Water,food,instacart_web
ClassicMixedVegetables,food,synthetic_ocr_aug
Raspberry Sorbet Pops,food,instacart_web
Organic Sugar Snap Peas,food,instacart_web
7.96,not_food,receipt_ocr
Thal Fied Rice,food,receipt_ocr
California Lemonade,food,instacart_web
Signature Recipes Vodka Sauce Pasta Sauce,food,instacart_web
LghtlySltedCrispyOnins,food,synthetic_ocr_aug
Egg Roll Wrappers,food,instacart_web
Unsweetened Plain Soy Yogurt,food,instacart_web
Organic Pine Nuts,food,instacart_web
+FRD ONION,food,receipt_ocr
"Chili Peppers, Hot",food,instacart_web
Kalamata Hummus,food,instacart_web
Organic Mixed Baby Kale Salad,food,instacart_web
Cranberry Walnut Loaf,food,instacart_web
CNAMTLD16S,not_food,receipt_ocr
3-49,not_food,receipt_ocr
X11.90,not_food,receipt_ocr
VOMAN,not_food,receipt_ocr
Tequila Reposado with Glass,food,instacart_web
Haif.,not_food,receipt_ocr
Friendo Blendo Espresso Beans,food,instacart_web
Hamachi,food,receipt_ocr
S#unDriedTomatoes,food,synthetic_ocr_aug
Original Sandwich Bread,food,instacart_web
Organic Beans And Cheese Burrito,food,instacart_web
LghtlyToastedAlmndButterCrunchy,food,synthetic_ocr_aug
Mexican Coffee,food,instacart_web
Ite,not_food,receipt_ocr
Membe,not_food,receipt_ocr
Real French Vinaigrette Dressing,food,instacart_web
12-50,not_food,receipt_ocr
Steamfresh Sweet Peas,food,instacart_web
Aubergine,food,produce_classes_web
000005469765,not_food,receipt_ocr
250.00,not_food,receipt_ocr
Old Vine Zinfandel,food,instacart_web
SodghettfMarinara,food,receipt_ocr
Coastal California Wildflower Honey,food,instacart_web
Organic Campari Cocktail Tomatoes,food,instacart_web
AnimalCracker.s,food,synthetic_ocr_aug
Ponzu,food,instacart_web
Organic Cripps Pink Apples,food,instacart_web
Large Grade AA Organic Eggs,food,instacart_web
TeaSmokedPork Ribs,food,receipt_ocr
Organic Classic Rich Crackers,food,instacart_web
Orange Juice 100% Juice,food,instacart_web
100% White Grape Juice,food,instacart_web
6.92-0.214:,not_food,receipt_ocr
Organic Ginger Root,food,instacart_web
Unmodified Potato Starch,food,instacart_web
"7,000",not_food,receipt_ocr
CalifforniaMerlot,food,synthetic_ocr_aug
Honey Whole Wheat,food,instacart_web
Whlehcartsofpolm,food,synthetic_ocr_aug
Creamy Coconut & Peanut Spread,food,instacart_web
Asparation/Broccolini/Baby Broccoli,food,instacart_web
S450,not_food,receipt_ocr
DairyFreeGltnFreChocolateAlmondButterMirclTrt,food,synthetic_ocr_aug
Nacros,food,receipt_ocr
Sugar Cookie Dough,food,instacart_web
55.000,not_food,receipt_ocr
HAKAHAR,not_food,receipt_ocr
1KG,not_food,receipt_ocr
100% Natural No Salt Added Tomato Sauce,food,instacart_web
.62,not_food,receipt_ocr
WEEKDAY,not_food,receipt_ocr
Mesclun Salad,food,instacart_web
Voided Item,not_food,receipt_ocr
Rotini Pasta,food,instacart_web
Nutty Bars,food,instacart_web
Medium Cheddar Natural Cheese,food,instacart_web
Soymilk Vanilla Value Size,food,instacart_web
49,not_food,receipt_ocr
Mango Key Lime Medium Salsa,food,instacart_web
TOTAL0%NONFATPLAINGREEKYOGURT,food,synthetic_ocr_aug
0:80,not_food,receipt_ocr
HITECABLETIE4*2OOMMC8),not_food,receipt_ocr
andO’LakesSaledButer,food,synthetic_ocr_aug
Pesto Alla Genovese Basil,food,instacart_web
"Arugula, Kale, Apple, Romaine, Celery, Cucumber, Lemon, Ginger Cold Pressed Juice",food,instacart_web
Organic Sea Salt Potato Chips,food,instacart_web
5.09,not_food,receipt_ocr
Peppermint 16 Pieces Sugar Free Gum,food,instacart_web
ver:TamekaJ,not_food,receipt_ocr
$775,not_food,receipt_ocr
Santa Fe Style Salad Cafe Bowl,food,instacart_web
$14.90,not_food,receipt_ocr
"222,00",not_food,receipt_ocr
Mixed Berries Whole Milk Icelandic Style Skyr Yogurt,food,instacart_web
Quinoa Cookies Chocolate Chip,food,instacart_web
Apricot Preserves,food,instacart_web
Taco DCochinita,food,receipt_ocr
Whole Grain Lavash,food,instacart_web
Golden Beet,food,instacart_web
Rolled Oats,food,synthetic_food_list
INDOF00DTIGA SAPI 490 GR,food,receipt_ocr
50.00,not_food,receipt_ocr
PaSSIo,food,synthetic_ocr_aug
MA,not_food,receipt_ocr
FLIP<U+2122>LOW-FATKEYLIMECRUMBLEGREEKYOGURT,food,synthetic_ocr_aug
TALET,not_food,receipt_ocr
6HUITRES,food,receipt_ocr
Rigatoni With Chicken & Pesto,food,instacart_web
600,not_food,receipt_ocr
Organic Creamy Peanut Butter,food,instacart_web
Buffalo Style Wing Sauce,food,instacart_web
Reduced Fat 2% Lactose-Free Milk,food,instacart_web
TNDOMIEGRGSMTH85,food,receipt_ocr
Fresh Cauliflower,food,instacart_web
3=,not_food,receipt_ocr
Organic Blueberry & Purple Carrot Happy Yogis,food,instacart_web
2 FOUNTAIN MEDIUM,food,receipt_ocr
BAGUETTELEGUMEACHEURE,food,receipt_ocr
Pasteurized,food,synthetic_ocr_aug
OfGST),not_food,receipt_ocr
TableGray,not_food,receipt_ocr
Calrose Rice,food,instacart_web
ChlckenFingers,food,receipt_ocr
Pure Coconut Water,food,instacart_web
Smalwedge salad(Dinner),food,receipt_ocr
Chocolate Macaroons,food,instacart_web
OrganicSwee,food,synthetic_ocr_aug
SUPER CRWC 36G*15HAZELNUT,food,receipt_ocr
EESE,food,receipt_ocr
280,not_food,receipt_ocr
grndmasbrwnicbc2.b75oz,food,synthetic_ocr_aug
SkirnMi1k,food,synthetic_ocr_aug
"Bread,1Sliced,ExtraSourdough",food,synthetic_ocr_aug
$9.25,not_food,receipt_ocr
PMSGAJZEBANDASE,not_food,receipt_ocr
DISC,not_food,receipt_ocr
Organic Low Fat Milk,food,instacart_web
7.89,not_food,receipt_ocr
Cheese Curls,food,instacart_web
Total Plain Greek Strained Yogurt,food,instacart_web
Corn Canned,food,synthetic_food_list
Potted Basil,food,instacart_web
Apple Cinnamon Hot Oatmeal,food,instacart_web
1Reg,not_food,receipt_ocr
Red Delicious Apple,food,instacart_web
temNo.,not_food,receipt_ocr
Wild Chub Mackerel in Piripiri Sauce,food,instacart_web
RR,not_food,receipt_ocr
Egg And Cheese Breakfast Sandwiches,food,instacart_web
100% Natural Diced Fire Roasted Tomatoes,food,instacart_web
OranicAlStarsPastaInTomato&CheeseSaue,food,synthetic_ocr_aug
GULA LOKAL1KG,food,receipt_ocr
Zero Calorie Sweetener,food,instacart_web
"1,800x",not_food,receipt_ocr
Pripps.BlaFATaB7O0,food,receipt_ocr
Original Almondmilk,food,instacart_web
Tofuo.00,food,receipt_ocr
dolor,not_food,receipt_ocr
MieKeriting R,food,receipt_ocr
Tomato Basil Marinara Sauce,food,instacart_web
Dairy Free Cream Cheese Style Spread Chive & Onion,food,instacart_web
Italian Pearled Farro,food,instacart_web
Taco Seasoned Ground Turkey,food,instacart_web
Roasted Green Chile Tamales,food,instacart_web
DESIGNSTIGKER,not_food,receipt_ocr
Natural Applesauce Snack & Go Pouches,food,instacart_web
Original Veggie Straws,food,instacart_web
SOETDRINK,food,receipt_ocr
DRA,not_food,receipt_ocr
"Jelly, Blackberry",food,instacart_web
Fruit Snacks,food,instacart_web
Orange Cauliflower,food,instacart_web
MieLurusR,food,receipt_ocr
1Nutella CoconutPancakes,food,receipt_ocr
Picnic Potato Salad,food,instacart_web
Kidscheeseburoer,food,receipt_ocr
Anount,not_food,receipt_ocr
Bun Length Beef Franks,food,instacart_web
Tamagoyaki,food,receipt_ocr
DraftBlackhouse,food,receipt_ocr
OrganicExtraLargeBrownOmega3Eggs,food,synthetic_ocr_aug
1844882,not_food,receipt_ocr
Cottage Cheese,food,instacart_web
Veganic Sprouted Brown Rice Cacao Crisps,food,instacart_web
1-PALAK,food,receipt_ocr
20-94,not_food,receipt_ocr
HappyHealHanburoer,food,receipt_ocr
Oikos Triple Zero Greek Strawberry Yogurt,food,instacart_web
HITECABLE TIE 5*250,not_food,receipt_ocr
Organic Sumatra Coffee,food,instacart_web
Nut Butter Coconut Almond Butter,food,instacart_web
100%PureGrapeJ,food,synthetic_ocr_aug
Kiwi Fruit,food,synthetic_food_list
Traditional Plain Greek Yogurt,food,instacart_web
Coconut Almond Chocolate,food,instacart_web
Garlic & Fine Herbs Gournay Cheese,food,instacart_web
Virginia Brand Ham,food,instacart_web
Compleats Homestyle Chicken & Dumplings,food,instacart_web
AddLobster,food,receipt_ocr
Cucumber & Garlic  Tzatziki,food,instacart_web
Haif Pitcher,food,receipt_ocr
nt13.50,not_food,receipt_ocr
Flip<U+2122> Low-Fat Key Lime Crumble Greek Yogurt,food,instacart_web
Type,not_food,receipt_ocr
Whole Wheat Loaves,food,instacart_web
All Natural Gluten Free Chicken Pot Pie,food,instacart_web
OrganicGardenBlend,food,synthetic_ocr_aug
$11-00,not_food,receipt_ocr
eenNz,not_food,receipt_ocr
Pure Irish Butter,food,instacart_web
1810078202,not_food,receipt_ocr
1 pastbowbarley,food,receipt_ocr
Cream Top Blueberry Yogurt,food,instacart_web
2.99,not_food,receipt_ocr
WEEKEND DINNERKIDS,food,receipt_ocr
Chicken Kabobbles,food,instacart_web
CranberryNutGoodnessGranola,food,synthetic_ocr_aug
Adobo Sauce,food,synthetic_food_list_v2
Agave Nectar,food,synthetic_food_list_v2
Aguas Frescas Mix,food,synthetic_food_list_v2
Allspice,food,synthetic_food_list_v2
Amaretto,food,synthetic_food_list_v2
Anaheim Peppers,food,synthetic_food_list_v2
Anchovies Fresh,food,synthetic_food_list_v2
Apple Cider Alcoholic,food,synthetic_food_list_v2
Applesauce Jar,food,synthetic_food_list_v2
Arrowroot Powder,food,synthetic_food_list_v2
Artichoke Hearts Jar,food,synthetic_food_list_v2
Avocado,food,synthetic_food_list_v2
Baba Ganoush,food,synthetic_food_list_v2
Baby Kale,food,synthetic_food_list_v2
Baby Rice Cereal,food,synthetic_food_list_v2
Bagels Everything,food,synthetic_food_list_v2
Baguette French,food,synthetic_food_list_v2
Banana Nut Bread,food,synthetic_food_list_v2
Barley Pearl,food,synthetic_food_list_v2
Basmati Biryani Rice,food,synthetic_food_list_v2
Beef Chuck Roast,food,synthetic_food_list_v2
Beef Pemmican,food,synthetic_food_list_v2
Beef Sticks,food,synthetic_food_list_v2
Beef Tenderloin,food,synthetic_food_list_v2
Berbere Spice Blend,food,synthetic_food_list_v2
Birthday Cake Round,food,synthetic_food_list_v2
Biscuit Dough Canned,food,synthetic_food_list_v2
Bison Ground,food,synthetic_food_list_v2
Bitter Melon,food,synthetic_food_list_v2
Black Tea Bags,food,synthetic_food_list_v2
Bloody Mary Mix,food,synthetic_food_list_v2
Bologna,food,synthetic_food_list_v2
Bone-In Turkey Breast,food,synthetic_food_list_v2
Bonito Flakes,food,synthetic_food_list_v2
Bottled Spring Water,food,synthetic_food_list_v2
Bouillon Cubes,food,synthetic_food_list_v2
Bourbon,food,synthetic_food_list_v2
Brandy,food,synthetic_food_list_v2
Brownie Mix,food,synthetic_food_list_v2
Bubble Tea Kit,food,synthetic_food_list_v2
Buckwheat Groats,food,synthetic_food_list_v2
Buddha's Hand Citron,food,synthetic_food_list_v2
Buffalo Wing Sauce,food,synthetic_food_list_v2
Bugles Snack,food,synthetic_food_list_v2
Bulgur Wheat,food,synthetic_food_list_v2
Cabernet Wine,food,synthetic_food_list_v2
Cajun Seasoning,food,synthetic_food_list_v2
Cake Mix Chocolate,food,synthetic_food_list_v2
Canned Green Chiles,food,synthetic_food_list_v2
Canned Mandarin Oranges,food,synthetic_food_list_v2
Canned Pineapple Chunks,food,synthetic_food_list_v2
Canned Pumpkin Puree,food,synthetic_food_list_v2
Canned Sauerkraut,food,synthetic_food_list_v2
Capers Jarred,food,synthetic_food_list_v2
Caramel Sauce,food,synthetic_food_list_v2
Cardamom Pods,food,synthetic_food_list_v2
Cashew Milk,food,synthetic_food_list_v2
Catfish Fillet,food,synthetic_food_list_v2
Cauliflower Rice Frozen,food,synthetic_food_list_v2
Celery Salt,food,synthetic_food_list_v2
Celery Stalks,food,synthetic_food_list_v2
Chai Tea Latte Mix,food,synthetic_food_list_v2
Chamomile Tea Bags,food,synthetic_food_list_v2
Chana Dal,food,synthetic_food_list_v2
Chayote Squash,food,synthetic_food_list_v2
Cheese Balls,food,synthetic_food_list_v2
Cheesecake Slice,food,synthetic_food_list_v2
Chicken Caesar Salad Kit,food,synthetic_food_list_v2
Chicken Noodle Soup Can,food,synthetic_food_list_v2
Chicken Tenders Raw,food,synthetic_food_list_v2
Chicken Wings,food,synthetic_food_list_v2
Chinese Broccoli,food,synthetic_food_list_v2
Chipotle Peppers In Adobo,food,synthetic_food_list_v2
Chocolate Covered Almonds,food,synthetic_food_list_v2
Chocolate Covered Pretzels,food,synthetic_food_list_v2
Chocolate Syrup,food,synthetic_food_list_v2
Ciabatta Loaf,food,synthetic_food_list_v2
Cinnamon Rolls,food,synthetic_food_list_v2
Clotted Cream,food,synthetic_food_list_v2
Cloves Ground,food,synthetic_food_list_v2
Coconut,food,synthetic_food_list_v2
Coconut Aminos,food,synthetic_food_list_v2
Coffee Creamer Liquid,food,synthetic_food_list_v2
Cola Twelve Pack,food,synthetic_food_list_v2
Concord Grapes,food,synthetic_food_list_v2
Cooking Spray,food,synthetic_food_list_v2
Coriander Seeds,food,synthetic_food_list_v2
Corn Nuts,food,synthetic_food_list_v2
Corn Syrup,food,synthetic_food_list_v2
Corn Tortilla Chips Restaurant Style,food,synthetic_food_list_v2
Cornbread Mix,food,synthetic_food_list_v2
Cornbread Muffins,food,synthetic_food_list_v2
Cornish Hen,food,synthetic_food_list_v2
Craft Beer Six Pack,food,synthetic_food_list_v2
Crawfish Tails,food,synthetic_food_list_v2
Cream Of Chicken Soup Can,food,synthetic_food_list_v2
Cream Of Mushroom Soup Can,food,synthetic_food_list_v2
Creme Fraiche,food,synthetic_food_list_v2
Cubanelle Peppers,food,synthetic_food_list_v2
Cupcakes Chocolate,food,synthetic_food_list_v2
Currants,food,synthetic_food_list_v2
Curry Leaves Fresh,food,synthetic_food_list_v2
Custard Apple,food,synthetic_food_list_v2
Daikon Radish,food,synthetic_food_list_v2
Danish Pastry,food,synthetic_food_list_v2
Dashi Stock Powder,food,synthetic_food_list_v2
Dates,food,synthetic_food_list_v2
Decaf Coffee Ground,food,synthetic_food_list_v2
Deli Fried Chicken,food,synthetic_food_list_v2
Deli Macaroni Salad,food,synthetic_food_list_v2
Deli Potato Salad,food,synthetic_food_list_v2
Deli Sliced Roast Beef,food,synthetic_food_list_v2
Delicata Squash,food,synthetic_food_list_v2
Domestic Lager Case,food,synthetic_food_list_v2
Donuts Glazed,food,synthetic_food_list_v2
Dosa Mix,food,synthetic_food_list_v2
Dried Apricots,food,synthetic_food_list_v2
Dried Mango Slices,food,synthetic_food_list_v2
Duck Sauce,food,synthetic_food_list_v2
Dukkah Spice Mix,food,synthetic_food_list_v2
Durian,food,synthetic_food_list_v2
Eclairs,food,synthetic_food_list_v2
Eel,food,synthetic_food_list_v2
Egg Substitute Liquid,food,synthetic_food_list_v2
Elderberries,food,synthetic_food_list_v2
Endive,food,synthetic_food_list_v2
Energy Balls,food,synthetic_food_list_v2
English Cucumber,food,synthetic_food_list_v2
Escarole,food,synthetic_food_list_v2
Everything Bagel Seasoning,food,synthetic_food_list_v2
Falafel Mix,food,synthetic_food_list_v2
Farro,food,synthetic_food_list_v2
Feijoa,food,synthetic_food_list_v2
Fennel Seeds,food,synthetic_food_list_v2
Fig Bars,food,synthetic_food_list_v2
Fig Jam,food,synthetic_food_list_v2
Flatbread Wraps,food,synthetic_food_list_v2
Flavored Yogurt Drink,food,synthetic_food_list_v2
Focaccia Bread,food,synthetic_food_list_v2
Fresh Cilantro,food,synthetic_food_list_v2
Fresh Mint,food,synthetic_food_list_v2
Fresh Parsley,food,synthetic_food_list_v2
Fresh Rosemary,food,synthetic_food_list_v2
Fresh Sushi Platter,food,synthetic_food_list_v2
Fresh Thyme,food,synthetic_food_list_v2
Frisee Lettuce,food,synthetic_food_list_v2
Frozen Breakfast Sandwich,food,synthetic_food_list_v2
Frozen Chicken Tenders Breaded,food,synthetic_food_list_v2
Frozen Corn Dogs,food,synthetic_food_list_v2
Frozen Custard Base,food,synthetic_food_list_v2
Frozen Edamame,food,synthetic_food_list_v2
Frozen Egg Rolls,food,synthetic_food_list_v2
Frozen Fish Fillets Breaded,food,synthetic_food_list_v2
Frozen Fish Sticks,food,synthetic_food_list_v2
Frozen Garlic Bread,food,synthetic_food_list_v2
Frozen Hash Browns,food,synthetic_food_list_v2
Frozen Ice Pops,food,synthetic_food_list_v2
Frozen Meatballs,food,synthetic_food_list_v2
Frozen Mozzarella Sticks,food,synthetic_food_list_v2
Frozen Naan Bread,food,synthetic_food_list_v2
Frozen Onion Rings,food,synthetic_food_list_v2
Frozen Orange Juice Concentrate,food,synthetic_food_list_v2
Frozen Pancakes,food,synthetic_food_list_v2
Frozen Peas And Carrots,food,synthetic_food_list_v2
Frozen Pie Apple,food,synthetic_food_list_v2
Frozen Pierogies,food,synthetic_food_list_v2
Frozen Pot Stickers,food,synthetic_food_list_v2
Frozen Samosas,food,synthetic_food_list_v2
Frozen Spinach Chopped,food,synthetic_food_list_v2
Frozen Tater Tots,food,synthetic_food_list_v2
Fruit Leather,food,synthetic_food_list_v2
Fudge Brownie Bites,food,synthetic_food_list_v2
Furikake Seasoning,food,synthetic_food_list_v2
Garam Masala,food,synthetic_food_list_v2
Ghee,food,synthetic_food_list_v2
Ghee Clarified Butter,food,synthetic_food_list_v2
Ghost Peppers,food,synthetic_food_list_v2
Gin,food,synthetic_food_list_v2
Ginger Snaps,food,synthetic_food_list_v2
Gluten Free Bagels,food,synthetic_food_list_v2
Gnocchi,food,synthetic_food_list_v2
Goat Meat Cubes,food,synthetic_food_list_v2
Gochujang Paste,food,synthetic_food_list_v2
Golden Kiwi,food,synthetic_food_list_v2
Gooseberries,food,synthetic_food_list_v2
Graham Cracker Crust,food,synthetic_food_list_v2
Grape Leaves Jarred,food,synthetic_food_list_v2
Gravy Mix Packet,food,synthetic_food_list_v2
Grits Instant,food,synthetic_food_list_v2
Ground Pork,food,synthetic_food_list_v2
Gruyere Cheese,food,synthetic_food_list_v2
Habanero Peppers,food,synthetic_food_list_v2
Half Gallon Chocolate Milk,food,synthetic_food_list_v2
Ham Steak,food,synthetic_food_list_v2
Hard Seltzer,food,synthetic_food_list_v2
Harissa Paste,food,synthetic_food_list_v2
Havarti Cheese,food,synthetic_food_list_v2
Head Cheese,food,synthetic_food_list_v2
Hemp Milk,food,synthetic_food_list_v2
Herbal Tea Assorted,food,synthetic_food_list_v2
Herring,food,synthetic_food_list_v2
Horseradish Sauce,food,synthetic_food_list_v2
Hot Dogs,food,synthetic_food_list_v2
IPA Beer,food,synthetic_food_list_v2
Idli Rice Batter,food,synthetic_food_list_v2
Injera Bread,food,synthetic_food_list_v2
Instant Coffee Packets,food,synthetic_food_list_v2
Instant Oatmeal Packets,food,synthetic_food_list_v2
Italian Seasoning Blend,food,synthetic_food_list_v2
Jackfruit Canned,food,synthetic_food_list_v2
Jaggery,food,synthetic_food_list_v2
Kabocha Squash,food,synthetic_food_list_v2
Kale Chips,food,synthetic_food_list_v2
Keto Bread,food,synthetic_food_list_v2
Kettle Corn,food,synthetic_food_list_v2
Kimbap Seaweed,food,synthetic_food_list_v2
Kimchi,food,synthetic_food_list_v2
Kohlrabi,food,synthetic_food_list_v2
Labneh,food,synthetic_food_list_v2
Lactose Free Ice Cream,food,synthetic_food_list_v2
Lactose Free Milk,food,synthetic_food_list_v2
Lemon Pepper Seasoning,food,synthetic_food_list_v2
Lentils Red Split,food,synthetic_food_list_v2
Longan Fruit,food,synthetic_food_list_v2
Loquat,food,synthetic_food_list_v2
Low Carb Tortillas,food,synthetic_food_list_v2
Macarons Assorted,food,synthetic_food_list_v2
Malanga,food,synthetic_food_list_v2
Malt Liquor,food,synthetic_food_list_v2
Malt Vinegar,food,synthetic_food_list_v2
Mangosteen,food,synthetic_food_list_v2
Margarine Tub,food,synthetic_food_list_v2
Margarita Mix,food,synthetic_food_list_v2
Marshmallows,food,synthetic_food_list_v2
Masa Harina,food,synthetic_food_list_v2
Mascarpone Cheese,food,synthetic_food_list_v2
Mead,food,synthetic_food_list_v2
Microgreens Mixed,food,synthetic_food_list_v2
Microwave Popcorn,food,synthetic_food_list_v2
Millet,food,synthetic_food_list_v2
Mirin,food,synthetic_food_list_v2
Miso Paste,food,synthetic_food_list_v2
Molasses,food,synthetic_food_list_v2
Monk Fruit Sweetener,food,synthetic_food_list_v2
Mortadella,food,synthetic_food_list_v2
Muffins Blueberry,food,synthetic_food_list_v2
Mulberries,food,synthetic_food_list_v2
Mustard Seeds,food,synthetic_food_list_v2
Naan Frozen,food,synthetic_food_list_v2
Non Alcoholic Beer,food,synthetic_food_list_v2
Nori Sheets,food,synthetic_food_list_v2
Nori Snack Sheets,food,synthetic_food_list_v2
Nutella Spread,food,synthetic_food_list_v2
Nutritional Yeast,food,synthetic_food_list_v2
Oatmeal Cream Pies,food,synthetic_food_list_v2
Octopus,food,synthetic_food_list_v2
Olives Canned,food,synthetic_food_list_v2
Orange Marmalade,food,synthetic_food_list_v2
Oysters Fresh,food,synthetic_food_list_v2
Padron Peppers,food,synthetic_food_list_v2
Panang Curry Paste,food,synthetic_food_list_v2
Pancake Mix,food,synthetic_food_list_v2
Paneer,food,synthetic_food_list_v2
Papadum,food,synthetic_food_list_v2
Pastrami,food,synthetic_food_list_v2
Peanut Butter Cups,food,synthetic_food_list_v2
Peanuts Honey Roasted,food,synthetic_food_list_v2
Persian Cucumber,food,synthetic_food_list_v2
Pho Broth Concentrate,food,synthetic_food_list_v2
Phyllo Dough,food,synthetic_food_list_v2
Pickled Ginger,food,synthetic_food_list_v2
Pickles Dill,food,synthetic_food_list_v2
Pico De Gallo Fresh,food,synthetic_food_list_v2
Pina Colada Mix,food,synthetic_food_list_v2
Pita Bread Mini,food,synthetic_food_list_v2
Pita Chips Za'atar,food,synthetic_food_list_v2
Plant Based Milk Barista,food,synthetic_food_list_v2
Plums,food,synthetic_food_list_v2
Poha Flattened Rice,food,synthetic_food_list_v2
Polenta Tube,food,synthetic_food_list_v2
Ponzu Sauce,food,synthetic_food_list_v2
Popcorn Kernels,food,synthetic_food_list_v2
Pork Loin Roast,food,synthetic_food_list_v2
Pork Rinds,food,synthetic_food_list_v2
Pound Cake,food,synthetic_food_list_v2
Prepared Cole Slaw,food,synthetic_food_list_v2
Preserved Lemons,food,synthetic_food_list_v2
Protein Cookies,food,synthetic_food_list_v2
Protein Pasta,food,synthetic_food_list_v2
Prunes,food,synthetic_food_list_v2
Purple Sweet Potato,food,synthetic_food_list_v2
Quail Eggs,food,synthetic_food_list_v2
Queso Blanco,food,synthetic_food_list_v2
Queso Dip Jar,food,synthetic_food_list_v2
Quince,food,synthetic_food_list_v2
Rabbit Whole,food,synthetic_food_list_v2
Radicchio,food,synthetic_food_list_v2
Rambutan,food,synthetic_food_list_v2
Ramen Broth Concentrate,food,synthetic_food_list_v2
Ranch Seasoning Packet,food,synthetic_food_list_v2
Rapini,food,synthetic_food_list_v2
Rasam Powder,food,synthetic_food_list_v2
Ravioli Cheese,food,synthetic_food_list_v2
Red Pepper Flakes,food,synthetic_food_list_v2
Rice Crackers,food,synthetic_food_list_v2
Rice Krispie Treats,food,synthetic_food_list_v2
Rice Milk,food,synthetic_food_list_v2
Rice Noodles,food,synthetic_food_list_v2
Rice Paper Wrappers,food,synthetic_food_list_v2
Rice Wine Vinegar,food,synthetic_food_list_v2
Roasted Red Peppers Jar,food,synthetic_food_list_v2
Romanesco,food,synthetic_food_list_v2
Rotisserie Chicken Soup Deli,food,synthetic_food_list_v2
Rum,food,synthetic_food_list_v2
Rye Bread,food,synthetic_food_list_v2
Saffron Threads,food,synthetic_food_list_v2
Sake,food,synthetic_food_list_v2
Salsify,food,synthetic_food_list_v2
Sambal Oelek,food,synthetic_food_list_v2
Sambar Powder,food,synthetic_food_list_v2
Sandwich Cookies,food,synthetic_food_list_v2
Sangria Bottled,food,synthetic_food_list_v2
Sardines Fresh,food,synthetic_food_list_v2
Scones Blueberry,food,synthetic_food_list_v2
Scotch Whisky,food,synthetic_food_list_v2
Sea Buckthorn Berries,food,synthetic_food_list_v2
Seaweed Snacks,food,synthetic_food_list_v2
Sharon Fruit,food,synthetic_food_list_v2
Snapper Whole,food,synthetic_food_list_v2
Soba Noodles,food,synthetic_food_list_v2
Sparkling Grape Juice,food,synthetic_food_list_v2
Sprouts,food,synthetic_food_list_v2
Squid Whole,food,synthetic_food_list_v2
Sriracha Mayo,food,synthetic_food_list_v2
Star Anise,food,synthetic_food_list_v2
Steak Sauce,food,synthetic_food_list_v2
Stevia Packets,food,synthetic_food_list_v2
Strawberry Yogurt,food,synthetic_food_list_v2
Sugar Baby Watermelon,food,synthetic_food_list_v2
Sumac Ground,food,synthetic_food_list_v2
Sun Dried Tomatoes Jar,food,synthetic_food_list_v2
Sunchokes,food,synthetic_food_list_v2
Sunflower Seeds Roasted,food,synthetic_food_list_v2
Surimi Imitation Crab,food,synthetic_food_list_v2
Sushi Rice,food,synthetic_food_list_v2
Sushi Rolls Prepared,food,synthetic_food_list_v2
Sweet Chili Sauce,food,synthetic_food_list_v2
Swordfish Steak,food,synthetic_food_list_v2
TV Dinner Salisbury Steak,food,synthetic_food_list_v2
Table Salt,food,synthetic_food_list_v2
Taco Seasoning Packet,food,synthetic_food_list_v2
Taco Shells Hard,food,synthetic_food_list_v2
Tahini,food,synthetic_food_list_v2
Tamarind Pods,food,synthetic_food_list_v2
Tandoori Masala,food,synthetic_food_list_v2
Tartar Sauce,food,synthetic_food_list_v2
Tequila,food,synthetic_food_list_v2
Tiramisu,food,synthetic_food_list_v2
Toaster Pastries,food,synthetic_food_list_v2
Toddler Puffs Snack,food,synthetic_food_list_v2
Tomatillos,food,synthetic_food_list_v2
Tomato Juice,food,synthetic_food_list_v2
Tomato Soup Can,food,synthetic_food_list_v2
Tortellini,food,synthetic_food_list_v2
Tostada Shells,food,synthetic_food_list_v2
Tri Tip Roast,food,synthetic_food_list_v2
Trout Fillet,food,synthetic_food_list_v2
Truffle Oil,food,synthetic_food_list_v2
Turbinado Sugar,food,synthetic_food_list_v2
Turkey Leg,food,synthetic_food_list_v2
Turkish Delight,food,synthetic_food_list_v2
Udon Noodles,food,synthetic_food_list_v2
V8 Vegetable Juice,food,synthetic_food_list_v2
Veal Cutlets,food,synthetic_food_list_v2
Vegan Chocolate Bar,food,synthetic_food_list_v2
Vegan Mayo,food,synthetic_food_list_v2
Veggie Straws,food,synthetic_food_list_v2
Venison Steak,food,synthetic_food_list_v2
Vermicelli Noodles,food,synthetic_food_list_v2
Vermouth,food,synthetic_food_list_v2
Waffle Mix,food,synthetic_food_list_v2
Wasabi Paste,food,synthetic_food_list_v2
Wheat Berries,food,synthetic_food_list_v2
Whipped Topping,food,synthetic_food_list_v2
White Mushrooms,food,synthetic_food_list_v2
White Pepper Ground,food,synthetic_food_list_v2
Wine Cooler,food,synthetic_food_list_v2
Winter Melon,food,synthetic_food_list_v2
Wonton Wrappers,food,synthetic_food_list_v2
Xanthan Gum,food,synthetic_food_list_v2
Yakisoba Noodles,food,synthetic_food_list_v2
Yuca Root,food,synthetic_food_list_v2
Yuzu,food,synthetic_food_list_v2
Za'atar Spice Blend,food,synthetic_food_list_v2
AA Rechargeable Batteries,not_food,synthetic_not_food_list_v2
Ace Bandage,not_food,synthetic_not_food_list_v2
Acetaminophen,not_food,synthetic_not_food_list_v2
Air Filter Furnace,not_food,synthetic_not_food_list_v2
Air Freshener Plug In,not_food,synthetic_not_food_list_v2
Air Freshener Spray,not_food,synthetic_not_food_list_v2
Air Freshener Vent Clip,not_food,synthetic_not_food_list_v2
Air Purifier Filter,not_food,synthetic_not_food_list_v2
All Purpose Cleaner,not_food,synthetic_not_food_list_v2
Allergy Medicine,not_food,synthetic_not_food_list_v2
Aluminum Baking Pan Disposable,not_food,synthetic_not_food_list_v2
Aluminum Foil,not_food,synthetic_not_food_list_v2
Anniversary Card,not_food,synthetic_not_food_list_v2
Ant Bait Trap,not_food,synthetic_not_food_list_v2
Antacid Tablets,not_food,synthetic_not_food_list_v2
Anti Diarrheal Medicine,not_food,synthetic_not_food_list_v2
Antibacterial Ointment,not_food,synthetic_not_food_list_v2
Antifreeze Coolant,not_food,synthetic_not_food_list_v2
Antiperspirant,not_food,synthetic_not_food_list_v2
Apron,not_food,synthetic_not_food_list_v2
Aquarium Filter Cartridge,not_food,synthetic_not_food_list_v2
Athlete's Foot Cream,not_food,synthetic_not_food_list_v2
Automatic Dishwasher Pods,not_food,synthetic_not_food_list_v2
Baby Bibs,not_food,synthetic_not_food_list_v2
Baby Bottles,not_food,synthetic_not_food_list_v2
Baby Gate,not_food,synthetic_not_food_list_v2
Baby Lotion,not_food,synthetic_not_food_list_v2
Baby Monitor Batteries,not_food,synthetic_not_food_list_v2
Baby Nail Clippers,not_food,synthetic_not_food_list_v2
Baby Oil,not_food,synthetic_not_food_list_v2
Baby Powder,not_food,synthetic_not_food_list_v2
Baby Shampoo,not_food,synthetic_not_food_list_v2
Baby Sunscreen,not_food,synthetic_not_food_list_v2
Baby Thermometer,not_food,synthetic_not_food_list_v2
Baby Wipes,not_food,synthetic_not_food_list_v2
Baby Wipes Sensitive,not_food,synthetic_not_food_list_v2
Backpack,not_food,synthetic_not_food_list_v2
Balloons,not_food,synthetic_not_food_list_v2
Band Aids,not_food,synthetic_not_food_list_v2
Bar Soap,not_food,synthetic_not_food_list_v2
Baseball Cap,not_food,synthetic_not_food_list_v2
Bath Bomb,not_food,synthetic_not_food_list_v2
Bathroom Cleaner,not_food,synthetic_not_food_list_v2
Batteries 9V,not_food,synthetic_not_food_list_v2
Batteries AA,not_food,synthetic_not_food_list_v2
Batteries AAA,not_food,synthetic_not_food_list_v2
Batteries C Cell,not_food,synthetic_not_food_list_v2
Batteries D Cell,not_food,synthetic_not_food_list_v2
Beach Towel,not_food,synthetic_not_food_list_v2
Beanie Hat,not_food,synthetic_not_food_list_v2
Binder Three Ring,not_food,synthetic_not_food_list_v2
Bird Bath,not_food,synthetic_not_food_list_v2
Bird Feeder,not_food,synthetic_not_food_list_v2
Bird Seed,not_food,synthetic_not_food_list_v2
Birthday Candles,not_food,synthetic_not_food_list_v2
Birthday Card,not_food,synthetic_not_food_list_v2
Bleach,not_food,synthetic_not_food_list_v2
Blister Pads,not_food,synthetic_not_food_list_v2
Bobby Pins,not_food,synthetic_not_food_list_v2
Body Lotion Unscented,not_food,synthetic_not_food_list_v2
Body Wash,not_food,synthetic_not_food_list_v2
Bottle Opener,not_food,synthetic_not_food_list_v2
Brake Fluid,not_food,synthetic_not_food_list_v2
Broom,not_food,synthetic_not_food_list_v2
Broom Handle Replacement,not_food,synthetic_not_food_list_v2
Bubble Wrap,not_food,synthetic_not_food_list_v2
Bucket,not_food,synthetic_not_food_list_v2
Bug Spray Insect Repellent,not_food,synthetic_not_food_list_v2
Bungee Cords,not_food,synthetic_not_food_list_v2
Calcium Supplement,not_food,synthetic_not_food_list_v2
Calculator,not_food,synthetic_not_food_list_v2
Calendar Planner,not_food,synthetic_not_food_list_v2
Callus Remover,not_food,synthetic_not_food_list_v2
Camping Lantern,not_food,synthetic_not_food_list_v2
Can Opener,not_food,synthetic_not_food_list_v2
Candles Unscented,not_food,synthetic_not_food_list_v2
Car Air Freshener,not_food,synthetic_not_food_list_v2
Car Floor Mats,not_food,synthetic_not_food_list_v2
Car Wash Soap,not_food,synthetic_not_food_list_v2
Car Wax,not_food,synthetic_not_food_list_v2
Carpet Cleaner,not_food,synthetic_not_food_list_v2
Carpet Deodorizer,not_food,synthetic_not_food_list_v2
Cast Iron Skillet Seasoning Spray,not_food,synthetic_not_food_list_v2
Cat Food Dry,not_food,synthetic_not_food_list_v2
Cat Food Wet Cans,not_food,synthetic_not_food_list_v2
Cat Litter,not_food,synthetic_not_food_list_v2
Cat Scratching Post,not_food,synthetic_not_food_list_v2
Cat Treats,not_food,synthetic_not_food_list_v2
Champagne Stopper,not_food,synthetic_not_food_list_v2
Charcoal Briquettes,not_food,synthetic_not_food_list_v2
Charcoal Grill Starter,not_food,synthetic_not_food_list_v2
Charcoal Lighter,not_food,synthetic_not_food_list_v2
Chew Toy,not_food,synthetic_not_food_list_v2
Christmas Lights String,not_food,synthetic_not_food_list_v2
Cigarette Lighter Refill,not_food,synthetic_not_food_list_v2
Cigarettes,not_food,synthetic_not_food_list_v2
Cigars,not_food,synthetic_not_food_list_v2
Citronella Candle,not_food,synthetic_not_food_list_v2
Citronella Torch,not_food,synthetic_not_food_list_v2
Clothes Pins,not_food,synthetic_not_food_list_v2
Coffee Filters,not_food,synthetic_not_food_list_v2
Coffee Mug,not_food,synthetic_not_food_list_v2
Cold Medicine,not_food,synthetic_not_food_list_v2
Comb,not_food,synthetic_not_food_list_v2
Command Strips,not_food,synthetic_not_food_list_v2
Compression Socks,not_food,synthetic_not_food_list_v2
Computer Keyboard,not_food,synthetic_not_food_list_v2
Conditioner,not_food,synthetic_not_food_list_v2
Confetti,not_food,synthetic_not_food_list_v2
Contact Lens Solution,not_food,synthetic_not_food_list_v2
Cooler Bag Insulated,not_food,synthetic_not_food_list_v2
Corkscrew,not_food,synthetic_not_food_list_v2
Cotton Balls,not_food,synthetic_not_food_list_v2
Cotton Rounds,not_food,synthetic_not_food_list_v2
Cotton Swabs,not_food,synthetic_not_food_list_v2
Cough Syrup,not_food,synthetic_not_food_list_v2
Crossword Puzzle Book,not_food,synthetic_not_food_list_v2
Crutches Rental,not_food,synthetic_not_food_list_v2
Cutting Board,not_food,synthetic_not_food_list_v2
Dental Floss,not_food,synthetic_not_food_list_v2
Deodorant,not_food,synthetic_not_food_list_v2
Desk Organizer,not_food,synthetic_not_food_list_v2
Diaper Bag,not_food,synthetic_not_food_list_v2
Diaper Rash Cream,not_food,synthetic_not_food_list_v2
Diapers Newborn,not_food,synthetic_not_food_list_v2
Diapers Size 3,not_food,synthetic_not_food_list_v2
Diapers Size 5,not_food,synthetic_not_food_list_v2
Digital Blood Pressure Monitor,not_food,synthetic_not_food_list_v2
Dish Rack,not_food,synthetic_not_food_list_v2
Dish Soap,not_food,synthetic_not_food_list_v2
Dish Towels,not_food,synthetic_not_food_list_v2
Disinfecting Wipes,not_food,synthetic_not_food_list_v2
Disposable Face Masks,not_food,synthetic_not_food_list_v2
Disposable Razors Multipack,not_food,synthetic_not_food_list_v2
Dog Food Dry,not_food,synthetic_not_food_list_v2
Dog Food Wet Cans,not_food,synthetic_not_food_list_v2
Dog Leash,not_food,synthetic_not_food_list_v2
Dog Poop Bags Refill,not_food,synthetic_not_food_list_v2
Dog Treats,not_food,synthetic_not_food_list_v2
Doormat,not_food,synthetic_not_food_list_v2
Drain Cleaner,not_food,synthetic_not_food_list_v2
Drop Cloth,not_food,synthetic_not_food_list_v2
Dryer Sheets,not_food,synthetic_not_food_list_v2
Drying Rack,not_food,synthetic_not_food_list_v2
Duct Tape,not_food,synthetic_not_food_list_v2
Dumbbell Set,not_food,synthetic_not_food_list_v2
Dustpan,not_food,synthetic_not_food_list_v2
Ear Plugs,not_food,synthetic_not_food_list_v2
Earbuds,not_food,synthetic_not_food_list_v2
Easter Basket Grass,not_food,synthetic_not_food_list_v2
Electric Razor Foil,not_food,synthetic_not_food_list_v2
Electrolyte Powder Packets,not_food,synthetic_not_food_list_v2
Envelopes,not_food,synthetic_not_food_list_v2
Extension Cord,not_food,synthetic_not_food_list_v2
Extension Power Strip,not_food,synthetic_not_food_list_v2
Eye Drops,not_food,synthetic_not_food_list_v2
Eye Mask Sleep,not_food,synthetic_not_food_list_v2
Fabric Softener,not_food,synthetic_not_food_list_v2
Face Mask Sheet,not_food,synthetic_not_food_list_v2
Face Moisturizer,not_food,synthetic_not_food_list_v2
Facial Cleanser,not_food,synthetic_not_food_list_v2
Facial Tissue Box,not_food,synthetic_not_food_list_v2
Facial Tissues,not_food,synthetic_not_food_list_v2
Feminine Pads,not_food,synthetic_not_food_list_v2
File Folders Hanging,not_food,synthetic_not_food_list_v2
Fire Extinguisher,not_food,synthetic_not_food_list_v2
First Aid Kit,not_food,synthetic_not_food_list_v2
First Aid Tape,not_food,synthetic_not_food_list_v2
Fish Food Flakes,not_food,synthetic_not_food_list_v2
Fish Oil Capsules,not_food,synthetic_not_food_list_v2
Flashlight,not_food,synthetic_not_food_list_v2
Flea Collar,not_food,synthetic_not_food_list_v2
Flip Flops,not_food,synthetic_not_food_list_v2
Floor Cleaner,not_food,synthetic_not_food_list_v2
Flower Bouquet,not_food,synthetic_not_food_list_v2
Fly Swatter,not_food,synthetic_not_food_list_v2
Food Storage Containers,not_food,synthetic_not_food_list_v2
Foot Powder,not_food,synthetic_not_food_list_v2
Furniture Polish,not_food,synthetic_not_food_list_v2
Garden Gloves,not_food,synthetic_not_food_list_v2
Garden Hose,not_food,synthetic_not_food_list_v2
Gift Bag,not_food,synthetic_not_food_list_v2
Gift Card,not_food,synthetic_not_food_list_v2
Glass Cleaner,not_food,synthetic_not_food_list_v2
Glucose Test Strips,not_food,synthetic_not_food_list_v2
Glue Stick,not_food,synthetic_not_food_list_v2
Grass Seed,not_food,synthetic_not_food_list_v2
Greeting Card,not_food,synthetic_not_food_list_v2
Grout Cleaner,not_food,synthetic_not_food_list_v2
HDMI Cable,not_food,synthetic_not_food_list_v2
Hair Dye,not_food,synthetic_not_food_list_v2
Hair Gel,not_food,synthetic_not_food_list_v2
Hair Spray,not_food,synthetic_not_food_list_v2
Hair Ties,not_food,synthetic_not_food_list_v2
Hairbrush,not_food,synthetic_not_food_list_v2
Halloween Candy Bowl Decoration,not_food,synthetic_not_food_list_v2
Hammer,not_food,synthetic_not_food_list_v2
Hamster Bedding,not_food,synthetic_not_food_list_v2
Hand Sanitizer,not_food,synthetic_not_food_list_v2
Hand Soap,not_food,synthetic_not_food_list_v2
Heating Pad,not_food,synthetic_not_food_list_v2
Hemorrhoid Cream,not_food,synthetic_not_food_list_v2
Highlighter Pack,not_food,synthetic_not_food_list_v2
Highlighters Pack,not_food,synthetic_not_food_list_v2
Holiday Wrapping Paper Roll,not_food,synthetic_not_food_list_v2
Hooks Adhesive,not_food,synthetic_not_food_list_v2
Humidifier Filter,not_food,synthetic_not_food_list_v2
Hydrogen Peroxide,not_food,synthetic_not_food_list_v2
Ibuprofen,not_food,synthetic_not_food_list_v2
Ice Cube Trays,not_food,synthetic_not_food_list_v2
Ice Scraper,not_food,synthetic_not_food_list_v2
Index Cards,not_food,synthetic_not_food_list_v2
Insect Bite Relief Stick,not_food,synthetic_not_food_list_v2
Insect Repellent Wipes,not_food,synthetic_not_food_list_v2
Ironing Board Cover,not_food,synthetic_not_food_list_v2
Jump Rope,not_food,synthetic_not_food_list_v2
Jumper Cables,not_food,synthetic_not_food_list_v2
Kitchen Sponge Scrubber,not_food,synthetic_not_food_list_v2
Kitchen Timer,not_food,synthetic_not_food_list_v2
Knee Brace,not_food,synthetic_not_food_list_v2
Label Maker Tape,not_food,synthetic_not_food_list_v2
Latex Gloves Box,not_food,synthetic_not_food_list_v2
Laundry Basket,not_food,synthetic_not_food_list_v2
Laundry Detergent Liquid,not_food,synthetic_not_food_list_v2
Laundry Detergent Pods,not_food,synthetic_not_food_list_v2
Laxative Tablets,not_food,synthetic_not_food_list_v2
Level Tool,not_food,synthetic_not_food_list_v2
Light Bulbs,not_food,synthetic_not_food_list_v2
Lighter,not_food,synthetic_not_food_list_v2
Lighter Fluid,not_food,synthetic_not_food_list_v2
Lint Roller,not_food,synthetic_not_food_list_v2
Lint Trap Filter,not_food,synthetic_not_food_list_v2
Lip Balm,not_food,synthetic_not_food_list_v2
Litter Box Liners,not_food,synthetic_not_food_list_v2
Loofah Sponge,not_food,synthetic_not_food_list_v2
Lotion,not_food,synthetic_not_food_list_v2
Lottery Ticket,not_food,synthetic_not_food_list_v2
Lunch Box,not_food,synthetic_not_food_list_v2
Lunch Cooler Bag,not_food,synthetic_not_food_list_v2
Magazine,not_food,synthetic_not_food_list_v2
Makeup Remover Wipes,not_food,synthetic_not_food_list_v2
Makeup Sponge,not_food,synthetic_not_food_list_v2
Manila Folders,not_food,synthetic_not_food_list_v2
Matches,not_food,synthetic_not_food_list_v2
Measuring Cups Set,not_food,synthetic_not_food_list_v2
Meat Thermometer,not_food,synthetic_not_food_list_v2
Melatonin Tablets,not_food,synthetic_not_food_list_v2
Mop,not_food,synthetic_not_food_list_v2
Mothballs,not_food,synthetic_not_food_list_v2
Motion Sickness Tablets,not_food,synthetic_not_food_list_v2
Motor Oil,not_food,synthetic_not_food_list_v2
Motor Oil Filter,not_food,synthetic_not_food_list_v2
Mouse Trap,not_food,synthetic_not_food_list_v2
Mouthwash,not_food,synthetic_not_food_list_v2
Moving Boxes,not_food,synthetic_not_food_list_v2
Muffin Liners Paper,not_food,synthetic_not_food_list_v2
Multivitamin Gummies,not_food,synthetic_not_food_list_v2
Muscle Rub Cream,not_food,synthetic_not_food_list_v2
Nail Clippers,not_food,synthetic_not_food_list_v2
Nail File,not_food,synthetic_not_food_list_v2
Nail Polish,not_food,synthetic_not_food_list_v2
Nail Polish Remover,not_food,synthetic_not_food_list_v2
Nails Assorted Box,not_food,synthetic_not_food_list_v2
Napkins,not_food,synthetic_not_food_list_v2
Newspaper,not_food,synthetic_not_food_list_v2
Notebook,not_food,synthetic_not_food_list_v2
Notebook Spiral,not_food,synthetic_not_food_list_v2
Oven Bags,not_food,synthetic_not_food_list_v2
Oven Cleaner,not_food,synthetic_not_food_list_v2
Oven Mitts,not_food,synthetic_not_food_list_v2
Pacifier Clips,not_food,synthetic_not_food_list_v2
Pacifiers,not_food,synthetic_not_food_list_v2
Packing Tape,not_food,synthetic_not_food_list_v2
Padded Mailing Envelope,not_food,synthetic_not_food_list_v2
Padlock,not_food,synthetic_not_food_list_v2
Pain Reliever Tablets,not_food,synthetic_not_food_list_v2
Paint Brush Set,not_food,synthetic_not_food_list_v2
Paint Roller,not_food,synthetic_not_food_list_v2
Painter's Tape,not_food,synthetic_not_food_list_v2
Paper Clips,not_food,synthetic_not_food_list_v2
Paper Cups,not_food,synthetic_not_food_list_v2
Paper Plates,not_food,synthetic_not_food_list_v2
Paper Towels,not_food,synthetic_not_food_list_v2
Parchment Paper,not_food,synthetic_not_food_list_v2
Party Hats,not_food,synthetic_not_food_list_v2
Patio Cushions,not_food,synthetic_not_food_list_v2
Pen Pack,not_food,synthetic_not_food_list_v2
Pet Carrier,not_food,synthetic_not_food_list_v2
Pet Dental Chews,not_food,synthetic_not_food_list_v2
Pet Grooming Brush,not_food,synthetic_not_food_list_v2
Pet Nail Clippers,not_food,synthetic_not_food_list_v2
Pet Shampoo,not_food,synthetic_not_food_list_v2
Pet Waste Bags,not_food,synthetic_not_food_list_v2
Phone Case,not_food,synthetic_not_food_list_v2
Phone Charger Cable,not_food,synthetic_not_food_list_v2
Phone Screen Protector,not_food,synthetic_not_food_list_v2
Picture Hanging Kit,not_food,synthetic_not_food_list_v2
Piñata,not_food,synthetic_not_food_list_v2
Plant Fertilizer,not_food,synthetic_not_food_list_v2
Plastic Utensils,not_food,synthetic_not_food_list_v2
Plastic Wrap,not_food,synthetic_not_food_list_v2
Playing Cards,not_food,synthetic_not_food_list_v2
Pliers,not_food,synthetic_not_food_list_v2
Plunger,not_food,synthetic_not_food_list_v2
Postage Stamps Book,not_food,synthetic_not_food_list_v2
Pot Holders,not_food,synthetic_not_food_list_v2
Potpourri Bag,not_food,synthetic_not_food_list_v2
Potted Plant,not_food,synthetic_not_food_list_v2
Potting Soil Bag,not_food,synthetic_not_food_list_v2
Printer Paper Ream,not_food,synthetic_not_food_list_v2
Probiotic Capsules,not_food,synthetic_not_food_list_v2
Protractor,not_food,synthetic_not_food_list_v2
Pruning Shears,not_food,synthetic_not_food_list_v2
Pumice Stone,not_food,synthetic_not_food_list_v2
Puppy Training Pads,not_food,synthetic_not_food_list_v2
Push Pins,not_food,synthetic_not_food_list_v2
Rain Poncho,not_food,synthetic_not_food_list_v2
Rawhide Chews,not_food,synthetic_not_food_list_v2
Razors Disposable,not_food,synthetic_not_food_list_v2
Reading Glasses,not_food,synthetic_not_food_list_v2
Recycling Bags,not_food,synthetic_not_food_list_v2
Resistance Bands,not_food,synthetic_not_food_list_v2
Reusable Grocery Bags,not_food,synthetic_not_food_list_v2
Reusable Ice Cubes,not_food,synthetic_not_food_list_v2
Reusable Water Bottle,not_food,synthetic_not_food_list_v2
Rolling Papers,not_food,synthetic_not_food_list_v2
Room Deodorizer Spray,not_food,synthetic_not_food_list_v2
Rope Nylon,not_food,synthetic_not_food_list_v2
Rubber Bands,not_food,synthetic_not_food_list_v2
Rubber Gloves,not_food,synthetic_not_food_list_v2
Rubber Stamp,not_food,synthetic_not_food_list_v2
Rubbing Alcohol,not_food,synthetic_not_food_list_v2
Ruler,not_food,synthetic_not_food_list_v2
Safety Goggles,not_food,synthetic_not_food_list_v2
Saline Nasal Spray,not_food,synthetic_not_food_list_v2
Sandpaper Sheets,not_food,synthetic_not_food_list_v2
Sandwich Bags,not_food,synthetic_not_food_list_v2
Scarf,not_food,synthetic_not_food_list_v2
Scented Candle,not_food,synthetic_not_food_list_v2
Scissors,not_food,synthetic_not_food_list_v2
Screwdriver Set,not_food,synthetic_not_food_list_v2
Screws Assorted Box,not_food,synthetic_not_food_list_v2
Scrub Brush,not_food,synthetic_not_food_list_v2
Sewing Kit,not_food,synthetic_not_food_list_v2
Shampoo,not_food,synthetic_not_food_list_v2
Shaving Cream,not_food,synthetic_not_food_list_v2
Shoe Laces,not_food,synthetic_not_food_list_v2
Shoe Polish,not_food,synthetic_not_food_list_v2
Shower Cap,not_food,synthetic_not_food_list_v2
Skewers Wooden,not_food,synthetic_not_food_list_v2
Sleep Aid Tablets,not_food,synthetic_not_food_list_v2
Sleeping Bag,not_food,synthetic_not_food_list_v2
Slippers,not_food,synthetic_not_food_list_v2
Smoke Detector Battery,not_food,synthetic_not_food_list_v2
Socks Multipack,not_food,synthetic_not_food_list_v2
Space Heater,not_food,synthetic_not_food_list_v2
Sponges,not_food,synthetic_not_food_list_v2
Spray Paint Can,not_food,synthetic_not_food_list_v2
Stainless Steel Cleaner,not_food,synthetic_not_food_list_v2
Stamps,not_food,synthetic_not_food_list_v2
Stapler,not_food,synthetic_not_food_list_v2
Steel Wool Pads,not_food,synthetic_not_food_list_v2
Sticky Notes,not_food,synthetic_not_food_list_v2
Storage Bin,not_food,synthetic_not_food_list_v2
Straws Plastic,not_food,synthetic_not_food_list_v2
Styling Mousse,not_food,synthetic_not_food_list_v2
Sunglasses,not_food,synthetic_not_food_list_v2
Sunglasses Case,not_food,synthetic_not_food_list_v2
Sunscreen,not_food,synthetic_not_food_list_v2
Sunscreen Lotion SPF50,not_food,synthetic_not_food_list_v2
Sunscreen Spray,not_food,synthetic_not_food_list_v2
Super Glue,not_food,synthetic_not_food_list_v2
Swim Goggles,not_food,synthetic_not_food_list_v2
Sympathy Card,not_food,synthetic_not_food_list_v2
Talcum Powder,not_food,synthetic_not_food_list_v2
Tampons,not_food,synthetic_not_food_list_v2
Tape Measure,not_food,synthetic_not_food_list_v2
Tape Roll,not_food,synthetic_not_food_list_v2
Tarp Cover,not_food,synthetic_not_food_list_v2
Thermometer,not_food,synthetic_not_food_list_v2
Thermos Bottle,not_food,synthetic_not_food_list_v2
Throat Lozenges,not_food,synthetic_not_food_list_v2
Tire Shine Spray,not_food,synthetic_not_food_list_v2
Toilet Bowl Cleaner,not_food,synthetic_not_food_list_v2
Toilet Brush,not_food,synthetic_not_food_list_v2
Toilet Paper,not_food,synthetic_not_food_list_v2
Tool Box,not_food,synthetic_not_food_list_v2
Toothbrush,not_food,synthetic_not_food_list_v2
Toothpaste,not_food,synthetic_not_food_list_v2
Toothpicks Box,not_food,synthetic_not_food_list_v2
Training Pants,not_food,synthetic_not_food_list_v2
Trash Bags,not_food,synthetic_not_food_list_v2
Travel Pillow,not_food,synthetic_not_food_list_v2
Turkey Baster,not_food,synthetic_not_food_list_v2
Tweezers,not_food,synthetic_not_food_list_v2
USB Flash Drive,not_food,synthetic_not_food_list_v2
Umbrella,not_food,synthetic_not_food_list_v2
Umbrella Compact,not_food,synthetic_not_food_list_v2
Upholstery Cleaner,not_food,synthetic_not_food_list_v2
Vacuum Bags,not_food,synthetic_not_food_list_v2
Vape Pen,not_food,synthetic_not_food_list_v2
Velcro Strips,not_food,synthetic_not_food_list_v2
Vitamin C Tablets,not_food,synthetic_not_food_list_v2
Vitamin D Capsules,not_food,synthetic_not_food_list_v2
Vitamins Multivitamin,not_food,synthetic_not_food_list_v2
WD-40 Spray,not_food,synthetic_not_food_list_v2
Water Bottle Sports,not_food,synthetic_not_food_list_v2
Water Filter Cartridge,not_food,synthetic_not_food_list_v2
Watering Can,not_food,synthetic_not_food_list_v2
Wax Paper,not_food,synthetic_not_food_list_v2
Webcam,not_food,synthetic_not_food_list_v2
Weed Killer Spray,not_food,synthetic_not_food_list_v2
Whiteboard Markers,not_food,synthetic_not_food_list_v2
Window Squeegee,not_food,synthetic_not_food_list_v2
Windshield Washer Fluid,not_food,synthetic_not_food_list_v2
Windshield Wiper Blades,not_food,synthetic_not_food_list_v2
Wine Opener Electric,not_food,synthetic_not_food_list_v2
Winter Gloves,not_food,synthetic_not_food_list_v2
Wireless Mouse,not_food,synthetic_not_food_list_v2
Wood Glue,not_food,synthetic_not_food_list_v2
Wood Polish,not_food,synthetic_not_food_list_v2
Work Gloves,not_food,synthetic_not_food_list_v2
Wrapping Paper,not_food,synthetic_not_food_list_v2
Wrench Set,not_food,synthetic_not_food_list_v2
Wrist Brace,not_food,synthetic_not_food_list_v2
Yoga Mat,not_food,synthetic_not_food_list_v2
Zip Ties,not_food,synthetic_not_food_list_v2
Zip Top Bags,not_food,synthetic_not_food_list_v2
Ziploc Freezer Bags,not_food,synthetic_not_food_list_v2
Ziploc Sandwich Bags,not_food,synthetic_not_food_list_v2
2%REDUCEDFATMILK,food,synthetic_ocr_aug_v2
2%ReduceedFatMilk,food,synthetic_ocr_aug_v2
AornSquash,food,synthetic_ocr_aug_v2
corr5qsh,food,synthetic_ocr_aug_v2
ACtIVDryycosT,food,synthetic_ocr_aug_v2
CTIVCDRYYCST,food,synthetic_ocr_aug_v2
AdOBOSaucE,food,synthetic_ocr_aug_v2
AobSauce,food,synthetic_ocr_aug_v2
AgaveNetar,food,synthetic_ocr_aug_v2
Agav/eNectar,food,synthetic_ocr_aug_v2
aguasfrescasmix,food,synthetic_ocr_aug_v2
Gosfrscosmix,food,synthetic_ocr_aug_v2
AhiTunStak,food,synthetic_ocr_aug_v2
Ahituna,food,synthetic_ocr_aug_v2
aLFreDOSa,food,synthetic_ocr_aug_v2
AlfredoSaucee,food,synthetic_ocr_aug_v2
allPurpOsEF,food,synthetic_ocr_aug_v2
Al1PurposeFlovr,food,synthetic_ocr_aug_v2
A11sPIce,food,synthetic_ocr_aug_v2
A1lspicc,food,synthetic_ocr_aug_v2
Almodtter,food,synthetic_ocr_aug_v2
almOndButter,food,synthetic_ocr_aug_v2
AlmondFlr,food,synthetic_ocr_aug_v2
AlmondFlour,food,synthetic_ocr_aug_v2
almondmilkuns,food,synthetic_ocr_aug_v2
AlmondMilkUnsweetened,food,synthetic_ocr_aug_v2
ALMONDSROASTED,food,synthetic_ocr_aug_v2
lmondsRoasted,food,synthetic_ocr_aug_v2
rnortt,food,synthetic_ocr_aug_v2
Amar,food,synthetic_ocr_aug_v2
AnhimPeppers,food,synthetic_ocr_aug_v2
AnaheimPeppers,food,synthetic_ocr_aug_v2
AnchoviesFr#esh,food,synthetic_ocr_aug_v2
ANCHOVIESFRESH,food,synthetic_ocr_aug_v2
andouillesausage,food,synthetic_ocr_aug_v2
AndouilleSausae,food,synthetic_ocr_aug_v2
ArgelFoodCakc,food,synthetic_ocr_aug_v2
anGelFOoDCAke,food,synthetic_ocr_aug_v2
AnimolCrockers,food,synthetic_ocr_aug_v2
AnimalCCrackers,food,synthetic_ocr_aug_v2
Pplcidcr1Cholc,food,synthetic_ocr_aug_v2
APPLCCDRLCOH1C,food,synthetic_ocr_aug_v2
Appl/eCiderVinegar,food,synthetic_ocr_aug_v2
ApplCierinegar,food,synthetic_ocr_aug_v2
AppleJuiice,food,synthetic_ocr_aug_v2
Apple,food,synthetic_ocr_aug_v2
ApplesuceJr,food,synthetic_ocr_aug_v2
ApplesauceJar,food,synthetic_ocr_aug_v2
Applesau,food,synthetic_ocr_aug_v2
AppleaucPouches,food,synthetic_ocr_aug_v2
PRICTS,food,synthetic_ocr_aug_v2
Appricots,food,synthetic_ocr_aug_v2
arrowrootpowder,food,synthetic_ocr_aug_v2
ArrowwrootPowder,food,synthetic_ocr_aug_v2
artich,food,synthetic_ocr_aug_v2
Arihok,food,synthetic_ocr_aug_v2
ArtichokeHeartsJar,food,synthetic_ocr_aug_v2
aRTIcHOkeHeaRTSjAR,food,synthetic_ocr_aug_v2
ruul,food,synthetic_ocr_aug_v2
Aru,food,synthetic_ocr_aug_v2
AsianPear/,food,synthetic_ocr_aug_v2
AsianPcor,food,synthetic_ocr_aug_v2
.AsparagusSpears,food,synthetic_ocr_aug_v2
AsparagusS,food,synthetic_ocr_aug_v2
AtanticSalmo,food,synthetic_ocr_aug_v2
atLaNTiCSALmoN,food,synthetic_ocr_aug_v2
0Avocado,food,synthetic_ocr_aug_v2
Avococlo,food,synthetic_ocr_aug_v2
AvocadoOiil,food,synthetic_ocr_aug_v2
AVOCOCLOIL,food,synthetic_ocr_aug_v2
BBQSaucce,food,synthetic_ocr_aug_v2
BBQSa,food,synthetic_ocr_aug_v2
BabaGanouush,food,synthetic_ocr_aug_v2
8abaGonoush,food,synthetic_ocr_aug_v2
BabyBack*Ribs,food,synthetic_ocr_aug_v2
BabyBBackRibs,food,synthetic_ocr_aug_v2
BabyBokCh,food,synthetic_ocr_aug_v2
BabyBokC,food,synthetic_ocr_aug_v2
BabyCrrots,food,synthetic_ocr_aug_v2
8obyCarrots,food,synthetic_ocr_aug_v2
BabyFormulaPowderr,food,synthetic_ocr_aug_v2
Babyform,food,synthetic_ocr_aug_v2
BobyKole,food,synthetic_ocr_aug_v2
Byale,food,synthetic_ocr_aug_v2
BabyOa/tmealCereal,food,synthetic_ocr_aug_v2
BABYOATMEAL,food,synthetic_ocr_aug_v2
BabyRiceCeeal,food,synthetic_ocr_aug_v2
BabyRic1eCereal,food,synthetic_ocr_aug_v2
BabYspINAch,food,synthetic_ocr_aug_v2
BabySpinach,food,synthetic_ocr_aug_v2
bacoNAPplewOO,food,synthetic_ocr_aug_v2
BaconApplewoodSmo,food,synthetic_ocr_aug_v2
BagelsE1verything,food,synthetic_ocr_aug_v2
BaGELseverYTHing,food,synthetic_ocr_aug_v2
BagelsPlain,food,synthetic_ocr_aug_v2
Bagelslin,food,synthetic_ocr_aug_v2
Bague/tteFrench,food,synthetic_ocr_aug_v2
BaguetteFre.nch,food,synthetic_ocr_aug_v2
BakingPowder,food,synthetic_ocr_aug_v2
BAKING,food,synthetic_ocr_aug_v2
Ba1kingSoda,food,synthetic_ocr_aug_v2
BakingSoclo,food,synthetic_ocr_aug_v2
BalSamicvINEGar,food,synthetic_ocr_aug_v2
BlsamicVinegr,food,synthetic_ocr_aug_v2
BanaaNutBrad,food,synthetic_ocr_aug_v2
BananaNu,food,synthetic_ocr_aug_v2
BBananas,food,synthetic_ocr_aug_v2
BAN,food,synthetic_ocr_aug_v2
BaRle,food,synthetic_ocr_aug_v2
BARLEYP,food,synthetic_ocr_aug_v2
BartlettPe#ar,food,synthetic_ocr_aug_v2
BartlettPe,food,synthetic_ocr_aug_v2
Basmatibiryanirice,food,synthetic_ocr_aug_v2
BasmatiBiryaniRice,food,synthetic_ocr_aug_v2
BayLe/aves,food,synthetic_ocr_aug_v2
BayLeav*es,food,synthetic_ocr_aug_v2
BeefBriskeet,food,synthetic_ocr_aug_v2
BeefBrisket,food,synthetic_ocr_aug_v2
8EEF8ROTH,food,synthetic_ocr_aug_v2
BeefBrotth,food,synthetic_ocr_aug_v2
BeefChuckast,food,synthetic_ocr_aug_v2
BeefC*huckRoast,food,synthetic_ocr_aug_v2
BefJrky,food,synthetic_ocr_aug_v2
BeefJeerky,food,synthetic_ocr_aug_v2
BeefPemmiican,food,synthetic_ocr_aug_v2
BeefPemmiccan,food,synthetic_ocr_aug_v2
8EFSBoRtRibS,food,synthetic_ocr_aug_v2
BeefShortRibs,food,synthetic_ocr_aug_v2
Bcef5Twmet,food,synthetic_ocr_aug_v2
BfStwMt,food,synthetic_ocr_aug_v2
BeefSticks,food,synthetic_ocr_aug_v2
BefSicks,food,synthetic_ocr_aug_v2
BFtRcLRLoiN,food,synthetic_ocr_aug_v2
Beeften,food,synthetic_ocr_aug_v2
Beet,food,synthetic_ocr_aug_v2
Beet0s,food,synthetic_ocr_aug_v2
bellpeppersm,food,synthetic_ocr_aug_v2
BellPeppersMix1ed,food,synthetic_ocr_aug_v2
BeerbereSpiceBlend,food,synthetic_ocr_aug_v2
BerbereSpiceBllend,food,synthetic_ocr_aug_v2
BINGCHE,food,synthetic_ocr_aug_v2
BngCherris,food,synthetic_ocr_aug_v2
BIrtHdayc,food,synthetic_ocr_aug_v2
BirthdayCakeRourcl,food,synthetic_ocr_aug_v2
BscuitDoughCannd,food,synthetic_ocr_aug_v2
BiscuitDouughCanned,food,synthetic_ocr_aug_v2
BisonGround#,food,synthetic_ocr_aug_v2
BisonGround,food,synthetic_ocr_aug_v2
Bitte,food,synthetic_ocr_aug_v2
bittermelon,food,synthetic_ocr_aug_v2
BLACKBEANSCAN,food,synthetic_ocr_aug_v2
BllackBeansCanned,food,synthetic_ocr_aug_v2
8lockGrapes,food,synthetic_ocr_aug_v2
bLACKgrAp,food,synthetic_ocr_aug_v2
BlackPeppercorns,food,synthetic_ocr_aug_v2
BlckPpprcorns,food,synthetic_ocr_aug_v2
b1cKTCBAGs,food,synthetic_ocr_aug_v2
bLacKtA8oGS,food,synthetic_ocr_aug_v2
Blackbcrrics,food,synthetic_ocr_aug_v2
81ckbrries,food,synthetic_ocr_aug_v2
BlackbrryPreserves,food,synthetic_ocr_aug_v2
BlackberryPr,food,synthetic_ocr_aug_v2
BlodOage,food,synthetic_ocr_aug_v2
BloodyMaryMix,food,synthetic_ocr_aug_v2
BloodyMaryM,food,synthetic_ocr_aug_v2
BlueCheeseCrumbles,food,synthetic_ocr_aug_v2
B1ueCbeeseCrumbles,food,synthetic_ocr_aug_v2
Blveberrics,food,synthetic_ocr_aug_v2
Blueberri,food,synthetic_ocr_aug_v2
8OKCBY,food,synthetic_ocr_aug_v2
B#okChoy,food,synthetic_ocr_aug_v2
Boologna,food,synthetic_ocr_aug_v2
BOL,food,synthetic_ocr_aug_v2
bonE-INTURKEYbREaSt,food,synthetic_ocr_aug_v2
Bon-InTrkyBrast,food,synthetic_ocr_aug_v2
BonelessSkinlessChickeenBreast,food,synthetic_ocr_aug_v2
8NELSSSKINLESSCHICKRBREST,food,synthetic_ocr_aug_v2
Boni*toFlakes,food,synthetic_ocr_aug_v2
BONITOFLAK,food,synthetic_ocr_aug_v2
BscPa,food,synthetic_ocr_aug_v2
BoscPear,food,synthetic_ocr_aug_v2
BottledSpringWater,food,synthetic_ocr_aug_v2
BotedSringWater,food,synthetic_ocr_aug_v2
BouillonCubess,food,synthetic_ocr_aug_v2
BullonCbes,food,synthetic_ocr_aug_v2
8Ourbor,food,synthetic_ocr_aug_v2
Bourbo,food,synthetic_ocr_aug_v2
Brandyy,food,synthetic_ocr_aug_v2
Bra,food,synthetic_ocr_aug_v2
Bratwrst,food,synthetic_ocr_aug_v2
ratwst,food,synthetic_ocr_aug_v2
BRCCHESEWHCEL,food,synthetic_ocr_aug_v2
#BrieCheeseWheel,food,synthetic_ocr_aug_v2
BriocheBuns,food,synthetic_ocr_aug_v2
BricheBns,food,synthetic_ocr_aug_v2
BroccoliiCrowns,food,synthetic_ocr_aug_v2
BROCCOLICROWNS,food,synthetic_ocr_aug_v2
Brccoln,food,synthetic_ocr_aug_v2
brownri,food,synthetic_ocr_aug_v2
brOwNRICe,food,synthetic_ocr_aug_v2
BrownSugar,food,synthetic_ocr_aug_v2
BrownSu,food,synthetic_ocr_aug_v2
BRowNIemIx,food,synthetic_ocr_aug_v2
Brow.nieMix,food,synthetic_ocr_aug_v2
Brss1S5Prots,food,synthetic_ocr_aug_v2
Brusse1sSprovts,food,synthetic_ocr_aug_v2
BubbleTeaKit,food,synthetic_ocr_aug_v2
BubblcTeoKit,food,synthetic_ocr_aug_v2
BuckwheatGroats,food,synthetic_ocr_aug_v2
Buckwheot6roats,food,synthetic_ocr_aug_v2
Buddha'Shandcitron,food,synthetic_ocr_aug_v2
BUdDHa'shAnDciTRoN,food,synthetic_ocr_aug_v2
buffalow,food,synthetic_ocr_aug_v2
8uffaloWingSouce,food,synthetic_ocr_aug_v2
8UGLssRACK,food,synthetic_ocr_aug_v2
BUGLESSNACK,food,synthetic_ocr_aug_v2
81Gurwheat,food,synthetic_ocr_aug_v2
Bulgur,food,synthetic_ocr_aug_v2
Butterle,food,synthetic_ocr_aug_v2
butterlettuce,food,synthetic_ocr_aug_v2
Buttcrmi1k,food,synthetic_ocr_aug_v2
BVTTERMI1K,food,synthetic_ocr_aug_v2
Butterrut5quash,food,synthetic_ocr_aug_v2
butternutsquash,food,synthetic_ocr_aug_v2
CabernetWine,food,synthetic_ocr_aug_v2
cabernetwine,food,synthetic_ocr_aug_v2
Cactus1Pear,food,synthetic_ocr_aug_v2
Cactus,food,synthetic_ocr_aug_v2
CaesarDre,food,synthetic_ocr_aug_v2
CaesarDress,food,synthetic_ocr_aug_v2
Cajun5easonirg,food,synthetic_ocr_aug_v2
CAJUNSE,food,synthetic_ocr_aug_v2
CakeMixChocolat0e,food,synthetic_ocr_aug_v2
CakMixChclate,food,synthetic_ocr_aug_v2
Calama,food,synthetic_ocr_aug_v2
Calmorirrgs,food,synthetic_ocr_aug_v2
CandianBacon,food,synthetic_ocr_aug_v2
CanadianBacon,food,synthetic_ocr_aug_v2
CannedDice,food,synthetic_ocr_aug_v2
C1annedDicedTomatoes,food,synthetic_ocr_aug_v2
CannedGreenChiles,food,synthetic_ocr_aug_v2
CAnnedGrEenCHILEs,food,synthetic_ocr_aug_v2
cannedmandarinoranges,food,synthetic_ocr_aug_v2
CannedMandarinO,food,synthetic_ocr_aug_v2
CannedPineappleChunks,food,synthetic_ocr_aug_v2
CannedPincapp1eChunks,food,synthetic_ocr_aug_v2
CannedPump,food,synthetic_ocr_aug_v2
CnnedPmpknPre,food,synthetic_ocr_aug_v2
CnnedSuerkrut,food,synthetic_ocr_aug_v2
CannedSauerkra0ut,food,synthetic_ocr_aug_v2
CanolaOil,food,synthetic_ocr_aug_v2
conoloi1,food,synthetic_ocr_aug_v2
Cntalupe,food,synthetic_ocr_aug_v2
Cantoloupc,food,synthetic_ocr_aug_v2
CapersJa,food,synthetic_ocr_aug_v2
CapersJJarred,food,synthetic_ocr_aug_v2
CaramelSauce#,food,synthetic_ocr_aug_v2
CARAMELS,food,synthetic_ocr_aug_v2
CardaMoMPodS,food,synthetic_ocr_aug_v2
Cardamompods,food,synthetic_ocr_aug_v2
CASHEWM,food,synthetic_ocr_aug_v2
Casbewmi1K,food,synthetic_ocr_aug_v2
CashewsS,food,synthetic_ocr_aug_v2
CashewsSalted,food,synthetic_ocr_aug_v2
CotfishFil1et,food,synthetic_ocr_aug_v2
CafishFillet,food,synthetic_ocr_aug_v2
CAULIFLOWERHEAD,food,synthetic_ocr_aug_v2
Cauliflowerhead,food,synthetic_ocr_aug_v2
CauliflowerR,food,synthetic_ocr_aug_v2
CAulifLOwerriCEfr,food,synthetic_ocr_aug_v2
aenePepper,food,synthetic_ocr_aug_v2
CayennePeppr,food,synthetic_ocr_aug_v2
Celeryroot,food,synthetic_ocr_aug_v2
CeleryRot,food,synthetic_ocr_aug_v2
CelerySaalt,food,synthetic_ocr_aug_v2
celerysalt,food,synthetic_ocr_aug_v2
CelerySttalks,food,synthetic_ocr_aug_v2
C1ErY5talkS,food,synthetic_ocr_aug_v2
CHAITEALATTEMIX,food,synthetic_ocr_aug_v2
CboiTeaLatteMix,food,synthetic_ocr_aug_v2
ChalllahBread,food,synthetic_ocr_aug_v2
Chal1ohBread,food,synthetic_ocr_aug_v2
CamomileTeaBas,food,synthetic_ocr_aug_v2
cHaMOMiLEtEaBags,food,synthetic_ocr_aug_v2
Chan,food,synthetic_ocr_aug_v2
CBNODL,food,synthetic_ocr_aug_v2
Chardonn,food,synthetic_ocr_aug_v2
Chardonnaywine,food,synthetic_ocr_aug_v2
ChayotSqash,food,synthetic_ocr_aug_v2
ChoyoteSquasb,food,synthetic_ocr_aug_v2
ChseBalls,food,synthetic_ocr_aug_v2
CheeseB,food,synthetic_ocr_aug_v2
Chcesccrckers,food,synthetic_ocr_aug_v2
Cheesecrackers,food,synthetic_ocr_aug_v2
Cheese/Puffs,food,synthetic_ocr_aug_v2
CheesePuffs,food,synthetic_ocr_aug_v2
CheesckeSlice,food,synthetic_ocr_aug_v2
ChcesecakeS1ice,food,synthetic_ocr_aug_v2
CHErryTo,food,synthetic_ocr_aug_v2
CherryToomatoes,food,synthetic_ocr_aug_v2
ChickenBroth,food,synthetic_ocr_aug_v2
ChickcrBroth,food,synthetic_ocr_aug_v2
chickencaesarsaladkit,food,synthetic_ocr_aug_v2
ChickenCaesarSa,food,synthetic_ocr_aug_v2
CbickenDrurnsticks,food,synthetic_ocr_aug_v2
C0hickenDrumsticks,food,synthetic_ocr_aug_v2
CBICknnodl5uPCAn,food,synthetic_ocr_aug_v2
chickennoodlesoupcan,food,synthetic_ocr_aug_v2
ChickenPotPicFrozer,food,synthetic_ocr_aug_v2
ChickerPotPieFrozcn,food,synthetic_ocr_aug_v2
ChickenTendrsRaw,food,synthetic_ocr_aug_v2
ChickenTendrsRw,food,synthetic_ocr_aug_v2
CbickenThigbs,food,synthetic_ocr_aug_v2
ChIckenThighS,food,synthetic_ocr_aug_v2
ChcenWngs,food,synthetic_ocr_aug_v2
Chickenwings,food,synthetic_ocr_aug_v2
CBCKPCASCANND,food,synthetic_ocr_aug_v2
ChickpeasCCanned,food,synthetic_ocr_aug_v2
Chilip,food,synthetic_ocr_aug_v2
CHILIPOWDER,food,synthetic_ocr_aug_v2
cHineSEb,food,synthetic_ocr_aug_v2
ChineseBrocc,food,synthetic_ocr_aug_v2
ChipotlePeppersI,food,synthetic_ocr_aug_v2
Chip#otlePeppersInAdobo,food,synthetic_ocr_aug_v2
ChI,food,synthetic_ocr_aug_v2
CBIVs,food,synthetic_ocr_aug_v2
ChocolateChpCookes,food,synthetic_ocr_aug_v2
ChocolateChipCookies,food,synthetic_ocr_aug_v2
ChocolateCoveredAlmonds,food,synthetic_ocr_aug_v2
ChocolateCovereddAlmonds,food,synthetic_ocr_aug_v2
ChocolateCovredrtzels,food,synthetic_ocr_aug_v2
CHOCOLATEcOVER,food,synthetic_ocr_aug_v2
Cboco1ateSyrup,food,synthetic_ocr_aug_v2
ChocolateSyrup,food,synthetic_ocr_aug_v2
CborizoSousage,food,synthetic_ocr_aug_v2
Cborizo5ausage,food,synthetic_ocr_aug_v2
chunKYso1sa,food,synthetic_ocr_aug_v2
ChunKy,food,synthetic_ocr_aug_v2
Ciabatta0Loaf,food,synthetic_ocr_aug_v2
CiabattaLoa.f,food,synthetic_ocr_aug_v2
Cinnaonols,food,synthetic_ocr_aug_v2
CinnamnRlls,food,synthetic_ocr_aug_v2
Clorns,food,synthetic_ocr_aug_v2
C1oMs,food,synthetic_ocr_aug_v2
Clemeentines,food,synthetic_ocr_aug_v2
Clemetns,food,synthetic_ocr_aug_v2
ClotttedCream,food,synthetic_ocr_aug_v2
ClottedCre,food,synthetic_ocr_aug_v2
clves6rrd,food,synthetic_ocr_aug_v2
cLOvESgRounD,food,synthetic_ocr_aug_v2
CubSoda,food,synthetic_ocr_aug_v2
ClubS/oda,food,synthetic_ocr_aug_v2
CocktilSuce,food,synthetic_ocr_aug_v2
CcktalSauce,food,synthetic_ocr_aug_v2
cocort,food,synthetic_ocr_aug_v2
Co*conut,food,synthetic_ocr_aug_v2
CoconvtAmiros,food,synthetic_ocr_aug_v2
CoconutAmino1s,food,synthetic_ocr_aug_v2
CocoonutMilkCanned,food,synthetic_ocr_aug_v2
CoconutMil,food,synthetic_ocr_aug_v2
CoconutMilkCarton,food,synthetic_ocr_aug_v2
CoconutMilCarton,food,synthetic_ocr_aug_v2
CocorvtOil,food,synthetic_ocr_aug_v2
CoconvtOi1,food,synthetic_ocr_aug_v2
CoconutWaer,food,synthetic_ocr_aug_v2
CoconutWatter,food,synthetic_ocr_aug_v2
CodFil0let,food,synthetic_ocr_aug_v2
CodF,food,synthetic_ocr_aug_v2
CoffeeCrearner1iquid,food,synthetic_ocr_aug_v2
Cof.feeCreamerLiquid,food,synthetic_ocr_aug_v2
CoffeeGrounndMediumRoast,food,synthetic_ocr_aug_v2
CoffeeGroundMediumRRoast,food,synthetic_ocr_aug_v2
ColaTwel,food,synthetic_ocr_aug_v2
COLATWELV,food,synthetic_ocr_aug_v2
ColbyJackCheese,food,synthetic_ocr_aug_v2
COlbyJAcKcHEEse,food,synthetic_ocr_aug_v2
ColdBrewCoffee,food,synthetic_ocr_aug_v2
ColdBrewCof0fee,food,synthetic_ocr_aug_v2
CollardGrens,food,synthetic_ocr_aug_v2
COLLARDGRE,food,synthetic_ocr_aug_v2
ConCrCL6raPs,food,synthetic_ocr_aug_v2
ncordGapes,food,synthetic_ocr_aug_v2
COoknG5PrOY,food,synthetic_ocr_aug_v2
Cookin,food,synthetic_ocr_aug_v2
CorianderSeeds,food,synthetic_ocr_aug_v2
crINDcr5eDs,food,synthetic_ocr_aug_v2
CORNCANNED,food,synthetic_ocr_aug_v2
CrnCanned,food,synthetic_ocr_aug_v2
ornts,food,synthetic_ocr_aug_v2
CornNuts,food,synthetic_ocr_aug_v2
cornrthccob,food,synthetic_ocr_aug_v2
ornTheCob,food,synthetic_ocr_aug_v2
crr5yrp,food,synthetic_ocr_aug_v2
CornSyru1p,food,synthetic_ocr_aug_v2
CornTortillaChipsRestauran,food,synthetic_ocr_aug_v2
CornTortillaChipsRestaurantStyle,food,synthetic_ocr_aug_v2
CornbreadMix0,food,synthetic_ocr_aug_v2
Corn#breadMuffins,food,synthetic_ocr_aug_v2
Cornb0readMuffins,food,synthetic_ocr_aug_v2
CornisbHcn,food,synthetic_ocr_aug_v2
CrnshHen,food,synthetic_ocr_aug_v2
Cornmeal0,food,synthetic_ocr_aug_v2
Corrmcal,food,synthetic_ocr_aug_v2
Cornstrch,food,synthetic_ocr_aug_v2
Corns,food,synthetic_ocr_aug_v2
CottageCeeseSmallCurd,food,synthetic_ocr_aug_v2
CottageCheeseSmallCur0d,food,synthetic_ocr_aug_v2
Cuous,food,synthetic_ocr_aug_v2
COUS,food,synthetic_ocr_aug_v2
CrabLegs,food,synthetic_ocr_aug_v2
CrabL,food,synthetic_ocr_aug_v2
CratBeerSixPack,food,synthetic_ocr_aug_v2
CraftBeerSixPck,food,synthetic_ocr_aug_v2
Cranber,food,synthetic_ocr_aug_v2
Cranber0ries,food,synthetic_ocr_aug_v2
CranberryJuiiceCocktail,food,synthetic_ocr_aug_v2
CranberryJuiceC,food,synthetic_ocr_aug_v2
Crawfisbtai1S,food,synthetic_ocr_aug_v2
0CrawfishTails,food,synthetic_ocr_aug_v2
Crcarnches,food,synthetic_ocr_aug_v2
ramCeese,food,synthetic_ocr_aug_v2
CreamOfChckenSupCan,food,synthetic_ocr_aug_v2
CREAM0FCBICKNSOPCN,food,synthetic_ocr_aug_v2
CeamOfMushooSoupCan,food,synthetic_ocr_aug_v2
cReAMofMusHrOomSoU,food,synthetic_ocr_aug_v2
CremeFraichhe,food,synthetic_ocr_aug_v2
cremefr,food,synthetic_ocr_aug_v2
CrEMINImusHrOOms,food,synthetic_ocr_aug_v2
CREMINIMUSHROOMS,food,synthetic_ocr_aug_v2
Crissants,food,synthetic_ocr_aug_v2
Croissantts,food,synthetic_ocr_aug_v2
Cubanell,food,synthetic_ocr_aug_v2
CUBANELLE,food,synthetic_ocr_aug_v2
C#ucumber,food,synthetic_ocr_aug_v2
Cuumb,food,synthetic_ocr_aug_v2
Cupc/akesChocolate,food,synthetic_ocr_aug_v2
CvpcakesChocolote,food,synthetic_ocr_aug_v2
Curran.ts,food,synthetic_ocr_aug_v2
CurrAN,food,synthetic_ocr_aug_v2
CURRYLEAVESFRESH,food,synthetic_ocr_aug_v2
CurryLeave#sFresh,food,synthetic_ocr_aug_v2
CurryPowder,food,synthetic_ocr_aug_v2
CurryPowwder,food,synthetic_ocr_aug_v2
CustardA,food,synthetic_ocr_aug_v2
custardapple,food,synthetic_ocr_aug_v2
DaikonR0adish,food,synthetic_ocr_aug_v2
daikonradish,food,synthetic_ocr_aug_v2
Dorshpstry,food,synthetic_ocr_aug_v2
#DanishPastry,food,synthetic_ocr_aug_v2
DarkChocolat*eBar,food,synthetic_ocr_aug_v2
DORKCHOCOLTCBR,food,synthetic_ocr_aug_v2
DoshiStockPowdcr,food,synthetic_ocr_aug_v2
DashiStockPowder,food,synthetic_ocr_aug_v2
DDates,food,synthetic_ocr_aug_v2
date,food,synthetic_ocr_aug_v2
DecafCoffe0eGround,food,synthetic_ocr_aug_v2
DecafCoffe1eGround,food,synthetic_ocr_aug_v2
delifriedc,food,synthetic_ocr_aug_v2
DeliFriedCh,food,synthetic_ocr_aug_v2
DeliMacaroni,food,synthetic_ocr_aug_v2
DeliMcaroiSalad,food,synthetic_ocr_aug_v2
DeliPttoSalad,food,synthetic_ocr_aug_v2
DeliPotato#Salad,food,synthetic_ocr_aug_v2
dli5licdhom,food,synthetic_ocr_aug_v2
DeiSlicdHa,food,synthetic_ocr_aug_v2
DeliSSlicedRoastBeef,food,synthetic_ocr_aug_v2
DeliSliccedRoastBeef,food,synthetic_ocr_aug_v2
DeliSlicedTurkey,food,synthetic_ocr_aug_v2
DeliSlicedTu*rkey,food,synthetic_ocr_aug_v2
d1ICaTSQvSH,food,synthetic_ocr_aug_v2
dLiCATa5qUASb,food,synthetic_ocr_aug_v2
DtSda,food,synthetic_ocr_aug_v2
dietsoda,food,synthetic_ocr_aug_v2
DijonMu.stard,food,synthetic_ocr_aug_v2
DijonMusta,food,synthetic_ocr_aug_v2
DinnerRoll.s,food,synthetic_ocr_aug_v2
DinrcrRolls,food,synthetic_ocr_aug_v2
domesticlagercase,food,synthetic_ocr_aug_v2
DomesticLgerCas,food,synthetic_ocr_aug_v2
DonutsGl,food,synthetic_ocr_aug_v2
DnutGlazed,food,synthetic_ocr_aug_v2
dOsam,food,synthetic_ocr_aug_v2
DosaMix,food,synthetic_ocr_aug_v2
DRAGON,food,synthetic_ocr_aug_v2
Drago,food,synthetic_ocr_aug_v2
DriedAprico,food,synthetic_ocr_aug_v2
DidApricots,food,synthetic_ocr_aug_v2
Dricd8asil,food,synthetic_ocr_aug_v2
DRied,food,synthetic_ocr_aug_v2
DredCranberries,food,synthetic_ocr_aug_v2
DriedCra,food,synthetic_ocr_aug_v2
DriedMongoS1ices,food,synthetic_ocr_aug_v2
DriedMangoSlic1es,food,synthetic_ocr_aug_v2
DrieedOregano,food,synthetic_ocr_aug_v2
DRECLOREGARO,food,synthetic_ocr_aug_v2
uckBreat,food,synthetic_ocr_aug_v2
DuckBrest,food,synthetic_ocr_aug_v2
dUcKeggs,food,synthetic_ocr_aug_v2
DuckEgggs,food,synthetic_ocr_aug_v2
Du0ckSauce,food,synthetic_ocr_aug_v2
DuckSovce,food,synthetic_ocr_aug_v2
DukkahSpiceMix*,food,synthetic_ocr_aug_v2
dkkobspcemx,food,synthetic_ocr_aug_v2
Dvrion,food,synthetic_ocr_aug_v2
Duriann,food,synthetic_ocr_aug_v2
Eclais,food,synthetic_ocr_aug_v2
Ecl,food,synthetic_ocr_aug_v2
Edamameshe,food,synthetic_ocr_aug_v2
Edamame.Shelled,food,synthetic_ocr_aug_v2
Eel*,food,synthetic_ocr_aug_v2
El,food,synthetic_ocr_aug_v2
EggNoodles,food,synthetic_ocr_aug_v2
eggnOodLES,food,synthetic_ocr_aug_v2
EGGRO11WRAPPRS,food,synthetic_ocr_aug_v2
EgGRoLlwrAppERS,food,synthetic_ocr_aug_v2
EGGSUBSTITUTELIQUID,food,synthetic_ocr_aug_v2
EggSubstitute1iquicl,food,synthetic_ocr_aug_v2
EghitesCarton,food,synthetic_ocr_aug_v2
eggwhitesca,food,synthetic_ocr_aug_v2
ggplant,food,synthetic_ocr_aug_v2
Eg/gplant,food,synthetic_ocr_aug_v2
Eldrberries,food,synthetic_ocr_aug_v2
Elclerbcrries,food,synthetic_ocr_aug_v2
Endv,food,synthetic_ocr_aug_v2
Endiv,food,synthetic_ocr_aug_v2
EnergyBalls,food,synthetic_ocr_aug_v2
EnerrgyBalls,food,synthetic_ocr_aug_v2
errgydrirk,food,synthetic_ocr_aug_v2
EnrgyDrink,food,synthetic_ocr_aug_v2
EnglishCu,food,synthetic_ocr_aug_v2
ENGLISHCUCUMBER,food,synthetic_ocr_aug_v2
EnglishMffns,food,synthetic_ocr_aug_v2
ErglisbMuffins,food,synthetic_ocr_aug_v2
Escaarole,food,synthetic_ocr_aug_v2
Escarole#,food,synthetic_ocr_aug_v2
ESPRESSOBEORS,food,synthetic_ocr_aug_v2
espressbors,food,synthetic_ocr_aug_v2
EverythingBaglSeasoning,food,synthetic_ocr_aug_v2
EverythingBagelSeasoning,food,synthetic_ocr_aug_v2
eXtrAVIRGInoLIveoIl,food,synthetic_ocr_aug_v2
ExtraVirginOliv,food,synthetic_ocr_aug_v2
FalafelMiix,food,synthetic_ocr_aug_v2
Falafelmix,food,synthetic_ocr_aug_v2
FARR,food,synthetic_ocr_aug_v2
Farr,food,synthetic_ocr_aug_v2
feij,food,synthetic_ocr_aug_v2
Fcijoo,food,synthetic_ocr_aug_v2
nnelBub,food,synthetic_ocr_aug_v2
FENNELBULB,food,synthetic_ocr_aug_v2
FennelSeds,food,synthetic_ocr_aug_v2
FennelSeeds,food,synthetic_ocr_aug_v2
FetaCheeseCr,food,synthetic_ocr_aug_v2
FetaChecseCrumb1es,food,synthetic_ocr_aug_v2
Fettuccinepasta,food,synthetic_ocr_aug_v2
FettuccinePastta,food,synthetic_ocr_aug_v2
Fig8ors,food,synthetic_ocr_aug_v2
FIGBARS,food,synthetic_ocr_aug_v2
FigJamm,food,synthetic_ocr_aug_v2
fiGJORN,food,synthetic_ocr_aug_v2
fingerlingpo,food,synthetic_ocr_aug_v2
FingerlingPot,food,synthetic_ocr_aug_v2
ishSauce,food,synthetic_ocr_aug_v2
FishSauce,food,synthetic_ocr_aug_v2
.FlankSteak,food,synthetic_ocr_aug_v2
Flrkstcak,food,synthetic_ocr_aug_v2
flatbreadwraps,food,synthetic_ocr_aug_v2
fLaTBReAcLwROPs,food,synthetic_ocr_aug_v2
FlavoredYogurt,food,synthetic_ocr_aug_v2
FlvrdYogurtDrnk,food,synthetic_ocr_aug_v2
FococciaBreod,food,synthetic_ocr_aug_v2
focacciobrecl,food,synthetic_ocr_aug_v2
freshbasil,food,synthetic_ocr_aug_v2
FreshBas,food,synthetic_ocr_aug_v2
FRSBCLONTR,food,synthetic_ocr_aug_v2
FrshCilntr,food,synthetic_ocr_aug_v2
Fresh/Dill,food,synthetic_ocr_aug_v2
FrehDill,food,synthetic_ocr_aug_v2
FRESHFIGS,food,synthetic_ocr_aug_v2
Freshfigs,food,synthetic_ocr_aug_v2
FreshGngerRot,food,synthetic_ocr_aug_v2
freshgingerroot,food,synthetic_ocr_aug_v2
FrshMint,food,synthetic_ocr_aug_v2
FreshM1int,food,synthetic_ocr_aug_v2
FreshParsley,food,synthetic_ocr_aug_v2
FreshParsl1ey,food,synthetic_ocr_aug_v2
FreshRosernory,food,synthetic_ocr_aug_v2
FreshRossemary,food,synthetic_ocr_aug_v2
FreshSushPlttr,food,synthetic_ocr_aug_v2
FreshSvshiPlattcr,food,synthetic_ocr_aug_v2
rehThye,food,synthetic_ocr_aug_v2
Fresh1Thyme,food,synthetic_ocr_aug_v2
FFriseeLettuce,food,synthetic_ocr_aug_v2
FRISC1TTC,food,synthetic_ocr_aug_v2
FrozenBluebrris,food,synthetic_ocr_aug_v2
FrozenBlueberries,food,synthetic_ocr_aug_v2
FrozeBreakstSandwich,food,synthetic_ocr_aug_v2
FrozenBreakfastSondwicb,food,synthetic_ocr_aug_v2
FrozenBroccol,food,synthetic_ocr_aug_v2
FroznBrccliFlrets,food,synthetic_ocr_aug_v2
FrozcrBurritos,food,synthetic_ocr_aug_v2
FrozenB,food,synthetic_ocr_aug_v2
FrozenChickenNuggets,food,synthetic_ocr_aug_v2
FrozenChickcnNuggcts,food,synthetic_ocr_aug_v2
Frozenchickentendersbreaded,food,synthetic_ocr_aug_v2
FrozenChickenTende*rsBreaded,food,synthetic_ocr_aug_v2
FrozenCo,food,synthetic_ocr_aug_v2
FrozenCor,food,synthetic_ocr_aug_v2
FrozCustardase,food,synthetic_ocr_aug_v2
FrozerCustarclBase,food,synthetic_ocr_aug_v2
FrozerDump1ings,food,synthetic_ocr_aug_v2
FroozenDumplings,food,synthetic_ocr_aug_v2
FrozenEdama,food,synthetic_ocr_aug_v2
FrozenEclomame,food,synthetic_ocr_aug_v2
FrozenEgg,food,synthetic_ocr_aug_v2
frozeneggrolls,food,synthetic_ocr_aug_v2
FROZENFISHFILLETSBREADED,food,synthetic_ocr_aug_v2
FrozenFishFi1lets8readed,food,synthetic_ocr_aug_v2
FrozenFishSticks,food,synthetic_ocr_aug_v2
FrozenFishStic/ks,food,synthetic_ocr_aug_v2
Froze1nFrenchFries,food,synthetic_ocr_aug_v2
FrozenFrenchFries,food,synthetic_ocr_aug_v2
FrzenGrlcBred,food,synthetic_ocr_aug_v2
frozengar,food,synthetic_ocr_aug_v2
FrozenHash8rowrs,food,synthetic_ocr_aug_v2
FrozenHashBr,food,synthetic_ocr_aug_v2
rozenIcePops,food,synthetic_ocr_aug_v2
fRozENIc,food,synthetic_ocr_aug_v2
FrozenMeatballs,food,synthetic_ocr_aug_v2
FrozenMeatballs.,food,synthetic_ocr_aug_v2
FrozenMixe,food,synthetic_ocr_aug_v2
Fr#ozenMixedVegetables,food,synthetic_ocr_aug_v2
FROZEnMOZzAr,food,synthetic_ocr_aug_v2
Frozenmozzarellasticks,food,synthetic_ocr_aug_v2
FROZCNNRBREAD,food,synthetic_ocr_aug_v2
F0rozenNaanBread,food,synthetic_ocr_aug_v2
frozenon,food,synthetic_ocr_aug_v2
FrzenOninRings,food,synthetic_ocr_aug_v2
Frozen/OrangeJuiceConcentrate,food,synthetic_ocr_aug_v2
FrozcnOrangeJuiceConcertrate,food,synthetic_ocr_aug_v2
FrozenPancakes,food,synthetic_ocr_aug_v2
FRozeNPanca,food,synthetic_ocr_aug_v2
FROzeNpEAsan,food,synthetic_ocr_aug_v2
FrozenPeasAndCaarrots,food,synthetic_ocr_aug_v2
FrozenPie,food,synthetic_ocr_aug_v2
FrozenPie/Apple,food,synthetic_ocr_aug_v2
frozenpierogies,food,synthetic_ocr_aug_v2
FrzenPierogies,food,synthetic_ocr_aug_v2
FrozenPizzoPeppcroni,food,synthetic_ocr_aug_v2
FrozerPizzaPeppcroni,food,synthetic_ocr_aug_v2
FrzenPtStickers,food,synthetic_ocr_aug_v2
Fro/zenPotStickers,food,synthetic_ocr_aug_v2
FrozenSmoas,food,synthetic_ocr_aug_v2
FrozenSamosas,food,synthetic_ocr_aug_v2
FrozerSbrimpRaw,food,synthetic_ocr_aug_v2
FrzenShrimpRw,food,synthetic_ocr_aug_v2
FrozcnSpinochChopped,food,synthetic_ocr_aug_v2
FrozenSpinachChopped,food,synthetic_ocr_aug_v2
Frzer5Trawbrries,food,synthetic_ocr_aug_v2
FrozenStrawberrries,food,synthetic_ocr_aug_v2
FrozzenTaterTots,food,synthetic_ocr_aug_v2
FrozenTater1Tots,food,synthetic_ocr_aug_v2
FrozenWaffles,food,synthetic_ocr_aug_v2
FrzenWaffles,food,synthetic_ocr_aug_v2
FrozEnyOGurt,food,synthetic_ocr_aug_v2
Frozcryogurt,food,synthetic_ocr_aug_v2
FRviTlCAThR,food,synthetic_ocr_aug_v2
fruitLE,food,synthetic_ocr_aug_v2
FruitPunchh,food,synthetic_ocr_aug_v2
FruitPu,food,synthetic_ocr_aug_v2
FruitSnaacks,food,synthetic_ocr_aug_v2
FruiTSNacKs,food,synthetic_ocr_aug_v2
FudgeBrownic8ites,food,synthetic_ocr_aug_v2
FvdgeBrowrieBites,food,synthetic_ocr_aug_v2
Fjipples,food,synthetic_ocr_aug_v2
FujiApples,food,synthetic_ocr_aug_v2
FurikkeSeasonng,food,synthetic_ocr_aug_v2
Frikksesorirg,food,synthetic_ocr_aug_v2
GolaApp1es,food,synthetic_ocr_aug_v2
GalaApples,food,synthetic_ocr_aug_v2
GaramMsala,food,synthetic_ocr_aug_v2
GarammMasala,food,synthetic_ocr_aug_v2
GarlicBu,food,synthetic_ocr_aug_v2
GarlicPowclcr,food,synthetic_ocr_aug_v2
Gor1icPowder,food,synthetic_ocr_aug_v2
GHE,food,synthetic_ocr_aug_v2
Gh0ee,food,synthetic_ocr_aug_v2
GheeClarifiedButter,food,synthetic_ocr_aug_v2
GHEECLARIFIEDBUTTER,food,synthetic_ocr_aug_v2
G0hostPeppers,food,synthetic_ocr_aug_v2
GHOsTpEPPers,food,synthetic_ocr_aug_v2
GGin,food,synthetic_ocr_aug_v2
6IR,food,synthetic_ocr_aug_v2
GingerAle,food,synthetic_ocr_aug_v2
GngeAe,food,synthetic_ocr_aug_v2
GingerSnaps,food,synthetic_ocr_aug_v2
GINGERSNAPS,food,synthetic_ocr_aug_v2
GLutENFrEEBAG,food,synthetic_ocr_aug_v2
GLUTENFREEBAGELS,food,synthetic_ocr_aug_v2
GlutenFreeBread,food,synthetic_ocr_aug_v2
GlutenFrec8read,food,synthetic_ocr_aug_v2
Gnocchi#,food,synthetic_ocr_aug_v2
Groccbi,food,synthetic_ocr_aug_v2
GoatCheese.Log,food,synthetic_ocr_aug_v2
GoatCheeseL1og,food,synthetic_ocr_aug_v2
goatmeatcubes,food,synthetic_ocr_aug_v2
GoatMeatCubes,food,synthetic_ocr_aug_v2
GocbujangPoste,food,synthetic_ocr_aug_v2
GocbujangPastc,food,synthetic_ocr_aug_v2
GoldennKiwi,food,synthetic_ocr_aug_v2
GoldnKiw,food,synthetic_ocr_aug_v2
6OOsCberRiS,food,synthetic_ocr_aug_v2
Goosberres,food,synthetic_ocr_aug_v2
GoudaCheese,food,synthetic_ocr_aug_v2
gUCLachcse,food,synthetic_ocr_aug_v2
6Rhamcrackcrcrst,food,synthetic_ocr_aug_v2
GrhamCrckrCrust,food,synthetic_ocr_aug_v2
GrahamCraackers,food,synthetic_ocr_aug_v2
grabmcrockers,food,synthetic_ocr_aug_v2
GrannySmithAppl0es,food,synthetic_ocr_aug_v2
GrANnYsmItHappLes,food,synthetic_ocr_aug_v2
Graro1aBars,food,synthetic_ocr_aug_v2
Granolaba,food,synthetic_ocr_aug_v2
GranutedSugar,food,synthetic_ocr_aug_v2
GranulatedSug0ar,food,synthetic_ocr_aug_v2
GrapeJellly,food,synthetic_ocr_aug_v2
6rapeJel1y,food,synthetic_ocr_aug_v2
6ropjuc,food,synthetic_ocr_aug_v2
6rOPeJuICE,food,synthetic_ocr_aug_v2
GrapeLeavesJarred,food,synthetic_ocr_aug_v2
GrapeLeeavesJarred,food,synthetic_ocr_aug_v2
Grapes1eedOil,food,synthetic_ocr_aug_v2
GRPCSCDOIL,food,synthetic_ocr_aug_v2
GravyMixPac,food,synthetic_ocr_aug_v2
GravyMixPacket,food,synthetic_ocr_aug_v2
GreenBeans,food,synthetic_ocr_aug_v2
GreeenBeans,food,synthetic_ocr_aug_v2
GrccnCabbage,food,synthetic_ocr_aug_v2
greenca,food,synthetic_ocr_aug_v2
GreeenGrapes,food,synthetic_ocr_aug_v2
GreenGrappes,food,synthetic_ocr_aug_v2
GrecnPeasCannecl,food,synthetic_ocr_aug_v2
GREENPEASCAN,food,synthetic_ocr_aug_v2
Greente,food,synthetic_ocr_aug_v2
Greenteabo,food,synthetic_ocr_aug_v2
GritsInsta,food,synthetic_ocr_aug_v2
GritsInsant,food,synthetic_ocr_aug_v2
groundbeef80/20,food,synthetic_ocr_aug_v2
GroundBeef80*/20,food,synthetic_ocr_aug_v2
GroundBe,food,synthetic_ocr_aug_v2
Grounef93/7,food,synthetic_ocr_aug_v2
GrouundChicken,food,synthetic_ocr_aug_v2
groUnD,food,synthetic_ocr_aug_v2
GGroundCinnamon,food,synthetic_ocr_aug_v2
Grou0ndCinnamon,food,synthetic_ocr_aug_v2
GROUNDCVMIR,food,synthetic_ocr_aug_v2
GrovnclCumin,food,synthetic_ocr_aug_v2
groundginger,food,synthetic_ocr_aug_v2
GrondGngr,food,synthetic_ocr_aug_v2
GroundLamb,food,synthetic_ocr_aug_v2
Grourdlarnb,food,synthetic_ocr_aug_v2
GroundPork,food,synthetic_ocr_aug_v2
GROUNDPORK,food,synthetic_ocr_aug_v2
GrovnclTurkey,food,synthetic_ocr_aug_v2
GroundTTurkey,food,synthetic_ocr_aug_v2
Gruyer#eCheese,food,synthetic_ocr_aug_v2
Gruyere/Cheese,food,synthetic_ocr_aug_v2
Gua0camoleSingleServe,food,synthetic_ocr_aug_v2
GuacamoleSingleServe,food,synthetic_ocr_aug_v2
6Ov,food,synthetic_ocr_aug_v2
GUA,food,synthetic_ocr_aug_v2
6ummyBeors,food,synthetic_ocr_aug_v2
GummyBers,food,synthetic_ocr_aug_v2
HABANEROPEPPERS,food,synthetic_ocr_aug_v2
HaboncroPeppers,food,synthetic_ocr_aug_v2
HalfAndHalf,food,synthetic_ocr_aug_v2
haLfaND,food,synthetic_ocr_aug_v2
HALFGALLONCHOCOLATE,food,synthetic_ocr_aug_v2
HalfGllonChocolateMilk,food,synthetic_ocr_aug_v2
HalbutFllt,food,synthetic_ocr_aug_v2
hAlIBUTF,food,synthetic_ocr_aug_v2
Halloumi,food,synthetic_ocr_aug_v2
Ha*lloumiCheese,food,synthetic_ocr_aug_v2
HomSteok,food,synthetic_ocr_aug_v2
Hatek,food,synthetic_ocr_aug_v2
HambrgerBuns,food,synthetic_ocr_aug_v2
Hamburge,food,synthetic_ocr_aug_v2
HordSeltzcr,food,synthetic_ocr_aug_v2
HARDSELTZER,food,synthetic_ocr_aug_v2
hARissOpOST,food,synthetic_ocr_aug_v2
HaissaPae,food,synthetic_ocr_aug_v2
HavrtiChs,food,synthetic_ocr_aug_v2
HovartiCheesc,food,synthetic_ocr_aug_v2
HeadCes,food,synthetic_ocr_aug_v2
HedChese,food,synthetic_ocr_aug_v2
HeavyWhipppingCream,food,synthetic_ocr_aug_v2
heavywhippin,food,synthetic_ocr_aug_v2
Heirloomtomatoes,food,synthetic_ocr_aug_v2
HeirloomTom0atoes,food,synthetic_ocr_aug_v2
HempM#ilk,food,synthetic_ocr_aug_v2
Hem0pMilk,food,synthetic_ocr_aug_v2
HerbalTTeaAssorted,food,synthetic_ocr_aug_v2
HerbalTaAssrted,food,synthetic_ocr_aug_v2
HcrbesDeProverce,food,synthetic_ocr_aug_v2
HerbesDePrvnce,food,synthetic_ocr_aug_v2
HRRIRG,food,synthetic_ocr_aug_v2
her,food,synthetic_ocr_aug_v2
HoisirSavce,food,synthetic_ocr_aug_v2
HOISINS,food,synthetic_ocr_aug_v2
honeyraw,food,synthetic_ocr_aug_v2
HoneyRaw,food,synthetic_ocr_aug_v2
honeycrispap,food,synthetic_ocr_aug_v2
HonecrispAppes,food,synthetic_ocr_aug_v2
Honeydweln,food,synthetic_ocr_aug_v2
HNEYCLWMELOR,food,synthetic_ocr_aug_v2
Horcbota,food,synthetic_ocr_aug_v2
Horcbato,food,synthetic_ocr_aug_v2
HorSrodsBSAUcE,food,synthetic_ocr_aug_v2
HORSRODISH5AC,food,synthetic_ocr_aug_v2
HotChocolateMiix,food,synthetic_ocr_aug_v2
HotCboco1ateMix,food,synthetic_ocr_aug_v2
hotdog8rs,food,synthetic_ocr_aug_v2
HotDogBu0ns,food,synthetic_ocr_aug_v2
HtDogs,food,synthetic_ocr_aug_v2
HtDgs,food,synthetic_ocr_aug_v2
Ho/tSauce,food,synthetic_ocr_aug_v2
HotSau,food,synthetic_ocr_aug_v2
hummusclassic,food,synthetic_ocr_aug_v2
HummusClssic,food,synthetic_ocr_aug_v2
IPABe,food,synthetic_ocr_aug_v2
*IceCreamChocolate,food,synthetic_ocr_aug_v2
IceCrearnCbocolate,food,synthetic_ocr_aug_v2
IceCreamVani0lla,food,synthetic_ocr_aug_v2
ICECREAMVANI,food,synthetic_ocr_aug_v2
IcebergLettuce,food,synthetic_ocr_aug_v2
cebrg1cttce,food,synthetic_ocr_aug_v2
icedteaunswee,food,synthetic_ocr_aug_v2
IcedTeoUnsweetered,food,synthetic_ocr_aug_v2
IdliRiceB.atter,food,synthetic_ocr_aug_v2
cllirice8atter,food,synthetic_ocr_aug_v2
Injerabread,food,synthetic_ocr_aug_v2
InjerBred,food,synthetic_ocr_aug_v2
InstantCoff,food,synthetic_ocr_aug_v2
1RstaNTcoFfEEpaCkETs,food,synthetic_ocr_aug_v2
InstanntMashedPotatoes,food,synthetic_ocr_aug_v2
InstanMshedPotatoes,food,synthetic_ocr_aug_v2
InstanOtmealPackets,food,synthetic_ocr_aug_v2
InstantOatmealPackes,food,synthetic_ocr_aug_v2
INSTANTRAMENCUP,food,synthetic_ocr_aug_v2
InstantR,food,synthetic_ocr_aug_v2
italian,food,synthetic_ocr_aug_v2
itaLIaNdreSsiNG,food,synthetic_ocr_aug_v2
Ital1ianSausage,food,synthetic_ocr_aug_v2
iToLiONsAUSgE,food,synthetic_ocr_aug_v2
ItalianScasoningBlerd,food,synthetic_ocr_aug_v2
ItlianSeasoningBlnd,food,synthetic_ocr_aug_v2
jockfrt,food,synthetic_ocr_aug_v2
Jckfrut,food,synthetic_ocr_aug_v2
Jackfru,food,synthetic_ocr_aug_v2
JackfritCanned,food,synthetic_ocr_aug_v2
J#aggery,food,synthetic_ocr_aug_v2
jagge,food,synthetic_ocr_aug_v2
JalapenoP,food,synthetic_ocr_aug_v2
jalapenop,food,synthetic_ocr_aug_v2
jICA,food,synthetic_ocr_aug_v2
jICoMo,food,synthetic_ocr_aug_v2
JumboSrimp,food,synthetic_ocr_aug_v2
JUmBo,food,synthetic_ocr_aug_v2
KABOCHASQUASH,food,synthetic_ocr_aug_v2
kABoCHAsqUASh,food,synthetic_ocr_aug_v2
KaleBun,food,synthetic_ocr_aug_v2
Kale8urch,food,synthetic_ocr_aug_v2
KleChips,food,synthetic_ocr_aug_v2
KaleChps,food,synthetic_ocr_aug_v2
kefi,food,synthetic_ocr_aug_v2
Kefi,food,synthetic_ocr_aug_v2
Ktcbp,food,synthetic_ocr_aug_v2
Ketc,food,synthetic_ocr_aug_v2
KettoBread,food,synthetic_ocr_aug_v2
KKetoBread,food,synthetic_ocr_aug_v2
kCTT1ECRN,food,synthetic_ocr_aug_v2
KettleCorn,food,synthetic_ocr_aug_v2
kidneybeanscanned,food,synthetic_ocr_aug_v2
KICLNYbEANsCaNNCL,food,synthetic_ocr_aug_v2
KmbapSeaweed,food,synthetic_ocr_aug_v2
KimbapSeaweed,food,synthetic_ocr_aug_v2
Kirncbi,food,synthetic_ocr_aug_v2
Kim,food,synthetic_ocr_aug_v2
KiwiFruuit,food,synthetic_ocr_aug_v2
KiWIFruIt,food,synthetic_ocr_aug_v2
olrbi,food,synthetic_ocr_aug_v2
Kob1rabi,food,synthetic_ocr_aug_v2
Kombchogrger,food,synthetic_ocr_aug_v2
KombuchaGinger,food,synthetic_ocr_aug_v2
KosherSalt,food,synthetic_ocr_aug_v2
KosherSo1t,food,synthetic_ocr_aug_v2
kUmQUa,food,synthetic_ocr_aug_v2
Kumqua,food,synthetic_ocr_aug_v2
Lobreh,food,synthetic_ocr_aug_v2
Lanh,food,synthetic_ocr_aug_v2
LactseFreceCream,food,synthetic_ocr_aug_v2
LctsFreIceCrem,food,synthetic_ocr_aug_v2
LctoseFrMilk,food,synthetic_ocr_aug_v2
1octoseFreeMilk,food,synthetic_ocr_aug_v2
lambch,food,synthetic_ocr_aug_v2
LamBCHOPs,food,synthetic_ocr_aug_v2
LargeGradeAEggs,food,synthetic_ocr_aug_v2
Largc6radeAEggs,food,synthetic_ocr_aug_v2
lasAGnAfROzEnFa,food,synthetic_ocr_aug_v2
LASAGNAFROZENFAMILYSIZE,food,synthetic_ocr_aug_v2
1Sagnanoclls,food,synthetic_ocr_aug_v2
lasagnanoodles,food,synthetic_ocr_aug_v2
1ks,food,synthetic_ocr_aug_v2
1ceks,food,synthetic_ocr_aug_v2
LemonC,food,synthetic_ocr_aug_v2
LemonC/urd,food,synthetic_ocr_aug_v2
LemonPepperSe,food,synthetic_ocr_aug_v2
lemonpepperseaso,food,synthetic_ocr_aug_v2
LLemonade,food,synthetic_ocr_aug_v2
lcmnode,food,synthetic_ocr_aug_v2
Leemons,food,synthetic_ocr_aug_v2
emns,food,synthetic_ocr_aug_v2
LentilsRedSpllit,food,synthetic_ocr_aug_v2
1enti1sredsplt,food,synthetic_ocr_aug_v2
LLimes,food,synthetic_ocr_aug_v2
lIME,food,synthetic_ocr_aug_v2
LIvEr,food,synthetic_ocr_aug_v2
LIVERWU,food,synthetic_ocr_aug_v2
#LobsterTail,food,synthetic_ocr_aug_v2
LBSTCRTI1,food,synthetic_ocr_aug_v2
LONGAN,food,synthetic_ocr_aug_v2
LonganF0ruit,food,synthetic_ocr_aug_v2
Lo1quat,food,synthetic_ocr_aug_v2
Loqvot,food,synthetic_ocr_aug_v2
lOWCarBToRtIllAS,food,synthetic_ocr_aug_v2
LowCarbTor/tillas,food,synthetic_ocr_aug_v2
Lyc#hee,food,synthetic_ocr_aug_v2
LYC,food,synthetic_ocr_aug_v2
MacaronsAs,food,synthetic_ocr_aug_v2
MacaronsA,food,synthetic_ocr_aug_v2
MobiMahi,food,synthetic_ocr_aug_v2
MAHIM,food,synthetic_ocr_aug_v2
mala,food,synthetic_ocr_aug_v2
Malana,food,synthetic_ocr_aug_v2
MALTLIQUOR,food,synthetic_ocr_aug_v2
MaltLi,food,synthetic_ocr_aug_v2
MaltVinegar,food,synthetic_ocr_aug_v2
atVnegar,food,synthetic_ocr_aug_v2
Mancheg,food,synthetic_ocr_aug_v2
ManchegooCheese,food,synthetic_ocr_aug_v2
Mndrinrangs,food,synthetic_ocr_aug_v2
MandarinOranges,food,synthetic_ocr_aug_v2
MRGCBNKS,food,synthetic_ocr_aug_v2
MangChunks,food,synthetic_ocr_aug_v2
Mangostteen,food,synthetic_ocr_aug_v2
Mangossteen,food,synthetic_ocr_aug_v2
MapleSyr,food,synthetic_ocr_aug_v2
MpleSyrp,food,synthetic_ocr_aug_v2
MARGARI,food,synthetic_ocr_aug_v2
argarieub,food,synthetic_ocr_aug_v2
Margrtaix,food,synthetic_ocr_aug_v2
MargaritaMix,food,synthetic_ocr_aug_v2
MarinaraSau.ce,food,synthetic_ocr_aug_v2
MarinaraSauce,food,synthetic_ocr_aug_v2
arsmllows,food,synthetic_ocr_aug_v2
Marshmal,food,synthetic_ocr_aug_v2
MasaaHarina,food,synthetic_ocr_aug_v2
0MasaHarina,food,synthetic_ocr_aug_v2
moscarponcbse,food,synthetic_ocr_aug_v2
MascarponeCbecse,food,synthetic_ocr_aug_v2
MOTCHOPOWDER,food,synthetic_ocr_aug_v2
MatchoPowcler,food,synthetic_ocr_aug_v2
Moyonnoise,food,synthetic_ocr_aug_v2
Mayonnai,food,synthetic_ocr_aug_v2
Meead,food,synthetic_ocr_aug_v2
Me1ad,food,synthetic_ocr_aug_v2
MealReplaccrnentShake,food,synthetic_ocr_aug_v2
MealeplacementShake,food,synthetic_ocr_aug_v2
MicrogrcersMixed,food,synthetic_ocr_aug_v2
MicrogrccnsMixed,food,synthetic_ocr_aug_v2
MirowaveMacAndCheese,food,synthetic_ocr_aug_v2
MicrowaveMacAnclCbeese,food,synthetic_ocr_aug_v2
MicrowavePo,food,synthetic_ocr_aug_v2
MicrowovePopcorr,food,synthetic_ocr_aug_v2
MilkChocolateBar,food,synthetic_ocr_aug_v2
MilkChocolatar,food,synthetic_ocr_aug_v2
mL1ct,food,synthetic_ocr_aug_v2
mIlle,food,synthetic_ocr_aug_v2
Mirrin,food,synthetic_ocr_aug_v2
Mir,food,synthetic_ocr_aug_v2
MisoPostc,food,synthetic_ocr_aug_v2
MsPaste,food,synthetic_ocr_aug_v2
Mlasss,food,synthetic_ocr_aug_v2
molas,food,synthetic_ocr_aug_v2
MonkFruitSweetener,food,synthetic_ocr_aug_v2
MonkFruitS1weetener,food,synthetic_ocr_aug_v2
Mortodclla,food,synthetic_ocr_aug_v2
Mortaddella,food,synthetic_ocr_aug_v2
Muffirs8lueberry,food,synthetic_ocr_aug_v2
MuffinsB,food,synthetic_ocr_aug_v2
Mv1berries,food,synthetic_ocr_aug_v2
MVLBCRRIES,food,synthetic_ocr_aug_v2
Multigrain8reacl,food,synthetic_ocr_aug_v2
MltgrainBrad,food,synthetic_ocr_aug_v2
MuSSE,food,synthetic_ocr_aug_v2
Musseels,food,synthetic_ocr_aug_v2
MUSTRCLGRRS,food,synthetic_ocr_aug_v2
Mustardg,food,synthetic_ocr_aug_v2
mUStardseEDs,food,synthetic_ocr_aug_v2
MUSTARDSEEDS,food,synthetic_ocr_aug_v2
N1aanBread,food,synthetic_ocr_aug_v2
NaanBr,food,synthetic_ocr_aug_v2
norfrzen,food,synthetic_ocr_aug_v2
aFrozen,food,synthetic_ocr_aug_v2
NapaCabbage,food,synthetic_ocr_aug_v2
NapaCab,food,synthetic_ocr_aug_v2
NvelOranges,food,synthetic_ocr_aug_v2
Navc1Oranges,food,synthetic_ocr_aug_v2
Nectrine,food,synthetic_ocr_aug_v2
Nectar*ine,food,synthetic_ocr_aug_v2
NewYorkStr,food,synthetic_ocr_aug_v2
Newyrkstrip5Tck,food,synthetic_ocr_aug_v2
NonAlcoholicBeer,food,synthetic_ocr_aug_v2
Nonalcoholicbeer,food,synthetic_ocr_aug_v2
NoriShee,food,synthetic_ocr_aug_v2
NORISH,food,synthetic_ocr_aug_v2
NoriSnackSheets,food,synthetic_ocr_aug_v2
NoriSackShees,food,synthetic_ocr_aug_v2
Nutcllasprcd,food,synthetic_ocr_aug_v2
nutellaspread,food,synthetic_ocr_aug_v2
NNutmegGround,food,synthetic_ocr_aug_v2
NutmegGro,food,synthetic_ocr_aug_v2
nUtRiTIONA1ycAST,food,synthetic_ocr_aug_v2
NTRTINA1YCAST,food,synthetic_ocr_aug_v2
OatMilk,food,synthetic_ocr_aug_v2
OOatMilk,food,synthetic_ocr_aug_v2
OtmealCramPis,food,synthetic_ocr_aug_v2
OATMEALCRE,food,synthetic_ocr_aug_v2
Ocopus,food,synthetic_ocr_aug_v2
Octoppus,food,synthetic_ocr_aug_v2
0kro,food,synthetic_ocr_aug_v2
OLIVESC,food,synthetic_ocr_aug_v2
OlivesCanned,food,synthetic_ocr_aug_v2
Onrpowclr,food,synthetic_ocr_aug_v2
Onionpowd,food,synthetic_ocr_aug_v2
OrngeJuiceFreshSquezed,food,synthetic_ocr_aug_v2
rngeJicFreshSqueezed,food,synthetic_ocr_aug_v2
Orangemar,food,synthetic_ocr_aug_v2
rngeMarmalad,food,synthetic_ocr_aug_v2
Or/angeSoda,food,synthetic_ocr_aug_v2
OrangeS,food,synthetic_ocr_aug_v2
0rzoPasto,food,synthetic_ocr_aug_v2
OrzPsta,food,synthetic_ocr_aug_v2
oystermushr,food,synthetic_ocr_aug_v2
oySterMUshrOOms,food,synthetic_ocr_aug_v2
Oystr5Aucc,food,synthetic_ocr_aug_v2
OysterSau#ce,food,synthetic_ocr_aug_v2
YSTCRSFRSB,food,synthetic_ocr_aug_v2
OYSTERSFRE,food,synthetic_ocr_aug_v2
PadronPeppers,food,synthetic_ocr_aug_v2
Padro1nPeppers,food,synthetic_ocr_aug_v2
panangcurrypaste,food,synthetic_ocr_aug_v2
PanargCurryPastc,food,synthetic_ocr_aug_v2
Pancake,food,synthetic_ocr_aug_v2
PancakeMx,food,synthetic_ocr_aug_v2
Pan,food,synthetic_ocr_aug_v2
Pane,food,synthetic_ocr_aug_v2
PANKOBREADCR,food,synthetic_ocr_aug_v2
PARKBRODCRUMBS,food,synthetic_ocr_aug_v2
Papad/um,food,synthetic_ocr_aug_v2
Papam,food,synthetic_ocr_aug_v2
Papa.ya,food,synthetic_ocr_aug_v2
Pap1aya,food,synthetic_ocr_aug_v2
PoprikaSmokecl,food,synthetic_ocr_aug_v2
PaprikaSm,food,synthetic_ocr_aug_v2
ParmesanChceseGratecl,food,synthetic_ocr_aug_v2
PormesanCbeeseGrated,food,synthetic_ocr_aug_v2
Porsrips,food,synthetic_ocr_aug_v2
Parsn.ips,food,synthetic_ocr_aug_v2
PASSIONFRU,food,synthetic_ocr_aug_v2
PassonFruit,food,synthetic_ocr_aug_v2
Past,food,synthetic_ocr_aug_v2
pAStR,food,synthetic_ocr_aug_v2
PEAC,food,synthetic_ocr_aug_v2
PeanutBtterCramy,food,synthetic_ocr_aug_v2
PEONUTBUTTCRCREAMY,food,synthetic_ocr_aug_v2
PcanvtButterCups,food,synthetic_ocr_aug_v2
PeanutButtterCups,food,synthetic_ocr_aug_v2
peanutoil,food,synthetic_ocr_aug_v2
PeanutOil,food,synthetic_ocr_aug_v2
PeanutsHone,food,synthetic_ocr_aug_v2
peanutshoneyroas,food,synthetic_ocr_aug_v2
PennnePasta,food,synthetic_ocr_aug_v2
PnnePsta,food,synthetic_ocr_aug_v2
PepprJackChes,food,synthetic_ocr_aug_v2
PcpperJockCheese,food,synthetic_ocr_aug_v2
Ppperoni,food,synthetic_ocr_aug_v2
Pcpperori,food,synthetic_ocr_aug_v2
PersianCucum1ber,food,synthetic_ocr_aug_v2
PerrsianCucumber,food,synthetic_ocr_aug_v2
PCRSMRNON,food,synthetic_ocr_aug_v2
Persimmon/,food,synthetic_ocr_aug_v2
PestoSSauce,food,synthetic_ocr_aug_v2
PestooSauce,food,synthetic_ocr_aug_v2
Phobrothconcentrate,food,synthetic_ocr_aug_v2
PhObrothCO,food,synthetic_ocr_aug_v2
PhylloDough,food,synthetic_ocr_aug_v2
phyllodou,food,synthetic_ocr_aug_v2
pickledginger,food,synthetic_ocr_aug_v2
PICKLEDGINGER,food,synthetic_ocr_aug_v2
PicklesDil/l,food,synthetic_ocr_aug_v2
pickl,food,synthetic_ocr_aug_v2
PicoDe6al1oFresh,food,synthetic_ocr_aug_v2
PicoDeGalloFreesh,food,synthetic_ocr_aug_v2
PieCrustF,food,synthetic_ocr_aug_v2
PieCrustFrozcr,food,synthetic_ocr_aug_v2
PinaColadaMix,food,synthetic_ocr_aug_v2
PinaCo#ladaMix,food,synthetic_ocr_aug_v2
Pineopplc,food,synthetic_ocr_aug_v2
Pineaapple,food,synthetic_ocr_aug_v2
PineappleJuice,food,synthetic_ocr_aug_v2
PINeAppl,food,synthetic_ocr_aug_v2
PinotNoirWine,food,synthetic_ocr_aug_v2
Pino.tNoirWine,food,synthetic_ocr_aug_v2
PintoBeansC,food,synthetic_ocr_aug_v2
PINTOBEANSCA,food,synthetic_ocr_aug_v2
PistachiosShlld,food,synthetic_ocr_aug_v2
PistachiosShell*ed,food,synthetic_ocr_aug_v2
PitaBreead,food,synthetic_ocr_aug_v2
Pitabr,food,synthetic_ocr_aug_v2
PitaBreadMini,food,synthetic_ocr_aug_v2
Pitabreadmini,food,synthetic_ocr_aug_v2
PitaChip,food,synthetic_ocr_aug_v2
Pitcbips,food,synthetic_ocr_aug_v2
PitaChipsZa'atar,food,synthetic_ocr_aug_v2
PitaCh#ipsZa'atar,food,synthetic_ocr_aug_v2
PizzaDough,food,synthetic_ocr_aug_v2
PizzaDoughBall*,food,synthetic_ocr_aug_v2
pLAinGReEkyOgURt,food,synthetic_ocr_aug_v2
Pla.ntBasedBurgerPatties,food,synthetic_ocr_aug_v2
Plartbosedbrgerpatts,food,synthetic_ocr_aug_v2
PLANTBASEDMILKBARISTA,food,synthetic_ocr_aug_v2
plAnTbaSEDmiLKbaRiSTA,food,synthetic_ocr_aug_v2
Plaantain,food,synthetic_ocr_aug_v2
Pl/antain,food,synthetic_ocr_aug_v2
PlartairChips,food,synthetic_ocr_aug_v2
PlantainCh,food,synthetic_ocr_aug_v2
pLU,food,synthetic_ocr_aug_v2
PoblnoPeppers,food,synthetic_ocr_aug_v2
PoblonoPcppers,food,synthetic_ocr_aug_v2
PoHaFLAttEneClRIcc,food,synthetic_ocr_aug_v2
PohFlattnedRic,food,synthetic_ocr_aug_v2
Polentat,food,synthetic_ocr_aug_v2
PolnaTub,food,synthetic_ocr_aug_v2
Pomegranateseeds,food,synthetic_ocr_aug_v2
PomegraateSeeds,food,synthetic_ocr_aug_v2
Pon1zuSauce,food,synthetic_ocr_aug_v2
PonzuSace,food,synthetic_ocr_aug_v2
POPcORNBUTTEr,food,synthetic_ocr_aug_v2
popcornbutt,food,synthetic_ocr_aug_v2
popcorn,food,synthetic_ocr_aug_v2
PopcornKernel0s,food,synthetic_ocr_aug_v2
Popscles,food,synthetic_ocr_aug_v2
Ppsicles,food,synthetic_ocr_aug_v2
PorkBelly.,food,synthetic_ocr_aug_v2
PorkBlly,food,synthetic_ocr_aug_v2
PorkChopsBone-In,food,synthetic_ocr_aug_v2
porkchopsbon,food,synthetic_ocr_aug_v2
*PorkLoinRoast,food,synthetic_ocr_aug_v2
PorkLoinRoast,food,synthetic_ocr_aug_v2
PorkRinds,food,synthetic_ocr_aug_v2
POrkRINDs,food,synthetic_ocr_aug_v2
PorkTnderloin,food,synthetic_ocr_aug_v2
PorkTnderlin,food,synthetic_ocr_aug_v2
PortobelloMushroomms,food,synthetic_ocr_aug_v2
PortbelloMushroms,food,synthetic_ocr_aug_v2
Potatochipsclassic,food,synthetic_ocr_aug_v2
potatochipsclas,food,synthetic_ocr_aug_v2
Povndcok,food,synthetic_ocr_aug_v2
PoundCake,food,synthetic_ocr_aug_v2
powdcreclsgr,food,synthetic_ocr_aug_v2
Powdere,food,synthetic_ocr_aug_v2
PreparedColSla,food,synthetic_ocr_aug_v2
PreparedColeSllaw,food,synthetic_ocr_aug_v2
Preservedlemons,food,synthetic_ocr_aug_v2
PPreservedLemons,food,synthetic_ocr_aug_v2
Pretz,food,synthetic_ocr_aug_v2
prctze1s,food,synthetic_ocr_aug_v2
Proscivtto,food,synthetic_ocr_aug_v2
Prscitto,food,synthetic_ocr_aug_v2
Prosccco,food,synthetic_ocr_aug_v2
Prrosecco,food,synthetic_ocr_aug_v2
PrtinBrs,food,synthetic_ocr_aug_v2
ProteinBar0s,food,synthetic_ocr_aug_v2
ProtcinCookics,food,synthetic_ocr_aug_v2
Protein/Cookies,food,synthetic_ocr_aug_v2
ProteinPasta,food,synthetic_ocr_aug_v2
ProtteinPasta,food,synthetic_ocr_aug_v2
PROVOLONECHEESESLICES,food,synthetic_ocr_aug_v2
ProvoloneCeesSlice,food,synthetic_ocr_aug_v2
Prun,food,synthetic_ocr_aug_v2
Prune,food,synthetic_ocr_aug_v2
PufFpASTr,food,synthetic_ocr_aug_v2
PuffPastry5hcets,food,synthetic_ocr_aug_v2
pumpernicke,food,synthetic_ocr_aug_v2
PumpernickellBread,food,synthetic_ocr_aug_v2
PumpkinSe,food,synthetic_ocr_aug_v2
Pumpkin5ecds,food,synthetic_ocr_aug_v2
Purple5Wtpototo,food,synthetic_ocr_aug_v2
PurpleSweetPotato,food,synthetic_ocr_aug_v2
Qilggs,food,synthetic_ocr_aug_v2
Qi1Ggs,food,synthetic_ocr_aug_v2
QuesoBlanco,food,synthetic_ocr_aug_v2
Quesoblanco,food,synthetic_ocr_aug_v2
quesodipj,food,synthetic_ocr_aug_v2
QCSDPJOR,food,synthetic_ocr_aug_v2
QuesoFrsco,food,synthetic_ocr_aug_v2
QvCSOFreSc,food,synthetic_ocr_aug_v2
Qvirce,food,synthetic_ocr_aug_v2
Quinc1e,food,synthetic_ocr_aug_v2
Quina,food,synthetic_ocr_aug_v2
Quiroo,food,synthetic_ocr_aug_v2
RAbBi,food,synthetic_ocr_aug_v2
RabbitWholle,food,synthetic_ocr_aug_v2
Radicchiio,food,synthetic_ocr_aug_v2
RODCCBI,food,synthetic_ocr_aug_v2
Roclishes,food,synthetic_ocr_aug_v2
Radishees,food,synthetic_ocr_aug_v2
RainierCherries,food,synthetic_ocr_aug_v2
Rainiercherries,food,synthetic_ocr_aug_v2
Rasins,food,synthetic_ocr_aug_v2
raiSi,food,synthetic_ocr_aug_v2
Rammbutan,food,synthetic_ocr_aug_v2
RAMB,food,synthetic_ocr_aug_v2
RamenBrothConcent,food,synthetic_ocr_aug_v2
RamenBrothConccntratc,food,synthetic_ocr_aug_v2
RORNNNODLESINSTNT,food,synthetic_ocr_aug_v2
ROmeNNOdles1nStNt,food,synthetic_ocr_aug_v2
RanchDrcssirg,food,synthetic_ocr_aug_v2
RarchDressirg,food,synthetic_ocr_aug_v2
RanchSsoningPckt,food,synthetic_ocr_aug_v2
RANCHSEASONINGPACKET,food,synthetic_ocr_aug_v2
rapin,food,synthetic_ocr_aug_v2
RRapini,food,synthetic_ocr_aug_v2
Rasam,food,synthetic_ocr_aug_v2
RasamPowde,food,synthetic_ocr_aug_v2
Raspber,food,synthetic_ocr_aug_v2
Raspberriees,food,synthetic_ocr_aug_v2
RovioliChcese,food,synthetic_ocr_aug_v2
RAVIOLICHEESE,food,synthetic_ocr_aug_v2
RCLCBBGC,food,synthetic_ocr_aug_v2
ReCabge,food,synthetic_ocr_aug_v2
RedGrpes,food,synthetic_ocr_aug_v2
RedGra.pes,food,synthetic_ocr_aug_v2
rdrIR,food,synthetic_ocr_aug_v2
ReDoNiOn,food,synthetic_ocr_aug_v2
RedPepperFlake,food,synthetic_ocr_aug_v2
RedPepprFlakes,food,synthetic_ocr_aug_v2
REFRIEDBEANSCANNED,food,synthetic_ocr_aug_v2
RefriedBeansCa0nned,food,synthetic_ocr_aug_v2
RibeycStcak,food,synthetic_ocr_aug_v2
RibcycSteak,food,synthetic_ocr_aug_v2
Rceamati,food,synthetic_ocr_aug_v2
RiceBasmati1,food,synthetic_ocr_aug_v2
RiceC1akes,food,synthetic_ocr_aug_v2
RiceCCakes,food,synthetic_ocr_aug_v2
RiccCrackcrs,food,synthetic_ocr_aug_v2
riCECR,food,synthetic_ocr_aug_v2
RceJasmn,food,synthetic_ocr_aug_v2
RiceJosminc,food,synthetic_ocr_aug_v2
RIcckRSPIetRctS,food,synthetic_ocr_aug_v2
RICCKRISPIETREOTS,food,synthetic_ocr_aug_v2
RiceM,food,synthetic_ocr_aug_v2
RICENOO,food,synthetic_ocr_aug_v2
R1iceNoodles,food,synthetic_ocr_aug_v2
RicePaperW,food,synthetic_ocr_aug_v2
RicePaperWr*appers,food,synthetic_ocr_aug_v2
RiceVinegaar,food,synthetic_ocr_aug_v2
RicVinegar,food,synthetic_ocr_aug_v2
RICEWINEVINEGAR,food,synthetic_ocr_aug_v2
RiiceWineVinegar,food,synthetic_ocr_aug_v2
RicottaCheese,food,synthetic_ocr_aug_v2
Ricotta,food,synthetic_ocr_aug_v2
ROASTEDREDPEPPERS,food,synthetic_ocr_aug_v2
Rastcdredpcpprsjar,food,synthetic_ocr_aug_v2
RolledOa,food,synthetic_ocr_aug_v2
rolledoats,food,synthetic_ocr_aug_v2
RomaTTomatoes,food,synthetic_ocr_aug_v2
rornotmtos,food,synthetic_ocr_aug_v2
RomaineHearts,food,synthetic_ocr_aug_v2
RomaineHeaarts,food,synthetic_ocr_aug_v2
Romane,food,synthetic_ocr_aug_v2
Rom0anesco,food,synthetic_ocr_aug_v2
RootBe#er,food,synthetic_ocr_aug_v2
ROOtbEeR,food,synthetic_ocr_aug_v2
rotisSEr,food,synthetic_ocr_aug_v2
RTIsSRIEcBIcKeR,food,synthetic_ocr_aug_v2
RotissserieChickenSoupDeli,food,synthetic_ocr_aug_v2
RotisserieChickenSoupDeli,food,synthetic_ocr_aug_v2
Ruum,food,synthetic_ocr_aug_v2
RRN,food,synthetic_ocr_aug_v2
RussetPotatoes#,food,synthetic_ocr_aug_v2
RusstPotts,food,synthetic_ocr_aug_v2
Rutaba,food,synthetic_ocr_aug_v2
Rtobg,food,synthetic_ocr_aug_v2
Rye1Bread,food,synthetic_ocr_aug_v2
ReBread,food,synthetic_ocr_aug_v2
5affronThreods,food,synthetic_ocr_aug_v2
SaffronThrads,food,synthetic_ocr_aug_v2
5akc,food,synthetic_ocr_aug_v2
SAK,food,synthetic_ocr_aug_v2
Salamii,food,synthetic_ocr_aug_v2
Sali,food,synthetic_ocr_aug_v2
Salmon,food,synthetic_ocr_aug_v2
salmorfi1let,food,synthetic_ocr_aug_v2
SaalsaVerde,food,synthetic_ocr_aug_v2
SalsaVerde,food,synthetic_ocr_aug_v2
Salsi,food,synthetic_ocr_aug_v2
S.alsify,food,synthetic_ocr_aug_v2
SaltedButtter,food,synthetic_ocr_aug_v2
SaltineCra1ckers,food,synthetic_ocr_aug_v2
SaltineCrackers,food,synthetic_ocr_aug_v2
SambalOelek,food,synthetic_ocr_aug_v2
Sambal0clek,food,synthetic_ocr_aug_v2
sambarpowder,food,synthetic_ocr_aug_v2
SabarPowd,food,synthetic_ocr_aug_v2
sANdWic,food,synthetic_ocr_aug_v2
Sandwicbcookcs,food,synthetic_ocr_aug_v2
SangriaBott1cd,food,synthetic_ocr_aug_v2
SangriBttled,food,synthetic_ocr_aug_v2
SardiinesFresh,food,synthetic_ocr_aug_v2
SardinsFrsh,food,synthetic_ocr_aug_v2
Scalllions,food,synthetic_ocr_aug_v2
Sc1allions,food,synthetic_ocr_aug_v2
SconesB1veberry,food,synthetic_ocr_aug_v2
SConESBLuEb,food,synthetic_ocr_aug_v2
ScotchWhiisky,food,synthetic_ocr_aug_v2
SCOTCH,food,synthetic_ocr_aug_v2
SEAbucKthoRNbE,food,synthetic_ocr_aug_v2
SeaBuckth#ornBerries,food,synthetic_ocr_aug_v2
Seascallo,food,synthetic_ocr_aug_v2
SeaScall,food,synthetic_ocr_aug_v2
Seawecd5nacks,food,synthetic_ocr_aug_v2
SeoweedSnocks,food,synthetic_ocr_aug_v2
SeedlessWatermelon,food,synthetic_ocr_aug_v2
See1dlessWatermelon,food,synthetic_ocr_aug_v2
Sitn,food,synthetic_ocr_aug_v2
Sei,food,synthetic_ocr_aug_v2
SeanoPeppers,food,synthetic_ocr_aug_v2
serronopppcrs,food,synthetic_ocr_aug_v2
Sesam0eOil,food,synthetic_ocr_aug_v2
SesamOil,food,synthetic_ocr_aug_v2
Shallts,food,synthetic_ocr_aug_v2
Sho1lots,food,synthetic_ocr_aug_v2
SharonFruit,food,synthetic_ocr_aug_v2
Sharo,food,synthetic_ocr_aug_v2
ShiitAKe,food,synthetic_ocr_aug_v2
ShiitakeMushrooms,food,synthetic_ocr_aug_v2
ShishioPeppers,food,synthetic_ocr_aug_v2
ShishitoP/eppers,food,synthetic_ocr_aug_v2
ShreddedCheddar#Cheese,food,synthetic_ocr_aug_v2
ShreddedChedclorCheese,food,synthetic_ocr_aug_v2
SHREdDedmozz,food,synthetic_ocr_aug_v2
SHRCLDCLMZZARLLACHES,food,synthetic_ocr_aug_v2
ShrimpPeeledDeveine/d,food,synthetic_ocr_aug_v2
sHrImpPeeLEddeVeINED,food,synthetic_ocr_aug_v2
SkmMilk,food,synthetic_ocr_aug_v2
Skimmi,food,synthetic_ocr_aug_v2
Skir*tSteak,food,synthetic_ocr_aug_v2
SkirtStcok,food,synthetic_ocr_aug_v2
SMOKEDSALMON,food,synthetic_ocr_aug_v2
SmoedSalmon,food,synthetic_ocr_aug_v2
5NPPOS,food,synthetic_ocr_aug_v2
SnapPeas,food,synthetic_ocr_aug_v2
snapperwhole,food,synthetic_ocr_aug_v2
5nopperWhole,food,synthetic_ocr_aug_v2
#SnowPeas,food,synthetic_ocr_aug_v2
SnowPas,food,synthetic_ocr_aug_v2
SobaNoodles,food,synthetic_ocr_aug_v2
sobanOODles,food,synthetic_ocr_aug_v2
SrbtMngo,food,synthetic_ocr_aug_v2
5RBCTMAnGo,food,synthetic_ocr_aug_v2
SrCream,food,synthetic_ocr_aug_v2
SourCre,food,synthetic_ocr_aug_v2
SourcloughBrcadLoaf,food,synthetic_ocr_aug_v2
SOuRDOUgHBr,food,synthetic_ocr_aug_v2
SoyMilk,food,synthetic_ocr_aug_v2
SoyM,food,synthetic_ocr_aug_v2
SOYSAUCE,food,synthetic_ocr_aug_v2
sy5ucc,food,synthetic_ocr_aug_v2
spghttiposto,food,synthetic_ocr_aug_v2
5PgBEtTIpAsT,food,synthetic_ocr_aug_v2
Spoghetti5quash,food,synthetic_ocr_aug_v2
SpagbcttiSquash,food,synthetic_ocr_aug_v2
Spark1lingGrapeJuice,food,synthetic_ocr_aug_v2
SparklingGrapeJuice,food,synthetic_ocr_aug_v2
S/parklingWaterLime,food,synthetic_ocr_aug_v2
SporklingWaterLimc,food,synthetic_ocr_aug_v2
SpinachAr,food,synthetic_ocr_aug_v2
SpinachArtichokeDDip,food,synthetic_ocr_aug_v2
SportsDrink,food,synthetic_ocr_aug_v2
sportsdr,food,synthetic_ocr_aug_v2
sprO,food,synthetic_ocr_aug_v2
Sp0routs,food,synthetic_ocr_aug_v2
SquidWhhole,food,synthetic_ocr_aug_v2
sqdwbolc,food,synthetic_ocr_aug_v2
SrRcbamoyo,food,synthetic_ocr_aug_v2
sriracha,food,synthetic_ocr_aug_v2
SriraachaSauce,food,synthetic_ocr_aug_v2
srirachasau,food,synthetic_ocr_aug_v2
StarAise,food,synthetic_ocr_aug_v2
StarAnis/e,food,synthetic_ocr_aug_v2
sTOrFRVit,food,synthetic_ocr_aug_v2
5toRFrUIt,food,synthetic_ocr_aug_v2
Steaksauce,food,synthetic_ocr_aug_v2
STCKSVCE,food,synthetic_ocr_aug_v2
5TELCVTATS,food,synthetic_ocr_aug_v2
Steelc,food,synthetic_ocr_aug_v2
SteviiaPackets,food,synthetic_ocr_aug_v2
SteviaPackes,food,synthetic_ocr_aug_v2
Strwberrs,food,synthetic_ocr_aug_v2
Strawberrs,food,synthetic_ocr_aug_v2
Strawb,food,synthetic_ocr_aug_v2
StrawberryJm,food,synthetic_ocr_aug_v2
StRAwBERRYyo,food,synthetic_ocr_aug_v2
5TROWBRRYYOGRT,food,synthetic_ocr_aug_v2
StringCheese,food,synthetic_ocr_aug_v2
stringcheese,food,synthetic_ocr_aug_v2
SuarBabyWaterelo,food,synthetic_ocr_aug_v2
SugarBaabyWatermelon,food,synthetic_ocr_aug_v2
SUMAC6RURD,food,synthetic_ocr_aug_v2
Sumacg,food,synthetic_ocr_aug_v2
SunDriedTomattoesJar,food,synthetic_ocr_aug_v2
SunDriedTomatoesJar,food,synthetic_ocr_aug_v2
Sunhokes,food,synthetic_ocr_aug_v2
5unchokcs,food,synthetic_ocr_aug_v2
SunflowerSdButtr,food,synthetic_ocr_aug_v2
SunflowerSeedButter,food,synthetic_ocr_aug_v2
SunflowerSeedsRoasted,food,synthetic_ocr_aug_v2
SunflowerSeedsRoaste.d,food,synthetic_ocr_aug_v2
SurimiImitationCraab,food,synthetic_ocr_aug_v2
SURIMIIMITAT,food,synthetic_ocr_aug_v2
susbricc,food,synthetic_ocr_aug_v2
ushiRc,food,synthetic_ocr_aug_v2
SushiRollsPrepared,food,synthetic_ocr_aug_v2
SushiRollsPrpred,food,synthetic_ocr_aug_v2
SweetChiliSaucce,food,synthetic_ocr_aug_v2
SweetChiliiSauce,food,synthetic_ocr_aug_v2
Sweet/Onion,food,synthetic_ocr_aug_v2
weeOnin,food,synthetic_ocr_aug_v2
SwectPototo,food,synthetic_ocr_aug_v2
SweetPotato*,food,synthetic_ocr_aug_v2
Sweetpotatoch,food,synthetic_ocr_aug_v2
5weetPototoChips,food,synthetic_ocr_aug_v2
SwissCh,food,synthetic_ocr_aug_v2
SwssChard,food,synthetic_ocr_aug_v2
wissCheesSlices,food,synthetic_ocr_aug_v2
SwissChees,food,synthetic_ocr_aug_v2
SworclfisbSteak,food,synthetic_ocr_aug_v2
5wordfisbSteak,food,synthetic_ocr_aug_v2
TVDinnerSalisburyStak,food,synthetic_ocr_aug_v2
TVDINNERSALISBURYSTEAK,food,synthetic_ocr_aug_v2
TableSalt,food,synthetic_ocr_aug_v2
TABlesaLt,food,synthetic_ocr_aug_v2
TcoSeasonigPacket,food,synthetic_ocr_aug_v2
TacoSeassoningPacket,food,synthetic_ocr_aug_v2
TacoShelllsHard,food,synthetic_ocr_aug_v2
tacoshe,food,synthetic_ocr_aug_v2
ahi,food,synthetic_ocr_aug_v2
TAhin,food,synthetic_ocr_aug_v2
TamarinclPastc,food,synthetic_ocr_aug_v2
TORNRINDPSTE,food,synthetic_ocr_aug_v2
TamarindPods,food,synthetic_ocr_aug_v2
TamarindPo/ds,food,synthetic_ocr_aug_v2
TandooriMa,food,synthetic_ocr_aug_v2
Tand*ooriMasala,food,synthetic_ocr_aug_v2
TartarSauce,food,synthetic_ocr_aug_v2
Tortorsauc,food,synthetic_ocr_aug_v2
T#empeh,food,synthetic_ocr_aug_v2
eeh,food,synthetic_ocr_aug_v2
TTequila,food,synthetic_ocr_aug_v2
Teuila,food,synthetic_ocr_aug_v2
TeryakiSace,food,synthetic_ocr_aug_v2
TERIYAKISAUCE,food,synthetic_ocr_aug_v2
ThousandIsland,food,synthetic_ocr_aug_v2
ThousandIsl,food,synthetic_ocr_aug_v2
T*ilapiaFillet,food,synthetic_ocr_aug_v2
tilAPIAfILlET,food,synthetic_ocr_aug_v2
TROMISV,food,synthetic_ocr_aug_v2
Tirami,food,synthetic_ocr_aug_v2
ToasterPastries,food,synthetic_ocr_aug_v2
ToastrPstries,food,synthetic_ocr_aug_v2
ToddlerPuffsSna/ck,food,synthetic_ocr_aug_v2
ToddePufsSnack,food,synthetic_ocr_aug_v2
TOFUextR,food,synthetic_ocr_aug_v2
TofuEx,food,synthetic_ocr_aug_v2
Tmtilos,food,synthetic_ocr_aug_v2
tomat11os,food,synthetic_ocr_aug_v2
Tomatojui,food,synthetic_ocr_aug_v2
TomatJce,food,synthetic_ocr_aug_v2
TomatoPPaste,food,synthetic_ocr_aug_v2
Tomato,food,synthetic_ocr_aug_v2
TomatoSauceCan,food,synthetic_ocr_aug_v2
toMatoSAUcecAN,food,synthetic_ocr_aug_v2
Tomatosoupcan,food,synthetic_ocr_aug_v2
TRCWTCR,food,synthetic_ocr_aug_v2
Tortllini,food,synthetic_ocr_aug_v2
Tortcl1ini,food,synthetic_ocr_aug_v2
TorillaChips,food,synthetic_ocr_aug_v2
TortillaCh,food,synthetic_ocr_aug_v2
TortillasCorn,food,synthetic_ocr_aug_v2
Tortil1asCorr,food,synthetic_ocr_aug_v2
TortillaasFlour,food,synthetic_ocr_aug_v2
TortillosFlovr,food,synthetic_ocr_aug_v2
TostaaShell,food,synthetic_ocr_aug_v2
Tostado5hells,food,synthetic_ocr_aug_v2
Trilx,food,synthetic_ocr_aug_v2
TrailM,food,synthetic_ocr_aug_v2
TriTipRoas.t,food,synthetic_ocr_aug_v2
TriTipRoast,food,synthetic_ocr_aug_v2
troutfill,food,synthetic_ocr_aug_v2
TrooutFillet,food,synthetic_ocr_aug_v2
Truffl,food,synthetic_ocr_aug_v2
TruffleOil,food,synthetic_ocr_aug_v2
TunaCCannedInWater,food,synthetic_ocr_aug_v2
tvnacrndinwatr,food,synthetic_ocr_aug_v2
tURbinOcLSUGaR,food,synthetic_ocr_aug_v2
Turbinado,food,synthetic_ocr_aug_v2
TurkeyBacn,food,synthetic_ocr_aug_v2
Turkeyba,food,synthetic_ocr_aug_v2
TrkeyBrestCutlets,food,synthetic_ocr_aug_v2
.TurkeyBreastCutlets,food,synthetic_ocr_aug_v2
Turkeyleg,food,synthetic_ocr_aug_v2
TrkeyLeg,food,synthetic_ocr_aug_v2
TurkishDelight,food,synthetic_ocr_aug_v2
Turkishdelight,food,synthetic_ocr_aug_v2
Trrnrcgrurd,food,synthetic_ocr_aug_v2
TurmericGround,food,synthetic_ocr_aug_v2
Turrnips,food,synthetic_ocr_aug_v2
Turn,food,synthetic_ocr_aug_v2
UdonNoodl/es,food,synthetic_ocr_aug_v2
UdonNoodles,food,synthetic_ocr_aug_v2
UglFruit,food,synthetic_ocr_aug_v2
nsaltedButter,food,synthetic_ocr_aug_v2
Unsalte,food,synthetic_ocr_aug_v2
V8Vegetab,food,synthetic_ocr_aug_v2
V8VegetableJu.ice,food,synthetic_ocr_aug_v2
VanillaExtrct,food,synthetic_ocr_aug_v2
VanillaExtract,food,synthetic_ocr_aug_v2
VanillaWafer/s,food,synthetic_ocr_aug_v2
VanillWafers,food,synthetic_ocr_aug_v2
vril1aygrt,food,synthetic_ocr_aug_v2
VRi1LaYgRT,food,synthetic_ocr_aug_v2
VealCutletss,food,synthetic_ocr_aug_v2
v1cut1ts,food,synthetic_ocr_aug_v2
VCGANcheeSshRcDs,food,synthetic_ocr_aug_v2
vegancheeseshreds,food,synthetic_ocr_aug_v2
VeganChocolatteBar,food,synthetic_ocr_aug_v2
veganchocol,food,synthetic_ocr_aug_v2
VeganMyo,food,synthetic_ocr_aug_v2
VeganMay,food,synthetic_ocr_aug_v2
VegeableOil,food,synthetic_ocr_aug_v2
VegetableOil,food,synthetic_ocr_aug_v2
Vgctoblestck,food,synthetic_ocr_aug_v2
VEGETABLESTOCK,food,synthetic_ocr_aug_v2
VcgGCSTRWs,food,synthetic_ocr_aug_v2
VcggicStraws,food,synthetic_ocr_aug_v2
VensonSteak,food,synthetic_ocr_aug_v2
VenisnStk,food,synthetic_ocr_aug_v2
VERMCCLLNOD1S,food,synthetic_ocr_aug_v2
VermmicelliNoodles,food,synthetic_ocr_aug_v2
Verm1outh,food,synthetic_ocr_aug_v2
VERM,food,synthetic_ocr_aug_v2
Vod,food,synthetic_ocr_aug_v2
V.odka,food,synthetic_ocr_aug_v2
affleMix,food,synthetic_ocr_aug_v2
*WaffleMix,food,synthetic_ocr_aug_v2
WalnutsC,food,synthetic_ocr_aug_v2
walnutschopped,food,synthetic_ocr_aug_v2
wasabipaste,food,synthetic_ocr_aug_v2
WasabiPostc,food,synthetic_ocr_aug_v2
Watercr,food,synthetic_ocr_aug_v2
WOTERCRCSS,food,synthetic_ocr_aug_v2
WeatBerries,food,synthetic_ocr_aug_v2
WheatBer,food,synthetic_ocr_aug_v2
WhippeclCreomCheese,food,synthetic_ocr_aug_v2
WhippedCreammCheese,food,synthetic_ocr_aug_v2
WhippedTopping,food,synthetic_ocr_aug_v2
whippedtopping,food,synthetic_ocr_aug_v2
Whis0key,food,synthetic_ocr_aug_v2
Whisky,food,synthetic_ocr_aug_v2
Wbitcmushrms,food,synthetic_ocr_aug_v2
WhitcMushroorns,food,synthetic_ocr_aug_v2
WhitePepperGround,food,synthetic_ocr_aug_v2
WhItePep,food,synthetic_ocr_aug_v2
Witeie,food,synthetic_ocr_aug_v2
WhiteRRice,food,synthetic_ocr_aug_v2
WhiteSandwichBread,food,synthetic_ocr_aug_v2
Whitesandwich8Racl,food,synthetic_ocr_aug_v2
WhitcViregar,food,synthetic_ocr_aug_v2
whitevinegar,food,synthetic_ocr_aug_v2
WholcChickcn,food,synthetic_ocr_aug_v2
WholeChicken,food,synthetic_ocr_aug_v2
WoleMk,food,synthetic_ocr_aug_v2
WhleMlk,food,synthetic_ocr_aug_v2
WboleWheat8read,food,synthetic_ocr_aug_v2
Wholewheatbread,food,synthetic_ocr_aug_v2
WholeWheatFlour,food,synthetic_ocr_aug_v2
WholeWheatFl.our,food,synthetic_ocr_aug_v2
WineCooler,food,synthetic_ocr_aug_v2
WineCo*oler,food,synthetic_ocr_aug_v2
WinterMeloon,food,synthetic_ocr_aug_v2
WRTERM1oN,food,synthetic_ocr_aug_v2
WontonWrap,food,synthetic_ocr_aug_v2
Wonton/Wrappers,food,synthetic_ocr_aug_v2
Worceste/rshireSauce,food,synthetic_ocr_aug_v2
WrcestrshireSuc,food,synthetic_ocr_aug_v2
Xanth,food,synthetic_ocr_aug_v2
XanthanG,food,synthetic_ocr_aug_v2
YakisobaNoodl/es,food,synthetic_ocr_aug_v2
YakisobNoodles,food,synthetic_ocr_aug_v2
YellowMusta,food,synthetic_ocr_aug_v2
YellowMustard,food,synthetic_ocr_aug_v2
Yc1lowOnion,food,synthetic_ocr_aug_v2
YellowOnion,food,synthetic_ocr_aug_v2
yellow,food,synthetic_ocr_aug_v2
YelllowSquash,food,synthetic_ocr_aug_v2
YucaRo/ot,food,synthetic_ocr_aug_v2
YUCAROOT,food,synthetic_ocr_aug_v2
YUKONGOLDPOT,food,synthetic_ocr_aug_v2
YukonoldPotates,food,synthetic_ocr_aug_v2
Yvzv,food,synthetic_ocr_aug_v2
Yuzzu,food,synthetic_ocr_aug_v2
Za'Atarspicebl,food,synthetic_ocr_aug_v2
Za*'atarSpiceBlend,food,synthetic_ocr_aug_v2
ZucchiniNoodles,food,synthetic_ocr_aug_v2
2ucchiniNooclles,food,synthetic_ocr_aug_v2
ZucchiniSquaash,food,synthetic_ocr_aug_v2
Zvcchini5quash,food,synthetic_ocr_aug_v2
AARec.hargeableBatteries,not_food,synthetic_ocr_aug_v2
AARechargeabl,not_food,synthetic_ocr_aug_v2
AceBandg,not_food,synthetic_ocr_aug_v2
AceBondoge,not_food,synthetic_ocr_aug_v2
A#cetaminophen,not_food,synthetic_ocr_aug_v2
acetamino,not_food,synthetic_ocr_aug_v2
ArFlterFrnace,not_food,synthetic_ocr_aug_v2
airfilterfurnace,not_food,synthetic_ocr_aug_v2
AirFrshenerPlgIn,not_food,synthetic_ocr_aug_v2
AIRFREsbeRrpLugIn,not_food,synthetic_ocr_aug_v2
AirFreshenerS,not_food,synthetic_ocr_aug_v2
AirFreshenerSpray,not_food,synthetic_ocr_aug_v2
irFreshenrVentClip,not_food,synthetic_ocr_aug_v2
AirFreshenrVntClp,not_food,synthetic_ocr_aug_v2
aIrPVrfIrFiLTCr,not_food,synthetic_ocr_aug_v2
AirPurifierFiltr,not_food,synthetic_ocr_aug_v2
AlPurpseCeaner,not_food,synthetic_ocr_aug_v2
AllPurposeCleaner1,not_food,synthetic_ocr_aug_v2
AllegyMedicine,not_food,synthetic_ocr_aug_v2
Allergymedicine,not_food,synthetic_ocr_aug_v2
Aluminumbakingpandisposable,not_food,synthetic_ocr_aug_v2
ALUMINUMBAKINGPANDISPOSABLE,not_food,synthetic_ocr_aug_v2
Aluminu,not_food,synthetic_ocr_aug_v2
alumin,not_food,synthetic_ocr_aug_v2
Anniversar,not_food,synthetic_ocr_aug_v2
ANNIVERSA,not_food,synthetic_ocr_aug_v2
antbaitt,not_food,synthetic_ocr_aug_v2
AntBaitTrap,not_food,synthetic_ocr_aug_v2
AntaciclToblets,not_food,synthetic_ocr_aug_v2
Antac#idTablets,not_food,synthetic_ocr_aug_v2
AntiDiarrhealMedicine,not_food,synthetic_ocr_aug_v2
Antdirrha1Mclcine,not_food,synthetic_ocr_aug_v2
AntibacterialOin,not_food,synthetic_ocr_aug_v2
aNTiBaCterIaloin,not_food,synthetic_ocr_aug_v2
AntifreezColant,not_food,synthetic_ocr_aug_v2
Ant.ifreezeCoolant,not_food,synthetic_ocr_aug_v2
Antiperspir,not_food,synthetic_ocr_aug_v2
Antipersspirant,not_food,synthetic_ocr_aug_v2
apro,not_food,synthetic_ocr_aug_v2
Apror,not_food,synthetic_ocr_aug_v2
AquarivrnFilterCartridge,not_food,synthetic_ocr_aug_v2
qriumFlterCartridge,not_food,synthetic_ocr_aug_v2
Athlcte'sFootCrcam,not_food,synthetic_ocr_aug_v2
Ath1ete'sFootCreom,not_food,synthetic_ocr_aug_v2
automaticdishwash,not_food,synthetic_ocr_aug_v2
AutomaticishwaherPods,not_food,synthetic_ocr_aug_v2
baByBIBS,not_food,synthetic_ocr_aug_v2
8By8Ibs,not_food,synthetic_ocr_aug_v2
BabyBot/tles,not_food,synthetic_ocr_aug_v2
babybottles,not_food,synthetic_ocr_aug_v2
Baby0Gate,not_food,synthetic_ocr_aug_v2
BobyGote,not_food,synthetic_ocr_aug_v2
1BabyLotion,not_food,synthetic_ocr_aug_v2
boby1otin,not_food,synthetic_ocr_aug_v2
baBYmnToR8Ottres,not_food,synthetic_ocr_aug_v2
babymonito,not_food,synthetic_ocr_aug_v2
BabyNailClippers,not_food,synthetic_ocr_aug_v2
BabyNalClippers,not_food,synthetic_ocr_aug_v2
babyo,not_food,synthetic_ocr_aug_v2
BobyOi1,not_food,synthetic_ocr_aug_v2
BabyPow,not_food,synthetic_ocr_aug_v2
BobyPowcler,not_food,synthetic_ocr_aug_v2
BabyShaampoo,not_food,synthetic_ocr_aug_v2
Baby5hompoo,not_food,synthetic_ocr_aug_v2
babysunsc,not_food,synthetic_ocr_aug_v2
BabySunscrecr,not_food,synthetic_ocr_aug_v2
Babythermometer,not_food,synthetic_ocr_aug_v2
BobyTherrnometer,not_food,synthetic_ocr_aug_v2
BABYWIPES,not_food,synthetic_ocr_aug_v2
8Obywps,not_food,synthetic_ocr_aug_v2
BabyWipesScrsitive,not_food,synthetic_ocr_aug_v2
BabipesSensitive,not_food,synthetic_ocr_aug_v2
8ockpack,not_food,synthetic_ocr_aug_v2
BAcKP,not_food,synthetic_ocr_aug_v2
8alloors,not_food,synthetic_ocr_aug_v2
BBalloons,not_food,synthetic_ocr_aug_v2
bAnd,not_food,synthetic_ocr_aug_v2
bonclads,not_food,synthetic_ocr_aug_v2
BarSoaap,not_food,synthetic_ocr_aug_v2
Barsoap,not_food,synthetic_ocr_aug_v2
BASEBALLCAP,not_food,synthetic_ocr_aug_v2
Baseb*allCap,not_food,synthetic_ocr_aug_v2
BATH,not_food,synthetic_ocr_aug_v2
BahBomb,not_food,synthetic_ocr_aug_v2
BathromCleanr,not_food,synthetic_ocr_aug_v2
BathroomCCleaner,not_food,synthetic_ocr_aug_v2
0Batteries9V,not_food,synthetic_ocr_aug_v2
Batteries9V,not_food,synthetic_ocr_aug_v2
atterisA,not_food,synthetic_ocr_aug_v2
Batter,not_food,synthetic_ocr_aug_v2
8OTTRISAAA,not_food,synthetic_ocr_aug_v2
Batteri,not_food,synthetic_ocr_aug_v2
8Attriscce1L,not_food,synthetic_ocr_aug_v2
BatterieesCCell,not_food,synthetic_ocr_aug_v2
BatteriesDCll,not_food,synthetic_ocr_aug_v2
BatteeriesDCell,not_food,synthetic_ocr_aug_v2
BeachTo,not_food,synthetic_ocr_aug_v2
BEachTOw,not_food,synthetic_ocr_aug_v2
Bean,not_food,synthetic_ocr_aug_v2
BeanieHat,not_food,synthetic_ocr_aug_v2
BinderTbreeRirg,not_food,synthetic_ocr_aug_v2
BinderThreeR,not_food,synthetic_ocr_aug_v2
birdbath,not_food,synthetic_ocr_aug_v2
B1irdBath,not_food,synthetic_ocr_aug_v2
BirdFeeder,not_food,synthetic_ocr_aug_v2
8irdFeecler,not_food,synthetic_ocr_aug_v2
BirdS,not_food,synthetic_ocr_aug_v2
BirdScecl,not_food,synthetic_ocr_aug_v2
birthdaycandles,not_food,synthetic_ocr_aug_v2
BirtbdayCondles,not_food,synthetic_ocr_aug_v2
BBirthdayCard,not_food,synthetic_ocr_aug_v2
BirtbdayCord,not_food,synthetic_ocr_aug_v2
Blac,not_food,synthetic_ocr_aug_v2
Blea/ch,not_food,synthetic_ocr_aug_v2
BLISTERPADS,not_food,synthetic_ocr_aug_v2
Bl*isterPads,not_food,synthetic_ocr_aug_v2
Bobb,not_food,synthetic_ocr_aug_v2
8obbyPirs,not_food,synthetic_ocr_aug_v2
BodyLotionUnscented/,not_food,synthetic_ocr_aug_v2
BodyLotionnscented,not_food,synthetic_ocr_aug_v2
BodyWas#h,not_food,synthetic_ocr_aug_v2
BodyWash,not_food,synthetic_ocr_aug_v2
BottleOppener,not_food,synthetic_ocr_aug_v2
BOtTleoPeNer,not_food,synthetic_ocr_aug_v2
Brakeluid,not_food,synthetic_ocr_aug_v2
BraKf1VID,not_food,synthetic_ocr_aug_v2
8Rorn,not_food,synthetic_ocr_aug_v2
Bro*om,not_food,synthetic_ocr_aug_v2
BroomHandleRepl,not_food,synthetic_ocr_aug_v2
BroomHandleReplac,not_food,synthetic_ocr_aug_v2
ubleWrap,not_food,synthetic_ocr_aug_v2
BubbleWrap,not_food,synthetic_ocr_aug_v2
Buc,not_food,synthetic_ocr_aug_v2
Buckket,not_food,synthetic_ocr_aug_v2
BugSprayInsectRepelllent,not_food,synthetic_ocr_aug_v2
BuGSPRayInSecTrEPeLlEnt,not_food,synthetic_ocr_aug_v2
BUNGEECORDS,not_food,synthetic_ocr_aug_v2
BungeeCrds,not_food,synthetic_ocr_aug_v2
Ca1lciumSupplement,not_food,synthetic_ocr_aug_v2
COLCUMSUPPLERNNT,not_food,synthetic_ocr_aug_v2
Co1culator,not_food,synthetic_ocr_aug_v2
Calculat0or,not_food,synthetic_ocr_aug_v2
CCalendarPlanner,not_food,synthetic_ocr_aug_v2
CALENDARPLAN,not_food,synthetic_ocr_aug_v2
CA1LUSRRNOVER,not_food,synthetic_ocr_aug_v2
Calluseove,not_food,synthetic_ocr_aug_v2
CarnpingLantcrn,not_food,synthetic_ocr_aug_v2
CampingLanternn,not_food,synthetic_ocr_aug_v2
CnOener,not_food,synthetic_ocr_aug_v2
Can0perer,not_food,synthetic_ocr_aug_v2
CandlesUnscented,not_food,synthetic_ocr_aug_v2
Cand1esUrscented,not_food,synthetic_ocr_aug_v2
CarAirFreshe,not_food,synthetic_ocr_aug_v2
Carairfre,not_food,synthetic_ocr_aug_v2
Carfloormats,not_food,synthetic_ocr_aug_v2
CorFloorMots,not_food,synthetic_ocr_aug_v2
CarWashSoap,not_food,synthetic_ocr_aug_v2
CarWa,not_food,synthetic_ocr_aug_v2
Car,not_food,synthetic_ocr_aug_v2
CaarWax,not_food,synthetic_ocr_aug_v2
CCarpetCleaner,not_food,synthetic_ocr_aug_v2
Corpetcleoner,not_food,synthetic_ocr_aug_v2
CarpetDDeodorizer,not_food,synthetic_ocr_aug_v2
CArPeTDEoDO,not_food,synthetic_ocr_aug_v2
castironskillet,not_food,synthetic_ocr_aug_v2
CastIronSkilletSeasorirgSpray,not_food,synthetic_ocr_aug_v2
CATFOODDRY,not_food,synthetic_ocr_aug_v2
CatFoodDry,not_food,synthetic_ocr_aug_v2
CatFoodWetCans,not_food,synthetic_ocr_aug_v2
CatFoodWctCons,not_food,synthetic_ocr_aug_v2
CATL,not_food,synthetic_ocr_aug_v2
Catlitter,not_food,synthetic_ocr_aug_v2
Cat5crotchingPost,not_food,synthetic_ocr_aug_v2
catscratchingpost,not_food,synthetic_ocr_aug_v2
CatTrcots,not_food,synthetic_ocr_aug_v2
CatTrea,not_food,synthetic_ocr_aug_v2
ChampagneStopper,not_food,synthetic_ocr_aug_v2
chompagn5toppr,not_food,synthetic_ocr_aug_v2
CharcoalBrique,not_food,synthetic_ocr_aug_v2
CharoalBriqettes,not_food,synthetic_ocr_aug_v2
CharcoallGrillStarter,not_food,synthetic_ocr_aug_v2
Cha1rcoalGrillStarter,not_food,synthetic_ocr_aug_v2
Charcoa11ighter,not_food,synthetic_ocr_aug_v2
Charcoa,not_food,synthetic_ocr_aug_v2
Che,not_food,synthetic_ocr_aug_v2
ChewToy,not_food,synthetic_ocr_aug_v2
ChristmasLightsS#tring,not_food,synthetic_ocr_aug_v2
christmaslig,not_food,synthetic_ocr_aug_v2
cigarettelighterr,not_food,synthetic_ocr_aug_v2
CigarctteLightcrRefill,not_food,synthetic_ocr_aug_v2
Cigorcttes,not_food,synthetic_ocr_aug_v2
Ciigarettes,not_food,synthetic_ocr_aug_v2
Cig,not_food,synthetic_ocr_aug_v2
Cig/ars,not_food,synthetic_ocr_aug_v2
CitrorcllaCandle,not_food,synthetic_ocr_aug_v2
CitrnellaCndl,not_food,synthetic_ocr_aug_v2
CitronllTorch,not_food,synthetic_ocr_aug_v2
Citronel,not_food,synthetic_ocr_aug_v2
CothesPin,not_food,synthetic_ocr_aug_v2
ClothesPins,not_food,synthetic_ocr_aug_v2
CffeFlters,not_food,synthetic_ocr_aug_v2
CoffeeFi0lters,not_food,synthetic_ocr_aug_v2
CoffeeMug,not_food,synthetic_ocr_aug_v2
CoffeMug,not_food,synthetic_ocr_aug_v2
Co1DmdCIrE,not_food,synthetic_ocr_aug_v2
COLDMEDICINE,not_food,synthetic_ocr_aug_v2
Com,not_food,synthetic_ocr_aug_v2
Cornb,not_food,synthetic_ocr_aug_v2
COMMANDSTRIPS,not_food,synthetic_ocr_aug_v2
commandstrips,not_food,synthetic_ocr_aug_v2
CompressionSo/cks,not_food,synthetic_ocr_aug_v2
COmprESS,not_food,synthetic_ocr_aug_v2
ComputerKeyboard,not_food,synthetic_ocr_aug_v2
CompvterKeyboarcl,not_food,synthetic_ocr_aug_v2
Condition*er,not_food,synthetic_ocr_aug_v2
Coditionr,not_food,synthetic_ocr_aug_v2
CONFET,not_food,synthetic_ocr_aug_v2
Co*nfetti,not_food,synthetic_ocr_aug_v2
ConctLensSolution,not_food,synthetic_ocr_aug_v2
ContactLensSolu,not_food,synthetic_ocr_aug_v2
Coolerbag,not_food,synthetic_ocr_aug_v2
Coolerbaginsulated,not_food,synthetic_ocr_aug_v2
CORKSC,not_food,synthetic_ocr_aug_v2
Ckscrew,not_food,synthetic_ocr_aug_v2
CoottonBalls,not_food,synthetic_ocr_aug_v2
otoBalls,not_food,synthetic_ocr_aug_v2
COTTONROUN,not_food,synthetic_ocr_aug_v2
CttnRonds,not_food,synthetic_ocr_aug_v2
CottonS,not_food,synthetic_ocr_aug_v2
CottonSw.abs,not_food,synthetic_ocr_aug_v2
CoughS,not_food,synthetic_ocr_aug_v2
CoughSyr,not_food,synthetic_ocr_aug_v2
Crosswordpuzzlebook,not_food,synthetic_ocr_aug_v2
CrosswordPuzzleB*ook,not_food,synthetic_ocr_aug_v2
CrutchesRe,not_food,synthetic_ocr_aug_v2
CruTCbSrertal,not_food,synthetic_ocr_aug_v2
CvttingBoord,not_food,synthetic_ocr_aug_v2
CuttingBoard,not_food,synthetic_ocr_aug_v2
DENTAL,not_food,synthetic_ocr_aug_v2
Den.talFloss,not_food,synthetic_ocr_aug_v2
DEoDo,not_food,synthetic_ocr_aug_v2
Deoodorant,not_food,synthetic_ocr_aug_v2
Deskorga,not_food,synthetic_ocr_aug_v2
Deskorganizer,not_food,synthetic_ocr_aug_v2
DIAPERBAG,not_food,synthetic_ocr_aug_v2
Dioper8ag,not_food,synthetic_ocr_aug_v2
DiprRashCram,not_food,synthetic_ocr_aug_v2
DiaperRashCreeam,not_food,synthetic_ocr_aug_v2
DiopersNcwborn,not_food,synthetic_ocr_aug_v2
Diaper0sNewborn,not_food,synthetic_ocr_aug_v2
DiapersS1ize3,not_food,synthetic_ocr_aug_v2
Diaper,not_food,synthetic_ocr_aug_v2
DiapersSize5,not_food,synthetic_ocr_aug_v2
DiapersSizee5,not_food,synthetic_ocr_aug_v2
DIGITALBLOODPRES,not_food,synthetic_ocr_aug_v2
dGITl81ODPRSsUReMnITOR,not_food,synthetic_ocr_aug_v2
DishRack,not_food,synthetic_ocr_aug_v2
Dish#Rack,not_food,synthetic_ocr_aug_v2
Dish5oop,not_food,synthetic_ocr_aug_v2
Dishsoap,not_food,synthetic_ocr_aug_v2
D#ishTowels,not_food,synthetic_ocr_aug_v2
DishTowels,not_food,synthetic_ocr_aug_v2
DisinfectingWipes,not_food,synthetic_ocr_aug_v2
DisinffectingWipes,not_food,synthetic_ocr_aug_v2
DiSPOSaBlEfACemAskS,not_food,synthetic_ocr_aug_v2
Disposabl,not_food,synthetic_ocr_aug_v2
DisposableRazorsMv1tipack,not_food,synthetic_ocr_aug_v2
DisposableRazorsMMultipack,not_food,synthetic_ocr_aug_v2
DOGFO,not_food,synthetic_ocr_aug_v2
DogFoodDry,not_food,synthetic_ocr_aug_v2
DogoodetCan,not_food,synthetic_ocr_aug_v2
Dogfoclwtcrs,not_food,synthetic_ocr_aug_v2
DogLeeash,not_food,synthetic_ocr_aug_v2
DogL,not_food,synthetic_ocr_aug_v2
DogPoop8agsRcfill,not_food,synthetic_ocr_aug_v2
DOGPOP8OGSREFILL,not_food,synthetic_ocr_aug_v2
DOGT,not_food,synthetic_ocr_aug_v2
Dogtrcots,not_food,synthetic_ocr_aug_v2
Doormatt,not_food,synthetic_ocr_aug_v2
Doorm,not_food,synthetic_ocr_aug_v2
Dra.inCleaner,not_food,synthetic_ocr_aug_v2
DranCleaner,not_food,synthetic_ocr_aug_v2
#DropCloth,not_food,synthetic_ocr_aug_v2
DropCloth,not_food,synthetic_ocr_aug_v2
DryerShheets,not_food,synthetic_ocr_aug_v2
Dryeeets,not_food,synthetic_ocr_aug_v2
DryingRack,not_food,synthetic_ocr_aug_v2
Dryingack,not_food,synthetic_ocr_aug_v2
DvctTapc,not_food,synthetic_ocr_aug_v2
DuctTape,not_food,synthetic_ocr_aug_v2
DuMbbel,not_food,synthetic_ocr_aug_v2
Dumbbe,not_food,synthetic_ocr_aug_v2
Dstpor,not_food,synthetic_ocr_aug_v2
dstpr,not_food,synthetic_ocr_aug_v2
/EarPlugs,not_food,synthetic_ocr_aug_v2
RP1GS,not_food,synthetic_ocr_aug_v2
EARBU,not_food,synthetic_ocr_aug_v2
ear,not_food,synthetic_ocr_aug_v2
EasterBaskctGross,not_food,synthetic_ocr_aug_v2
/EasterBasketGrass,not_food,synthetic_ocr_aug_v2
E1ECTRICRAZRF1,not_food,synthetic_ocr_aug_v2
ElectriicRazorFoil,not_food,synthetic_ocr_aug_v2
eLECTRolYTePOwDErpACKets,not_food,synthetic_ocr_aug_v2
ElectrolytePowderPackets,not_food,synthetic_ocr_aug_v2
Envelop,not_food,synthetic_ocr_aug_v2
ENVEL,not_food,synthetic_ocr_aug_v2
ExtenionCord,not_food,synthetic_ocr_aug_v2
EXTENSRCRCL,not_food,synthetic_ocr_aug_v2
ExtensionPowcr5trip,not_food,synthetic_ocr_aug_v2
ExtensionnPowerStrip,not_food,synthetic_ocr_aug_v2
yDrops,not_food,synthetic_ocr_aug_v2
EyeDropss,not_food,synthetic_ocr_aug_v2
EyeMaskSlp,not_food,synthetic_ocr_aug_v2
EyeMaskkSleep,not_food,synthetic_ocr_aug_v2
Fabricsoftener,not_food,synthetic_ocr_aug_v2
FobricSoftcner,not_food,synthetic_ocr_aug_v2
FaceMaskS/heet,not_food,synthetic_ocr_aug_v2
FaceMaaskSheet,not_food,synthetic_ocr_aug_v2
FaceMoisturiz.er,not_food,synthetic_ocr_aug_v2
FACEMOISTUR,not_food,synthetic_ocr_aug_v2
Facialcle,not_food,synthetic_ocr_aug_v2
FAciAlclEANSeR,not_food,synthetic_ocr_aug_v2
FacialTis,not_food,synthetic_ocr_aug_v2
facialtissuebox,not_food,synthetic_ocr_aug_v2
FaciolTissucs,not_food,synthetic_ocr_aug_v2
FacialTissues,not_food,synthetic_ocr_aug_v2
FemnnPds,not_food,synthetic_ocr_aug_v2
Feminin,not_food,synthetic_ocr_aug_v2
FilFoderHanging,not_food,synthetic_ocr_aug_v2
FILEFOLDERSHA,not_food,synthetic_ocr_aug_v2
FireExtin,not_food,synthetic_ocr_aug_v2
FireExtinguis#her,not_food,synthetic_ocr_aug_v2
FirstAiKit,not_food,synthetic_ocr_aug_v2
FrstdKit,not_food,synthetic_ocr_aug_v2
Firstaidta,not_food,synthetic_ocr_aug_v2
Fir0stAidTape,not_food,synthetic_ocr_aug_v2
FishFoodFlakes,not_food,synthetic_ocr_aug_v2
FFishFoodFlakes,not_food,synthetic_ocr_aug_v2
FisshOilCapsules,not_food,synthetic_ocr_aug_v2
FISHOILCAP,not_food,synthetic_ocr_aug_v2
0Flashlight,not_food,synthetic_ocr_aug_v2
fLsH1IgBt,not_food,synthetic_ocr_aug_v2
FLEAC,not_food,synthetic_ocr_aug_v2
FleaCollar,not_food,synthetic_ocr_aug_v2
F1ipF1ops,not_food,synthetic_ocr_aug_v2
lipFlops,not_food,synthetic_ocr_aug_v2
FloorClea,not_food,synthetic_ocr_aug_v2
FoorCleaner,not_food,synthetic_ocr_aug_v2
FloweBouue,not_food,synthetic_ocr_aug_v2
FlowerBouquet,not_food,synthetic_ocr_aug_v2
FlySwatter,not_food,synthetic_ocr_aug_v2
FFlySwatter,not_food,synthetic_ocr_aug_v2
FooodStorageContainers,not_food,synthetic_ocr_aug_v2
FOODSTORAGECONTAINERS,not_food,synthetic_ocr_aug_v2
FootPoowder,not_food,synthetic_ocr_aug_v2
FOOTPowd,not_food,synthetic_ocr_aug_v2
fuRnITU,not_food,synthetic_ocr_aug_v2
furniturepolish,not_food,synthetic_ocr_aug_v2
Garenloves,not_food,synthetic_ocr_aug_v2
GardenGlovs,not_food,synthetic_ocr_aug_v2
GrdnHose,not_food,synthetic_ocr_aug_v2
GardenH,not_food,synthetic_ocr_aug_v2
giftbag,not_food,synthetic_ocr_aug_v2
GiftBag,not_food,synthetic_ocr_aug_v2
GifCad,not_food,synthetic_ocr_aug_v2
giftc,not_food,synthetic_ocr_aug_v2
Gl/assCleaner,not_food,synthetic_ocr_aug_v2
GlasCleaner,not_food,synthetic_ocr_aug_v2
G1vcoseTestStrips,not_food,synthetic_ocr_aug_v2
GluccoseTestStrips,not_food,synthetic_ocr_aug_v2
GluStick,not_food,synthetic_ocr_aug_v2
GlStick,not_food,synthetic_ocr_aug_v2
GrassSe,not_food,synthetic_ocr_aug_v2
GrassSed,not_food,synthetic_ocr_aug_v2
GreeetingCard,not_food,synthetic_ocr_aug_v2
grctingcarcl,not_food,synthetic_ocr_aug_v2
Gr0outCleaner,not_food,synthetic_ocr_aug_v2
GroutCleaaner,not_food,synthetic_ocr_aug_v2
HDMIICable,not_food,synthetic_ocr_aug_v2
hDMI,not_food,synthetic_ocr_aug_v2
HAir,not_food,synthetic_ocr_aug_v2
HairDyye,not_food,synthetic_ocr_aug_v2
HairGel,not_food,synthetic_ocr_aug_v2
Hairg,not_food,synthetic_ocr_aug_v2
hairspray,not_food,synthetic_ocr_aug_v2
hoir5pray,not_food,synthetic_ocr_aug_v2
HairTi,not_food,synthetic_ocr_aug_v2
hairties,not_food,synthetic_ocr_aug_v2
Hoirbrusb,not_food,synthetic_ocr_aug_v2
Hairbrvsb,not_food,synthetic_ocr_aug_v2
HalloweenC*andyBowlDecoration,not_food,synthetic_ocr_aug_v2
HalloweenCanclyBowlDccoration,not_food,synthetic_ocr_aug_v2
Harnrner,not_food,synthetic_ocr_aug_v2
Ham,not_food,synthetic_ocr_aug_v2
HamsteerBedding,not_food,synthetic_ocr_aug_v2
HamsterBedding,not_food,synthetic_ocr_aug_v2
HanDsanITIz,not_food,synthetic_ocr_aug_v2
HndSanitizer,not_food,synthetic_ocr_aug_v2
handsoap,not_food,synthetic_ocr_aug_v2
H#andSoap,not_food,synthetic_ocr_aug_v2
Heating,not_food,synthetic_ocr_aug_v2
hCAtinGpod,not_food,synthetic_ocr_aug_v2
HEMORRHOIDCREAM,not_food,synthetic_ocr_aug_v2
HemrrhoidCram,not_food,synthetic_ocr_aug_v2
HHighlighterPack,not_food,synthetic_ocr_aug_v2
HigblighterPock,not_food,synthetic_ocr_aug_v2
HHighlightersPack,not_food,synthetic_ocr_aug_v2
HghlghtersPck,not_food,synthetic_ocr_aug_v2
HolidayWrappingPaperRoll,not_food,synthetic_ocr_aug_v2
HolidayWrap/pingPaperRoll,not_food,synthetic_ocr_aug_v2
HoooksAdhesive,not_food,synthetic_ocr_aug_v2
HooksAdhesive,not_food,synthetic_ocr_aug_v2
Humidifier,not_food,synthetic_ocr_aug_v2
HUMICLFRFI1TR,not_food,synthetic_ocr_aug_v2
HydrogenPeeroxide,not_food,synthetic_ocr_aug_v2
HydrognPeroxide,not_food,synthetic_ocr_aug_v2
Ibupr,not_food,synthetic_ocr_aug_v2
iBupROf,not_food,synthetic_ocr_aug_v2
IceCubeTrays,not_food,synthetic_ocr_aug_v2
Cccvbtrays,not_food,synthetic_ocr_aug_v2
IceScraper,not_food,synthetic_ocr_aug_v2
I.ceScraper,not_food,synthetic_ocr_aug_v2
Indexc,not_food,synthetic_ocr_aug_v2
Index,not_food,synthetic_ocr_aug_v2
Inse1ctBiteReliefStick,not_food,synthetic_ocr_aug_v2
InsectBiteReliefStick,not_food,synthetic_ocr_aug_v2
InsectRepllntWipes,not_food,synthetic_ocr_aug_v2
InsectRepel,not_food,synthetic_ocr_aug_v2
IroningBoardCoveer,not_food,synthetic_ocr_aug_v2
IroningBoardCo,not_food,synthetic_ocr_aug_v2
JUMPROPE,not_food,synthetic_ocr_aug_v2
JumpRope,not_food,synthetic_ocr_aug_v2
JuperCaes,not_food,synthetic_ocr_aug_v2
JvmperCab1es,not_food,synthetic_ocr_aug_v2
KitchenSpongeScrubber,not_food,synthetic_ocr_aug_v2
KitchnSpngScrubber,not_food,synthetic_ocr_aug_v2
KtchenTimer,not_food,synthetic_ocr_aug_v2
KitchennTimer,not_food,synthetic_ocr_aug_v2
KneeBrace,not_food,synthetic_ocr_aug_v2
knEeB,not_food,synthetic_ocr_aug_v2
LabelMakerT*ape,not_food,synthetic_ocr_aug_v2
LablMkerTap,not_food,synthetic_ocr_aug_v2
LatexGlovesBox,not_food,synthetic_ocr_aug_v2
LatexGlvesBox,not_food,synthetic_ocr_aug_v2
Laundr,not_food,synthetic_ocr_aug_v2
LauNdR,not_food,synthetic_ocr_aug_v2
1aurdryDetergentLiquid,not_food,synthetic_ocr_aug_v2
LaundryDetergentLiqud,not_food,synthetic_ocr_aug_v2
LAuNdRyDEt,not_food,synthetic_ocr_aug_v2
LaundryDetergen,not_food,synthetic_ocr_aug_v2
laxaTiVetABLETS,not_food,synthetic_ocr_aug_v2
LAXTIVCTOBLTS,not_food,synthetic_ocr_aug_v2
Level,not_food,synthetic_ocr_aug_v2
1CVELTOOL,not_food,synthetic_ocr_aug_v2
LightBulbs,not_food,synthetic_ocr_aug_v2
LIGHTBULBS,not_food,synthetic_ocr_aug_v2
Lghter,not_food,synthetic_ocr_aug_v2
1igbter,not_food,synthetic_ocr_aug_v2
Lighte,not_food,synthetic_ocr_aug_v2
Ligherluid,not_food,synthetic_ocr_aug_v2
LirtRol1er,not_food,synthetic_ocr_aug_v2
LintR,not_food,synthetic_ocr_aug_v2
Lirttrapfi1Tr,not_food,synthetic_ocr_aug_v2
LintTrapFilter,not_food,synthetic_ocr_aug_v2
LipBalm,not_food,synthetic_ocr_aug_v2
LipB,not_food,synthetic_ocr_aug_v2
LittterBoxLiners,not_food,synthetic_ocr_aug_v2
LitterB,not_food,synthetic_ocr_aug_v2
1oofahSpongc,not_food,synthetic_ocr_aug_v2
LofahSpone,not_food,synthetic_ocr_aug_v2
LOTI,not_food,synthetic_ocr_aug_v2
Lootion,not_food,synthetic_ocr_aug_v2
LotteryTicket,not_food,synthetic_ocr_aug_v2
LotterTike,not_food,synthetic_ocr_aug_v2
LunchBox,not_food,synthetic_ocr_aug_v2
1urchbox,not_food,synthetic_ocr_aug_v2
LunCHcOOLErbaG,not_food,synthetic_ocr_aug_v2
LunchCoolerBag,not_food,synthetic_ocr_aug_v2
Mgazine,not_food,synthetic_ocr_aug_v2
Magozire,not_food,synthetic_ocr_aug_v2
MakeupRemoverWipes,not_food,synthetic_ocr_aug_v2
MakeupRemov,not_food,synthetic_ocr_aug_v2
makeupsp,not_food,synthetic_ocr_aug_v2
MokcupSponge,not_food,synthetic_ocr_aug_v2
ManilaFollders,not_food,synthetic_ocr_aug_v2
MANILAFOLDERS,not_food,synthetic_ocr_aug_v2
Match,not_food,synthetic_ocr_aug_v2
Mat,not_food,synthetic_ocr_aug_v2
MeasuringCuupsSet,not_food,synthetic_ocr_aug_v2
MeasurngCupsSet,not_food,synthetic_ocr_aug_v2
MeatThermome,not_food,synthetic_ocr_aug_v2
MCTTHCRMOMETR,not_food,synthetic_ocr_aug_v2
MelotoninTab1ets,not_food,synthetic_ocr_aug_v2
MeltonnTablts,not_food,synthetic_ocr_aug_v2
/Mop,not_food,synthetic_ocr_aug_v2
M/op,not_food,synthetic_ocr_aug_v2
MMothballs,not_food,synthetic_ocr_aug_v2
MOTBBAL1S,not_food,synthetic_ocr_aug_v2
M*otionSicknessTablets,not_food,synthetic_ocr_aug_v2
MotionSicknessTa,not_food,synthetic_ocr_aug_v2
MotorOil,not_food,synthetic_ocr_aug_v2
motOR0i1,not_food,synthetic_ocr_aug_v2
MootorOilFilter,not_food,synthetic_ocr_aug_v2
MotorOilFilteer,not_food,synthetic_ocr_aug_v2
Mousap,not_food,synthetic_ocr_aug_v2
0MouseTrap,not_food,synthetic_ocr_aug_v2
Mouthwwash,not_food,synthetic_ocr_aug_v2
Mouthhwash,not_food,synthetic_ocr_aug_v2
MovingBoxees,not_food,synthetic_ocr_aug_v2
MOVIN,not_food,synthetic_ocr_aug_v2
MuffinnLinersPaper,not_food,synthetic_ocr_aug_v2
MuffinLinersPa,not_food,synthetic_ocr_aug_v2
Multivitamingummies,not_food,synthetic_ocr_aug_v2
MultivitaminGumms,not_food,synthetic_ocr_aug_v2
Muscler,not_food,synthetic_ocr_aug_v2
MscleRbCrem,not_food,synthetic_ocr_aug_v2
NoilClippcrs,not_food,synthetic_ocr_aug_v2
NailClippes,not_food,synthetic_ocr_aug_v2
Noi1File,not_food,synthetic_ocr_aug_v2
NailFile,not_food,synthetic_ocr_aug_v2
NA1POLSB,not_food,synthetic_ocr_aug_v2
NailPolish,not_food,synthetic_ocr_aug_v2
nailpolish,not_food,synthetic_ocr_aug_v2
NAILPOLISHREMOVER,not_food,synthetic_ocr_aug_v2
Nai1Sssrted8Ox,not_food,synthetic_ocr_aug_v2
Nai1sAssorted8ox,not_food,synthetic_ocr_aug_v2
Napkiins,not_food,synthetic_ocr_aug_v2
Napk,not_food,synthetic_ocr_aug_v2
Ncwspapcr,not_food,synthetic_ocr_aug_v2
Newwspaper,not_food,synthetic_ocr_aug_v2
NOTE,not_food,synthetic_ocr_aug_v2
noteb,not_food,synthetic_ocr_aug_v2
notbok5pir1,not_food,synthetic_ocr_aug_v2
notebook5pIra1,not_food,synthetic_ocr_aug_v2
venBags,not_food,synthetic_ocr_aug_v2
OvenBags,not_food,synthetic_ocr_aug_v2
OvenClean,not_food,synthetic_ocr_aug_v2
vcncLCNeR,not_food,synthetic_ocr_aug_v2
vnMtts,not_food,synthetic_ocr_aug_v2
OvenMitts,not_food,synthetic_ocr_aug_v2
PocificrClips,not_food,synthetic_ocr_aug_v2
PACIFCRC1IPS,not_food,synthetic_ocr_aug_v2
Pacifier.s,not_food,synthetic_ocr_aug_v2
Pacif.iers,not_food,synthetic_ocr_aug_v2
PaackingTape,not_food,synthetic_ocr_aug_v2
Packing,not_food,synthetic_ocr_aug_v2
Paddedmailingenvelope,not_food,synthetic_ocr_aug_v2
PADDEDMAIL,not_food,synthetic_ocr_aug_v2
Pocllock,not_food,synthetic_ocr_aug_v2
Padl1ock,not_food,synthetic_ocr_aug_v2
PAINRELIEVE,not_food,synthetic_ocr_aug_v2
PainRelieverTablets,not_food,synthetic_ocr_aug_v2
Paintbrushs,not_food,synthetic_ocr_aug_v2
PaintBrushSet,not_food,synthetic_ocr_aug_v2
paintroller,not_food,synthetic_ocr_aug_v2
PaintRolller,not_food,synthetic_ocr_aug_v2
Painte,not_food,synthetic_ocr_aug_v2
PAinTer,not_food,synthetic_ocr_aug_v2
Paperclips,not_food,synthetic_ocr_aug_v2
PaperCliips,not_food,synthetic_ocr_aug_v2
PaaperCups,not_food,synthetic_ocr_aug_v2
PprCups,not_food,synthetic_ocr_aug_v2
PePlates,not_food,synthetic_ocr_aug_v2
aerPlaes,not_food,synthetic_ocr_aug_v2
PAPERTOWE,not_food,synthetic_ocr_aug_v2
Poprtow1S,not_food,synthetic_ocr_aug_v2
parchmentpaper,not_food,synthetic_ocr_aug_v2
parCHmeNT,not_food,synthetic_ocr_aug_v2
PortyHots,not_food,synthetic_ocr_aug_v2
Partyhats,not_food,synthetic_ocr_aug_v2
PatioCusshions,not_food,synthetic_ocr_aug_v2
PATOCVSHRS,not_food,synthetic_ocr_aug_v2
Pen/Pack,not_food,synthetic_ocr_aug_v2
PenPck,not_food,synthetic_ocr_aug_v2
PetCarrr,not_food,synthetic_ocr_aug_v2
PeCarrer,not_food,synthetic_ocr_aug_v2
PetDentalChews,not_food,synthetic_ocr_aug_v2
petdentalchews,not_food,synthetic_ocr_aug_v2
Pe1tGroomingBrush,not_food,synthetic_ocr_aug_v2
Pctgromirgbrush,not_food,synthetic_ocr_aug_v2
PetNailClipprs,not_food,synthetic_ocr_aug_v2
PetNaillipers,not_food,synthetic_ocr_aug_v2
Petshampoo,not_food,synthetic_ocr_aug_v2
PetSham#poo,not_food,synthetic_ocr_aug_v2
PetWastBags,not_food,synthetic_ocr_aug_v2
PtaseBags,not_food,synthetic_ocr_aug_v2
PboreCase,not_food,synthetic_ocr_aug_v2
PhonCase,not_food,synthetic_ocr_aug_v2
PoneChargeCable,not_food,synthetic_ocr_aug_v2
PhoneChargerCablee,not_food,synthetic_ocr_aug_v2
PhoneScreennProtector,not_food,synthetic_ocr_aug_v2
PhoneScreenP1rotector,not_food,synthetic_ocr_aug_v2
PictureHangi#ngKit,not_food,synthetic_ocr_aug_v2
PictureHangingKit,not_food,synthetic_ocr_aug_v2
Piñaata,not_food,synthetic_ocr_aug_v2
iñat,not_food,synthetic_ocr_aug_v2
PlantFerrtilizer,not_food,synthetic_ocr_aug_v2
PlantFe0rtilizer,not_food,synthetic_ocr_aug_v2
Plasticu,not_food,synthetic_ocr_aug_v2
P1asticUtersils,not_food,synthetic_ocr_aug_v2
P/lasticWrap,not_food,synthetic_ocr_aug_v2
PLAST,not_food,synthetic_ocr_aug_v2
p1yrgcrds,not_food,synthetic_ocr_aug_v2
PlayingC,not_food,synthetic_ocr_aug_v2
p1icrs,not_food,synthetic_ocr_aug_v2
Plie,not_food,synthetic_ocr_aug_v2
lunger,not_food,synthetic_ocr_aug_v2
Plu0nger,not_food,synthetic_ocr_aug_v2
pStAGE5tRNpsBk,not_food,synthetic_ocr_aug_v2
PostageStampsBook,not_food,synthetic_ocr_aug_v2
PotHollders,not_food,synthetic_ocr_aug_v2
Pot0Holders,not_food,synthetic_ocr_aug_v2
Potpourr/iBag,not_food,synthetic_ocr_aug_v2
PotpourriBag,not_food,synthetic_ocr_aug_v2
PotteedPlant,not_food,synthetic_ocr_aug_v2
PttdPlant,not_food,synthetic_ocr_aug_v2
PottingSilBg,not_food,synthetic_ocr_aug_v2
PottingSoilBBag,not_food,synthetic_ocr_aug_v2
PrinterPaperRea,not_food,synthetic_ocr_aug_v2
pRINTErPaPerRCarn,not_food,synthetic_ocr_aug_v2
ProbioticCapsuules,not_food,synthetic_ocr_aug_v2
ProbioticCaapsules,not_food,synthetic_ocr_aug_v2
Protroctor,not_food,synthetic_ocr_aug_v2
Protract,not_food,synthetic_ocr_aug_v2
PruningShears,not_food,synthetic_ocr_aug_v2
PruningShearrs,not_food,synthetic_ocr_aug_v2
Pumice,not_food,synthetic_ocr_aug_v2
PumiceSe,not_food,synthetic_ocr_aug_v2
PuppyTrainngPds,not_food,synthetic_ocr_aug_v2
PuppyTraini,not_food,synthetic_ocr_aug_v2
PshPins,not_food,synthetic_ocr_aug_v2
PUsHPiNs,not_food,synthetic_ocr_aug_v2
raiNPonCHo,not_food,synthetic_ocr_aug_v2
RinPonch,not_food,synthetic_ocr_aug_v2
Rawhideche,not_food,synthetic_ocr_aug_v2
Rawhidech,not_food,synthetic_ocr_aug_v2
RzrsDisposabl,not_food,synthetic_ocr_aug_v2
RzorsDspsabl,not_food,synthetic_ocr_aug_v2
ReadingGlases,not_food,synthetic_ocr_aug_v2
READInGglAsseS,not_food,synthetic_ocr_aug_v2
recYcLINgB,not_food,synthetic_ocr_aug_v2
Recyclingba,not_food,synthetic_ocr_aug_v2
RESIstANC,not_food,synthetic_ocr_aug_v2
resstonccbands,not_food,synthetic_ocr_aug_v2
ReusaableGroceryBags,not_food,synthetic_ocr_aug_v2
ReusableGroceryBa1gs,not_food,synthetic_ocr_aug_v2
ReusableIceCu,not_food,synthetic_ocr_aug_v2
ResbleIcCubes,not_food,synthetic_ocr_aug_v2
REUSBLEWATER8TTLC,not_food,synthetic_ocr_aug_v2
Reusab0leWaterBottle,not_food,synthetic_ocr_aug_v2
Rollin,not_food,synthetic_ocr_aug_v2
RollingPapeers,not_food,synthetic_ocr_aug_v2
RoomDeodorizerSpry,not_food,synthetic_ocr_aug_v2
RoomDedrizrSpray,not_food,synthetic_ocr_aug_v2
ropen,not_food,synthetic_ocr_aug_v2
RopeNylon,not_food,synthetic_ocr_aug_v2
RubberBands,not_food,synthetic_ocr_aug_v2
Rubbcr8ands,not_food,synthetic_ocr_aug_v2
rbbcr6loves,not_food,synthetic_ocr_aug_v2
Rubbersta,not_food,synthetic_ocr_aug_v2
RubberStamp,not_food,synthetic_ocr_aug_v2
Rubbin/gAlcohol,not_food,synthetic_ocr_aug_v2
RubbingAlcohol,not_food,synthetic_ocr_aug_v2
Rler,not_food,synthetic_ocr_aug_v2
r1r,not_food,synthetic_ocr_aug_v2
SafetyGog,not_food,synthetic_ocr_aug_v2
sofETY6OggleS,not_food,synthetic_ocr_aug_v2
SalineNNasalSpray,not_food,synthetic_ocr_aug_v2
salinenasalspray,not_food,synthetic_ocr_aug_v2
SanclpaperShects,not_food,synthetic_ocr_aug_v2
Sandpap.erSheets,not_food,synthetic_ocr_aug_v2
SondwicbBags,not_food,synthetic_ocr_aug_v2
SanddwichBags,not_food,synthetic_ocr_aug_v2
Scar,not_food,synthetic_ocr_aug_v2
5corf,not_food,synthetic_ocr_aug_v2
SceNteD,not_food,synthetic_ocr_aug_v2
ScenntedCandle,not_food,synthetic_ocr_aug_v2
Scssors,not_food,synthetic_ocr_aug_v2
5cissrs,not_food,synthetic_ocr_aug_v2
ScrewdriverSet,not_food,synthetic_ocr_aug_v2
Screwdr,not_food,synthetic_ocr_aug_v2
ScrewsAssorted,not_food,synthetic_ocr_aug_v2
ScrewsAssortedBox,not_food,synthetic_ocr_aug_v2
5crub8rush,not_food,synthetic_ocr_aug_v2
scrubbrush,not_food,synthetic_ocr_aug_v2
Sewing,not_food,synthetic_ocr_aug_v2
5ewirgKit,not_food,synthetic_ocr_aug_v2
Shampo1o,not_food,synthetic_ocr_aug_v2
Shmpo,not_food,synthetic_ocr_aug_v2
Shavingcr,not_food,synthetic_ocr_aug_v2
Shav*ingCream,not_food,synthetic_ocr_aug_v2
Soeacs,not_food,synthetic_ocr_aug_v2
ShoeLacces,not_food,synthetic_ocr_aug_v2
5hpolisb,not_food,synthetic_ocr_aug_v2
SHOEPO,not_food,synthetic_ocr_aug_v2
Showercap,not_food,synthetic_ocr_aug_v2
Show,not_food,synthetic_ocr_aug_v2
SkewersWooden,not_food,synthetic_ocr_aug_v2
SkcwersWooder,not_food,synthetic_ocr_aug_v2
SeepAidTablts,not_food,synthetic_ocr_aug_v2
SleepAiclTab1ets,not_food,synthetic_ocr_aug_v2
51eePInGbg,not_food,synthetic_ocr_aug_v2
SleepingBa,not_food,synthetic_ocr_aug_v2
Slippe0rs,not_food,synthetic_ocr_aug_v2
Spper,not_food,synthetic_ocr_aug_v2
SmokeDetec,not_food,synthetic_ocr_aug_v2
SmokeDetectorBa,not_food,synthetic_ocr_aug_v2
soCKSMUlTI,not_food,synthetic_ocr_aug_v2
5ocksMu1tipack,not_food,synthetic_ocr_aug_v2
SpaceHeater,not_food,synthetic_ocr_aug_v2
SpacHeater,not_food,synthetic_ocr_aug_v2
5pongcs,not_food,synthetic_ocr_aug_v2
sPonG,not_food,synthetic_ocr_aug_v2
sprayPAIntCAn,not_food,synthetic_ocr_aug_v2
Spraypa,not_food,synthetic_ocr_aug_v2
stoin1essstlclaner,not_food,synthetic_ocr_aug_v2
StainlessSteeelCleaner,not_food,synthetic_ocr_aug_v2
Stam,not_food,synthetic_ocr_aug_v2
1Stamps,not_food,synthetic_ocr_aug_v2
stop1r,not_food,synthetic_ocr_aug_v2
STAP,not_food,synthetic_ocr_aug_v2
5teelWoo1Pads,not_food,synthetic_ocr_aug_v2
steelwoolpa,not_food,synthetic_ocr_aug_v2
5tickyNotcs,not_food,synthetic_ocr_aug_v2
5TICKYNTS,not_food,synthetic_ocr_aug_v2
Storagebin,not_food,synthetic_ocr_aug_v2
StorageB/in,not_food,synthetic_ocr_aug_v2
StrawsPPlastic,not_food,synthetic_ocr_aug_v2
.StrawsPlastic,not_food,synthetic_ocr_aug_v2
stylingmOuSsE,not_food,synthetic_ocr_aug_v2
StylingMoussse,not_food,synthetic_ocr_aug_v2
Svng1asses,not_food,synthetic_ocr_aug_v2
Sunglases,not_food,synthetic_ocr_aug_v2
SvnglasscsCase,not_food,synthetic_ocr_aug_v2
SunglassesCse,not_food,synthetic_ocr_aug_v2
Sunsc,not_food,synthetic_ocr_aug_v2
suNScRE,not_food,synthetic_ocr_aug_v2
sUNsCREeNlOTIoNspF50,not_food,synthetic_ocr_aug_v2
SnscreenLtonSPF50,not_food,synthetic_ocr_aug_v2
SvrscreenSpray,not_food,synthetic_ocr_aug_v2
Sunscreenspray,not_food,synthetic_ocr_aug_v2
SuperGlue#,not_food,synthetic_ocr_aug_v2
5upcrGlue,not_food,synthetic_ocr_aug_v2
Swimgoggles,not_food,synthetic_ocr_aug_v2
SwimGog,not_food,synthetic_ocr_aug_v2
SyrnpathyCarcl,not_food,synthetic_ocr_aug_v2
5ympothycard,not_food,synthetic_ocr_aug_v2
Talcum1Powder,not_food,synthetic_ocr_aug_v2
TalcumPwder,not_food,synthetic_ocr_aug_v2
apos,not_food,synthetic_ocr_aug_v2
Tornpons,not_food,synthetic_ocr_aug_v2
TapeMeasvrc,not_food,synthetic_ocr_aug_v2
tAPeME,not_food,synthetic_ocr_aug_v2
TAPEROLL,not_food,synthetic_ocr_aug_v2
TaRoll,not_food,synthetic_ocr_aug_v2
tarpCoV,not_food,synthetic_ocr_aug_v2
TrpCov,not_food,synthetic_ocr_aug_v2
Thermome1ter,not_food,synthetic_ocr_aug_v2
T1hermometer,not_food,synthetic_ocr_aug_v2
Thrmos8Ottlc,not_food,synthetic_ocr_aug_v2
ThermosBottlle,not_food,synthetic_ocr_aug_v2
ThroatLozenges,not_food,synthetic_ocr_aug_v2
ThroatLozenge/s,not_food,synthetic_ocr_aug_v2
Tiresbinsproy,not_food,synthetic_ocr_aug_v2
TireShineS,not_food,synthetic_ocr_aug_v2
ToiletBowlC1eoner,not_food,synthetic_ocr_aug_v2
ToiltBwlClaner,not_food,synthetic_ocr_aug_v2
ToiletBrussh,not_food,synthetic_ocr_aug_v2
ToiletBrush,not_food,synthetic_ocr_aug_v2
Toi1etPapcr,not_food,synthetic_ocr_aug_v2
ToiletPaper,not_food,synthetic_ocr_aug_v2
TooolBox,not_food,synthetic_ocr_aug_v2
Tolox,not_food,synthetic_ocr_aug_v2
Toothbrsh,not_food,synthetic_ocr_aug_v2
Tootbbrvsh,not_food,synthetic_ocr_aug_v2
Toothpostc,not_food,synthetic_ocr_aug_v2
Toot/hpaste,not_food,synthetic_ocr_aug_v2
ToohpicksBox,not_food,synthetic_ocr_aug_v2
Toothpi,not_food,synthetic_ocr_aug_v2
TRAINING,not_food,synthetic_ocr_aug_v2
TrainingPan,not_food,synthetic_ocr_aug_v2
TrosbBags,not_food,synthetic_ocr_aug_v2
Trosh8Ags,not_food,synthetic_ocr_aug_v2
TravelP/illow,not_food,synthetic_ocr_aug_v2
Travc1Pillow,not_food,synthetic_ocr_aug_v2
Turkeybaster,not_food,synthetic_ocr_aug_v2
/TurkeyBaster,not_food,synthetic_ocr_aug_v2
Twcezcrs,not_food,synthetic_ocr_aug_v2
Tezers,not_food,synthetic_ocr_aug_v2
USBFLASHDRI,not_food,synthetic_ocr_aug_v2
USBFlasrive,not_food,synthetic_ocr_aug_v2
Umbrcllo,not_food,synthetic_ocr_aug_v2
mbrc1la,not_food,synthetic_ocr_aug_v2
UmbrellaComct,not_food,synthetic_ocr_aug_v2
Urnbrel1aCompact,not_food,synthetic_ocr_aug_v2
Upho1steryC1eaner,not_food,synthetic_ocr_aug_v2
upholsterycleaner,not_food,synthetic_ocr_aug_v2
VCRNBOGS,not_food,synthetic_ocr_aug_v2
VACVRNBGS,not_food,synthetic_ocr_aug_v2
VpePn,not_food,synthetic_ocr_aug_v2
VpPen,not_food,synthetic_ocr_aug_v2
vElcROstRIps,not_food,synthetic_ocr_aug_v2
VelcrroStrips,not_food,synthetic_ocr_aug_v2
vitrnnctoblts,not_food,synthetic_ocr_aug_v2
Vtrninctb1Ets,not_food,synthetic_ocr_aug_v2
vitamindcapsules,not_food,synthetic_ocr_aug_v2
VitamnDCpsules,not_food,synthetic_ocr_aug_v2
vItOmIRSMlTIVTmIn,not_food,synthetic_ocr_aug_v2
VitaminsMult,not_food,synthetic_ocr_aug_v2
WD-4Spray,not_food,synthetic_ocr_aug_v2
WD-40Spray,not_food,synthetic_ocr_aug_v2
WaterBottleSSports,not_food,synthetic_ocr_aug_v2
WaterBottleSports,not_food,synthetic_ocr_aug_v2
WaterFilte0rCartridge,not_food,synthetic_ocr_aug_v2
WaterFilterCartr,not_food,synthetic_ocr_aug_v2
Watering,not_food,synthetic_ocr_aug_v2
watcringcar,not_food,synthetic_ocr_aug_v2
waxPap,not_food,synthetic_ocr_aug_v2
*WaxPaper,not_food,synthetic_ocr_aug_v2
webcorn,not_food,synthetic_ocr_aug_v2
Webc,not_food,synthetic_ocr_aug_v2
Weedkillerspray,not_food,synthetic_ocr_aug_v2
Weed.KillerSpray,not_food,synthetic_ocr_aug_v2
Whiteboardma,not_food,synthetic_ocr_aug_v2
WhtboardMarkes,not_food,synthetic_ocr_aug_v2
wirdwsqvge,not_food,synthetic_ocr_aug_v2
WindowSquee,not_food,synthetic_ocr_aug_v2
WindshieldWasherF,not_food,synthetic_ocr_aug_v2
WindshieldsherFluid,not_food,synthetic_ocr_aug_v2
WindshielclWiperBladcs,not_food,synthetic_ocr_aug_v2
indshieWiperBlades,not_food,synthetic_ocr_aug_v2
WineOpenerElectric,not_food,synthetic_ocr_aug_v2
winEoPENER,not_food,synthetic_ocr_aug_v2
WinterGloves,not_food,synthetic_ocr_aug_v2
wIntERGlOves,not_food,synthetic_ocr_aug_v2
WirelessMouse,not_food,synthetic_ocr_aug_v2
WirelessM#ouse,not_food,synthetic_ocr_aug_v2
WOODGl,not_food,synthetic_ocr_aug_v2
Woode,not_food,synthetic_ocr_aug_v2
WdPolish,not_food,synthetic_ocr_aug_v2
WoodPo1isb,not_food,synthetic_ocr_aug_v2
WorkGloves,not_food,synthetic_ocr_aug_v2
WORK61OVES,not_food,synthetic_ocr_aug_v2
WraigPaper,not_food,synthetic_ocr_aug_v2
Wrapping,not_food,synthetic_ocr_aug_v2
Wren,not_food,synthetic_ocr_aug_v2
WrerchSct,not_food,synthetic_ocr_aug_v2
1WristBrace,not_food,synthetic_ocr_aug_v2
Wrist8racc,not_food,synthetic_ocr_aug_v2
YogMat,not_food,synthetic_ocr_aug_v2
ogaat,not_food,synthetic_ocr_aug_v2
2ipTics,not_food,synthetic_ocr_aug_v2
ZIPTIES,not_food,synthetic_ocr_aug_v2
ZipTopBags,not_food,synthetic_ocr_aug_v2
ZipTop8ogs,not_food,synthetic_ocr_aug_v2
Ziplocfreezerbags,not_food,synthetic_ocr_aug_v2
Ziploc.FreezerBags,not_food,synthetic_ocr_aug_v2
Zip#locSandwichBags,not_food,synthetic_ocr_aug_v2
ZplcSandwchBags,not_food,synthetic_ocr_aug_v2
