receipt_image,text,predicted_label,confidence
receipt_image_309_jpg.rf.LBG1J6bHp1qUJEPtv3yM.jpg,17000,not_food,0.948
receipt_image_309_jpg.rf.LBG1J6bHp1qUJEPtv3yM.jpg,Te1:05.46.27.02.12,not_food,0.9552
receipt_image_309_jpg.rf.LBG1J6bHp1qUJEPtv3yM.jpg,DESCRIPTION,not_food,0.9548
receipt_image_309_jpg.rf.LBG1J6bHp1qUJEPtv3yM.jpg,QTE,not_food,0.8702
receipt_image_309_jpg.rf.LBG1J6bHp1qUJEPtv3yM.jpg,*4X100GDESS.PANACHE,not_food,0.8787
receipt_image_309_jpg.rf.LBG1J6bHp1qUJEPtv3yM.jpg,1.34€,not_food,0.9583
receipt_image_309_jpg.rf.LBG1J6bHp1qUJEPtv3yM.jpg,3.26€,not_food,0.9575
receipt_image_309_jpg.rf.LBG1J6bHp1qUJEPtv3yM.jpg,2x,not_food,0.9486
receipt_image_309_jpg.rf.LBG1J6bHp1qUJEPtv3yM.jpg,2.20,not_food,0.9576
receipt_image_309_jpg.rf.LBG1J6bHp1qUJEPtv3yM.jpg,4.40€,not_food,0.9584
receipt_image_309_jpg.rf.LBG1J6bHp1qUJEPtv3yM.jpg,4 ARTICLE(S),not_food,0.9411
receipt_image_309_jpg.rf.LBG1J6bHp1qUJEPtv3yM.jpg,9.00€,not_food,0.9574
receipt_image_309_jpg.rf.LBG1J6bHp1qUJEPtv3yM.jpg,CB EMV SANS CONTACT,not_food,0.8931
receipt_image_309_jpg.rf.LBG1J6bHp1qUJEPtv3yM.jpg,EUR,not_food,0.9185
receipt_image_309_jpg.rf.LBG1J6bHp1qUJEPtv3yM.jpg,9.00€,not_food,0.9574
receipt_image_309_jpg.rf.LBG1J6bHp1qUJEPtv3yM.jpg,0005.,not_food,0.9568
receipt_image_309_jpg.rf.LBG1J6bHp1qUJEPtv3yM.jpg,002,not_food,0.9557
receipt_image_309_jpg.rf.LBG1J6bHp1qUJEPtv3yM.jpg,000164,not_food,0.9562
receipt_image_309_jpg.rf.LBG1J6bHp1qUJEPtv3yM.jpg,01/03/2017,not_food,0.9343
receipt_image_309_jpg.rf.LBG1J6bHp1qUJEPtv3yM.jpg,11:47:32,not_food,0.9583
receipt_image_515_jpg.rf.7NJsbOzaWFccmyeKUO98.jpg,20C081E,not_food,0.948
receipt_image_515_jpg.rf.7NJsbOzaWFccmyeKUO98.jpg,(81109-A),not_food,0.9496
receipt_image_515_jpg.rf.7NJsbOzaWFccmyeKUO98.jpg,NO 290. JALAN AIR PANAS.,not_food,0.923
receipt_image_515_jpg.rf.7NJsbOzaWFccmyeKUO98.jpg,TEL:03-40210276,not_food,0.9542
receipt_image_515_jpg.rf.7NJsbOzaWFccmyeKUO98.jpg,GST ID: 000750673920,not_food,0.9576
receipt_image_515_jpg.rf.7NJsbOzaWFccmyeKUO98.jpg,CS00013104,not_food,0.9569
receipt_image_515_jpg.rf.7NJsbOzaWFccmyeKUO98.jpg,Date:,not_food,0.9296
receipt_image_515_jpg.rf.7NJsbOzaWFccmyeKUO98.jpg,02/02/2018,not_food,0.9412
receipt_image_515_jpg.rf.7NJsbOzaWFccmyeKUO98.jpg,USER,not_food,0.9056
receipt_image_515_jpg.rf.7NJsbOzaWFccmyeKUO98.jpg,Time:,not_food,0.9464
receipt_image_515_jpg.rf.7NJsbOzaWFccmyeKUO98.jpg,16:30:00,not_food,0.958
receipt_image_515_jpg.rf.7NJsbOzaWFccmyeKUO98.jpg,13,not_food,0.9562
receipt_image_515_jpg.rf.7NJsbOzaWFccmyeKUO98.jpg,Ref.:,not_food,0.9483
receipt_image_515_jpg.rf.7NJsbOzaWFccmyeKUO98.jpg,Item,not_food,0.9528
receipt_image_515_jpg.rf.7NJsbOzaWFccmyeKUO98.jpg,Qty,not_food,0.8711
receipt_image_515_jpg.rf.7NJsbOzaWFccmyeKUO98.jpg,Amount,not_food,0.8481
receipt_image_515_jpg.rf.7NJsbOzaWFccmyeKUO98.jpg,Tax,not_food,0.9035
receipt_image_515_jpg.rf.7NJsbOzaWFccmyeKUO98.jpg,1796,not_food,0.8943
receipt_image_515_jpg.rf.7NJsbOzaWFccmyeKUO98.jpg,12.72,not_food,0.9581
receipt_image_515_jpg.rf.7NJsbOzaWFccmyeKUO98.jpg,25.44,not_food,0.9574
receipt_image_515_jpg.rf.7NJsbOzaWFccmyeKUO98.jpg,SR,not_food,0.921
receipt_image_515_jpg.rf.7NJsbOzaWFccmyeKUO98.jpg,102×2,not_food,0.9449
receipt_image_515_jpg.rf.7NJsbOzaWFccmyeKUO98.jpg,1816,not_food,0.9145
receipt_image_515_jpg.rf.7NJsbOzaWFccmyeKUO98.jpg,34.34,not_food,0.9585
receipt_image_515_jpg.rf.7NJsbOzaWFccmyeKUO98.jpg,6869,not_food,0.9582
receipt_image_515_jpg.rf.7NJsbOzaWFccmyeKUO98.jpg,SR,not_food,0.921
receipt_image_515_jpg.rf.7NJsbOzaWFccmyeKUO98.jpg,182×3,not_food,0.9548
receipt_image_515_jpg.rf.7NJsbOzaWFccmyeKUO98.jpg,Total Qty:,not_food,0.9266
receipt_image_515_jpg.rf.7NJsbOzaWFccmyeKUO98.jpg,94.13,not_food,0.9593
receipt_image_515_jpg.rf.7NJsbOzaWFccmyeKUO98.jpg,Total Sales (Excluding GST),not_food,0.836
receipt_image_515_jpg.rf.7NJsbOzaWFccmyeKUO98.jpg,88.80,not_food,0.9578
receipt_image_515_jpg.rf.7NJsbOzaWFccmyeKUO98.jpg,Discount,not_food,0.9327
receipt_image_515_jpg.rf.7NJsbOzaWFccmyeKUO98.jpg,0.00,not_food,0.958
receipt_image_515_jpg.rf.7NJsbOzaWFccmyeKUO98.jpg,Total GST,not_food,0.9313
receipt_image_515_jpg.rf.7NJsbOzaWFccmyeKUO98.jpg,5.33,not_food,0.954
receipt_image_515_jpg.rf.7NJsbOzaWFccmyeKUO98.jpg,Rounding,not_food,0.8508
receipt_image_515_jpg.rf.7NJsbOzaWFccmyeKUO98.jpg,0.00,not_food,0.958
receipt_image_515_jpg.rf.7NJsbOzaWFccmyeKUO98.jpg,Total Sales (Inclusive of GsT),not_food,0.824
receipt_image_515_jpg.rf.7NJsbOzaWFccmyeKUO98.jpg,94.13,not_food,0.9593
receipt_image_515_jpg.rf.7NJsbOzaWFccmyeKUO98.jpg,94.13,not_food,0.9593
receipt_image_515_jpg.rf.7NJsbOzaWFccmyeKUO98.jpg,Change,not_food,0.9144
receipt_image_515_jpg.rf.7NJsbOzaWFccmyeKUO98.jpg,0.00,not_food,0.958
receipt_image_515_jpg.rf.7NJsbOzaWFccmyeKUO98.jpg,GST SUMMARY,not_food,0.9459
receipt_image_515_jpg.rf.7NJsbOzaWFccmyeKUO98.jpg,Tax Code,not_food,0.9198
receipt_image_515_jpg.rf.7NJsbOzaWFccmyeKUO98.jpg,Amt (RM),not_food,0.9122
receipt_image_515_jpg.rf.7NJsbOzaWFccmyeKUO98.jpg,Tax(RM),not_food,0.8685
receipt_image_515_jpg.rf.7NJsbOzaWFccmyeKUO98.jpg,SR,not_food,0.921
receipt_image_515_jpg.rf.7NJsbOzaWFccmyeKUO98.jpg,88.80,not_food,0.9578
receipt_image_515_jpg.rf.7NJsbOzaWFccmyeKUO98.jpg,5.33,not_food,0.954
receipt_image_515_jpg.rf.7NJsbOzaWFccmyeKUO98.jpg,Total :,not_food,0.9475
receipt_image_515_jpg.rf.7NJsbOzaWFccmyeKUO98.jpg,88.80,not_food,0.9578
receipt_image_515_jpg.rf.7NJsbOzaWFccmyeKUO98.jpg,5.33,not_food,0.954
1098-receipt_jpg.rf.EiX45iSGHEcL37vZtuDY.jpg,516-747-2545,not_food,0.9569
1098-receipt_jpg.rf.EiX45iSGHEcL37vZtuDY.jpg,tn,not_food,0.8047
1098-receipt_jpg.rf.EiX45iSGHEcL37vZtuDY.jpg,Gst 2,not_food,0.9486
1098-receipt_jpg.rf.EiX45iSGHEcL37vZtuDY.jpg,22.00,not_food,0.958
1098-receipt_jpg.rf.EiX45iSGHEcL37vZtuDY.jpg,28.00,not_food,0.9573
1098-receipt_jpg.rf.EiX45iSGHEcL37vZtuDY.jpg,2.50,not_food,0.958
1098-receipt_jpg.rf.EiX45iSGHEcL37vZtuDY.jpg,10.00,not_food,0.9572
1098-receipt_jpg.rf.EiX45iSGHEcL37vZtuDY.jpg,62.50,not_food,0.9583
1098-receipt_jpg.rf.EiX45iSGHEcL37vZtuDY.jpg,Tax,not_food,0.9035
1098-receipt_jpg.rf.EiX45iSGHEcL37vZtuDY.jpg,5.39,not_food,0.9583
1098-receipt_jpg.rf.EiX45iSGHEcL37vZtuDY.jpg,Total,not_food,0.9458
1098-receipt_jpg.rf.EiX45iSGHEcL37vZtuDY.jpg,67.89,not_food,0.9584
1098-receipt_jpg.rf.EiX45iSGHEcL37vZtuDY.jpg,Minimum Credit/Debit Payment $20,not_food,0.8485
1098-receipt_jpg.rf.EiX45iSGHEcL37vZtuDY.jpg,Thank you for joining us today.,not_food,0.857
receipt_image_507_jpg.rf.T18rHZlhz5SmevUYwiNb.jpg,318.01017.,not_food,0.9587
receipt_image_507_jpg.rf.T18rHZlhz5SmevUYwiNb.jpg,(81109-A),not_food,0.9496
receipt_image_507_jpg.rf.T18rHZlhz5SmevUYwiNb.jpg,NO 290. JALAN AIR PANAS.,not_food,0.923
receipt_image_507_jpg.rf.T18rHZlhz5SmevUYwiNb.jpg,TEL:03-40210276,not_food,0.9542
receipt_image_507_jpg.rf.T18rHZlhz5SmevUYwiNb.jpg,GSTID:000750673920,not_food,0.9546
receipt_image_507_jpg.rf.T18rHZlhz5SmevUYwiNb.jpg,CS00012518,not_food,0.9552
receipt_image_507_jpg.rf.T18rHZlhz5SmevUYwiNb.jpg,Date:,not_food,0.9296
receipt_image_507_jpg.rf.T18rHZlhz5SmevUYwiNb.jpg,03/01/2018,not_food,0.9398
receipt_image_507_jpg.rf.T18rHZlhz5SmevUYwiNb.jpg,USER,not_food,0.9056
receipt_image_507_jpg.rf.T18rHZlhz5SmevUYwiNb.jpg,13:04:00,not_food,0.9577
receipt_image_507_jpg.rf.T18rHZlhz5SmevUYwiNb.jpg,Ref.:,not_food,0.9483
receipt_image_507_jpg.rf.T18rHZlhz5SmevUYwiNb.jpg,Item,not_food,0.9528
receipt_image_507_jpg.rf.T18rHZlhz5SmevUYwiNb.jpg,Qty,not_food,0.8711
receipt_image_507_jpg.rf.T18rHZlhz5SmevUYwiNb.jpg,Amount,not_food,0.8481
receipt_image_507_jpg.rf.T18rHZlhz5SmevUYwiNb.jpg,Tax,not_food,0.9035
receipt_image_507_jpg.rf.T18rHZlhz5SmevUYwiNb.jpg,1539,not_food,0.9559
receipt_image_507_jpg.rf.T18rHZlhz5SmevUYwiNb.jpg,90.10,not_food,0.9582
receipt_image_507_jpg.rf.T18rHZlhz5SmevUYwiNb.jpg,90.10,not_food,0.9582
receipt_image_507_jpg.rf.T18rHZlhz5SmevUYwiNb.jpg,SR,not_food,0.921
receipt_image_507_jpg.rf.T18rHZlhz5SmevUYwiNb.jpg,5LT BIG TREE HIGH GLOSS PAINT,not_food,0.9576
receipt_image_507_jpg.rf.T18rHZlhz5SmevUYwiNb.jpg,1611,not_food,0.9382
receipt_image_507_jpg.rf.T18rHZlhz5SmevUYwiNb.jpg,4.24,not_food,0.9579
receipt_image_507_jpg.rf.T18rHZlhz5SmevUYwiNb.jpg,4.24,not_food,0.9579
receipt_image_507_jpg.rf.T18rHZlhz5SmevUYwiNb.jpg,SR,not_food,0.921
receipt_image_507_jpg.rf.T18rHZlhz5SmevUYwiNb.jpg,Total Qty.,not_food,0.9303
receipt_image_507_jpg.rf.T18rHZlhz5SmevUYwiNb.jpg,94.34,not_food,0.959
receipt_image_507_jpg.rf.T18rHZlhz5SmevUYwiNb.jpg,Total Sales (Excluding GST),not_food,0.836
receipt_image_507_jpg.rf.T18rHZlhz5SmevUYwiNb.jpg,89.00,not_food,0.9583
receipt_image_507_jpg.rf.T18rHZlhz5SmevUYwiNb.jpg,Discount,not_food,0.9327
receipt_image_507_jpg.rf.T18rHZlhz5SmevUYwiNb.jpg,0.00,not_food,0.958
receipt_image_507_jpg.rf.T18rHZlhz5SmevUYwiNb.jpg,Total GST,not_food,0.9313
receipt_image_507_jpg.rf.T18rHZlhz5SmevUYwiNb.jpg,5.34,not_food,0.9583
receipt_image_507_jpg.rf.T18rHZlhz5SmevUYwiNb.jpg,Rounding,not_food,0.8508
receipt_image_507_jpg.rf.T18rHZlhz5SmevUYwiNb.jpg,0.00,not_food,0.958
receipt_image_507_jpg.rf.T18rHZlhz5SmevUYwiNb.jpg,Total Sales (Inclusive of GsT),not_food,0.824
receipt_image_507_jpg.rf.T18rHZlhz5SmevUYwiNb.jpg,94.34,not_food,0.959
receipt_image_507_jpg.rf.T18rHZlhz5SmevUYwiNb.jpg,94.34,not_food,0.959
receipt_image_507_jpg.rf.T18rHZlhz5SmevUYwiNb.jpg,Change,not_food,0.9144
receipt_image_507_jpg.rf.T18rHZlhz5SmevUYwiNb.jpg,0.00,not_food,0.958
receipt_image_507_jpg.rf.T18rHZlhz5SmevUYwiNb.jpg,GSTSUMMARY,not_food,0.8346
receipt_image_507_jpg.rf.T18rHZlhz5SmevUYwiNb.jpg,Tax Code,not_food,0.9198
receipt_image_507_jpg.rf.T18rHZlhz5SmevUYwiNb.jpg,Amt (RM),not_food,0.9122
receipt_image_507_jpg.rf.T18rHZlhz5SmevUYwiNb.jpg,Tax (RM),not_food,0.8685
receipt_image_507_jpg.rf.T18rHZlhz5SmevUYwiNb.jpg,SR,not_food,0.921
receipt_image_507_jpg.rf.T18rHZlhz5SmevUYwiNb.jpg,89.00,not_food,0.9583
receipt_image_507_jpg.rf.T18rHZlhz5SmevUYwiNb.jpg,5.34,not_food,0.9583
receipt_image_507_jpg.rf.T18rHZlhz5SmevUYwiNb.jpg,Total:,not_food,0.9475
receipt_image_507_jpg.rf.T18rHZlhz5SmevUYwiNb.jpg,889.00,not_food,0.959
receipt_image_507_jpg.rf.T18rHZlhz5SmevUYwiNb.jpg,5.34,not_food,0.9583
receipt_image_112_jpg.rf.DRsj4IGcyk5HYyzIqlox.jpg,O121a Table 3 Party 2,not_food,0.9499
receipt_image_112_jpg.rf.DRsj4IGcyk5HYyzIqlox.jpg,SV7Ck: 6 1:56p 06/02/15,not_food,0.938
receipt_image_112_jpg.rf.DRsj4IGcyk5HYyzIqlox.jpg,18.00,not_food,0.9566
receipt_image_112_jpg.rf.DRsj4IGcyk5HYyzIqlox.jpg,11.00,not_food,0.9578
receipt_image_112_jpg.rf.DRsj4IGcyk5HYyzIqlox.jpg,12.00,not_food,0.957
receipt_image_112_jpg.rf.DRsj4IGcyk5HYyzIqlox.jpg,Sub Total:,not_food,0.9163
receipt_image_112_jpg.rf.DRsj4IGcyk5HYyzIqlox.jpg,41.00,not_food,0.9586
receipt_image_112_jpg.rf.DRsj4IGcyk5HYyzIqlox.jpg,CPEN $DISCOUNT =D1scount*: 11.00,not_food,0.9499
receipt_image_112_jpg.rf.DRsj4IGcyk5HYyzIqlox.jpg,Tax,not_food,0.9035
receipt_image_112_jpg.rf.DRsj4IGcyk5HYyzIqlox.jpg,1.80,not_food,0.9581
receipt_image_112_jpg.rf.DRsj4IGcyk5HYyzIqlox.jpg,Sub Total:,not_food,0.9163
receipt_image_112_jpg.rf.DRsj4IGcyk5HYyzIqlox.jpg,31.80,not_food,0.9594
receipt_image_112_jpg.rf.DRsj4IGcyk5HYyzIqlox.jpg,7.38,not_food,0.9586
receipt_image_112_jpg.rf.DRsj4IGcyk5HYyzIqlox.jpg,GRATUITY 18,not_food,0.8591
receipt_image_112_jpg.rf.DRsj4IGcyk5HYyzIqlox.jpg,39.18,not_food,0.9586
receipt_image_112_jpg.rf.DRsj4IGcyk5HYyzIqlox.jpg,06/02 2:44pTOTAL:,not_food,0.9077
receipt_image_112_jpg.rf.DRsj4IGcyk5HYyzIqlox.jpg,THANK YOU!,not_food,0.8529
receipt_image_112_jpg.rf.DRsj4IGcyk5HYyzIqlox.jpg,CALL US AT 954-565-2299,not_food,0.8415
receipt_image_606_jpg.rf.kI7lZi9Jw8ZdVdyS2YEO.jpg,POSTED,not_food,0.864
receipt_image_606_jpg.rf.kI7lZi9Jw8ZdVdyS2YEO.jpg,(1127686-K),not_food,0.9127
receipt_image_606_jpg.rf.kI7lZi9Jw8ZdVdyS2YEO.jpg,TEL:03-89382188,not_food,0.9555
receipt_image_606_jpg.rf.kI7lZi9Jw8ZdVdyS2YEO.jpg,GSTID:000816205824,not_food,0.9492
receipt_image_606_jpg.rf.kI7lZi9Jw8ZdVdyS2YEO.jpg,CS00039037,not_food,0.9568
receipt_image_606_jpg.rf.kI7lZi9Jw8ZdVdyS2YEO.jpg,Date:,not_food,0.9296
receipt_image_606_jpg.rf.kI7lZi9Jw8ZdVdyS2YEO.jpg,13/01/201,not_food,0.9521
receipt_image_606_jpg.rf.kI7lZi9Jw8ZdVdyS2YEO.jpg,Casier,not_food,0.8442
receipt_image_606_jpg.rf.kI7lZi9Jw8ZdVdyS2YEO.jpg,USER,not_food,0.9056
receipt_image_606_jpg.rf.kI7lZi9Jw8ZdVdyS2YEO.jpg,2337:00,not_food,0.9586
receipt_image_606_jpg.rf.kI7lZi9Jw8ZdVdyS2YEO.jpg,Ref,not_food,0.9308
receipt_image_606_jpg.rf.kI7lZi9Jw8ZdVdyS2YEO.jpg,(GST),not_food,0.9228
receipt_image_606_jpg.rf.kI7lZi9Jw8ZdVdyS2YEO.jpg,(GST),not_food,0.9228
receipt_image_606_jpg.rf.kI7lZi9Jw8ZdVdyS2YEO.jpg,Item,not_food,0.9528
receipt_image_606_jpg.rf.kI7lZi9Jw8ZdVdyS2YEO.jpg,Qty,not_food,0.8711
receipt_image_606_jpg.rf.kI7lZi9Jw8ZdVdyS2YEO.jpg,Amount,not_food,0.8481
receipt_image_606_jpg.rf.kI7lZi9Jw8ZdVdyS2YEO.jpg,KIT01,not_food,0.9407
receipt_image_606_jpg.rf.kI7lZi9Jw8ZdVdyS2YEO.jpg,19.81,not_food,0.9583
receipt_image_606_jpg.rf.kI7lZi9Jw8ZdVdyS2YEO.jpg,21.00,not_food,0.9578
receipt_image_606_jpg.rf.kI7lZi9Jw8ZdVdyS2YEO.jpg,63.00,not_food,0.9577
receipt_image_606_jpg.rf.kI7lZi9Jw8ZdVdyS2YEO.jpg,SR,not_food,0.921
receipt_image_606_jpg.rf.kI7lZi9Jw8ZdVdyS2YEO.jpg,KITCHENWARE,not_food,0.9306
receipt_image_606_jpg.rf.kI7lZi9Jw8ZdVdyS2YEO.jpg,6300,not_food,0.9591
receipt_image_606_jpg.rf.kI7lZi9Jw8ZdVdyS2YEO.jpg,59.43,not_food,0.9585
receipt_image_606_jpg.rf.kI7lZi9Jw8ZdVdyS2YEO.jpg,Discount,not_food,0.9327
receipt_image_606_jpg.rf.kI7lZi9Jw8ZdVdyS2YEO.jpg,0.00,not_food,0.958
receipt_image_606_jpg.rf.kI7lZi9Jw8ZdVdyS2YEO.jpg,Total GST,not_food,0.9313
receipt_image_606_jpg.rf.kI7lZi9Jw8ZdVdyS2YEO.jpg,3.57,not_food,0.9585
receipt_image_606_jpg.rf.kI7lZi9Jw8ZdVdyS2YEO.jpg,0.00,not_food,0.958
receipt_image_606_jpg.rf.kI7lZi9Jw8ZdVdyS2YEO.jpg,Total Sales (Inclusive of GST) :,not_food,0.8698
receipt_image_606_jpg.rf.kI7lZi9Jw8ZdVdyS2YEO.jpg,63.00,not_food,0.9577
receipt_image_606_jpg.rf.kI7lZi9Jw8ZdVdyS2YEO.jpg,70.00,not_food,0.9586
receipt_image_606_jpg.rf.kI7lZi9Jw8ZdVdyS2YEO.jpg,Change,not_food,0.9144
receipt_image_606_jpg.rf.kI7lZi9Jw8ZdVdyS2YEO.jpg,7.00,not_food,0.9581
receipt_image_606_jpg.rf.kI7lZi9Jw8ZdVdyS2YEO.jpg,POSTED,not_food,0.864
receipt_image_606_jpg.rf.kI7lZi9Jw8ZdVdyS2YEO.jpg,IARY,not_food,0.9387
receipt_image_606_jpg.rf.kI7lZi9Jw8ZdVdyS2YEO.jpg,Amt (RM),not_food,0.9122
receipt_image_606_jpg.rf.kI7lZi9Jw8ZdVdyS2YEO.jpg,Tax(RM),not_food,0.8685
receipt_image_606_jpg.rf.kI7lZi9Jw8ZdVdyS2YEO.jpg,59.43,not_food,0.9585
receipt_image_606_jpg.rf.kI7lZi9Jw8ZdVdyS2YEO.jpg,3.57,not_food,0.9585
receipt_image_606_jpg.rf.kI7lZi9Jw8ZdVdyS2YEO.jpg,Total:,not_food,0.9475
receipt_image_606_jpg.rf.kI7lZi9Jw8ZdVdyS2YEO.jpg,59.43,not_food,0.9585
receipt_image_606_jpg.rf.kI7lZi9Jw8ZdVdyS2YEO.jpg,3.57,not_food,0.9585
receipt_image_606_jpg.rf.kI7lZi9Jw8ZdVdyS2YEO.jpg,956-H,not_food,0.9528
receipt_image_448_jpg.rf.lOnihBosnpevMbaaQz0F.jpg,B.I.G.,not_food,0.9442
receipt_image_448_jpg.rf.lOnihBosnpevMbaaQz0F.jpg,BENS INDEPENDENT GROCER SDN. BHD,not_food,0.8804
receipt_image_448_jpg.rf.lOnihBosnpevMbaaQz0F.jpg,(913144-A),not_food,0.9541
receipt_image_448_jpg.rf.lOnihBosnpevMbaaQz0F.jpg,T:03-209373581F:03-20937359,not_food,0.9587
receipt_image_448_jpg.rf.lOnihBosnpevMbaaQz0F.jpg,(GST REG NO 000243941376),not_food,0.9098
receipt_image_448_jpg.rf.lOnihBosnpevMbaaQz0F.jpg,Tax Inv0ice: BAT01201803080169,not_food,0.9379
receipt_image_448_jpg.rf.lOnihBosnpevMbaaQz0F.jpg,08/03/18,not_food,0.9405
receipt_image_448_jpg.rf.lOnihBosnpevMbaaQz0F.jpg,18:20:41,not_food,0.9578
receipt_image_448_jpg.rf.lOnihBosnpevMbaaQz0F.jpg,88990008,not_food,0.9593
receipt_image_448_jpg.rf.lOnihBosnpevMbaaQz0F.jpg,7.90*3,not_food,0.9551
receipt_image_448_jpg.rf.lOnihBosnpevMbaaQz0F.jpg,23.702,not_food,0.9592
receipt_image_448_jpg.rf.lOnihBosnpevMbaaQz0F.jpg,9556040440548,not_food,0.958
receipt_image_448_jpg.rf.lOnihBosnpevMbaaQz0F.jpg,19.90-1,not_food,0.9569
receipt_image_448_jpg.rf.lOnihBosnpevMbaaQz0F.jpg,19.90 S,not_food,0.9568
receipt_image_448_jpg.rf.lOnihBosnpevMbaaQz0F.jpg,1430018201,not_food,0.9583
receipt_image_448_jpg.rf.lOnihBosnpevMbaaQz0F.jpg,8.903,not_food,0.9591
receipt_image_448_jpg.rf.lOnihBosnpevMbaaQz0F.jpg,266.772,not_food,0.9587
receipt_image_448_jpg.rf.lOnihBosnpevMbaaQz0F.jpg,9556001030290,not_food,0.9581
receipt_image_448_jpg.rf.lOnihBosnpevMbaaQz0F.jpg,5.80*1,not_food,0.9542
receipt_image_448_jpg.rf.lOnihBosnpevMbaaQz0F.jpg,5.80 S,not_food,0.9561
receipt_image_448_jpg.rf.lOnihBosnpevMbaaQz0F.jpg,Vitagen Assorted 5x125ml,not_food,0.9479
receipt_image_448_jpg.rf.lOnihBosnpevMbaaQz0F.jpg,9557305000118,not_food,0.9583
receipt_image_448_jpg.rf.lOnihBosnpevMbaaQz0F.jpg,4.90*1,not_food,0.9557
receipt_image_448_jpg.rf.lOnihBosnpevMbaaQz0F.jpg,4.90 s,not_food,0.9571
receipt_image_448_jpg.rf.lOnihBosnpevMbaaQz0F.jpg,Item,not_food,0.9528
receipt_image_448_jpg.rf.lOnihBosnpevMbaaQz0F.jpg,Total with GST @ 6%,not_food,0.9112
receipt_image_448_jpg.rf.lOnihBosnpevMbaaQz0F.jpg,81.00,not_food,0.9581
receipt_image_448_jpg.rf.lOnihBosnpevMbaaQz0F.jpg,Qty,not_food,0.8711
receipt_image_448_jpg.rf.lOnihBosnpevMbaaQz0F.jpg,Rounding,not_food,0.8508
receipt_image_448_jpg.rf.lOnihBosnpevMbaaQz0F.jpg,0.00,not_food,0.958
receipt_image_448_jpg.rf.lOnihBosnpevMbaaQz0F.jpg,Total Saving,not_food,0.942
receipt_image_448_jpg.rf.lOnihBosnpevMbaaQz0F.jpg,0.00,not_food,0.958
receipt_image_448_jpg.rf.lOnihBosnpevMbaaQz0F.jpg,Total,not_food,0.9458
receipt_image_448_jpg.rf.lOnihBosnpevMbaaQz0F.jpg,81.00,not_food,0.9581
receipt_image_448_jpg.rf.lOnihBosnpevMbaaQz0F.jpg,Pmpc (d=bit) 0012 App: 578149,not_food,0.8915
receipt_image_448_jpg.rf.lOnihBosnpevMbaaQz0F.jpg,81.00,not_food,0.9581
receipt_image_448_jpg.rf.lOnihBosnpevMbaaQz0F.jpg,Change,not_food,0.9144
receipt_image_448_jpg.rf.lOnihBosnpevMbaaQz0F.jpg,0000,not_food,0.9571
receipt_image_448_jpg.rf.lOnihBosnpevMbaaQz0F.jpg,GST Analysis,not_food,0.9506
receipt_image_448_jpg.rf.lOnihBosnpevMbaaQz0F.jpg,Tax Amount,not_food,0.8705
receipt_image_448_jpg.rf.lOnihBosnpevMbaaQz0F.jpg,S=6%,not_food,0.8998
receipt_image_448_jpg.rf.lOnihBosnpevMbaaQz0F.jpg,28.86,not_food,0.9574
receipt_image_448_jpg.rf.lOnihBosnpevMbaaQz0F.jpg,1.74,not_food,0.9569
receipt_image_448_jpg.rf.lOnihBosnpevMbaaQz0F.jpg,Z=.0%,not_food,0.9467
receipt_image_448_jpg.rf.lOnihBosnpevMbaaQz0F.jpg,50.40,not_food,0.9575
receipt_image_448_jpg.rf.lOnihBosnpevMbaaQz0F.jpg,0.00,not_food,0.958
fast-food-receipt-for-ice-cream-frozen-yogurt-custard-store1_jpg.rf.gTKeK0AnGoD2I4GlNcEm.jpg,"23223, DAVIS AVE",not_food,0.9028
fast-food-receipt-for-ice-cream-frozen-yogurt-custard-store1_jpg.rf.gTKeK0AnGoD2I4GlNcEm.jpg,"APEX. SC, 32322",not_food,0.9439
fast-food-receipt-for-ice-cream-frozen-yogurt-custard-store1_jpg.rf.gTKeK0AnGoD2I4GlNcEm.jpg,888 888 8888,not_food,0.9542
fast-food-receipt-for-ice-cream-frozen-yogurt-custard-store1_jpg.rf.gTKeK0AnGoD2I4GlNcEm.jpg,ORDER: 37,not_food,0.9558
fast-food-receipt-for-ice-cream-frozen-yogurt-custard-store1_jpg.rf.gTKeK0AnGoD2I4GlNcEm.jpg,05/24/202119:55,not_food,0.9487
fast-food-receipt-for-ice-cream-frozen-yogurt-custard-store1_jpg.rf.gTKeK0AnGoD2I4GlNcEm.jpg,Transaction 6896571,not_food,0.9235
fast-food-receipt-for-ice-cream-frozen-yogurt-custard-store1_jpg.rf.gTKeK0AnGoD2I4GlNcEm.jpg,$5.50,not_food,0.9579
fast-food-receipt-for-ice-cream-frozen-yogurt-custard-store1_jpg.rf.gTKeK0AnGoD2I4GlNcEm.jpg,$ 0.75,not_food,0.9564
fast-food-receipt-for-ice-cream-frozen-yogurt-custard-store1_jpg.rf.gTKeK0AnGoD2I4GlNcEm.jpg,$0.49,not_food,0.9581
fast-food-receipt-for-ice-cream-frozen-yogurt-custard-store1_jpg.rf.gTKeK0AnGoD2I4GlNcEm.jpg,$ 0.39,not_food,0.9582
fast-food-receipt-for-ice-cream-frozen-yogurt-custard-store1_jpg.rf.gTKeK0AnGoD2I4GlNcEm.jpg,$0.25,not_food,0.9585
fast-food-receipt-for-ice-cream-frozen-yogurt-custard-store1_jpg.rf.gTKeK0AnGoD2I4GlNcEm.jpg,$ 13.00,not_food,0.9587
fast-food-receipt-for-ice-cream-frozen-yogurt-custard-store1_jpg.rf.gTKeK0AnGoD2I4GlNcEm.jpg,$ 0.50,not_food,0.958
fast-food-receipt-for-ice-cream-frozen-yogurt-custard-store1_jpg.rf.gTKeK0AnGoD2I4GlNcEm.jpg,$0.78,not_food,0.9577
fast-food-receipt-for-ice-cream-frozen-yogurt-custard-store1_jpg.rf.gTKeK0AnGoD2I4GlNcEm.jpg,$0.76,not_food,0.9577
fast-food-receipt-for-ice-cream-frozen-yogurt-custard-store1_jpg.rf.gTKeK0AnGoD2I4GlNcEm.jpg,$0.20,not_food,0.9582
fast-food-receipt-for-ice-cream-frozen-yogurt-custard-store1_jpg.rf.gTKeK0AnGoD2I4GlNcEm.jpg,$ 22.62,not_food,0.9591
fast-food-receipt-for-ice-cream-frozen-yogurt-custard-store1_jpg.rf.gTKeK0AnGoD2I4GlNcEm.jpg,TOTAL,not_food,0.9458
fast-food-receipt-for-ice-cream-frozen-yogurt-custard-store1_jpg.rf.gTKeK0AnGoD2I4GlNcEm.jpg,$ 22.62,not_food,0.9591
fast-food-receipt-for-ice-cream-frozen-yogurt-custard-store1_jpg.rf.gTKeK0AnGoD2I4GlNcEm.jpg,$ 22.62,not_food,0.9591
fast-food-receipt-for-ice-cream-frozen-yogurt-custard-store1_jpg.rf.gTKeK0AnGoD2I4GlNcEm.jpg,05/24/202119:57,not_food,0.95
fast-food-receipt-for-ice-cream-frozen-yogurt-custard-store1_jpg.rf.gTKeK0AnGoD2I4GlNcEm.jpg,$ 22.621EMV,not_food,0.9572
fast-food-receipt-for-ice-cream-frozen-yogurt-custard-store1_jpg.rf.gTKeK0AnGoD2I4GlNcEm.jpg,VISA CREDIT XXXXXXXXXXXX9999,not_food,0.9438
fast-food-receipt-for-ice-cream-frozen-yogurt-custard-store1_jpg.rf.gTKeK0AnGoD2I4GlNcEm.jpg,Customer Name,not_food,0.8774
fast-food-receipt-for-ice-cream-frozen-yogurt-custard-store1_jpg.rf.gTKeK0AnGoD2I4GlNcEm.jpg,Reference ID 870357112634 | Auth,not_food,0.9501
fast-food-receipt-for-ice-cream-frozen-yogurt-custard-store1_jpg.rf.gTKeK0AnGoD2I4GlNcEm.jpg,IDUBMMG,not_food,0.8428
fast-food-receipt-for-ice-cream-frozen-yogurt-custard-store1_jpg.rf.gTKeK0AnGoD2I4GlNcEm.jpg,MID:********8221,not_food,0.8493
fast-food-receipt-for-ice-cream-frozen-yogurt-custard-store1_jpg.rf.gTKeK0AnGoD2I4GlNcEm.jpg,AID:574W6L9OITLVGW3R,not_food,0.9594
fast-food-receipt-for-ice-cream-frozen-yogurt-custard-store1_jpg.rf.gTKeK0AnGoD2I4GlNcEm.jpg,14315293111489220000,not_food,0.9581
fast-food-receipt-for-ice-cream-frozen-yogurt-custard-store1_jpg.rf.gTKeK0AnGoD2I4GlNcEm.jpg,Payment B4254D39A67KATD9,not_food,0.9297
fast-food-receipt-for-ice-cream-frozen-yogurt-custard-store1_jpg.rf.gTKeK0AnGoD2I4GlNcEm.jpg,Clover Privacy Policy,not_food,0.9302
fast-food-receipt-for-ice-cream-frozen-yogurt-custard-store1_jpg.rf.gTKeK0AnGoD2I4GlNcEm.jpg,https://clover.com/privacy,not_food,0.9312
1103-receipt_jpg.rf.w9zpUOqasxlHHbwlBQwT.jpg,Silver Sp-ing. MD20910,not_food,0.8849
1103-receipt_jpg.rf.w9zpUOqasxlHHbwlBQwT.jpg,(301) 589-1306,not_food,0.9571
1103-receipt_jpg.rf.w9zpUOqasxlHHbwlBQwT.jpg,ORDER#,not_food,0.9181
1103-receipt_jpg.rf.w9zpUOqasxlHHbwlBQwT.jpg,134,not_food,0.9545
1103-receipt_jpg.rf.w9zpUOqasxlHHbwlBQwT.jpg,12/29/2017 8:38:16 PM,not_food,0.9516
1103-receipt_jpg.rf.w9zpUOqasxlHHbwlBQwT.jpg,TAKE OUT,not_food,0.8799
1103-receipt_jpg.rf.w9zpUOqasxlHHbwlBQwT.jpg,27.00,not_food,0.958
1103-receipt_jpg.rf.w9zpUOqasxlHHbwlBQwT.jpg,本*本*,not_food,0.8488
1103-receipt_jpg.rf.w9zpUOqasxlHHbwlBQwT.jpg,11.50,not_food,0.9584
1103-receipt_jpg.rf.w9zpUOqasxlHHbwlBQwT.jpg,38.50,not_food,0.9582
1103-receipt_jpg.rf.w9zpUOqasxlHHbwlBQwT.jpg,1.93,not_food,0.9573
1103-receipt_jpg.rf.w9zpUOqasxlHHbwlBQwT.jpg,TAX:,not_food,0.9206
1103-receipt_jpg.rf.w9zpUOqasxlHHbwlBQwT.jpg,2.31,not_food,0.9583
1103-receipt_jpg.rf.w9zpUOqasxlHHbwlBQwT.jpg,Register,not_food,0.9348
1103-receipt_jpg.rf.w9zpUOqasxlHHbwlBQwT.jpg,T#0000144,not_food,0.951
1103-receipt_jpg.rf.w9zpUOqasxlHHbwlBQwT.jpg,TOTAL:,not_food,0.9475
1103-receipt_jpg.rf.w9zpUOqasxlHHbwlBQwT.jpg,$42.74,not_food,0.9582
1103-receipt_jpg.rf.w9zpUOqasxlHHbwlBQwT.jpg,12/29/2017 8:41:08 PM,not_food,0.9541
1103-receipt_jpg.rf.w9zpUOqasxlHHbwlBQwT.jpg,Thank You!,not_food,0.8529
receipt_image_647_jpg.rf.tas0IltPQjScvNpSaRKO.jpg,03-7845 8155,not_food,0.9571
receipt_image_647_jpg.rf.tas0IltPQjScvNpSaRKO.jpg,GST Reg:001734164480,not_food,0.9573
receipt_image_647_jpg.rf.tas0IltPQjScvNpSaRKO.jpg,CB#:78283158333,not_food,0.9433
receipt_image_647_jpg.rf.tas0IltPQjScvNpSaRKO.jpg,14/Jum/2017 08:34:22,not_food,0.9099
receipt_image_647_jpg.rf.tas0IltPQjScvNpSaRKO.jpg,Qty Cade&Desc,not_food,0.9292
receipt_image_647_jpg.rf.tas0IltPQjScvNpSaRKO.jpg,Total,not_food,0.9458
receipt_image_647_jpg.rf.tas0IltPQjScvNpSaRKO.jpg,SR,not_food,0.921
receipt_image_647_jpg.rf.tas0IltPQjScvNpSaRKO.jpg,184810,not_food,0.8198
receipt_image_647_jpg.rf.tas0IltPQjScvNpSaRKO.jpg,165.00,not_food,0.9585
receipt_image_647_jpg.rf.tas0IltPQjScvNpSaRKO.jpg,165.00,not_food,0.9585
receipt_image_647_jpg.rf.tas0IltPQjScvNpSaRKO.jpg,Type:,not_food,0.9485
receipt_image_647_jpg.rf.tas0IltPQjScvNpSaRKO.jpg,165.00,not_food,0.9585
receipt_image_647_jpg.rf.tas0IltPQjScvNpSaRKO.jpg,Rounding Adj :,not_food,0.8477
receipt_image_647_jpg.rf.tas0IltPQjScvNpSaRKO.jpg,0.00,not_food,0.958
receipt_image_647_jpg.rf.tas0IltPQjScvNpSaRKO.jpg,Total Inclusive GST:,not_food,0.9383
receipt_image_647_jpg.rf.tas0IltPQjScvNpSaRKO.jpg,165.00,not_food,0.9585
receipt_image_647_jpg.rf.tas0IltPQjScvNpSaRKO.jpg,VISA,not_food,0.8493
receipt_image_647_jpg.rf.tas0IltPQjScvNpSaRKO.jpg,165.00,not_food,0.9585
receipt_image_647_jpg.rf.tas0IltPQjScvNpSaRKO.jpg,GST Summary:,not_food,0.9511
receipt_image_647_jpg.rf.tas0IltPQjScvNpSaRKO.jpg,Amount,not_food,0.8481
receipt_image_647_jpg.rf.tas0IltPQjScvNpSaRKO.jpg,Tax,not_food,0.9035
receipt_image_647_jpg.rf.tas0IltPQjScvNpSaRKO.jpg,(MR),not_food,0.9047
receipt_image_647_jpg.rf.tas0IltPQjScvNpSaRKO.jpg,(MYR),not_food,0.8502
receipt_image_647_jpg.rf.tas0IltPQjScvNpSaRKO.jpg,SR,not_food,0.921
receipt_image_647_jpg.rf.tas0IltPQjScvNpSaRKO.jpg,156.66,not_food,0.9569
receipt_image_647_jpg.rf.tas0IltPQjScvNpSaRKO.jpg,9.34,not_food,0.9584
receipt_image_647_jpg.rf.tas0IltPQjScvNpSaRKO.jpg,1651=,not_food,0.9422
receipt_image_647_jpg.rf.tas0IltPQjScvNpSaRKO.jpg,"Points:1,460",not_food,0.9315
receipt_image_647_jpg.rf.tas0IltPQjScvNpSaRKO.jpg,Thank you.,not_food,0.9048
receipt_image_210_jpg.rf.Gnjzc1HeSdC8owSpdRQ5.jpg,2/11/2019,not_food,0.8246
receipt_image_210_jpg.rf.Gnjzc1HeSdC8owSpdRQ5.jpg,10:22 AM,not_food,0.9556
receipt_image_210_jpg.rf.Gnjzc1HeSdC8owSpdRQ5.jpg,PURCHASE,not_food,0.8343
receipt_image_210_jpg.rf.Gnjzc1HeSdC8owSpdRQ5.jpg,Receipt x1EK,not_food,0.8721
receipt_image_210_jpg.rf.Gnjzc1HeSdC8owSpdRQ5.jpg,$12.00,not_food,0.9582
receipt_image_210_jpg.rf.Gnjzc1HeSdC8owSpdRQ5.jpg,$12.00,not_food,0.9582
receipt_image_210_jpg.rf.Gnjzc1HeSdC8owSpdRQ5.jpg,S17.00,not_food,0.9564
receipt_image_210_jpg.rf.Gnjzc1HeSdC8owSpdRQ5.jpg,$18.00,not_food,0.9577
receipt_image_210_jpg.rf.Gnjzc1HeSdC8owSpdRQ5.jpg,($6.00 each),not_food,0.9439
receipt_image_210_jpg.rf.Gnjzc1HeSdC8owSpdRQ5.jpg,$5.50,not_food,0.9579
receipt_image_210_jpg.rf.Gnjzc1HeSdC8owSpdRQ5.jpg,$64.50,not_food,0.9578
receipt_image_210_jpg.rf.Gnjzc1HeSdC8owSpdRQ5.jpg,Total,not_food,0.9458
receipt_image_210_jpg.rf.Gnjzc1HeSdC8owSpdRQ5.jpg,$64.50,not_food,0.9578
receipt_image_210_jpg.rf.Gnjzc1HeSdC8owSpdRQ5.jpg,Card,not_food,0.8673
receipt_image_865_jpg.rf.jiZEc4kY6lCud8VrwtLf.jpg,Telp: 4468520 7 4725822,not_food,0.958
receipt_image_865_jpg.rf.jiZEc4kY6lCud8VrwtLf.jpg,WA :081236122922,not_food,0.9542
receipt_image_865_jpg.rf.jiZEc4kY6lCud8VrwtLf.jpg,No: 1001.02/0423/6456,not_food,0.9545
receipt_image_865_jpg.rf.jiZEc4kY6lCud8VrwtLf.jpg,Date: 27-04-2023 Time: 08:37:57,not_food,0.9587
receipt_image_865_jpg.rf.jiZEc4kY6lCud8VrwtLf.jpg,SUSU INDOFOOD TIGA SAPI 490 GR,not_food,0.957
receipt_image_865_jpg.rf.jiZEc4kY6lCud8VrwtLf.jpg,"12,500 x",not_food,0.9431
receipt_image_865_jpg.rf.jiZEc4kY6lCud8VrwtLf.jpg,4=,not_food,0.9562
receipt_image_865_jpg.rf.jiZEc4kY6lCud8VrwtLf.jpg,"50,000",not_food,0.955
receipt_image_865_jpg.rf.jiZEc4kY6lCud8VrwtLf.jpg,"13,000 ×",not_food,0.9551
receipt_image_865_jpg.rf.jiZEc4kY6lCud8VrwtLf.jpg,3=,not_food,0.9546
receipt_image_865_jpg.rf.jiZEc4kY6lCud8VrwtLf.jpg,"39,000",not_food,0.9564
receipt_image_865_jpg.rf.jiZEc4kY6lCud8VrwtLf.jpg,"2,300 x",not_food,0.9424
receipt_image_865_jpg.rf.jiZEc4kY6lCud8VrwtLf.jpg,"2,300",not_food,0.9544
receipt_image_865_jpg.rf.jiZEc4kY6lCud8VrwtLf.jpg,SUB TOTAL,not_food,0.9014
receipt_image_865_jpg.rf.jiZEc4kY6lCud8VrwtLf.jpg,DISCOUNT,not_food,0.9327
receipt_image_865_jpg.rf.jiZEc4kY6lCud8VrwtLf.jpg,"91,300",not_food,0.9563
receipt_image_865_jpg.rf.jiZEc4kY6lCud8VrwtLf.jpg,TOTAL,not_food,0.9458
receipt_image_865_jpg.rf.jiZEc4kY6lCud8VrwtLf.jpg,"91,300",not_food,0.9563
receipt_image_865_jpg.rf.jiZEc4kY6lCud8VrwtLf.jpg,(0),not_food,0.954
receipt_image_865_jpg.rf.jiZEc4kY6lCud8VrwtLf.jpg,"91,300",not_food,0.9563
receipt_image_408_jpg.rf.VjPQbbiHEbM2Bejgm4dW.jpg,TELP: 021 8660 9405,not_food,0.9584
receipt_image_408_jpg.rf.VjPQbbiHEbM2Bejgm4dW.jpg,Print Cnt:1,not_food,0.9486
receipt_image_408_jpg.rf.VjPQbbiHEbM2Bejgm4dW.jpg,Server: Eka,not_food,0.8535
receipt_image_408_jpg.rf.VjPQbbiHEbM2Bejgm4dW.jpg,"2, 2018 8:29:59 PM",not_food,0.9523
receipt_image_408_jpg.rf.VjPQbbiHEbM2Bejgm4dW.jpg,PAX: 3,not_food,0.9538
receipt_image_408_jpg.rf.VjPQbbiHEbM2Bejgm4dW.jpg,"26,000",not_food,0.9538
receipt_image_408_jpg.rf.VjPQbbiHEbM2Bejgm4dW.jpg,"42,000",not_food,0.957
receipt_image_408_jpg.rf.VjPQbbiHEbM2Bejgm4dW.jpg,"54,000",not_food,0.9566
receipt_image_408_jpg.rf.VjPQbbiHEbM2Bejgm4dW.jpg,Total Item : 3,not_food,0.9532
receipt_image_408_jpg.rf.VjPQbbiHEbM2Bejgm4dW.jpg,Total Qty : 3,not_food,0.9324
receipt_image_408_jpg.rf.VjPQbbiHEbM2Bejgm4dW.jpg,"122,000",not_food,0.9532
receipt_image_408_jpg.rf.VjPQbbiHEbM2Bejgm4dW.jpg,Service Charge,not_food,0.9434
receipt_image_408_jpg.rf.VjPQbbiHEbM2Bejgm4dW.jpg,"7,320",not_food,0.9585
receipt_image_408_jpg.rf.VjPQbbiHEbM2Bejgm4dW.jpg,"12,932",not_food,0.9549
receipt_image_408_jpg.rf.VjPQbbiHEbM2Bejgm4dW.jpg,Total,not_food,0.9458
receipt_image_408_jpg.rf.VjPQbbiHEbM2Bejgm4dW.jpg,"142,252",not_food,0.9569
receipt_image_408_jpg.rf.VjPQbbiHEbM2Bejgm4dW.jpg,"Printed Ju1 2, 2018 8:49:05 PM",not_food,0.9172
receipt_image_408_jpg.rf.VjPQbbiHEbM2Bejgm4dW.jpg,Customer Care Please,not_food,0.85
receipt_image_408_jpg.rf.VjPQbbiHEbM2Bejgm4dW.jpg,mail:hello@ichibansushi.co.id,not_food,0.8371
receipt_image_408_jpg.rf.VjPQbbiHEbM2Bejgm4dW.jpg,Web: www.ichibansushi.co.id,not_food,0.9483
receipt_image_595_jpg.rf.SOVzX3ADqhxWtcN4ZnEA.jpg,(801049-U),not_food,0.9477
receipt_image_595_jpg.rf.SOVzX3ADqhxWtcN4ZnEA.jpg,GST Reg.: 001833082880,not_food,0.9555
receipt_image_595_jpg.rf.SOVzX3ADqhxWtcN4ZnEA.jpg,Do 2,not_food,0.9344
receipt_image_595_jpg.rf.SOVzX3ADqhxWtcN4ZnEA.jpg,Dae :,not_food,0.8234
receipt_image_595_jpg.rf.SOVzX3ADqhxWtcN4ZnEA.jpg,18/02/2018 06:08:59 PM,not_food,0.9541
receipt_image_595_jpg.rf.SOVzX3ADqhxWtcN4ZnEA.jpg,Debtor:,not_food,0.8548
receipt_image_595_jpg.rf.SOVzX3ADqhxWtcN4ZnEA.jpg,Member:,not_food,0.9354
receipt_image_595_jpg.rf.SOVzX3ADqhxWtcN4ZnEA.jpg,Terminal:,not_food,0.872
receipt_image_595_jpg.rf.SOVzX3ADqhxWtcN4ZnEA.jpg,L0,not_food,0.9518
receipt_image_595_jpg.rf.SOVzX3ADqhxWtcN4ZnEA.jpg,Ca,not_food,0.8672
receipt_image_595_jpg.rf.SOVzX3ADqhxWtcN4ZnEA.jpg,DESC,not_food,0.9381
receipt_image_595_jpg.rf.SOVzX3ADqhxWtcN4ZnEA.jpg,QTY,not_food,0.8711
receipt_image_595_jpg.rf.SOVzX3ADqhxWtcN4ZnEA.jpg,RM,not_food,0.9394
receipt_image_595_jpg.rf.SOVzX3ADqhxWtcN4ZnEA.jpg,RM CODE,not_food,0.9371
receipt_image_595_jpg.rf.SOVzX3ADqhxWtcN4ZnEA.jpg,1 PC,not_food,0.8104
receipt_image_595_jpg.rf.SOVzX3ADqhxWtcN4ZnEA.jpg,3.30,not_food,0.9589
receipt_image_595_jpg.rf.SOVzX3ADqhxWtcN4ZnEA.jpg,0.00,not_food,0.958
receipt_image_595_jpg.rf.SOVzX3ADqhxWtcN4ZnEA.jpg,.3 S,not_food,0.9557
receipt_image_595_jpg.rf.SOVzX3ADqhxWtcN4ZnEA.jpg,"1.5"" RUBBER BAND",not_food,0.8734
receipt_image_595_jpg.rf.SOVzX3ADqhxWtcN4ZnEA.jpg,1 200G*,not_food,0.9421
receipt_image_595_jpg.rf.SOVzX3ADqhxWtcN4ZnEA.jpg,3.60,not_food,0.9588
receipt_image_595_jpg.rf.SOVzX3ADqhxWtcN4ZnEA.jpg,0.00,not_food,0.958
receipt_image_595_jpg.rf.SOVzX3ADqhxWtcN4ZnEA.jpg,3.60 SR,not_food,0.952
receipt_image_595_jpg.rf.SOVzX3ADqhxWtcN4ZnEA.jpg,1 200G,not_food,0.9542
receipt_image_595_jpg.rf.SOVzX3ADqhxWtcN4ZnEA.jpg,2.50,not_food,0.958
receipt_image_595_jpg.rf.SOVzX3ADqhxWtcN4ZnEA.jpg,0.00,not_food,0.958
receipt_image_595_jpg.rf.SOVzX3ADqhxWtcN4ZnEA.jpg,2.50 SR,not_food,0.946
receipt_image_595_jpg.rf.SOVzX3ADqhxWtcN4ZnEA.jpg,18MMX90Y OPP TAPE,not_food,0.9563
receipt_image_595_jpg.rf.SOVzX3ADqhxWtcN4ZnEA.jpg,1 PC,not_food,0.8104
receipt_image_595_jpg.rf.SOVzX3ADqhxWtcN4ZnEA.jpg,1.60,not_food,0.9586
receipt_image_595_jpg.rf.SOVzX3ADqhxWtcN4ZnEA.jpg,0000,not_food,0.9571
receipt_image_595_jpg.rf.SOVzX3ADqhxWtcN4ZnEA.jpg,1.60 SR,not_food,0.9522
receipt_image_595_jpg.rf.SOVzX3ADqhxWtcN4ZnEA.jpg,911 TAPE DISPENSER,not_food,0.9438
receipt_image_595_jpg.rf.SOVzX3ADqhxWtcN4ZnEA.jpg,1 PC,not_food,0.8104
receipt_image_595_jpg.rf.SOVzX3ADqhxWtcN4ZnEA.jpg,8.60,not_food,0.9589
receipt_image_595_jpg.rf.SOVzX3ADqhxWtcN4ZnEA.jpg,0.00,not_food,0.958
receipt_image_595_jpg.rf.SOVzX3ADqhxWtcN4ZnEA.jpg,8.60 SR,not_food,0.9506
receipt_image_595_jpg.rf.SOVzX3ADqhxWtcN4ZnEA.jpg,PSI-89O PENSONIC DRY IRON WITH SPRAY,not_food,0.9565
receipt_image_595_jpg.rf.SOVzX3ADqhxWtcN4ZnEA.jpg,1 PC,not_food,0.8104
receipt_image_595_jpg.rf.SOVzX3ADqhxWtcN4ZnEA.jpg,49.90,not_food,0.9588
receipt_image_595_jpg.rf.SOVzX3ADqhxWtcN4ZnEA.jpg,AP-17 APRON PLAIN CLOTH,not_food,0.927
receipt_image_595_jpg.rf.SOVzX3ADqhxWtcN4ZnEA.jpg,0.00,not_food,0.958
receipt_image_595_jpg.rf.SOVzX3ADqhxWtcN4ZnEA.jpg,49.90 SR,not_food,0.9517
receipt_image_595_jpg.rf.SOVzX3ADqhxWtcN4ZnEA.jpg,10.90,not_food,0.9584
receipt_image_595_jpg.rf.SOVzX3ADqhxWtcN4ZnEA.jpg,0.00,not_food,0.958
receipt_image_595_jpg.rf.SOVzX3ADqhxWtcN4ZnEA.jpg,218.00 SR,not_food,0.9494
receipt_image_595_jpg.rf.SOVzX3ADqhxWtcN4ZnEA.jpg,1 PC,not_food,0.8104
receipt_image_595_jpg.rf.SOVzX3ADqhxWtcN4ZnEA.jpg,1.00,not_food,0.9571
receipt_image_595_jpg.rf.SOVzX3ADqhxWtcN4ZnEA.jpg,0.00,not_food,0.958
receipt_image_595_jpg.rf.SOVzX3ADqhxWtcN4ZnEA.jpg,1.00 SR,not_food,0.9494
receipt_image_595_jpg.rf.SOVzX3ADqhxWtcN4ZnEA.jpg,CC-1OO 1OOPC CITE CANDLE,not_food,0.9568
receipt_image_595_jpg.rf.SOVzX3ADqhxWtcN4ZnEA.jpg,F1502 SCISSOR O8C (CH) (TLC),not_food,0.937
receipt_image_595_jpg.rf.SOVzX3ADqhxWtcN4ZnEA.jpg,1 PC,not_food,0.8104
receipt_image_595_jpg.rf.SOVzX3ADqhxWtcN4ZnEA.jpg,22.90,not_food,0.9591
receipt_image_595_jpg.rf.SOVzX3ADqhxWtcN4ZnEA.jpg,0.00,not_food,0.958
receipt_image_595_jpg.rf.SOVzX3ADqhxWtcN4ZnEA.jpg,2 5,not_food,0.9543
receipt_image_595_jpg.rf.SOVzX3ADqhxWtcN4ZnEA.jpg,6.00,not_food,0.9566
receipt_image_595_jpg.rf.SOVzX3ADqhxWtcN4ZnEA.jpg,0.00,not_food,0.958
receipt_image_595_jpg.rf.SOVzX3ADqhxWtcN4ZnEA.jpg,36.00 SR,not_food,0.9518
receipt_image_595_jpg.rf.SOVzX3ADqhxWtcN4ZnEA.jpg,2KG HC KITCHEN SCALE,not_food,0.9243
receipt_image_595_jpg.rf.SOVzX3ADqhxWtcN4ZnEA.jpg,1 PC,not_food,0.8104
receipt_image_595_jpg.rf.SOVzX3ADqhxWtcN4ZnEA.jpg,19.90,not_food,0.9586
receipt_image_595_jpg.rf.SOVzX3ADqhxWtcN4ZnEA.jpg,0.00,not_food,0.958
receipt_image_595_jpg.rf.SOVzX3ADqhxWtcN4ZnEA.jpg,19SR,not_food,0.9269
receipt_image_595_jpg.rf.SOVzX3ADqhxWtcN4ZnEA.jpg,Service Charge :,not_food,0.9489
receipt_image_595_jpg.rf.SOVzX3ADqhxWtcN4ZnEA.jpg,GST 6%:,not_food,0.9298
receipt_image_595_jpg.rf.SOVzX3ADqhxWtcN4ZnEA.jpg,20.79,not_food,0.9585
receipt_image_595_jpg.rf.SOVzX3ADqhxWtcN4ZnEA.jpg,Rounding Adjustment:,not_food,0.9432
receipt_image_595_jpg.rf.SOVzX3ADqhxWtcN4ZnEA.jpg,0.00,not_food,0.958
receipt_image_595_jpg.rf.SOVzX3ADqhxWtcN4ZnEA.jpg,0.00,not_food,0.958
receipt_image_595_jpg.rf.SOVzX3ADqhxWtcN4ZnEA.jpg,K):,not_food,0.9244
receipt_image_595_jpg.rf.SOVzX3ADqhxWtcN4ZnEA.jpg,367.30,not_food,0.9592
receipt_image_595_jpg.rf.SOVzX3ADqhxWtcN4ZnEA.jpg,Credit Card,not_food,0.8219
receipt_image_595_jpg.rf.SOVzX3ADqhxWtcN4ZnEA.jpg,367.30,not_food,0.9592
receipt_image_595_jpg.rf.SOVzX3ADqhxWtcN4ZnEA.jpg,GST Summary,not_food,0.9459
receipt_image_595_jpg.rf.SOVzX3ADqhxWtcN4ZnEA.jpg,Tax(RM),not_food,0.8685
receipt_image_595_jpg.rf.SOVzX3ADqhxWtcN4ZnEA.jpg,SR,not_food,0.921
receipt_image_595_jpg.rf.SOVzX3ADqhxWtcN4ZnEA.jpg,346.51,not_food,0.9585
receipt_image_595_jpg.rf.SOVzX3ADqhxWtcN4ZnEA.jpg,20.79,not_food,0.9585
receipt_image_695_jpg.rf.2IqM9O5G2yAJA9oaIwNI.jpg,(A Unit of Veeru Food Pvt. Ltd.),not_food,0.9562
receipt_image_695_jpg.rf.2IqM9O5G2yAJA9oaIwNI.jpg,"M-16, Outter Circle, Connaught Place",not_food,0.8768
receipt_image_695_jpg.rf.2IqM9O5G2yAJA9oaIwNI.jpg,Tin No:- 07876974407,not_food,0.8643
receipt_image_695_jpg.rf.2IqM9O5G2yAJA9oaIwNI.jpg,Service Tax No:- AAFCV0852MSD001,not_food,0.9549
receipt_image_695_jpg.rf.2IqM9O5G2yAJA9oaIwNI.jpg,:R010716,not_food,0.9544
receipt_image_695_jpg.rf.2IqM9O5G2yAJA9oaIwNI.jpg,Time : 22:53,not_food,0.9575
receipt_image_695_jpg.rf.2IqM9O5G2yAJA9oaIwNI.jpg,Table Cvr Stw,not_food,0.9435
receipt_image_695_jpg.rf.2IqM9O5G2yAJA9oaIwNI.jpg,02/17,not_food,0.9545
receipt_image_695_jpg.rf.2IqM9O5G2yAJA9oaIwNI.jpg,19 2,not_food,0.9554
receipt_image_695_jpg.rf.2IqM9O5G2yAJA9oaIwNI.jpg,gm,not_food,0.8874
receipt_image_695_jpg.rf.2IqM9O5G2yAJA9oaIwNI.jpg,Item Name,not_food,0.9491
receipt_image_695_jpg.rf.2IqM9O5G2yAJA9oaIwNI.jpg,Qty. Rate Amount,not_food,0.9387
receipt_image_695_jpg.rf.2IqM9O5G2yAJA9oaIwNI.jpg,1 345.00,not_food,0.9583
receipt_image_695_jpg.rf.2IqM9O5G2yAJA9oaIwNI.jpg,345.00,not_food,0.9587
receipt_image_695_jpg.rf.2IqM9O5G2yAJA9oaIwNI.jpg,1425.00,not_food,0.959
receipt_image_695_jpg.rf.2IqM9O5G2yAJA9oaIwNI.jpg,425.00,not_food,0.9595
receipt_image_695_jpg.rf.2IqM9O5G2yAJA9oaIwNI.jpg,95.00,not_food,0.9586
receipt_image_695_jpg.rf.2IqM9O5G2yAJA9oaIwNI.jpg,95.00,not_food,0.9586
receipt_image_695_jpg.rf.2IqM9O5G2yAJA9oaIwNI.jpg,85.00,not_food,0.9581
receipt_image_695_jpg.rf.2IqM9O5G2yAJA9oaIwNI.jpg,85.00,not_food,0.9581
receipt_image_695_jpg.rf.2IqM9O5G2yAJA9oaIwNI.jpg,Sub Total,not_food,0.9014
receipt_image_695_jpg.rf.2IqM9O5G2yAJA9oaIwNI.jpg,950.00,not_food,0.9588
receipt_image_695_jpg.rf.2IqM9O5G2yAJA9oaIwNI.jpg,Discount 50%,not_food,0.8676
receipt_image_695_jpg.rf.2IqM9O5G2yAJA9oaIwNI.jpg,475.00,not_food,0.9589
receipt_image_695_jpg.rf.2IqM9O5G2yAJA9oaIwNI.jpg,VAT012.5%,not_food,0.895
receipt_image_695_jpg.rf.2IqM9O5G2yAJA9oaIwNI.jpg,59.37,not_food,0.9582
receipt_image_695_jpg.rf.2IqM9O5G2yAJA9oaIwNI.jpg,SERVICE TAX06%,not_food,0.939
receipt_image_695_jpg.rf.2IqM9O5G2yAJA9oaIwNI.jpg,28.50,not_food,0.9583
receipt_image_695_jpg.rf.2IqM9O5G2yAJA9oaIwNI.jpg,563.00,not_food,0.9591
receipt_image_695_jpg.rf.2IqM9O5G2yAJA9oaIwNI.jpg,KOT No. : RG040570\RG040584,not_food,0.8862
receipt_image_695_jpg.rf.2IqM9O5G2yAJA9oaIwNI.jpg,Thank You For Serving You,not_food,0.8813
1162-receipt_jpg.rf.E9Omd1Q42G3qrXURzPh5.jpg,an 101,not_food,0.9477
1162-receipt_jpg.rf.E9Omd1Q42G3qrXURzPh5.jpg,Gst,not_food,0.9295
1162-receipt_jpg.rf.E9Omd1Q42G3qrXURzPh5.jpg,Chk 4530,not_food,0.891
1162-receipt_jpg.rf.E9Omd1Q42G3qrXURzPh5.jpg,Tb1 71/1,not_food,0.9069
1162-receipt_jpg.rf.E9Omd1Q42G3qrXURzPh5.jpg,In,not_food,0.9413
1162-receipt_jpg.rf.E9Omd1Q42G3qrXURzPh5.jpg,17.00,not_food,0.9575
1162-receipt_jpg.rf.E9Omd1Q42G3qrXURzPh5.jpg,18.00,not_food,0.9566
1162-receipt_jpg.rf.E9Omd1Q42G3qrXURzPh5.jpg,90.00,not_food,0.9581
1162-receipt_jpg.rf.E9Omd1Q42G3qrXURzPh5.jpg,38.00,not_food,0.9581
1162-receipt_jpg.rf.E9Omd1Q42G3qrXURzPh5.jpg,12.00,not_food,0.957
1162-receipt_jpg.rf.E9Omd1Q42G3qrXURzPh5.jpg,10.00,not_food,0.9572
1162-receipt_jpg.rf.E9Omd1Q42G3qrXURzPh5.jpg,6.00,not_food,0.9566
1162-receipt_jpg.rf.E9Omd1Q42G3qrXURzPh5.jpg,13.00,not_food,0.9579
1162-receipt_jpg.rf.E9Omd1Q42G3qrXURzPh5.jpg,16.00,not_food,0.9575
1162-receipt_jpg.rf.E9Omd1Q42G3qrXURzPh5.jpg,12.00,not_food,0.957
1162-receipt_jpg.rf.E9Omd1Q42G3qrXURzPh5.jpg,11.00,not_food,0.9578
1162-receipt_jpg.rf.E9Omd1Q42G3qrXURzPh5.jpg,38.00,not_food,0.9581
1162-receipt_jpg.rf.E9Omd1Q42G3qrXURzPh5.jpg,28.00,not_food,0.9573
1162-receipt_jpg.rf.E9Omd1Q42G3qrXURzPh5.jpg,309.00,not_food,0.9587
1162-receipt_jpg.rf.E9Omd1Q42G3qrXURzPh5.jpg,Tax,not_food,0.9035
1162-receipt_jpg.rf.E9Omd1Q42G3qrXURzPh5.jpg,24.72,not_food,0.9583
1162-receipt_jpg.rf.E9Omd1Q42G3qrXURzPh5.jpg,09:19PM Total,not_food,0.9488
1162-receipt_jpg.rf.E9Omd1Q42G3qrXURzPh5.jpg,333.72,not_food,0.9584
receipt_image_164_jpg.rf.nfMKrKhTylUZ4HQaIHvF.jpg,(909) 596-1564,not_food,0.9564
receipt_image_164_jpg.rf.nfMKrKhTylUZ4HQaIHvF.jpg,"Sep 29, 2018",not_food,0.8884
receipt_image_164_jpg.rf.nfMKrKhTylUZ4HQaIHvF.jpg,Racep 4J33,not_food,0.9464
receipt_image_164_jpg.rf.nfMKrKhTylUZ4HQaIHvF.jpg,5:38 PM,not_food,0.9465
receipt_image_164_jpg.rf.nfMKrKhTylUZ4HQaIHvF.jpg,Table: PS,not_food,0.9489
receipt_image_164_jpg.rf.nfMKrKhTylUZ4HQaIHvF.jpg,Am,not_food,0.9274
receipt_image_164_jpg.rf.nfMKrKhTylUZ4HQaIHvF.jpg,THE,not_food,0.9146
receipt_image_164_jpg.rf.nfMKrKhTylUZ4HQaIHvF.jpg,813.00,not_food,0.9591
receipt_image_164_jpg.rf.nfMKrKhTylUZ4HQaIHvF.jpg,T0,not_food,0.9441
receipt_image_164_jpg.rf.nfMKrKhTylUZ4HQaIHvF.jpg,85.00,not_food,0.9581
receipt_image_164_jpg.rf.nfMKrKhTylUZ4HQaIHvF.jpg,83.00,not_food,0.9587
receipt_image_164_jpg.rf.nfMKrKhTylUZ4HQaIHvF.jpg,$8.00,not_food,0.958
receipt_image_164_jpg.rf.nfMKrKhTylUZ4HQaIHvF.jpg,57.00,not_food,0.9587
receipt_image_164_jpg.rf.nfMKrKhTylUZ4HQaIHvF.jpg,$10.00,not_food,0.958
receipt_image_164_jpg.rf.nfMKrKhTylUZ4HQaIHvF.jpg,$3.50,not_food,0.958
receipt_image_164_jpg.rf.nfMKrKhTylUZ4HQaIHvF.jpg,$49.50,not_food,0.9581
receipt_image_164_jpg.rf.nfMKrKhTylUZ4HQaIHvF.jpg,$4.70,not_food,0.9586
receipt_image_164_jpg.rf.nfMKrKhTylUZ4HQaIHvF.jpg,Total,not_food,0.9458
receipt_image_164_jpg.rf.nfMKrKhTylUZ4HQaIHvF.jpg,$54.20,not_food,0.9583
receipt_image_357_jpg.rf.uPOa560BorU1dS0qjmSS.jpg,NPWP:01.781.372.6-046.000,not_food,0.9569
receipt_image_357_jpg.rf.uPOa560BorU1dS0qjmSS.jpg,Te1p : 021-28084008,not_food,0.9544
receipt_image_357_jpg.rf.uPOa560BorU1dS0qjmSS.jpg,01-07-19(19:45:32),not_food,0.9569
receipt_image_357_jpg.rf.uPOa560BorU1dS0qjmSS.jpg,706,not_food,0.958
receipt_image_357_jpg.rf.uPOa560BorU1dS0qjmSS.jpg,o7,not_food,0.93
receipt_image_357_jpg.rf.uPOa560BorU1dS0qjmSS.jpg,No:00039,not_food,0.9513
receipt_image_357_jpg.rf.uPOa560BorU1dS0qjmSS.jpg,DESKRIPSI,not_food,0.9486
receipt_image_357_jpg.rf.uPOa560BorU1dS0qjmSS.jpg,QTY,not_food,0.8711
receipt_image_357_jpg.rf.uPOa560BorU1dS0qjmSS.jpg,TOTAL,not_food,0.9458
receipt_image_357_jpg.rf.uPOa560BorU1dS0qjmSS.jpg,====,not_food,0.9472
receipt_image_357_jpg.rf.uPOa560BorU1dS0qjmSS.jpg,"9,990",not_food,0.9571
receipt_image_357_jpg.rf.uPOa560BorU1dS0qjmSS.jpg,"9,990",not_food,0.9571
receipt_image_357_jpg.rf.uPOa560BorU1dS0qjmSS.jpg,"9,990",not_food,0.9571
receipt_image_357_jpg.rf.uPOa560BorU1dS0qjmSS.jpg,10,not_food,0.9544
receipt_image_357_jpg.rf.uPOa560BorU1dS0qjmSS.jpg,Total,not_food,0.9458
receipt_image_357_jpg.rf.uPOa560BorU1dS0qjmSS.jpg,"10,000",not_food,0.9536
receipt_image_357_jpg.rf.uPOa560BorU1dS0qjmSS.jpg,"50,000",not_food,0.955
receipt_image_357_jpg.rf.uPOa560BorU1dS0qjmSS.jpg,—_—_V,not_food,0.9357
receipt_image_357_jpg.rf.uPOa560BorU1dS0qjmSS.jpg,"40,000",not_food,0.956
receipt_image_357_jpg.rf.uPOa560BorU1dS0qjmSS.jpg,0666,not_food,0.9562
receipt_image_357_jpg.rf.uPOa560BorU1dS0qjmSS.jpg,DPP,not_food,0.898
receipt_image_357_jpg.rf.uPOa560BorU1dS0qjmSS.jpg,"9,082",not_food,0.9562
receipt_image_357_jpg.rf.uPOa560BorU1dS0qjmSS.jpg,PPN,not_food,0.9197
receipt_image_357_jpg.rf.uPOa560BorU1dS0qjmSS.jpg,908,not_food,0.9567
receipt_image_357_jpg.rf.uPOa560BorU1dS0qjmSS.jpg,Item : 1,not_food,0.9571
receipt_image_357_jpg.rf.uPOa560BorU1dS0qjmSS.jpg,TELP BEBAS PULSA: O800 140 3210,not_food,0.9597
receipt_image_357_jpg.rf.uPOa560BorU1dS0qjmSS.jpg,SENIN-JUMAT 08:00-17:00 BBWI,not_food,0.9344
receipt_image_357_jpg.rf.uPOa560BorU1dS0qjmSS.jpg,email:,not_food,0.941
receipt_image_91_jpg.rf.A72gBz9labJJZuvdFOxZ.jpg,"Long Beach, NY 11561",not_food,0.9226
receipt_image_91_jpg.rf.A72gBz9labJJZuvdFOxZ.jpg,(516) 442-4944,not_food,0.9558
receipt_image_91_jpg.rf.A72gBz9labJJZuvdFOxZ.jpg,Station: 4,not_food,0.9001
receipt_image_91_jpg.rf.A72gBz9labJJZuvdFOxZ.jpg,Order e: 20731,not_food,0.9544
receipt_image_91_jpg.rf.A72gBz9labJJZuvdFOxZ.jpg,Table: 1,not_food,0.9518
receipt_image_91_jpg.rf.A72gBz9labJJZuvdFOxZ.jpg,14.00,not_food,0.9554
receipt_image_91_jpg.rf.A72gBz9labJJZuvdFOxZ.jpg,22.95,not_food,0.9595
receipt_image_91_jpg.rf.A72gBz9labJJZuvdFOxZ.jpg,14.95,not_food,0.9572
receipt_image_91_jpg.rf.A72gBz9labJJZuvdFOxZ.jpg,14.00,not_food,0.9554
receipt_image_91_jpg.rf.A72gBz9labJJZuvdFOxZ.jpg,Food-Subtotal:,not_food,0.9146
receipt_image_91_jpg.rf.A72gBz9labJJZuvdFOxZ.jpg,37.90,not_food,0.9585
receipt_image_91_jpg.rf.A72gBz9labJJZuvdFOxZ.jpg,NY State:,not_food,0.9436
receipt_image_91_jpg.rf.A72gBz9labJJZuvdFOxZ.jpg,4.48,not_food,0.9586
receipt_image_91_jpg.rf.A72gBz9labJJZuvdFOxZ.jpg,TOTAL:,not_food,0.9475
receipt_image_91_jpg.rf.A72gBz9labJJZuvdFOxZ.jpg,$56.38,not_food,0.9571
receipt_image_91_jpg.rf.A72gBz9labJJZuvdFOxZ.jpg,THANK YOU!,not_food,0.8529
receipt_image_91_jpg.rf.A72gBz9labJJZuvdFOxZ.jpg,-0,not_food,0.9543
1060-receipt_jpg.rf.udSWFdyrTj28iCOGGWRA.jpg,1660 India Street,not_food,0.8714
1060-receipt_jpg.rf.udSWFdyrTj28iCOGGWRA.jpg,12/17/2017,not_food,0.9062
1060-receipt_jpg.rf.udSWFdyrTj28iCOGGWRA.jpg,6:29 PM,not_food,0.9413
1060-receipt_jpg.rf.udSWFdyrTj28iCOGGWRA.jpg,Table 24/1,not_food,0.947
1060-receipt_jpg.rf.udSWFdyrTj28iCOGGWRA.jpg,20018,not_food,0.9535
1060-receipt_jpg.rf.udSWFdyrTj28iCOGGWRA.jpg,12.00,not_food,0.957
1060-receipt_jpg.rf.udSWFdyrTj28iCOGGWRA.jpg,11.00,not_food,0.9578
1060-receipt_jpg.rf.udSWFdyrTj28iCOGGWRA.jpg,27.95,not_food,0.9594
1060-receipt_jpg.rf.udSWFdyrTj28iCOGGWRA.jpg,23.75,not_food,0.9571
1060-receipt_jpg.rf.udSWFdyrTj28iCOGGWRA.jpg,74.70,not_food,0.9576
1060-receipt_jpg.rf.udSWFdyrTj28iCOGGWRA.jpg,Tax,not_food,0.9035
1060-receipt_jpg.rf.udSWFdyrTj28iCOGGWRA.jpg,6.00,not_food,0.9566
1060-receipt_jpg.rf.udSWFdyrTj28iCOGGWRA.jpg,2.80,not_food,0.9581
1060-receipt_jpg.rf.udSWFdyrTj28iCOGGWRA.jpg,Total,not_food,0.9458
1060-receipt_jpg.rf.udSWFdyrTj28iCOGGWRA.jpg,83.50,not_food,0.9588
1060-receipt_jpg.rf.udSWFdyrTj28iCOGGWRA.jpg,83.50,not_food,0.9588
1060-receipt_jpg.rf.udSWFdyrTj28iCOGGWRA.jpg,*3.75% SC - In support,not_food,0.9021
1060-receipt_jpg.rf.udSWFdyrTj28iCOGGWRA.jpg,www.wnlhosp.com/rttd,not_food,0.9301
1046-receipt_jpg.rf.IxaAYmwmwz03gtr7uFVw.jpg,"Aventura, FL 33160",not_food,0.9568
1046-receipt_jpg.rf.IxaAYmwmwz03gtr7uFVw.jpg,Server: Valerie P,not_food,0.9349
1046-receipt_jpg.rf.IxaAYmwmwz03gtr7uFVw.jpg,03/17/19 5:39 PM,not_food,0.9541
1046-receipt_jpg.rf.IxaAYmwmwz03gtr7uFVw.jpg,Check #33,not_food,0.9011
1046-receipt_jpg.rf.IxaAYmwmwz03gtr7uFVw.jpg,Table 12,not_food,0.9486
1046-receipt_jpg.rf.IxaAYmwmwz03gtr7uFVw.jpg,$12.00,not_food,0.9582
1046-receipt_jpg.rf.IxaAYmwmwz03gtr7uFVw.jpg,$8.00,not_food,0.958
1046-receipt_jpg.rf.IxaAYmwmwz03gtr7uFVw.jpg,$14.00,not_food,0.9571
1046-receipt_jpg.rf.IxaAYmwmwz03gtr7uFVw.jpg,$3.40,not_food,0.9585
1046-receipt_jpg.rf.IxaAYmwmwz03gtr7uFVw.jpg,$30.60,not_food,0.9593
1046-receipt_jpg.rf.IxaAYmwmwz03gtr7uFVw.jpg,Service Charge (18.00%),not_food,0.9235
1046-receipt_jpg.rf.IxaAYmwmwz03gtr7uFVw.jpg,$6.12,not_food,0.9581
1046-receipt_jpg.rf.IxaAYmwmwz03gtr7uFVw.jpg,Tax,not_food,0.9035
1046-receipt_jpg.rf.IxaAYmwmwz03gtr7uFVw.jpg,$2.14,not_food,0.9564
1046-receipt_jpg.rf.IxaAYmwmwz03gtr7uFVw.jpg,Total,not_food,0.9458
1046-receipt_jpg.rf.IxaAYmwmwz03gtr7uFVw.jpg,$38.86,not_food,0.9578
1149-receipt_jpg.rf.p4ieS0u7lFAcS9dBoi25.jpg,"Canandaigua, NY 14424",not_food,0.8661
1149-receipt_jpg.rf.p4ieS0u7lFAcS9dBoi25.jpg,(585) 394-4880,not_food,0.9568
1149-receipt_jpg.rf.p4ieS0u7lFAcS9dBoi25.jpg,11:00:11 PM,not_food,0.9531
1149-receipt_jpg.rf.p4ieS0u7lFAcS9dBoi25.jpg,8/30/2015,not_food,0.9412
1149-receipt_jpg.rf.p4ieS0u7lFAcS9dBoi25.jpg,429742,not_food,0.9595
1149-receipt_jpg.rf.p4ieS0u7lFAcS9dBoi25.jpg,Server: Bethany F,not_food,0.8975
1149-receipt_jpg.rf.p4ieS0u7lFAcS9dBoi25.jpg,Order:,not_food,0.9417
1149-receipt_jpg.rf.p4ieS0u7lFAcS9dBoi25.jpg,Table: 12 Guests:,not_food,0.8647
1149-receipt_jpg.rf.p4ieS0u7lFAcS9dBoi25.jpg,0.00,not_food,0.958
1149-receipt_jpg.rf.p4ieS0u7lFAcS9dBoi25.jpg,0.00,not_food,0.958
1149-receipt_jpg.rf.p4ieS0u7lFAcS9dBoi25.jpg,3.99,not_food,0.9581
1149-receipt_jpg.rf.p4ieS0u7lFAcS9dBoi25.jpg,3.99,not_food,0.9581
1149-receipt_jpg.rf.p4ieS0u7lFAcS9dBoi25.jpg,Tax,not_food,0.9035
1149-receipt_jpg.rf.p4ieS0u7lFAcS9dBoi25.jpg,0.30,not_food,0.9587
1149-receipt_jpg.rf.p4ieS0u7lFAcS9dBoi25.jpg,1.00,not_food,0.9571
1149-receipt_jpg.rf.p4ieS0u7lFAcS9dBoi25.jpg,Total,not_food,0.9458
1149-receipt_jpg.rf.p4ieS0u7lFAcS9dBoi25.jpg,5.29,not_food,0.9583
1078-receipt_jpg.rf.yLsJebdGKnBj1FXjgxBl.jpg,a and,not_food,0.9176
1078-receipt_jpg.rf.yLsJebdGKnBj1FXjgxBl.jpg,resources!,not_food,0.8184
1078-receipt_jpg.rf.yLsJebdGKnBj1FXjgxBl.jpg,record...,not_food,0.9405
1078-receipt_jpg.rf.yLsJebdGKnBj1FXjgxBl.jpg,Order# 142750,not_food,0.9423
1078-receipt_jpg.rf.yLsJebdGKnBj1FXjgxBl.jpg,Table: Table - 7,not_food,0.9499
1078-receipt_jpg.rf.yLsJebdGKnBj1FXjgxBl.jpg,"Date: 2/19/19, 1:20 PM",not_food,0.9402
1078-receipt_jpg.rf.yLsJebdGKnBj1FXjgxBl.jpg,#19-D.B.B.V.,not_food,0.9498
1078-receipt_jpg.rf.yLsJebdGKnBj1FXjgxBl.jpg,$12.95,not_food,0.9587
1078-receipt_jpg.rf.yLsJebdGKnBj1FXjgxBl.jpg,$12.95,not_food,0.9587
1078-receipt_jpg.rf.yLsJebdGKnBj1FXjgxBl.jpg,$1.23,not_food,0.9586
1078-receipt_jpg.rf.yLsJebdGKnBj1FXjgxBl.jpg,Total Tax:,not_food,0.9188
1078-receipt_jpg.rf.yLsJebdGKnBj1FXjgxBl.jpg,Total:,not_food,0.9475
1078-receipt_jpg.rf.yLsJebdGKnBj1FXjgxBl.jpg,$14.18,not_food,0.9563
1078-receipt_jpg.rf.yLsJebdGKnBj1FXjgxBl.jpg,Order Balance due:,not_food,0.8969
1078-receipt_jpg.rf.yLsJebdGKnBj1FXjgxBl.jpg,$14.18,not_food,0.9563
1078-receipt_jpg.rf.yLsJebdGKnBj1FXjgxBl.jpg,Total,not_food,0.9458
1078-receipt_jpg.rf.yLsJebdGKnBj1FXjgxBl.jpg,$2.33,not_food,0.9542
1078-receipt_jpg.rf.yLsJebdGKnBj1FXjgxBl.jpg,$16.51,not_food,0.9587
1078-receipt_jpg.rf.yLsJebdGKnBj1FXjgxBl.jpg,20.00x of sale:,not_food,0.8252
1078-receipt_jpg.rf.yLsJebdGKnBj1FXjgxBl.jpg,$2.59,not_food,0.958
1078-receipt_jpg.rf.yLsJebdGKnBj1FXjgxBl.jpg,$16.77,not_food,0.9585
1192-receipt_jpg.rf.IewnIxLlqx7V1B6onmnR.jpg,17300 SOUTHCENTER PARKMAY,not_food,0.8219
1192-receipt_jpg.rf.IewnIxLlqx7V1B6onmnR.jpg,206.575.7454,not_food,0.959
1192-receipt_jpg.rf.IewnIxLlqx7V1B6onmnR.jpg,Gst 3,not_food,0.9482
1192-receipt_jpg.rf.IewnIxLlqx7V1B6onmnR.jpg,Sep30107:36PH,not_food,0.958
1192-receipt_jpg.rf.IewnIxLlqx7V1B6onmnR.jpg,9.95,not_food,0.9588
1192-receipt_jpg.rf.IewnIxLlqx7V1B6onmnR.jpg,18.95,not_food,0.9585
1192-receipt_jpg.rf.IewnIxLlqx7V1B6onmnR.jpg,14.95,not_food,0.9572
1192-receipt_jpg.rf.IewnIxLlqx7V1B6onmnR.jpg,9.95,not_food,0.9588
1192-receipt_jpg.rf.IewnIxLlqx7V1B6onmnR.jpg,33.90,not_food,0.9559
1192-receipt_jpg.rf.IewnIxLlqx7V1B6onmnR.jpg,TAX,not_food,0.9035
1192-receipt_jpg.rf.IewnIxLlqx7V1B6onmnR.jpg,3.39,not_food,0.9582
1192-receipt_jpg.rf.IewnIxLlqx7V1B6onmnR.jpg,TOTAL DUE,not_food,0.906
1192-receipt_jpg.rf.IewnIxLlqx7V1B6onmnR.jpg,37.29,not_food,0.9589
1192-receipt_jpg.rf.IewnIxLlqx7V1B6onmnR.jpg,3 pm to 6 pm and 9 pm to close,not_food,0.8548
1192-receipt_jpg.rf.IewnIxLlqx7V1B6onmnR.jpg,to earm rer,not_food,0.9243
1192-receipt_jpg.rf.IewnIxLlqx7V1B6onmnR.jpg,www.r-u-1.coe/rewards,not_food,0.9463
receipt_image_142_jpg.rf.ht63kiyKmF273GCXcyqo.jpg,VAT:,not_food,0.8978
receipt_image_142_jpg.rf.ht63kiyKmF273GCXcyqo.jpg,GB,not_food,0.9361
receipt_image_142_jpg.rf.ht63kiyKmF273GCXcyqo.jpg,527773320,not_food,0.9555
receipt_image_142_jpg.rf.ht63kiyKmF273GCXcyqo.jpg,Address4,not_food,0.9461
receipt_image_142_jpg.rf.ht63kiyKmF273GCXcyqo.jpg,Qty Name,not_food,0.8459
receipt_image_142_jpg.rf.ht63kiyKmF273GCXcyqo.jpg,Total,not_food,0.9458
receipt_image_142_jpg.rf.ht63kiyKmF273GCXcyqo.jpg,80,not_food,0.9564
receipt_image_142_jpg.rf.ht63kiyKmF273GCXcyqo.jpg,80,not_food,0.9564
receipt_image_142_jpg.rf.ht63kiyKmF273GCXcyqo.jpg,Adult,not_food,0.85
receipt_image_142_jpg.rf.ht63kiyKmF273GCXcyqo.jpg,:50,not_food,0.9566
receipt_image_142_jpg.rf.ht63kiyKmF273GCXcyqo.jpg,.50,not_food,0.9579
receipt_image_142_jpg.rf.ht63kiyKmF273GCXcyqo.jpg,.80,not_food,0.9581
receipt_image_142_jpg.rf.ht63kiyKmF273GCXcyqo.jpg,.80,not_food,0.9581
receipt_image_142_jpg.rf.ht63kiyKmF273GCXcyqo.jpg,.80,not_food,0.9581
receipt_image_142_jpg.rf.ht63kiyKmF273GCXcyqo.jpg,08,not_food,0.9573
receipt_image_142_jpg.rf.ht63kiyKmF273GCXcyqo.jpg,12.37,not_food,0.958
receipt_image_142_jpg.rf.ht63kiyKmF273GCXcyqo.jpg,Tax:,not_food,0.9206
receipt_image_142_jpg.rf.ht63kiyKmF273GCXcyqo.jpg,2.48,not_food,0.9582
receipt_image_142_jpg.rf.ht63kiyKmF273GCXcyqo.jpg,Total to Pay:,not_food,0.8331
receipt_image_142_jpg.rf.ht63kiyKmF273GCXcyqo.jpg,14.85,not_food,0.9557
receipt_image_142_jpg.rf.ht63kiyKmF273GCXcyqo.jpg,VISA,not_food,0.8493
receipt_image_142_jpg.rf.ht63kiyKmF273GCXcyqo.jpg,14.85,not_food,0.9557
receipt_image_142_jpg.rf.ht63kiyKmF273GCXcyqo.jpg,Visa Credit,not_food,0.8301
receipt_image_142_jpg.rf.ht63kiyKmF273GCXcyqo.jpg,1868,not_food,0.9329
receipt_image_443_jpg.rf.KfABGWneOfiiXzPnvxfE.jpg,GST ID: 001661886464,not_food,0.9575
receipt_image_443_jpg.rf.KfABGWneOfiiXzPnvxfE.jpg,TABLE,not_food,0.9449
receipt_image_443_jpg.rf.KfABGWneOfiiXzPnvxfE.jpg,: BAR,not_food,0.8066
receipt_image_443_jpg.rf.KfABGWneOfiiXzPnvxfE.jpg,ORDER,not_food,0.928
receipt_image_443_jpg.rf.KfABGWneOfiiXzPnvxfE.jpg,00012916,not_food,0.9543
receipt_image_443_jpg.rf.KfABGWneOfiiXzPnvxfE.jpg,12/03/2018,not_food,0.9261
receipt_image_443_jpg.rf.KfABGWneOfiiXzPnvxfE.jpg,12/03/2018 10:25:49 PM,not_food,0.9541
receipt_image_443_jpg.rf.KfABGWneOfiiXzPnvxfE.jpg,RM,not_food,0.9394
receipt_image_443_jpg.rf.KfABGWneOfiiXzPnvxfE.jpg,QTY ITEM,not_food,0.9473
receipt_image_443_jpg.rf.KfABGWneOfiiXzPnvxfE.jpg,AMOUNT,not_food,0.8481
receipt_image_443_jpg.rf.KfABGWneOfiiXzPnvxfE.jpg,150.00,not_food,0.9581
receipt_image_443_jpg.rf.KfABGWneOfiiXzPnvxfE.jpg,145.00,not_food,0.959
receipt_image_443_jpg.rf.KfABGWneOfiiXzPnvxfE.jpg,SUB TOTAL,not_food,0.9014
receipt_image_443_jpg.rf.KfABGWneOfiiXzPnvxfE.jpg,295.00,not_food,0.9587
receipt_image_443_jpg.rf.KfABGWneOfiiXzPnvxfE.jpg,SERVICE CHARGE 10%,not_food,0.9118
receipt_image_443_jpg.rf.KfABGWneOfiiXzPnvxfE.jpg,29.50,not_food,0.9587
receipt_image_443_jpg.rf.KfABGWneOfiiXzPnvxfE.jpg,GST 6%,not_food,0.8869
receipt_image_443_jpg.rf.KfABGWneOfiiXzPnvxfE.jpg,19.47,not_food,0.9582
receipt_image_443_jpg.rf.KfABGWneOfiiXzPnvxfE.jpg,-0.02,not_food,0.9571
receipt_image_443_jpg.rf.KfABGWneOfiiXzPnvxfE.jpg,343.95,not_food,0.9581
receipt_image_443_jpg.rf.KfABGWneOfiiXzPnvxfE.jpg,NL: TOTAL,not_food,0.9228
receipt_image_443_jpg.rf.KfABGWneOfiiXzPnvxfE.jpg,T1x,not_food,0.9129
receipt_image_443_jpg.rf.KfABGWneOfiiXzPnvxfE.jpg,Amount,not_food,0.8481
receipt_image_443_jpg.rf.KfABGWneOfiiXzPnvxfE.jpg,Tax,not_food,0.9035
receipt_image_443_jpg.rf.KfABGWneOfiiXzPnvxfE.jpg,SVC,not_food,0.8888
receipt_image_443_jpg.rf.KfABGWneOfiiXzPnvxfE.jpg,295.00,not_food,0.9587
receipt_image_443_jpg.rf.KfABGWneOfiiXzPnvxfE.jpg,50,not_food,0.9569
receipt_image_443_jpg.rf.KfABGWneOfiiXzPnvxfE.jpg,SR,not_food,0.921
receipt_image_443_jpg.rf.KfABGWneOfiiXzPnvxfE.jpg,GS: 6%,not_food,0.932
receipt_image_443_jpg.rf.KfABGWneOfiiXzPnvxfE.jpg,324.50,not_food,0.9586
receipt_image_443_jpg.rf.KfABGWneOfiiXzPnvxfE.jpg,Thank,not_food,0.86
receipt_image_595_jpg.rf.1eaYBbrfO9Jmu1eYtlz2.jpg,(801049-U),not_food,0.9477
receipt_image_595_jpg.rf.1eaYBbrfO9Jmu1eYtlz2.jpg,GST Reg.: 001833082880,not_food,0.9555
receipt_image_595_jpg.rf.1eaYBbrfO9Jmu1eYtlz2.jpg,LLL,not_food,0.9159
receipt_image_595_jpg.rf.1eaYBbrfO9Jmu1eYtlz2.jpg,Dae :,not_food,0.8234
receipt_image_595_jpg.rf.1eaYBbrfO9Jmu1eYtlz2.jpg,18/02/2018 06:08:59 PM,not_food,0.9541
receipt_image_595_jpg.rf.1eaYBbrfO9Jmu1eYtlz2.jpg,Debtor:,not_food,0.8548
receipt_image_595_jpg.rf.1eaYBbrfO9Jmu1eYtlz2.jpg,Member:,not_food,0.9354
receipt_image_595_jpg.rf.1eaYBbrfO9Jmu1eYtlz2.jpg,Terminal:,not_food,0.872
receipt_image_595_jpg.rf.1eaYBbrfO9Jmu1eYtlz2.jpg,L201,not_food,0.9526
receipt_image_595_jpg.rf.1eaYBbrfO9Jmu1eYtlz2.jpg,DESC,not_food,0.9381
receipt_image_595_jpg.rf.1eaYBbrfO9Jmu1eYtlz2.jpg,DiscAMOUNT TAX,not_food,0.8906
receipt_image_595_jpg.rf.1eaYBbrfO9Jmu1eYtlz2.jpg,QTY,not_food,0.8711
receipt_image_595_jpg.rf.1eaYBbrfO9Jmu1eYtlz2.jpg,RM,not_food,0.9394
receipt_image_595_jpg.rf.1eaYBbrfO9Jmu1eYtlz2.jpg,RM CODE,not_food,0.9371
receipt_image_595_jpg.rf.1eaYBbrfO9Jmu1eYtlz2.jpg,1 PC,not_food,0.8104
receipt_image_595_jpg.rf.1eaYBbrfO9Jmu1eYtlz2.jpg,3.30,not_food,0.9589
receipt_image_595_jpg.rf.1eaYBbrfO9Jmu1eYtlz2.jpg,0.00,not_food,0.958
receipt_image_595_jpg.rf.1eaYBbrfO9Jmu1eYtlz2.jpg,.3 S,not_food,0.9557
receipt_image_595_jpg.rf.1eaYBbrfO9Jmu1eYtlz2.jpg,"1.5"" RUBBER BAND",not_food,0.8734
receipt_image_595_jpg.rf.1eaYBbrfO9Jmu1eYtlz2.jpg,1 200G*,not_food,0.9421
receipt_image_595_jpg.rf.1eaYBbrfO9Jmu1eYtlz2.jpg,3.60,not_food,0.9588
receipt_image_595_jpg.rf.1eaYBbrfO9Jmu1eYtlz2.jpg,0.00,not_food,0.958
receipt_image_595_jpg.rf.1eaYBbrfO9Jmu1eYtlz2.jpg,3.60 SR,not_food,0.952
receipt_image_595_jpg.rf.1eaYBbrfO9Jmu1eYtlz2.jpg,3 3,not_food,0.954
receipt_image_595_jpg.rf.1eaYBbrfO9Jmu1eYtlz2.jpg,1 200G,not_food,0.9542
receipt_image_595_jpg.rf.1eaYBbrfO9Jmu1eYtlz2.jpg,2.50,not_food,0.958
receipt_image_595_jpg.rf.1eaYBbrfO9Jmu1eYtlz2.jpg,0.00,not_food,0.958
receipt_image_595_jpg.rf.1eaYBbrfO9Jmu1eYtlz2.jpg,2.50 SR,not_food,0.946
receipt_image_595_jpg.rf.1eaYBbrfO9Jmu1eYtlz2.jpg,18MMX90Y OPP TAPE,not_food,0.9563
receipt_image_595_jpg.rf.1eaYBbrfO9Jmu1eYtlz2.jpg,1 PC,not_food,0.8104
receipt_image_595_jpg.rf.1eaYBbrfO9Jmu1eYtlz2.jpg,1.60,not_food,0.9586
receipt_image_595_jpg.rf.1eaYBbrfO9Jmu1eYtlz2.jpg,0.00,not_food,0.958
receipt_image_595_jpg.rf.1eaYBbrfO9Jmu1eYtlz2.jpg,1.60 SR,not_food,0.9522
receipt_image_595_jpg.rf.1eaYBbrfO9Jmu1eYtlz2.jpg,911 TAPE DISPENSER,not_food,0.9438
receipt_image_595_jpg.rf.1eaYBbrfO9Jmu1eYtlz2.jpg,1 PC,not_food,0.8104
receipt_image_595_jpg.rf.1eaYBbrfO9Jmu1eYtlz2.jpg,8.60,not_food,0.9589
receipt_image_595_jpg.rf.1eaYBbrfO9Jmu1eYtlz2.jpg,0.00,not_food,0.958
receipt_image_595_jpg.rf.1eaYBbrfO9Jmu1eYtlz2.jpg,8.60 SR,not_food,0.9506
receipt_image_595_jpg.rf.1eaYBbrfO9Jmu1eYtlz2.jpg,PSI-89O PENSONIC DRY IRON WITH SPRAY,not_food,0.9565
receipt_image_595_jpg.rf.1eaYBbrfO9Jmu1eYtlz2.jpg,1 PC,not_food,0.8104
receipt_image_595_jpg.rf.1eaYBbrfO9Jmu1eYtlz2.jpg,49.90,not_food,0.9588
receipt_image_595_jpg.rf.1eaYBbrfO9Jmu1eYtlz2.jpg,AP-17 APRON PLAIN CLOTH,not_food,0.927
receipt_image_595_jpg.rf.1eaYBbrfO9Jmu1eYtlz2.jpg,0.00,not_food,0.958
receipt_image_595_jpg.rf.1eaYBbrfO9Jmu1eYtlz2.jpg,49.90 SR,not_food,0.9517
receipt_image_595_jpg.rf.1eaYBbrfO9Jmu1eYtlz2.jpg,10.90,not_food,0.9584
receipt_image_595_jpg.rf.1eaYBbrfO9Jmu1eYtlz2.jpg,0.00,not_food,0.958
receipt_image_595_jpg.rf.1eaYBbrfO9Jmu1eYtlz2.jpg,218.00 SR,not_food,0.9494
receipt_image_595_jpg.rf.1eaYBbrfO9Jmu1eYtlz2.jpg,1 PC,not_food,0.8104
receipt_image_595_jpg.rf.1eaYBbrfO9Jmu1eYtlz2.jpg,1.00,not_food,0.9571
receipt_image_595_jpg.rf.1eaYBbrfO9Jmu1eYtlz2.jpg,0000,not_food,0.9571
receipt_image_595_jpg.rf.1eaYBbrfO9Jmu1eYtlz2.jpg,1.00 SR,not_food,0.9494
receipt_image_595_jpg.rf.1eaYBbrfO9Jmu1eYtlz2.jpg,CC-10O 1OOPC CITE CANDLE,not_food,0.9556
receipt_image_595_jpg.rf.1eaYBbrfO9Jmu1eYtlz2.jpg,1 PC,not_food,0.8104
receipt_image_595_jpg.rf.1eaYBbrfO9Jmu1eYtlz2.jpg,22.90,not_food,0.9591
receipt_image_595_jpg.rf.1eaYBbrfO9Jmu1eYtlz2.jpg,0.00,not_food,0.958
receipt_image_595_jpg.rf.1eaYBbrfO9Jmu1eYtlz2.jpg,F1502 SCISSOR O8C (CH) (TLC),not_food,0.937
receipt_image_595_jpg.rf.1eaYBbrfO9Jmu1eYtlz2.jpg,2Z5,not_food,0.9438
receipt_image_595_jpg.rf.1eaYBbrfO9Jmu1eYtlz2.jpg,6.00,not_food,0.9566
receipt_image_595_jpg.rf.1eaYBbrfO9Jmu1eYtlz2.jpg,0.00,not_food,0.958
receipt_image_595_jpg.rf.1eaYBbrfO9Jmu1eYtlz2.jpg,36.00 SR,not_food,0.9518
receipt_image_595_jpg.rf.1eaYBbrfO9Jmu1eYtlz2.jpg,2KG HC KITCHEN SCALE,not_food,0.9243
receipt_image_595_jpg.rf.1eaYBbrfO9Jmu1eYtlz2.jpg,1 PC,not_food,0.8104
receipt_image_595_jpg.rf.1eaYBbrfO9Jmu1eYtlz2.jpg,19.90,not_food,0.9586
receipt_image_595_jpg.rf.1eaYBbrfO9Jmu1eYtlz2.jpg,0.00,not_food,0.958
receipt_image_595_jpg.rf.1eaYBbrfO9Jmu1eYtlz2.jpg,19SR,not_food,0.9269
receipt_image_595_jpg.rf.1eaYBbrfO9Jmu1eYtlz2.jpg,Service Charge:,not_food,0.9489
receipt_image_595_jpg.rf.1eaYBbrfO9Jmu1eYtlz2.jpg,GST 6%:,not_food,0.9298
receipt_image_595_jpg.rf.1eaYBbrfO9Jmu1eYtlz2.jpg,20.79,not_food,0.9585
receipt_image_595_jpg.rf.1eaYBbrfO9Jmu1eYtlz2.jpg,Rounding Adjustment:,not_food,0.9432
receipt_image_595_jpg.rf.1eaYBbrfO9Jmu1eYtlz2.jpg,0.00,not_food,0.958
receipt_image_595_jpg.rf.1eaYBbrfO9Jmu1eYtlz2.jpg,0.00,not_food,0.958
receipt_image_595_jpg.rf.1eaYBbrfO9Jmu1eYtlz2.jpg,R):,not_food,0.9422
receipt_image_595_jpg.rf.1eaYBbrfO9Jmu1eYtlz2.jpg,367.30,not_food,0.9592
receipt_image_595_jpg.rf.1eaYBbrfO9Jmu1eYtlz2.jpg,Credit Card,not_food,0.8219
receipt_image_595_jpg.rf.1eaYBbrfO9Jmu1eYtlz2.jpg,367.30,not_food,0.9592
receipt_image_595_jpg.rf.1eaYBbrfO9Jmu1eYtlz2.jpg,GST Summary,not_food,0.9459
receipt_image_595_jpg.rf.1eaYBbrfO9Jmu1eYtlz2.jpg,Tax(RM),not_food,0.8685
receipt_image_595_jpg.rf.1eaYBbrfO9Jmu1eYtlz2.jpg,SR 0 0%,not_food,0.867
receipt_image_595_jpg.rf.1eaYBbrfO9Jmu1eYtlz2.jpg,346.51,not_food,0.9585
receipt_image_595_jpg.rf.1eaYBbrfO9Jmu1eYtlz2.jpg,20.79,not_food,0.9585
receipt_image_306_jpg.rf.ZlZho665f1Fqo4muFGQ2.jpg,THANK YOU FOR RECOMMENDING US!,not_food,0.8785
receipt_image_306_jpg.rf.ZlZho665f1Fqo4muFGQ2.jpg,ORDERC1O,not_food,0.9093
receipt_image_306_jpg.rf.ZlZho665f1Fqo4muFGQ2.jpg,A008763,not_food,0.9564
receipt_image_306_jpg.rf.ZlZho665f1Fqo4muFGQ2.jpg,18:42,not_food,0.9582
receipt_image_306_jpg.rf.ZlZho665f1Fqo4muFGQ2.jpg,12.00,not_food,0.957
receipt_image_306_jpg.rf.ZlZho665f1Fqo4muFGQ2.jpg,11.50,not_food,0.9584
receipt_image_306_jpg.rf.ZlZho665f1Fqo4muFGQ2.jpg,13.50,not_food,0.9584
receipt_image_306_jpg.rf.ZlZho665f1Fqo4muFGQ2.jpg,8.95,not_food,0.9588
receipt_image_306_jpg.rf.ZlZho665f1Fqo4muFGQ2.jpg,7.95,not_food,0.9592
receipt_image_306_jpg.rf.ZlZho665f1Fqo4muFGQ2.jpg,3.00,not_food,0.9574
receipt_image_306_jpg.rf.ZlZho665f1Fqo4muFGQ2.jpg,3.00,not_food,0.9574
receipt_image_306_jpg.rf.ZlZho665f1Fqo4muFGQ2.jpg,5.00,not_food,0.9575
receipt_image_306_jpg.rf.ZlZho665f1Fqo4muFGQ2.jpg,FOOD,not_food,0.8357
receipt_image_306_jpg.rf.ZlZho665f1Fqo4muFGQ2.jpg,64.90,not_food,0.9576
receipt_image_306_jpg.rf.ZlZho665f1Fqo4muFGQ2.jpg,TAX,not_food,0.9035
receipt_image_306_jpg.rf.ZlZho665f1Fqo4muFGQ2.jpg,5.84,not_food,0.9584
receipt_image_306_jpg.rf.ZlZho665f1Fqo4muFGQ2.jpg,TOTAL,not_food,0.9458
receipt_image_306_jpg.rf.ZlZho665f1Fqo4muFGQ2.jpg,70.74,not_food,0.958
receipt_image_306_jpg.rf.ZlZho665f1Fqo4muFGQ2.jpg,--18I GRATUITY WILL APPLY TO--,not_food,0.8953
receipt_image_631_jpg.rf.d9POSLjaCCZBeTjZlrZi.jpg,(002050590-H),not_food,0.9552
receipt_image_631_jpg.rf.d9POSLjaCCZBeTjZlrZi.jpg,TEL / FAX: 0163307491/ 0378317491,not_food,0.9561
receipt_image_631_jpg.rf.d9POSLjaCCZBeTjZlrZi.jpg,EMAIL: snystationery@hotmail.com,not_food,0.919
receipt_image_631_jpg.rf.d9POSLjaCCZBeTjZlrZi.jpg,TEL:0163307491/ 0378317491,not_food,0.9566
receipt_image_631_jpg.rf.d9POSLjaCCZBeTjZlrZi.jpg,FAX: 0378317491,not_food,0.9584
receipt_image_631_jpg.rf.d9POSLjaCCZBeTjZlrZi.jpg,"E-Mail: snystationery@hotmail,.com",not_food,0.9498
receipt_image_631_jpg.rf.d9POSLjaCCZBeTjZlrZi.jpg,(GST Reg No : 000906854400),not_food,0.945
receipt_image_631_jpg.rf.d9POSLjaCCZBeTjZlrZi.jpg,S/P : SALES,not_food,0.8879
receipt_image_631_jpg.rf.d9POSLjaCCZBeTjZlrZi.jpg,Inv No : CS-0004350,not_food,0.954
receipt_image_631_jpg.rf.d9POSLjaCCZBeTjZlrZi.jpg,09-Jan-2017 01:48:43 PM,not_food,0.9578
receipt_image_631_jpg.rf.d9POSLjaCCZBeTjZlrZi.jpg,No.Description,not_food,0.9408
receipt_image_631_jpg.rf.d9POSLjaCCZBeTjZlrZi.jpg,UOM,not_food,0.8999
receipt_image_631_jpg.rf.d9POSLjaCCZBeTjZlrZi.jpg,Code,not_food,0.9396
receipt_image_631_jpg.rf.d9POSLjaCCZBeTjZlrZi.jpg,Total (MYR),not_food,0.8557
receipt_image_631_jpg.rf.d9POSLjaCCZBeTjZlrZi.jpg,EXERCISE BOOK 8O PAGES SINGLE LIN,not_food,0.955
receipt_image_631_jpg.rf.d9POSLjaCCZBeTjZlrZi.jpg,PCS,not_food,0.9333
receipt_image_631_jpg.rf.d9POSLjaCCZBeTjZlrZi.jpg,FW10010801,not_food,0.9151
receipt_image_631_jpg.rf.d9POSLjaCCZBeTjZlrZi.jpg,0.70,not_food,0.9586
receipt_image_631_jpg.rf.d9POSLjaCCZBeTjZlrZi.jpg,1.40,not_food,0.9583
receipt_image_631_jpg.rf.d9POSLjaCCZBeTjZlrZi.jpg,SR,not_food,0.921
receipt_image_631_jpg.rf.d9POSLjaCCZBeTjZlrZi.jpg,Item Count :,not_food,0.9414
receipt_image_631_jpg.rf.d9POSLjaCCZBeTjZlrZi.jpg,Total Sales Incl. GST @6%:,not_food,0.9436
receipt_image_631_jpg.rf.d9POSLjaCCZBeTjZlrZi.jpg,1.40,not_food,0.9583
receipt_image_631_jpg.rf.d9POSLjaCCZBeTjZlrZi.jpg,1.40,not_food,0.9583
receipt_image_631_jpg.rf.d9POSLjaCCZBeTjZlrZi.jpg,50.00,not_food,0.958
receipt_image_631_jpg.rf.d9POSLjaCCZBeTjZlrZi.jpg,Change,not_food,0.9144
receipt_image_631_jpg.rf.d9POSLjaCCZBeTjZlrZi.jpg,48.60,not_food,0.9585
receipt_image_631_jpg.rf.d9POSLjaCCZBeTjZlrZi.jpg,GST Summary,not_food,0.9459
receipt_image_631_jpg.rf.d9POSLjaCCZBeTjZlrZi.jpg,Amount,not_food,0.8481
receipt_image_631_jpg.rf.d9POSLjaCCZBeTjZlrZi.jpg,(MYR),not_food,0.8502
receipt_image_631_jpg.rf.d9POSLjaCCZBeTjZlrZi.jpg,Tax,not_food,0.9035
receipt_image_631_jpg.rf.d9POSLjaCCZBeTjZlrZi.jpg,(MYR),not_food,0.8502
receipt_image_631_jpg.rf.d9POSLjaCCZBeTjZlrZi.jpg,SR = 6%,not_food,0.8636
receipt_image_631_jpg.rf.d9POSLjaCCZBeTjZlrZi.jpg,1.32,not_food,0.9575
receipt_image_631_jpg.rf.d9POSLjaCCZBeTjZlrZi.jpg,0.08,not_food,0.9578
receipt_image_631_jpg.rf.d9POSLjaCCZBeTjZlrZi.jpg,1-40,not_food,0.9567
receipt_image_258_jpg.rf.bZZwUcdqNOGBELgL870s.jpg,"NC,25486",not_food,0.9488
receipt_image_258_jpg.rf.bZZwUcdqNOGBELgL870s.jpg,PH. NO.:(+1)-999-888-5758,not_food,0.9524
receipt_image_258_jpg.rf.bZZwUcdqNOGBELgL870s.jpg,"Date: 02 March, 2021",not_food,0.9198
receipt_image_258_jpg.rf.bZZwUcdqNOGBELgL870s.jpg,11:50AM,not_food,0.9384
receipt_image_258_jpg.rf.bZZwUcdqNOGBELgL870s.jpg,Item,not_food,0.9528
receipt_image_258_jpg.rf.bZZwUcdqNOGBELgL870s.jpg,Qty,not_food,0.8711
receipt_image_258_jpg.rf.bZZwUcdqNOGBELgL870s.jpg,Rate,not_food,0.9465
receipt_image_258_jpg.rf.bZZwUcdqNOGBELgL870s.jpg,$3.98,not_food,0.9585
receipt_image_258_jpg.rf.bZZwUcdqNOGBELgL870s.jpg,$2.46,not_food,0.9581
receipt_image_258_jpg.rf.bZZwUcdqNOGBELgL870s.jpg,$12.90,not_food,0.9587
receipt_image_258_jpg.rf.bZZwUcdqNOGBELgL870s.jpg,$19.60,not_food,0.9591
receipt_image_258_jpg.rf.bZZwUcdqNOGBELgL870s.jpg,rks,not_food,0.8052
receipt_image_258_jpg.rf.bZZwUcdqNOGBELgL870s.jpg,$8.50,not_food,0.9581
receipt_image_258_jpg.rf.bZZwUcdqNOGBELgL870s.jpg,VISA 2546,not_food,0.9282
receipt_image_258_jpg.rf.bZZwUcdqNOGBELgL870s.jpg,$47.44,not_food,0.9582
receipt_image_258_jpg.rf.bZZwUcdqNOGBELgL870s.jpg,CGST,not_food,0.8465
receipt_image_258_jpg.rf.bZZwUcdqNOGBELgL870s.jpg,$1.19,not_food,0.9583
receipt_image_258_jpg.rf.bZZwUcdqNOGBELgL870s.jpg,$1.19,not_food,0.9583
receipt_image_258_jpg.rf.bZZwUcdqNOGBELgL870s.jpg,TOTAL,not_food,0.9458
receipt_image_258_jpg.rf.bZZwUcdqNOGBELgL870s.jpg,$49.81,not_food,0.9582
receipt_image_258_jpg.rf.bZZwUcdqNOGBELgL870s.jpg,THANK FOR VISITING,not_food,0.8607
receipt_image_258_jpg.rf.bZZwUcdqNOGBELgL870s.jpg,LIMITED),not_food,0.9121
receipt_image_326_jpg.rf.RTEktxT0QvpAE8mcF2ie.jpg,GST NO.36ABVFS7560H1ZF,not_food,0.9546
receipt_image_326_jpg.rf.RTEktxT0QvpAE8mcF2ie.jpg,Phone(s):66777887 9701234777-,not_food,0.9516
receipt_image_326_jpg.rf.RTEktxT0QvpAE8mcF2ie.jpg,Cash Memo No. : 00017 DATE : 02/08/19,not_food,0.8111
receipt_image_326_jpg.rf.RTEktxT0QvpAE8mcF2ie.jpg,TIME:22:09:05,not_food,0.9575
receipt_image_326_jpg.rf.RTEktxT0QvpAE8mcF2ie.jpg,Item Particulars,not_food,0.9459
receipt_image_326_jpg.rf.RTEktxT0QvpAE8mcF2ie.jpg,Qty,not_food,0.8711
receipt_image_326_jpg.rf.RTEktxT0QvpAE8mcF2ie.jpg,Rate,not_food,0.9465
receipt_image_326_jpg.rf.RTEktxT0QvpAE8mcF2ie.jpg,Amount,not_food,0.8481
receipt_image_326_jpg.rf.RTEktxT0QvpAE8mcF2ie.jpg,SPECIAL DRY ITEM,not_food,0.9294
receipt_image_326_jpg.rf.RTEktxT0QvpAE8mcF2ie.jpg,220,not_food,0.9579
receipt_image_326_jpg.rf.RTEktxT0QvpAE8mcF2ie.jpg,220.00,not_food,0.9587
receipt_image_326_jpg.rf.RTEktxT0QvpAE8mcF2ie.jpg,200,not_food,0.9562
receipt_image_326_jpg.rf.RTEktxT0QvpAE8mcF2ie.jpg,200.00,not_food,0.9576
receipt_image_326_jpg.rf.RTEktxT0QvpAE8mcF2ie.jpg,200,not_food,0.9562
receipt_image_326_jpg.rf.RTEktxT0QvpAE8mcF2ie.jpg,200.00,not_food,0.9576
receipt_image_326_jpg.rf.RTEktxT0QvpAE8mcF2ie.jpg,120,not_food,0.9568
receipt_image_326_jpg.rf.RTEktxT0QvpAE8mcF2ie.jpg,120.00,not_food,0.958
receipt_image_326_jpg.rf.RTEktxT0QvpAE8mcF2ie.jpg,55224,not_food,0.9589
receipt_image_326_jpg.rf.RTEktxT0QvpAE8mcF2ie.jpg,28,not_food,0.9538
receipt_image_326_jpg.rf.RTEktxT0QvpAE8mcF2ie.jpg,140.00,not_food,0.9591
receipt_image_326_jpg.rf.RTEktxT0QvpAE8mcF2ie.jpg,20,not_food,0.9556
receipt_image_326_jpg.rf.RTEktxT0QvpAE8mcF2ie.jpg,100.00,not_food,0.9578
receipt_image_326_jpg.rf.RTEktxT0QvpAE8mcF2ie.jpg,140,not_food,0.9586
receipt_image_326_jpg.rf.RTEktxT0QvpAE8mcF2ie.jpg,280.00,not_food,0.9589
receipt_image_326_jpg.rf.RTEktxT0QvpAE8mcF2ie.jpg,30,not_food,0.958
receipt_image_326_jpg.rf.RTEktxT0QvpAE8mcF2ie.jpg,00.09,not_food,0.9576
receipt_image_326_jpg.rf.RTEktxT0QvpAE8mcF2ie.jpg,24,not_food,0.9549
receipt_image_326_jpg.rf.RTEktxT0QvpAE8mcF2ie.jpg,96.00,not_food,0.9587
receipt_image_326_jpg.rf.RTEktxT0QvpAE8mcF2ie.jpg,ITEMS: 9,not_food,0.8472
receipt_image_326_jpg.rf.RTEktxT0QvpAE8mcF2ie.jpg,1416.00,not_food,0.9585
receipt_image_326_jpg.rf.RTEktxT0QvpAE8mcF2ie.jpg,35.50,not_food,0.958
receipt_image_326_jpg.rf.RTEktxT0QvpAE8mcF2ie.jpg,35.50,not_food,0.958
receipt_image_326_jpg.rf.RTEktxT0QvpAE8mcF2ie.jpg,1487.00,not_food,0.9592
1052-receipt_jpg.rf.ARjYKnhkc5LJnF7YXF3N.jpg,"Floral Park, NY 11001",not_food,0.8974
1052-receipt_jpg.rf.ARjYKnhkc5LJnF7YXF3N.jpg,Tel: 718.343-4616,not_food,0.9557
1052-receipt_jpg.rf.ARjYKnhkc5LJnF7YXF3N.jpg,Check: 1075,not_food,0.946
1052-receipt_jpg.rf.ARjYKnhkc5LJnF7YXF3N.jpg,Table: 34-1,not_food,0.953
1052-receipt_jpg.rf.ARjYKnhkc5LJnF7YXF3N.jpg,09/24/2016 08:22PM,not_food,0.9514
1052-receipt_jpg.rf.ARjYKnhkc5LJnF7YXF3N.jpg,7.75,not_food,0.9582
1052-receipt_jpg.rf.ARjYKnhkc5LJnF7YXF3N.jpg,6.00,not_food,0.9566
1052-receipt_jpg.rf.ARjYKnhkc5LJnF7YXF3N.jpg,9.95,not_food,0.9588
1052-receipt_jpg.rf.ARjYKnhkc5LJnF7YXF3N.jpg,9.95,not_food,0.9588
1052-receipt_jpg.rf.ARjYKnhkc5LJnF7YXF3N.jpg,5.95,not_food,0.9585
1052-receipt_jpg.rf.ARjYKnhkc5LJnF7YXF3N.jpg,21.95,not_food,0.9594
1052-receipt_jpg.rf.ARjYKnhkc5LJnF7YXF3N.jpg,24.95,not_food,0.959
1052-receipt_jpg.rf.ARjYKnhkc5LJnF7YXF3N.jpg,88.50,not_food,0.9582
1052-receipt_jpg.rf.ARjYKnhkc5LJnF7YXF3N.jpg,7.68,not_food,0.9587
1052-receipt_jpg.rf.ARjYKnhkc5LJnF7YXF3N.jpg,Tax,not_food,0.9035
1052-receipt_jpg.rf.ARjYKnhkc5LJnF7YXF3N.jpg,TOTAL DUE,not_food,0.906
1052-receipt_jpg.rf.ARjYKnhkc5LJnF7YXF3N.jpg,$94.18,not_food,0.9583
receipt_image_202_jpg.rf.zJPvgfNC00sChUG5jb9b.jpg,CARE RITE PHARMACY,not_food,0.9342
receipt_image_202_jpg.rf.zJPvgfNC00sChUG5jb9b.jpg,**COPYRECEIPT*****,not_food,0.8383
receipt_image_202_jpg.rf.zJPvgfNC00sChUG5jb9b.jpg,CLERK,not_food,0.8456
receipt_image_202_jpg.rf.zJPvgfNC00sChUG5jb9b.jpg,$3.29,not_food,0.9585
receipt_image_202_jpg.rf.zJPvgfNC00sChUG5jb9b.jpg,$5.79,not_food,0.958
receipt_image_202_jpg.rf.zJPvgfNC00sChUG5jb9b.jpg,MCNX SVR CLD,not_food,0.865
receipt_image_202_jpg.rf.zJPvgfNC00sChUG5jb9b.jpg,$16.49,not_food,0.9586
receipt_image_202_jpg.rf.zJPvgfNC00sChUG5jb9b.jpg,$4.76,not_food,0.9582
receipt_image_202_jpg.rf.zJPvgfNC00sChUG5jb9b.jpg,TAX:$0.00,not_food,0.942
receipt_image_202_jpg.rf.zJPvgfNC00sChUG5jb9b.jpg,TOTAL,not_food,0.9458
receipt_image_202_jpg.rf.zJPvgfNC00sChUG5jb9b.jpg,$30.00,not_food,0.9587
receipt_image_202_jpg.rf.zJPvgfNC00sChUG5jb9b.jpg,SWIPE,not_food,0.9438
receipt_image_202_jpg.rf.zJPvgfNC00sChUG5jb9b.jpg,$30.00,not_food,0.9587
receipt_image_202_jpg.rf.zJPvgfNC00sChUG5jb9b.jpg,9/13/2018,not_food,0.9262
receipt_image_202_jpg.rf.zJPvgfNC00sChUG5jb9b.jpg,05:30 PM,not_food,0.9506
receipt_image_202_jpg.rf.zJPvgfNC00sChUG5jb9b.jpg,3598426,not_food,0.959
receipt_image_202_jpg.rf.zJPvgfNC00sChUG5jb9b.jpg,72617,not_food,0.9563
receipt_image_202_jpg.rf.zJPvgfNC00sChUG5jb9b.jpg,**COPY RECEIPT****,not_food,0.9114
receipt_image_202_jpg.rf.zJPvgfNC00sChUG5jb9b.jpg,THANK YOU,not_food,0.8731
receipt_image_458_jpg.rf.PKa23mhg2WxgCHSphz0e.jpg,CO.(M)SDNBHD,not_food,0.8034
receipt_image_458_jpg.rf.PKa23mhg2WxgCHSphz0e.jpg,(Co.No.,not_food,0.899
receipt_image_458_jpg.rf.PKa23mhg2WxgCHSphz0e.jpg,113825-W),not_food,0.9473
receipt_image_458_jpg.rf.PKa23mhg2WxgCHSphz0e.jpg,(GST Reg No. 001492992000),not_food,0.9182
receipt_image_458_jpg.rf.PKa23mhg2WxgCHSphz0e.jpg,No,not_food,0.9254
receipt_image_458_jpg.rf.PKa23mhg2WxgCHSphz0e.jpg,Te1 : 03-91322435/437,not_food,0.9549
receipt_image_458_jpg.rf.PKa23mhg2WxgCHSphz0e.jpg,Mega Bookfair @ SPCC 2017,not_food,0.8981
receipt_image_458_jpg.rf.PKa23mhg2WxgCHSphz0e.jpg,25 AUG - 3 Sept 2017,not_food,0.9316
receipt_image_458_jpg.rf.PKa23mhg2WxgCHSphz0e.jpg,20/08/17 12:48,not_food,0.952
receipt_image_458_jpg.rf.PKa23mhg2WxgCHSphz0e.jpg,S11p No.: 9020374693,not_food,0.9567
receipt_image_458_jpg.rf.PKa23mhg2WxgCHSphz0e.jpg,Member Card No:,not_food,0.8654
receipt_image_458_jpg.rf.PKa23mhg2WxgCHSphz0e.jpg,2002008362249,not_food,0.9586
receipt_image_458_jpg.rf.PKa23mhg2WxgCHSphz0e.jpg,Card Expiry:31/08/20,not_food,0.9435
receipt_image_458_jpg.rf.PKa23mhg2WxgCHSphz0e.jpg,Description,not_food,0.9548
receipt_image_458_jpg.rf.PKa23mhg2WxgCHSphz0e.jpg,Amount,not_food,0.8481
receipt_image_458_jpg.rf.PKa23mhg2WxgCHSphz0e.jpg,H'MAN GLASS PAPER,not_food,0.9292
receipt_image_458_jpg.rf.PKa23mhg2WxgCHSphz0e.jpg,4pce1.40,not_food,0.9428
receipt_image_458_jpg.rf.PKa23mhg2WxgCHSphz0e.jpg,70515.80,not_food,0.9583
receipt_image_458_jpg.rf.PKa23mhg2WxgCHSphz0e.jpg,Member Discount,not_food,0.9258
receipt_image_458_jpg.rf.PKa23mhg2WxgCHSphz0e.jpg,-0.56,not_food,0.9566
receipt_image_458_jpg.rf.PKa23mhg2WxgCHSphz0e.jpg,Total RM Inel. of GST,not_food,0.9415
receipt_image_458_jpg.rf.PKa23mhg2WxgCHSphz0e.jpg,5.04,not_food,0.9578
receipt_image_458_jpg.rf.PKa23mhg2WxgCHSphz0e.jpg,Rounding,not_food,0.8508
receipt_image_458_jpg.rf.PKa23mhg2WxgCHSphz0e.jpg,AdJ,not_food,0.8792
receipt_image_458_jpg.rf.PKa23mhg2WxgCHSphz0e.jpg,0.01,not_food,0.9584
receipt_image_458_jpg.rf.PKa23mhg2WxgCHSphz0e.jpg,Total RM,not_food,0.9424
receipt_image_458_jpg.rf.PKa23mhg2WxgCHSphz0e.jpg,5.05,not_food,0.9579
receipt_image_458_jpg.rf.PKa23mhg2WxgCHSphz0e.jpg,CHANGE,not_food,0.9144
receipt_image_458_jpg.rf.PKa23mhg2WxgCHSphz0e.jpg,4.95,not_food,0.9588
receipt_image_458_jpg.rf.PKa23mhg2WxgCHSphz0e.jpg,Item Count,not_food,0.9295
receipt_image_458_jpg.rf.PKa23mhg2WxgCHSphz0e.jpg,GSM),not_food,0.943
receipt_image_458_jpg.rf.PKa23mhg2WxgCHSphz0e.jpg,4.75,not_food,0.9575
receipt_image_458_jpg.rf.PKa23mhg2WxgCHSphz0e.jpg,0.29,not_food,0.9582
receipt_image_458_jpg.rf.PKa23mhg2WxgCHSphz0e.jpg,Total Savings,not_food,0.9395
receipt_image_458_jpg.rf.PKa23mhg2WxgCHSphz0e.jpg,-0.56,not_food,0.9566
receipt_image_458_jpg.rf.PKa23mhg2WxgCHSphz0e.jpg,www. popularonline. com.my,not_food,0.9076
receipt_image_609_jpg.rf.qncwkFaKjy6wf9y72hBb.jpg,(1074617K),not_food,0.9332
receipt_image_609_jpg.rf.qncwkFaKjy6wf9y72hBb.jpg,GST No.: 000115154944,not_food,0.9579
receipt_image_609_jpg.rf.qncwkFaKjy6wf9y72hBb.jpg,Slip:,not_food,0.9296
receipt_image_609_jpg.rf.qncwkFaKjy6wf9y72hBb.jpg,0000000109000712950,not_food,0.9547
receipt_image_609_jpg.rf.qncwkFaKjy6wf9y72hBb.jpg,Date: 25/04/18,not_food,0.9242
receipt_image_609_jpg.rf.qncwkFaKjy6wf9y72hBb.jpg,Time:,not_food,0.9464
receipt_image_609_jpg.rf.qncwkFaKjy6wf9y72hBb.jpg,11:06,not_food,0.958
receipt_image_609_jpg.rf.qncwkFaKjy6wf9y72hBb.jpg,Trans: 409712949,not_food,0.9587
receipt_image_609_jpg.rf.qncwkFaKjy6wf9y72hBb.jpg,Staff:,not_food,0.9392
receipt_image_609_jpg.rf.qncwkFaKjy6wf9y72hBb.jpg,95897,not_food,0.9591
receipt_image_609_jpg.rf.qncwkFaKjy6wf9y72hBb.jpg,Description,not_food,0.9548
receipt_image_609_jpg.rf.qncwkFaKjy6wf9y72hBb.jpg,Amount,not_food,0.8481
receipt_image_609_jpg.rf.qncwkFaKjy6wf9y72hBb.jpg,TX,not_food,0.8352
receipt_image_609_jpg.rf.qncwkFaKjy6wf9y72hBb.jpg,50,not_food,0.9569
receipt_image_609_jpg.rf.qncwkFaKjy6wf9y72hBb.jpg,22.00,not_food,0.958
receipt_image_609_jpg.rf.qncwkFaKjy6wf9y72hBb.jpg,SR,not_food,0.921
receipt_image_609_jpg.rf.qncwkFaKjy6wf9y72hBb.jpg,Total RM Including GST 6%,not_food,0.9203
receipt_image_609_jpg.rf.qncwkFaKjy6wf9y72hBb.jpg,22.00,not_food,0.958
receipt_image_609_jpg.rf.qncwkFaKjy6wf9y72hBb.jpg,Rounding Adj.,not_food,0.8482
receipt_image_609_jpg.rf.qncwkFaKjy6wf9y72hBb.jpg,0.00,not_food,0.958
receipt_image_609_jpg.rf.qncwkFaKjy6wf9y72hBb.jpg,22.00,not_food,0.958
receipt_image_609_jpg.rf.qncwkFaKjy6wf9y72hBb.jpg,-22.00,not_food,0.9572
receipt_image_609_jpg.rf.qncwkFaKjy6wf9y72hBb.jpg,GST,not_food,0.9295
receipt_image_609_jpg.rf.qncwkFaKjy6wf9y72hBb.jpg,SR,not_food,0.921
receipt_image_609_jpg.rf.qncwkFaKjy6wf9y72hBb.jpg,6%,not_food,0.915
receipt_image_609_jpg.rf.qncwkFaKjy6wf9y72hBb.jpg,22.00,not_food,0.958
receipt_image_609_jpg.rf.qncwkFaKjy6wf9y72hBb.jpg,1.25,not_food,0.9581
receipt_image_609_jpg.rf.qncwkFaKjy6wf9y72hBb.jpg,Amt.,not_food,0.9363
receipt_image_609_jpg.rf.qncwkFaKjy6wf9y72hBb.jpg,Exc1. GST,not_food,0.933
receipt_image_609_jpg.rf.qncwkFaKjy6wf9y72hBb.jpg,20:75,not_food,0.9556
receipt_image_609_jpg.rf.qncwkFaKjy6wf9y72hBb.jpg,No. of,not_food,0.9356
receipt_image_609_jpg.rf.qncwkFaKjy6wf9y72hBb.jpg,APPROVED,not_food,0.8681
receipt_image_609_jpg.rf.qncwkFaKjy6wf9y72hBb.jpg,8.1x10s,not_food,0.9493
receipt_image_248_jpg.rf.wjgJ9iWdPFzPZxwf6GMK.jpg,"New York, NY 10025",not_food,0.8386
receipt_image_248_jpg.rf.wjgJ9iWdPFzPZxwf6GMK.jpg,ho  401,not_food,0.8955
receipt_image_248_jpg.rf.wjgJ9iWdPFzPZxwf6GMK.jpg,2/6/2017,not_food,0.8927
receipt_image_248_jpg.rf.wjgJ9iWdPFzPZxwf6GMK.jpg,Order Id: AAAB6F26ACL9,not_food,0.9474
receipt_image_248_jpg.rf.wjgJ9iWdPFzPZxwf6GMK.jpg,32 - In Store,not_food,0.8138
receipt_image_248_jpg.rf.wjgJ9iWdPFzPZxwf6GMK.jpg,$10.65,not_food,0.9573
receipt_image_248_jpg.rf.wjgJ9iWdPFzPZxwf6GMK.jpg,$10.60,not_food,0.9589
receipt_image_248_jpg.rf.wjgJ9iWdPFzPZxwf6GMK.jpg,Sub Total,not_food,0.9014
receipt_image_248_jpg.rf.wjgJ9iWdPFzPZxwf6GMK.jpg,$21.25,not_food,0.9588
receipt_image_248_jpg.rf.wjgJ9iWdPFzPZxwf6GMK.jpg,Sales Tax,not_food,0.8299
receipt_image_248_jpg.rf.wjgJ9iWdPFzPZxwf6GMK.jpg,25.99,not_food,0.959
receipt_image_248_jpg.rf.wjgJ9iWdPFzPZxwf6GMK.jpg,Order Total,not_food,0.938
receipt_image_248_jpg.rf.wjgJ9iWdPFzPZxwf6GMK.jpg,Visa,not_food,0.8493
receipt_image_248_jpg.rf.wjgJ9iWdPFzPZxwf6GMK.jpg,823.14,not_food,0.9586
receipt_image_248_jpg.rf.wjgJ9iWdPFzPZxwf6GMK.jpg,Cards:************4497,not_food,0.8895
receipt_image_248_jpg.rf.wjgJ9iWdPFzPZxwf6GMK.jpg,Author1zat1on: 06167G,not_food,0.9362
1174-receipt_jpg.rf.XUJBW9MebnYEVjMH96c0.jpg,(352) 622-1741,not_food,0.9346
1174-receipt_jpg.rf.XUJBW9MebnYEVjMH96c0.jpg,Date: 04/13/18,not_food,0.9267
1174-receipt_jpg.rf.XUJBW9MebnYEVjMH96c0.jpg,Time: 09:16 pm,not_food,0.9541
1174-receipt_jpg.rf.XUJBW9MebnYEVjMH96c0.jpg,Order #: 415,not_food,0.9478
1174-receipt_jpg.rf.XUJBW9MebnYEVjMH96c0.jpg,Guest: 1,not_food,0.936
1174-receipt_jpg.rf.XUJBW9MebnYEVjMH96c0.jpg,Table #: 12,not_food,0.942
1174-receipt_jpg.rf.XUJBW9MebnYEVjMH96c0.jpg,Name:,not_food,0.9314
1174-receipt_jpg.rf.XUJBW9MebnYEVjMH96c0.jpg,$41.95,not_food,0.9585
1174-receipt_jpg.rf.XUJBW9MebnYEVjMH96c0.jpg,Sub-total:,not_food,0.9186
1174-receipt_jpg.rf.XUJBW9MebnYEVjMH96c0.jpg,Gratuity:,not_food,0.9035
1174-receipt_jpg.rf.XUJBW9MebnYEVjMH96c0.jpg,$41.95,not_food,0.9585
1174-receipt_jpg.rf.XUJBW9MebnYEVjMH96c0.jpg,$10.49,not_food,0.9584
1174-receipt_jpg.rf.XUJBW9MebnYEVjMH96c0.jpg,Tax:,not_food,0.9206
1174-receipt_jpg.rf.XUJBW9MebnYEVjMH96c0.jpg,$2.94,not_food,0.9584
1174-receipt_jpg.rf.XUJBW9MebnYEVjMH96c0.jpg,Total:,not_food,0.9475
1174-receipt_jpg.rf.XUJBW9MebnYEVjMH96c0.jpg,$55.38,not_food,0.9577
1174-receipt_jpg.rf.XUJBW9MebnYEVjMH96c0.jpg,Recommended Gratuity:,not_food,0.8885
1174-receipt_jpg.rf.XUJBW9MebnYEVjMH96c0.jpg,20% =$8.3923%=$9.65 25%=$10.49,not_food,0.9437
1174-receipt_jpg.rf.XUJBW9MebnYEVjMH96c0.jpg,Thank You,not_food,0.8731
receipt_image_940_jpg.rf.lEzCJrDBXe40yt1Yinlm.jpg,Bangalore,not_food,0.8874
receipt_image_940_jpg.rf.lEzCJrDBXe40yt1Yinlm.jpg,"w219/2, 19m Main, 15th A' Cross",not_food,0.8327
receipt_image_940_jpg.rf.lEzCJrDBXe40yt1Yinlm.jpg,VAT TIN No: 29571145998,not_food,0.8302
receipt_image_940_jpg.rf.lEzCJrDBXe40yt1Yinlm.jpg,Bll No: 1462,not_food,0.8989
receipt_image_940_jpg.rf.lEzCJrDBXe40yt1Yinlm.jpg,Date: 19-03-18 Time:14.41,not_food,0.9509
receipt_image_940_jpg.rf.lEzCJrDBXe40yt1Yinlm.jpg,Covers: 3,not_food,0.951
receipt_image_940_jpg.rf.lEzCJrDBXe40yt1Yinlm.jpg,Snc Description,not_food,0.9505
receipt_image_940_jpg.rf.lEzCJrDBXe40yt1Yinlm.jpg,Qty,not_food,0.8711
receipt_image_940_jpg.rf.lEzCJrDBXe40yt1Yinlm.jpg,Rate,not_food,0.9465
receipt_image_940_jpg.rf.lEzCJrDBXe40yt1Yinlm.jpg,Amount,not_food,0.8481
receipt_image_940_jpg.rf.lEzCJrDBXe40yt1Yinlm.jpg,3 330.00,not_food,0.9592
receipt_image_940_jpg.rf.lEzCJrDBXe40yt1Yinlm.jpg,00:066,not_food,0.9581
receipt_image_940_jpg.rf.lEzCJrDBXe40yt1Yinlm.jpg,Total,not_food,0.9458
receipt_image_940_jpg.rf.lEzCJrDBXe40yt1Yinlm.jpg,80.00,not_food,0.9583
receipt_image_940_jpg.rf.lEzCJrDBXe40yt1Yinlm.jpg,143.55,not_food,0.9596
receipt_image_940_jpg.rf.lEzCJrDBXe40yt1Yinlm.jpg,Service Tax © 5.8%,not_food,0.9502
receipt_image_940_jpg.rf.lEzCJrDBXe40yt1Yinlm.jpg,5742,not_food,0.959
receipt_image_940_jpg.rf.lEzCJrDBXe40yt1Yinlm.jpg,0.03,not_food,0.9581
receipt_image_940_jpg.rf.lEzCJrDBXe40yt1Yinlm.jpg,Net Amount,not_food,0.8342
receipt_image_940_jpg.rf.lEzCJrDBXe40yt1Yinlm.jpg,1191.00,not_food,0.9577
receipt_image_940_jpg.rf.lEzCJrDBXe40yt1Yinlm.jpg,Table No: 31,not_food,0.949
receipt_image_940_jpg.rf.lEzCJrDBXe40yt1Yinlm.jpg,"Mobile No: 9379912345, 7847020015",not_food,0.9347
receipt_image_940_jpg.rf.lEzCJrDBXe40yt1Yinlm.jpg,E-mail Address sales@bab.net in,not_food,0.9526
receipt_image_940_jpg.rf.lEzCJrDBXe40yt1Yinlm.jpg,Web Address,not_food,0.9489
receipt_image_940_jpg.rf.lEzCJrDBXe40yt1Yinlm.jpg,www.bab.net.in,not_food,0.9478
receipt_image_699_jpg.rf.CIkeF7uCt90nxr3b1yUZ.jpg,11/2 Sector- 37.,not_food,0.9244
receipt_image_699_jpg.rf.CIkeF7uCt90nxr3b1yUZ.jpg,"Ph. No.:0129-4360377, 9311111116",not_food,0.958
receipt_image_699_jpg.rf.CIkeF7uCt90nxr3b1yUZ.jpg,GSTIN:06AACCO6344G1ZJ,not_food,0.9542
receipt_image_699_jpg.rf.CIkeF7uCt90nxr3b1yUZ.jpg,IN001001259,not_food,0.9556
receipt_image_699_jpg.rf.CIkeF7uCt90nxr3b1yUZ.jpg,20-May-18 22:55,not_food,0.951
receipt_image_699_jpg.rf.CIkeF7uCt90nxr3b1yUZ.jpg,Item,not_food,0.9528
receipt_image_699_jpg.rf.CIkeF7uCt90nxr3b1yUZ.jpg,Qty.,not_food,0.9261
receipt_image_699_jpg.rf.CIkeF7uCt90nxr3b1yUZ.jpg,Rate,not_food,0.9465
receipt_image_699_jpg.rf.CIkeF7uCt90nxr3b1yUZ.jpg,Total,not_food,0.9458
receipt_image_699_jpg.rf.CIkeF7uCt90nxr3b1yUZ.jpg,295.00,not_food,0.9587
receipt_image_699_jpg.rf.CIkeF7uCt90nxr3b1yUZ.jpg,309.75,not_food,0.9572
receipt_image_699_jpg.rf.CIkeF7uCt90nxr3b1yUZ.jpg,275.00,not_food,0.9591
receipt_image_699_jpg.rf.CIkeF7uCt90nxr3b1yUZ.jpg,288.75,not_food,0.9577
receipt_image_699_jpg.rf.CIkeF7uCt90nxr3b1yUZ.jpg,375.00,not_food,0.9591
receipt_image_699_jpg.rf.CIkeF7uCt90nxr3b1yUZ.jpg,393.75,not_food,0.959
receipt_image_699_jpg.rf.CIkeF7uCt90nxr3b1yUZ.jpg,30.00,not_food,0.9581
receipt_image_699_jpg.rf.CIkeF7uCt90nxr3b1yUZ.jpg,63.00,not_food,0.9577
receipt_image_699_jpg.rf.CIkeF7uCt90nxr3b1yUZ.jpg,30.00,not_food,0.9581
receipt_image_699_jpg.rf.CIkeF7uCt90nxr3b1yUZ.jpg,31.50,not_food,0.9591
receipt_image_699_jpg.rf.CIkeF7uCt90nxr3b1yUZ.jpg,Total Qty:,not_food,0.9266
receipt_image_699_jpg.rf.CIkeF7uCt90nxr3b1yUZ.jpg,Sub Total:,not_food,0.9163
receipt_image_699_jpg.rf.CIkeF7uCt90nxr3b1yUZ.jpg,"1,035.00",not_food,0.9576
receipt_image_699_jpg.rf.CIkeF7uCt90nxr3b1yUZ.jpg,CGST@2.5,not_food,0.9226
receipt_image_699_jpg.rf.CIkeF7uCt90nxr3b1yUZ.jpg,25.89,not_food,0.9589
receipt_image_699_jpg.rf.CIkeF7uCt90nxr3b1yUZ.jpg,25.89,not_food,0.9589
receipt_image_699_jpg.rf.CIkeF7uCt90nxr3b1yUZ.jpg,S.Tax,not_food,0.8739
receipt_image_699_jpg.rf.CIkeF7uCt90nxr3b1yUZ.jpg,51.75,not_food,0.9582
receipt_image_699_jpg.rf.CIkeF7uCt90nxr3b1yUZ.jpg,Total:,not_food,0.9475
receipt_image_699_jpg.rf.CIkeF7uCt90nxr3b1yUZ.jpg,"1,139.00",not_food,0.9588
receipt_image_699_jpg.rf.CIkeF7uCt90nxr3b1yUZ.jpg,Thanks For Visit....,not_food,0.9058
receipt_image_444_jpg.rf.qlIUGCgPVjtbtbrRG9Tr.jpg,THREE,not_food,0.942
receipt_image_444_jpg.rf.qlIUGCgPVjtbtbrRG9Tr.jpg,GST ID : 001661886464,not_food,0.9575
receipt_image_444_jpg.rf.qlIUGCgPVjtbtbrRG9Tr.jpg,TABLE,not_food,0.9449
receipt_image_444_jpg.rf.qlIUGCgPVjtbtbrRG9Tr.jpg,G7,not_food,0.945
receipt_image_444_jpg.rf.qlIUGCgPVjtbtbrRG9Tr.jpg,INV NO: P0SO1/00012379,not_food,0.9455
receipt_image_444_jpg.rf.qlIUGCgPVjtbtbrRG9Tr.jpg,INV DATE: 03/03/2018,not_food,0.9359
receipt_image_444_jpg.rf.qlIUGCgPVjtbtbrRG9Tr.jpg,INV DT: 03/03/2018,not_food,0.9342
receipt_image_444_jpg.rf.qlIUGCgPVjtbtbrRG9Tr.jpg,10:58:51 PM,not_food,0.9559
receipt_image_444_jpg.rf.qlIUGCgPVjtbtbrRG9Tr.jpg,RM,not_food,0.9394
receipt_image_444_jpg.rf.qlIUGCgPVjtbtbrRG9Tr.jpg,QTY ITEM,not_food,0.9473
receipt_image_444_jpg.rf.qlIUGCgPVjtbtbrRG9Tr.jpg,AMOUNT,not_food,0.8481
receipt_image_444_jpg.rf.qlIUGCgPVjtbtbrRG9Tr.jpg,150.,not_food,0.9578
receipt_image_444_jpg.rf.qlIUGCgPVjtbtbrRG9Tr.jpg,SVC,not_food,0.8888
receipt_image_444_jpg.rf.qlIUGCgPVjtbtbrRG9Tr.jpg,SUB TOTAL,not_food,0.9014
receipt_image_444_jpg.rf.qlIUGCgPVjtbtbrRG9Tr.jpg,150.00,not_food,0.9581
receipt_image_444_jpg.rf.qlIUGCgPVjtbtbrRG9Tr.jpg,SERVICE CHARGE 10%,not_food,0.9118
receipt_image_444_jpg.rf.qlIUGCgPVjtbtbrRG9Tr.jpg,15 01,not_food,0.9578
receipt_image_444_jpg.rf.qlIUGCgPVjtbtbrRG9Tr.jpg,GST 6%,not_food,0.8869
receipt_image_444_jpg.rf.qlIUGCgPVjtbtbrRG9Tr.jpg,NET TOTAL,not_food,0.9298
receipt_image_444_jpg.rf.qlIUGCgPVjtbtbrRG9Tr.jpg,174.90,not_food,0.9589
receipt_image_444_jpg.rf.qlIUGCgPVjtbtbrRG9Tr.jpg,200.00,not_food,0.9576
receipt_image_444_jpg.rf.qlIUGCgPVjtbtbrRG9Tr.jpg,25.10,not_food,0.9578
receipt_image_444_jpg.rf.qlIUGCgPVjtbtbrRG9Tr.jpg,CHANGE,not_food,0.9144
receipt_image_444_jpg.rf.qlIUGCgPVjtbtbrRG9Tr.jpg,Tax Summary,not_food,0.9314
receipt_image_444_jpg.rf.qlIUGCgPVjtbtbrRG9Tr.jpg,Amount,not_food,0.8481
receipt_image_444_jpg.rf.qlIUGCgPVjtbtbrRG9Tr.jpg,Tax,not_food,0.9035
receipt_image_444_jpg.rf.qlIUGCgPVjtbtbrRG9Tr.jpg,SVC SERVICE CHARGE 10,not_food,0.943
receipt_image_444_jpg.rf.qlIUGCgPVjtbtbrRG9Tr.jpg,150.00,not_food,0.9581
receipt_image_444_jpg.rf.qlIUGCgPVjtbtbrRG9Tr.jpg,15.00,not_food,0.9578
receipt_image_444_jpg.rf.qlIUGCgPVjtbtbrRG9Tr.jpg,SR,not_food,0.921
receipt_image_444_jpg.rf.qlIUGCgPVjtbtbrRG9Tr.jpg,GST 6%,not_food,0.8869
receipt_image_444_jpg.rf.qlIUGCgPVjtbtbrRG9Tr.jpg,165.00,not_food,0.9585
receipt_image_444_jpg.rf.qlIUGCgPVjtbtbrRG9Tr.jpg,9.90,not_food,0.9587
receipt_image_291_jpg.rf.msAFlnYq7PVW9c5PCbTY.jpg,GSTIN NO.-08AHNPS6126M1ZM,not_food,0.9518
receipt_image_291_jpg.rf.msAFlnYq7PVW9c5PCbTY.jpg,PH:9828538380,not_food,0.957
receipt_image_291_jpg.rf.msAFlnYq7PVW9c5PCbTY.jpg,Bill No.: 2020-21/1558,not_food,0.9473
receipt_image_291_jpg.rf.msAFlnYq7PVW9c5PCbTY.jpg,Table Nc2,not_food,0.9467
receipt_image_291_jpg.rf.msAFlnYq7PVW9c5PCbTY.jpg,Date,not_food,0.8746
receipt_image_291_jpg.rf.msAFlnYq7PVW9c5PCbTY.jpg,:04 Nov 2020,not_food,0.9469
receipt_image_291_jpg.rf.msAFlnYq7PVW9c5PCbTY.jpg,Time,not_food,0.9394
receipt_image_291_jpg.rf.msAFlnYq7PVW9c5PCbTY.jpg,:22:30:00,not_food,0.9583
receipt_image_291_jpg.rf.msAFlnYq7PVW9c5PCbTY.jpg,steward:.,not_food,0.9363
receipt_image_291_jpg.rf.msAFlnYq7PVW9c5PCbTY.jpg,Name :,not_food,0.9314
receipt_image_291_jpg.rf.msAFlnYq7PVW9c5PCbTY.jpg,GSTIN :,not_food,0.9459
receipt_image_291_jpg.rf.msAFlnYq7PVW9c5PCbTY.jpg,Item Name,not_food,0.9491
receipt_image_291_jpg.rf.msAFlnYq7PVW9c5PCbTY.jpg,Qty,not_food,0.8711
receipt_image_291_jpg.rf.msAFlnYq7PVW9c5PCbTY.jpg,Rate,not_food,0.9465
receipt_image_291_jpg.rf.msAFlnYq7PVW9c5PCbTY.jpg,Amount,not_food,0.8481
receipt_image_291_jpg.rf.msAFlnYq7PVW9c5PCbTY.jpg,60.00,not_food,0.9585
receipt_image_291_jpg.rf.msAFlnYq7PVW9c5PCbTY.jpg,120.00,not_food,0.958
receipt_image_291_jpg.rf.msAFlnYq7PVW9c5PCbTY.jpg,130.00,not_food,0.9586
receipt_image_291_jpg.rf.msAFlnYq7PVW9c5PCbTY.jpg,130.00,not_food,0.9586
receipt_image_291_jpg.rf.msAFlnYq7PVW9c5PCbTY.jpg,170.00,not_food,0.9581
receipt_image_291_jpg.rf.msAFlnYq7PVW9c5PCbTY.jpg,170.00,not_food,0.9581
receipt_image_291_jpg.rf.msAFlnYq7PVW9c5PCbTY.jpg,160.00,not_food,0.9573
receipt_image_291_jpg.rf.msAFlnYq7PVW9c5PCbTY.jpg,160.00,not_food,0.9573
receipt_image_291_jpg.rf.msAFlnYq7PVW9c5PCbTY.jpg,47.62,not_food,0.9584
receipt_image_291_jpg.rf.msAFlnYq7PVW9c5PCbTY.jpg,47.62,not_food,0.9584
receipt_image_291_jpg.rf.msAFlnYq7PVW9c5PCbTY.jpg,210.00,not_food,0.9593
receipt_image_291_jpg.rf.msAFlnYq7PVW9c5PCbTY.jpg,210.00,not_food,0.9593
receipt_image_291_jpg.rf.msAFlnYq7PVW9c5PCbTY.jpg,130.00,not_food,0.9586
receipt_image_291_jpg.rf.msAFlnYq7PVW9c5PCbTY.jpg,130.00,not_food,0.9586
receipt_image_291_jpg.rf.msAFlnYq7PVW9c5PCbTY.jpg,996331,not_food,0.9547
receipt_image_291_jpg.rf.msAFlnYq7PVW9c5PCbTY.jpg,Total:,not_food,0.9475
receipt_image_291_jpg.rf.msAFlnYq7PVW9c5PCbTY.jpg,967.62,not_food,0.9591
receipt_image_291_jpg.rf.msAFlnYq7PVW9c5PCbTY.jpg,CGST 2.5%,not_food,0.8301
receipt_image_291_jpg.rf.msAFlnYq7PVW9c5PCbTY.jpg,967.62:,not_food,0.9589
receipt_image_291_jpg.rf.msAFlnYq7PVW9c5PCbTY.jpg,24.19,not_food,0.9574
receipt_image_291_jpg.rf.msAFlnYq7PVW9c5PCbTY.jpg,967.62:,not_food,0.9589
receipt_image_291_jpg.rf.msAFlnYq7PVW9c5PCbTY.jpg,24.19,not_food,0.9574
receipt_image_291_jpg.rf.msAFlnYq7PVW9c5PCbTY.jpg,Net Total :,not_food,0.9388
receipt_image_291_jpg.rf.msAFlnYq7PVW9c5PCbTY.jpg,1016.00,not_food,0.9457
receipt_image_291_jpg.rf.msAFlnYq7PVW9c5PCbTY.jpg,E.&O.E.,not_food,0.9502
receipt_image_291_jpg.rf.msAFlnYq7PVW9c5PCbTY.jpg,MI DUAL CAMERA,not_food,0.8863
receipt_image_291_jpg.rf.msAFlnYq7PVW9c5PCbTY.jpg,2020/11/4 23:44,not_food,0.9461
1161-receipt_jpg.rf.Iig4os0FchjXEZLaWQyQ.jpg,1019 Front St.,not_food,0.9411
1161-receipt_jpg.rf.Iig4os0FchjXEZLaWQyQ.jpg,516-292-5700,not_food,0.9575
1161-receipt_jpg.rf.Iig4os0FchjXEZLaWQyQ.jpg,Guest,not_food,0.853
1161-receipt_jpg.rf.Iig4os0FchjXEZLaWQyQ.jpg,Party of 2,not_food,0.8523
1161-receipt_jpg.rf.Iig4os0FchjXEZLaWQyQ.jpg,Ticket,not_food,0.9068
1161-receipt_jpg.rf.Iig4os0FchjXEZLaWQyQ.jpg,12005,not_food,0.9543
1161-receipt_jpg.rf.Iig4os0FchjXEZLaWQyQ.jpg,SERVERS,not_food,0.901
1161-receipt_jpg.rf.Iig4os0FchjXEZLaWQyQ.jpg,:3PH,not_food,0.9544
1161-receipt_jpg.rf.Iig4os0FchjXEZLaWQyQ.jpg,Date 11/10/18,not_food,0.8687
1161-receipt_jpg.rf.Iig4os0FchjXEZLaWQyQ.jpg,15.95,not_food,0.9592
1161-receipt_jpg.rf.Iig4os0FchjXEZLaWQyQ.jpg,14.95,not_food,0.9572
1161-receipt_jpg.rf.Iig4os0FchjXEZLaWQyQ.jpg,5.50,not_food,0.9582
1161-receipt_jpg.rf.Iig4os0FchjXEZLaWQyQ.jpg,3.50,not_food,0.958
1161-receipt_jpg.rf.Iig4os0FchjXEZLaWQyQ.jpg,4.00,not_food,0.958
1161-receipt_jpg.rf.Iig4os0FchjXEZLaWQyQ.jpg,6.59,not_food,0.9576
1161-receipt_jpg.rf.Iig4os0FchjXEZLaWQyQ.jpg,Sub Total,not_food,0.9014
1161-receipt_jpg.rf.Iig4os0FchjXEZLaWQyQ.jpg,Sales Tax,not_food,0.8299
1161-receipt_jpg.rf.Iig4os0FchjXEZLaWQyQ.jpg,50.49,not_food,0.9584
1161-receipt_jpg.rf.Iig4os0FchjXEZLaWQyQ.jpg,2.74,not_food,0.9573
1161-receipt_jpg.rf.Iig4os0FchjXEZLaWQyQ.jpg,Check Total $ 53.23,not_food,0.9477
1161-receipt_jpg.rf.Iig4os0FchjXEZLaWQyQ.jpg,Total Charge:,not_food,0.9436
1161-receipt_jpg.rf.Iig4os0FchjXEZLaWQyQ.jpg,Thank you for Coming,not_food,0.8512
receipt_image_843_jpg.rf.UlX77TUYeLC9owHlwzXZ.jpg,5419 Treadway Dr,not_food,0.908
receipt_image_843_jpg.rf.UlX77TUYeLC9owHlwzXZ.jpg,727.842.1070,not_food,0.9578
receipt_image_843_jpg.rf.UlX77TUYeLC9owHlwzXZ.jpg,Opened: 10/28/2021 3:30 pm,not_food,0.9421
receipt_image_843_jpg.rf.UlX77TUYeLC9owHlwzXZ.jpg,Order: 9420,not_food,0.9511
receipt_image_843_jpg.rf.UlX77TUYeLC9owHlwzXZ.jpg,Check:2,not_food,0.9507
receipt_image_843_jpg.rf.UlX77TUYeLC9owHlwzXZ.jpg,Order Type: Dine In,not_food,0.8813
receipt_image_843_jpg.rf.UlX77TUYeLC9owHlwzXZ.jpg,17.50,not_food,0.9583
receipt_image_843_jpg.rf.UlX77TUYeLC9owHlwzXZ.jpg,5.75,not_food,0.9563
receipt_image_843_jpg.rf.UlX77TUYeLC9owHlwzXZ.jpg,23.25,not_food,0.9584
receipt_image_843_jpg.rf.UlX77TUYeLC9owHlwzXZ.jpg,Sales Tax,not_food,0.8299
receipt_image_843_jpg.rf.UlX77TUYeLC9owHlwzXZ.jpg,1.62,not_food,0.9577
receipt_image_843_jpg.rf.UlX77TUYeLC9owHlwzXZ.jpg,Total,not_food,0.9458
receipt_image_843_jpg.rf.UlX77TUYeLC9owHlwzXZ.jpg,24.87,not_food,0.958
receipt_image_843_jpg.rf.UlX77TUYeLC9owHlwzXZ.jpg,Order Pickup & Delivery Online,not_food,0.8696
receipt_image_843_jpg.rf.UlX77TUYeLC9owHlwzXZ.jpg,Thank You!,not_food,0.8529
receipt_image_738_jpg.rf.RYbDzv44jGaAhLXypsVI.jpg,KENOSHA WI 53142,not_food,0.8863
receipt_image_738_jpg.rf.RYbDzv44jGaAhLXypsVI.jpg,(262) 605-0280,not_food,0.9581
receipt_image_738_jpg.rf.RYbDzv44jGaAhLXypsVI.jpg,Receipt,not_food,0.9357
receipt_image_738_jpg.rf.RYbDzv44jGaAhLXypsVI.jpg,1/06/9:22:02 P,not_food,0.9567
receipt_image_738_jpg.rf.RYbDzv44jGaAhLXypsVI.jpg,Register: 1407,not_food,0.9495
receipt_image_738_jpg.rf.RYbDzv44jGaAhLXypsVI.jpg,$319.99,not_food,0.9583
receipt_image_738_jpg.rf.RYbDzv44jGaAhLXypsVI.jpg,$319.99,not_food,0.9583
receipt_image_738_jpg.rf.RYbDzv44jGaAhLXypsVI.jpg,Sales Tax,not_food,0.8299
receipt_image_738_jpg.rf.RYbDzv44jGaAhLXypsVI.jpg,$337.59,not_food,0.9579
receipt_image_738_jpg.rf.RYbDzv44jGaAhLXypsVI.jpg,$17.60,not_food,0.9591
receipt_image_738_jpg.rf.RYbDzv44jGaAhLXypsVI.jpg,Total,not_food,0.9458
receipt_image_738_jpg.rf.RYbDzv44jGaAhLXypsVI.jpg,Payments:,not_food,0.8925
receipt_image_738_jpg.rf.RYbDzv44jGaAhLXypsVI.jpg,AMEX $337.59,not_food,0.9291
receipt_image_738_jpg.rf.RYbDzv44jGaAhLXypsVI.jpg,Card: XXxXX000000x2013 Approved: 820697,not_food,0.9574
receipt_image_738_jpg.rf.RYbDzv44jGaAhLXypsVI.jpg,$0.00,not_food,0.958
receipt_image_738_jpg.rf.RYbDzv44jGaAhLXypsVI.jpg,Total Savings $979.99,not_food,0.9498
receipt_image_738_jpg.rf.RYbDzv44jGaAhLXypsVI.jpg,Points earned:,not_food,0.8633
receipt_image_738_jpg.rf.RYbDzv44jGaAhLXypsVI.jpg,319.99,not_food,0.9582
receipt_image_738_jpg.rf.RYbDzv44jGaAhLXypsVI.jpg,New point total:,not_food,0.8691
receipt_image_738_jpg.rf.RYbDzv44jGaAhLXypsVI.jpg,168:99,not_food,0.9572
receipt_image_738_jpg.rf.RYbDzv44jGaAhLXypsVI.jpg,for a chance to win a $100 gift card,not_food,0.8884
receipt_image_738_jpg.rf.RYbDzv44jGaAhLXypsVI.jpg,See survey for official rules,not_food,0.8725
receipt_image_738_jpg.rf.RYbDzv44jGaAhLXypsVI.jpg,Complete within 7 days of visit,not_food,0.8463
receipt_image_738_jpg.rf.RYbDzv44jGaAhLXypsVI.jpg,Customer Copy ***,not_food,0.9342
1045-receipt_jpg.rf.ErMTUmKXY9f2hKOTLfYg.jpg,Th (77(002,not_food,0.8102
1045-receipt_jpg.rf.ErMTUmKXY9f2hKOTLfYg.jpg,Walk_In,not_food,0.9083
1045-receipt_jpg.rf.ErMTUmKXY9f2hKOTLfYg.jpg,6/24/2018,not_food,0.9036
1045-receipt_jpg.rf.ErMTUmKXY9f2hKOTLfYg.jpg,347,not_food,0.9583
1045-receipt_jpg.rf.ErMTUmKXY9f2hKOTLfYg.jpg,4.49,not_food,0.9585
1045-receipt_jpg.rf.ErMTUmKXY9f2hKOTLfYg.jpg,7.20,not_food,0.9584
1045-receipt_jpg.rf.ErMTUmKXY9f2hKOTLfYg.jpg,7.20,not_food,0.9584
1045-receipt_jpg.rf.ErMTUmKXY9f2hKOTLfYg.jpg,1.89,not_food,0.9574
1045-receipt_jpg.rf.ErMTUmKXY9f2hKOTLfYg.jpg,Food Subtolal: 20.78,not_food,0.9575
1045-receipt_jpg.rf.ErMTUmKXY9f2hKOTLfYg.jpg,0.00,not_food,0.958
1045-receipt_jpg.rf.ErMTUmKXY9f2hKOTLfYg.jpg,Food Tax:,not_food,0.9223
1045-receipt_jpg.rf.ErMTUmKXY9f2hKOTLfYg.jpg,1.25,not_food,0.9581
1045-receipt_jpg.rf.ErMTUmKXY9f2hKOTLfYg.jpg,Bev Tax:,not_food,0.8545
1045-receipt_jpg.rf.ErMTUmKXY9f2hKOTLfYg.jpg,0.00,not_food,0.958
1045-receipt_jpg.rf.ErMTUmKXY9f2hKOTLfYg.jpg,Total:,not_food,0.9475
1045-receipt_jpg.rf.ErMTUmKXY9f2hKOTLfYg.jpg,22.03,not_food,0.959
1045-receipt_jpg.rf.ErMTUmKXY9f2hKOTLfYg.jpg,Received:,not_food,0.9281
1045-receipt_jpg.rf.ErMTUmKXY9f2hKOTLfYg.jpg,22.03,not_food,0.959
1045-receipt_jpg.rf.ErMTUmKXY9f2hKOTLfYg.jpg,Change.,not_food,0.9331
1045-receipt_jpg.rf.ErMTUmKXY9f2hKOTLfYg.jpg,0.00,not_food,0.958
1045-receipt_jpg.rf.ErMTUmKXY9f2hKOTLfYg.jpg,Thank You,not_food,0.8731
receipt_image_259_jpg.rf.CG3rYc7GJ3JF4lN9Y98e.jpg,Date: 21/06/2016,not_food,0.941
receipt_image_259_jpg.rf.CG3rYc7GJ3JF4lN9Y98e.jpg,Lorem ipsum,not_food,0.8397
receipt_image_259_jpg.rf.CG3rYc7GJ3JF4lN9Y98e.jpg,99$,not_food,0.9575
receipt_image_259_jpg.rf.CG3rYc7GJ3JF4lN9Y98e.jpg,"24,99$",not_food,0.9566
receipt_image_259_jpg.rf.CG3rYc7GJ3JF4lN9Y98e.jpg,139$,not_food,0.9588
receipt_image_259_jpg.rf.CG3rYc7GJ3JF4lN9Y98e.jpg,"12,49$",not_food,0.9569
receipt_image_259_jpg.rf.CG3rYc7GJ3JF4lN9Y98e.jpg,80$,not_food,0.9572
receipt_image_259_jpg.rf.CG3rYc7GJ3JF4lN9Y98e.jpg,"17,50$",not_food,0.9564
receipt_image_259_jpg.rf.CG3rYc7GJ3JF4lN9Y98e.jpg,"167,99$",not_food,0.9551
receipt_image_259_jpg.rf.CG3rYc7GJ3JF4lN9Y98e.jpg,Total,not_food,0.9458
receipt_image_259_jpg.rf.CG3rYc7GJ3JF4lN9Y98e.jpg,"540,97$",not_food,0.958
receipt_image_259_jpg.rf.CG3rYc7GJ3JF4lN9Y98e.jpg,600$,not_food,0.9581
receipt_image_259_jpg.rf.CG3rYc7GJ3JF4lN9Y98e.jpg,Change,not_food,0.9144
receipt_image_259_jpg.rf.CG3rYc7GJ3JF4lN9Y98e.jpg,"59,03$",not_food,0.9561
receipt_image_259_jpg.rf.CG3rYc7GJ3JF4lN9Y98e.jpg,VectorStock®,not_food,0.9369
receipt_image_259_jpg.rf.CG3rYc7GJ3JF4lN9Y98e.jpg,VectorStock.com/9757096,not_food,0.9411
receipt_image_406_jpg.rf.FeZsz5Eqh5Jv3p5EWE35.jpg,Level UG/22-23,not_food,0.9166
receipt_image_406_jpg.rf.FeZsz5Eqh5Jv3p5EWE35.jpg,Ph/Fax (021) 29052892,not_food,0.9553
receipt_image_406_jpg.rf.FeZsz5Eqh5Jv3p5EWE35.jpg,A 14,not_food,0.9407
receipt_image_406_jpg.rf.FeZsz5Eqh5Jv3p5EWE35.jpg,Receipt No : 014092013/150303,not_food,0.9575
receipt_image_406_jpg.rf.FeZsz5Eqh5Jv3p5EWE35.jpg,Ref.:#00308-1,not_food,0.9551
receipt_image_406_jpg.rf.FeZsz5Eqh5Jv3p5EWE35.jpg,Bill Ref.:186009672,not_food,0.9528
receipt_image_406_jpg.rf.FeZsz5Eqh5Jv3p5EWE35.jpg,Staff Open Table : STI001472 Maimun,not_food,0.9345
receipt_image_406_jpg.rf.FeZsz5Eqh5Jv3p5EWE35.jpg,TABLE T-12 (2),not_food,0.9449
receipt_image_406_jpg.rf.FeZsz5Eqh5Jv3p5EWE35.jpg,"6,000",not_food,0.952
receipt_image_406_jpg.rf.FeZsz5Eqh5Jv3p5EWE35.jpg,"68,000",not_food,0.9551
receipt_image_406_jpg.rf.FeZsz5Eqh5Jv3p5EWE35.jpg,"95,000",not_food,0.9554
receipt_image_406_jpg.rf.FeZsz5Eqh5Jv3p5EWE35.jpg,"12,000",not_food,0.9535
receipt_image_406_jpg.rf.FeZsz5Eqh5Jv3p5EWE35.jpg,ITEMS:5,not_food,0.8313
receipt_image_406_jpg.rf.FeZsz5Eqh5Jv3p5EWE35.jpg,"181,000",not_food,0.9554
receipt_image_406_jpg.rf.FeZsz5Eqh5Jv3p5EWE35.jpg,SVC,not_food,0.8888
receipt_image_406_jpg.rf.FeZsz5Eqh5Jv3p5EWE35.jpg,"13,575",not_food,0.9584
receipt_image_406_jpg.rf.FeZsz5Eqh5Jv3p5EWE35.jpg,Pb1,not_food,0.9387
receipt_image_406_jpg.rf.FeZsz5Eqh5Jv3p5EWE35.jpg,"19,458",not_food,0.9572
receipt_image_406_jpg.rf.FeZsz5Eqh5Jv3p5EWE35.jpg,Total.,not_food,0.9499
receipt_image_406_jpg.rf.FeZsz5Eqh5Jv3p5EWE35.jpg,"214,033",not_food,0.9582
receipt_image_406_jpg.rf.FeZsz5Eqh5Jv3p5EWE35.jpg,"Change :85,967",not_food,0.9467
receipt_image_406_jpg.rf.FeZsz5Eqh5Jv3p5EWE35.jpg,Contact us : cs_jkt@sushitei.co.id,not_food,0.9523
receipt_image_960_jpg.rf.xVJ4CokxHhdkwrUHDovl.jpg,SHOP NAME,not_food,0.8781
receipt_image_960_jpg.rf.xVJ4CokxHhdkwrUHDovl.jpg,"Address: Lorem Ipsum, 23-10",not_food,0.9559
receipt_image_960_jpg.rf.xVJ4CokxHhdkwrUHDovl.jpg,Telp. 11223344,not_food,0.9257
receipt_image_960_jpg.rf.xVJ4CokxHhdkwrUHDovl.jpg,Description,not_food,0.9548
receipt_image_960_jpg.rf.xVJ4CokxHhdkwrUHDovl.jpg,Lorem,not_food,0.8014
receipt_image_960_jpg.rf.xVJ4CokxHhdkwrUHDovl.jpg,Ipsum,not_food,0.8902
receipt_image_960_jpg.rf.xVJ4CokxHhdkwrUHDovl.jpg,Total,not_food,0.9458
receipt_image_960_jpg.rf.xVJ4CokxHhdkwrUHDovl.jpg,16.5,not_food,0.9575
receipt_image_960_jpg.rf.xVJ4CokxHhdkwrUHDovl.jpg,20.0,not_food,0.9577
receipt_image_960_jpg.rf.xVJ4CokxHhdkwrUHDovl.jpg,Change,not_food,0.9144
receipt_image_960_jpg.rf.xVJ4CokxHhdkwrUHDovl.jpg,3.5,not_food,0.9568
receipt_image_960_jpg.rf.xVJ4CokxHhdkwrUHDovl.jpg,Bank-card,not_food,0.8391
receipt_image_960_jpg.rf.xVJ4CokxHhdkwrUHDovl.jpg,Approval Code,not_food,0.9182
receipt_image_960_jpg.rf.xVJ4CokxHhdkwrUHDovl.jpg,#123456,not_food,0.9363
receipt_image_742_jpg.rf.e2nPQxxHpKR8huyIEDnB.jpg,0210,not_food,0.9553
receipt_image_742_jpg.rf.e2nPQxxHpKR8huyIEDnB.jpg,po,not_food,0.8531
receipt_image_742_jpg.rf.e2nPQxxHpKR8huyIEDnB.jpg,Or909,not_food,0.9533
receipt_image_742_jpg.rf.e2nPQxxHpKR8huyIEDnB.jpg,Order Date: 10/29/2022,not_food,0.9453
receipt_image_742_jpg.rf.e2nPQxxHpKR8huyIEDnB.jpg,9990-W36-1LG,not_food,0.9547
receipt_image_742_jpg.rf.e2nPQxxHpKR8huyIEDnB.jpg,$29.35,not_food,0.9589
receipt_image_742_jpg.rf.e2nPQxxHpKR8huyIEDnB.jpg,"Wissmach Black Pearl Fusible 96 Glass,",not_food,0.8575
receipt_image_742_jpg.rf.e2nPQxxHpKR8huyIEDnB.jpg,$29.35,not_food,0.9589
receipt_image_742_jpg.rf.e2nPQxxHpKR8huyIEDnB.jpg,$29.35,not_food,0.9589
receipt_image_742_jpg.rf.e2nPQxxHpKR8huyIEDnB.jpg,9976-118FLEM-LG,not_food,0.8315
receipt_image_742_jpg.rf.e2nPQxxHpKR8huyIEDnB.jpg,$21.35,not_food,0.9589
receipt_image_742_jpg.rf.e2nPQxxHpKR8huyIEDnB.jpg,i  s,not_food,0.9308
receipt_image_742_jpg.rf.e2nPQxxHpKR8huyIEDnB.jpg,$21.35,not_food,0.9589
receipt_image_742_jpg.rf.e2nPQxxHpKR8huyIEDnB.jpg,$21.35,not_food,0.9589
receipt_image_742_jpg.rf.e2nPQxxHpKR8huyIEDnB.jpg,1650-06,not_food,0.954
receipt_image_742_jpg.rf.e2nPQxxHpKR8huyIEDnB.jpg,$16.45,not_food,0.9585
receipt_image_742_jpg.rf.e2nPQxxHpKR8huyIEDnB.jpg,$16.45,not_food,0.9585
receipt_image_742_jpg.rf.e2nPQxxHpKR8huyIEDnB.jpg,$16.45,not_food,0.9585
receipt_image_742_jpg.rf.e2nPQxxHpKR8huyIEDnB.jpg,1755-59,not_food,0.9288
receipt_image_742_jpg.rf.e2nPQxxHpKR8huyIEDnB.jpg,$26.35,not_food,0.9588
receipt_image_742_jpg.rf.e2nPQxxHpKR8huyIEDnB.jpg,$26.35,not_food,0.9588
receipt_image_742_jpg.rf.e2nPQxxHpKR8huyIEDnB.jpg,$52.70,not_food,0.9585
receipt_image_742_jpg.rf.e2nPQxxHpKR8huyIEDnB.jpg,1290-109,not_food,0.9568
receipt_image_742_jpg.rf.e2nPQxxHpKR8huyIEDnB.jpg,$1.00,not_food,0.958
receipt_image_742_jpg.rf.e2nPQxxHpKR8huyIEDnB.jpg,"Clear Square Pencil Bevel, 1""",not_food,0.9486
receipt_image_742_jpg.rf.e2nPQxxHpKR8huyIEDnB.jpg,26,not_food,0.9518
receipt_image_742_jpg.rf.e2nPQxxHpKR8huyIEDnB.jpg,$1.00,not_food,0.958
receipt_image_742_jpg.rf.e2nPQxxHpKR8huyIEDnB.jpg,$26.00,not_food,0.9579
receipt_image_742_jpg.rf.e2nPQxxHpKR8huyIEDnB.jpg,5B10-22,not_food,0.9538
receipt_image_742_jpg.rf.e2nPQxxHpKR8huyIEDnB.jpg,$0.85,not_food,0.9575
receipt_image_742_jpg.rf.e2nPQxxHpKR8huyIEDnB.jpg,$0.85,not_food,0.9575
receipt_image_742_jpg.rf.e2nPQxxHpKR8huyIEDnB.jpg,$3.40,not_food,0.9585
receipt_image_742_jpg.rf.e2nPQxxHpKR8huyIEDnB.jpg,$149.25,not_food,0.9579
receipt_image_742_jpg.rf.e2nPQxxHpKR8huyIEDnB.jpg,Freight,not_food,0.9162
receipt_image_742_jpg.rf.e2nPQxxHpKR8huyIEDnB.jpg,$0.00,not_food,0.958
receipt_image_742_jpg.rf.e2nPQxxHpKR8huyIEDnB.jpg,Sales Tax,not_food,0.8299
receipt_image_742_jpg.rf.e2nPQxxHpKR8huyIEDnB.jpg,$8.95,not_food,0.9583
receipt_image_742_jpg.rf.e2nPQxxHpKR8huyIEDnB.jpg,TOTAL,not_food,0.9458
receipt_image_742_jpg.rf.e2nPQxxHpKR8huyIEDnB.jpg,$158.20,not_food,0.9568
receipt_image_742_jpg.rf.e2nPQxxHpKR8huyIEDnB.jpg,On Account,not_food,0.86
receipt_image_742_jpg.rf.e2nPQxxHpKR8huyIEDnB.jpg,$0.00,not_food,0.958
receipt_image_742_jpg.rf.e2nPQxxHpKR8huyIEDnB.jpg,Payment Summary,not_food,0.9119
1189-receipt_jpg.rf.ANwq2QdWcqfcGGpaw3aD.jpg,3035 N. KENNEDY BLVD,not_food,0.8667
1189-receipt_jpg.rf.ANwq2QdWcqfcGGpaw3aD.jpg,(813) 876 - 2587,not_food,0.9561
1189-receipt_jpg.rf.ANwq2QdWcqfcGGpaw3aD.jpg,Tb1 42/1,not_food,0.9002
1189-receipt_jpg.rf.ANwq2QdWcqfcGGpaw3aD.jpg,Gst 2,not_food,0.9486
1189-receipt_jpg.rf.ANwq2QdWcqfcGGpaw3aD.jpg,0.00,not_food,0.958
1189-receipt_jpg.rf.ANwq2QdWcqfcGGpaw3aD.jpg,12.50,not_food,0.9576
1189-receipt_jpg.rf.ANwq2QdWcqfcGGpaw3aD.jpg,12.80,not_food,0.9583
1189-receipt_jpg.rf.ANwq2QdWcqfcGGpaw3aD.jpg,25.30,not_food,0.9587
1189-receipt_jpg.rf.ANwq2QdWcqfcGGpaw3aD.jpg,Tax,not_food,0.9035
1189-receipt_jpg.rf.ANwq2QdWcqfcGGpaw3aD.jpg,1.78,not_food,0.9577
1189-receipt_jpg.rf.ANwq2QdWcqfcGGpaw3aD.jpg,06:11PM Total,not_food,0.9514
1189-receipt_jpg.rf.ANwq2QdWcqfcGGpaw3aD.jpg,27.08,not_food,0.9588
1189-receipt_jpg.rf.ANwq2QdWcqfcGGpaw3aD.jpg,THANK YOU,not_food,0.8731
1189-receipt_jpg.rf.ANwq2QdWcqfcGGpaw3aD.jpg,-Tear Here-,not_food,0.8388
1189-receipt_jpg.rf.ANwq2QdWcqfcGGpaw3aD.jpg,Emp: MEGAN F Table: 42 Check#: 3,not_food,0.9517
1189-receipt_jpg.rf.ANwq2QdWcqfcGGpaw3aD.jpg,Date: 7-5-17,not_food,0.9495
receipt_image_175_jpg.rf.3m0ghDabhXcXqVUBdP9l.jpg,ME,not_food,0.8781
receipt_image_175_jpg.rf.3m0ghDabhXcXqVUBdP9l.jpg,04-06-23,not_food,0.9557
receipt_image_175_jpg.rf.3m0ghDabhXcXqVUBdP9l.jpg,sh2 t,not_food,0.8073
receipt_image_175_jpg.rf.3m0ghDabhXcXqVUBdP9l.jpg,"10,000",not_food,0.9536
receipt_image_175_jpg.rf.3m0ghDabhXcXqVUBdP9l.jpg,@ 10,not_food,0.951
receipt_image_175_jpg.rf.3m0ghDabhXcXqVUBdP9l.jpg,"10,000",not_food,0.9536
receipt_image_175_jpg.rf.3m0ghDabhXcXqVUBdP9l.jpg,"@ 9,099",not_food,0.956
receipt_image_175_jpg.rf.3m0ghDabhXcXqVUBdP9l.jpg,"9,899",not_food,0.9583
receipt_image_175_jpg.rf.3m0ghDabhXcXqVUBdP9l.jpg,@9.099,not_food,0.9569
receipt_image_175_jpg.rf.3m0ghDabhXcXqVUBdP9l.jpg,"18,198",not_food,0.9524
receipt_image_175_jpg.rf.3m0ghDabhXcXqVUBdP9l.jpg,"× @ 9,099",not_food,0.9566
receipt_image_175_jpg.rf.3m0ghDabhXcXqVUBdP9l.jpg,"9,099",not_food,0.9574
receipt_image_175_jpg.rf.3m0ghDabhXcXqVUBdP9l.jpg,Sub Total,not_food,0.9014
receipt_image_175_jpg.rf.3m0ghDabhXcXqVUBdP9l.jpg,"4,099",not_food,0.9581
receipt_image_175_jpg.rf.3m0ghDabhXcXqVUBdP9l.jpg,"70,495",not_food,0.9576
receipt_image_175_jpg.rf.3m0ghDabhXcXqVUBdP9l.jpg,"7,050",not_food,0.9576
receipt_image_175_jpg.rf.3m0ghDabhXcXqVUBdP9l.jpg,B111,not_food,0.8871
receipt_image_175_jpg.rf.3m0ghDabhXcXqVUBdP9l.jpg,"77,545",not_food,0.9557
receipt_image_175_jpg.rf.3m0ghDabhXcXqVUBdP9l.jpg,"77,500",not_food,0.9562
receipt_image_175_jpg.rf.3m0ghDabhXcXqVUBdP9l.jpg,Atau Scan QR D1 Bawah,not_food,0.8588
receipt_image_232_jpg.rf.tHorbxqpXO9ogU6hSAi1.jpg,ww.pegasusonthefly.com,not_food,0.9274
receipt_image_232_jpg.rf.tHorbxqpXO9ogU6hSAi1.jpg,Ph:773-581-1522,not_food,0.9584
receipt_image_232_jpg.rf.tHorbxqpXO9ogU6hSAi1.jpg,"Date: Jan 31, 2017 18:17:38",not_food,0.9486
receipt_image_232_jpg.rf.tHorbxqpXO9ogU6hSAi1.jpg,TableTransId: 3105458,not_food,0.9398
receipt_image_232_jpg.rf.tHorbxqpXO9ogU6hSAi1.jpg,TransId: 3105458,not_food,0.9571
receipt_image_232_jpg.rf.tHorbxqpXO9ogU6hSAi1.jpg,6999,not_food,0.9587
receipt_image_232_jpg.rf.tHorbxqpXO9ogU6hSAi1.jpg,2.59,not_food,0.9577
receipt_image_232_jpg.rf.tHorbxqpXO9ogU6hSAi1.jpg,2.29,not_food,0.958
receipt_image_232_jpg.rf.tHorbxqpXO9ogU6hSAi1.jpg,13.87,not_food,0.9583
receipt_image_232_jpg.rf.tHorbxqpXO9ogU6hSAi1.jpg,Tax 1,not_food,0.9072
receipt_image_232_jpg.rf.tHorbxqpXO9ogU6hSAi1.jpg,1.30,not_food,0.959
receipt_image_232_jpg.rf.tHorbxqpXO9ogU6hSAi1.jpg,Tax 2,not_food,0.9121
receipt_image_232_jpg.rf.tHorbxqpXO9ogU6hSAi1.jpg,0.38,not_food,0.9577
receipt_image_232_jpg.rf.tHorbxqpXO9ogU6hSAi1.jpg,Total,not_food,0.9458
receipt_image_232_jpg.rf.tHorbxqpXO9ogU6hSAi1.jpg,15.55,not_food,0.9588
receipt_image_232_jpg.rf.tHorbxqpXO9ogU6hSAi1.jpg,-15.55,not_food,0.9571
receipt_image_232_jpg.rf.tHorbxqpXO9ogU6hSAi1.jpg,Balance,not_food,0.8592
receipt_image_232_jpg.rf.tHorbxqpXO9ogU6hSAi1.jpg,0.00,not_food,0.958
receipt_image_232_jpg.rf.tHorbxqpXO9ogU6hSAi1.jpg,本本本本本本本本本本本本本本本本本本本本,not_food,0.9028
receipt_image_232_jpg.rf.tHorbxqpXO9ogU6hSAi1.jpg,Order#: 2-490,not_food,0.9487
receipt_image_232_jpg.rf.tHorbxqpXO9ogU6hSAi1.jpg,本本本***本本*本*本本本本本本本本本,not_food,0.9026
1055-receipt_jpg.rf.SKgjv4XslwinGOsiqHAM.jpg,519 FULTON AVE. HEMPSTEAD NY,not_food,0.9487
1055-receipt_jpg.rf.SKgjv4XslwinGOsiqHAM.jpg,50pc,not_food,0.9139
1055-receipt_jpg.rf.SKgjv4XslwinGOsiqHAM.jpg,#195,not_food,0.9496
1055-receipt_jpg.rf.SKgjv4XslwinGOsiqHAM.jpg,IN,not_food,0.9413
1055-receipt_jpg.rf.SKgjv4XslwinGOsiqHAM.jpg,100p,not_food,0.9476
1055-receipt_jpg.rf.SKgjv4XslwinGOsiqHAM.jpg,5.99,not_food,0.9583
1055-receipt_jpg.rf.SKgjv4XslwinGOsiqHAM.jpg,200p,not_food,0.953
1055-receipt_jpg.rf.SKgjv4XslwinGOsiqHAM.jpg,50p,not_food,0.9522
1055-receipt_jpg.rf.SKgjv4XslwinGOsiqHAM.jpg,6.99,not_food,0.9578
1055-receipt_jpg.rf.SKgjv4XslwinGOsiqHAM.jpg,80,not_food,0.9564
1055-receipt_jpg.rf.SKgjv4XslwinGOsiqHAM.jpg,10,not_food,0.9544
1055-receipt_jpg.rf.SKgjv4XslwinGOsiqHAM.jpg,6.99,not_food,0.9578
1055-receipt_jpg.rf.SKgjv4XslwinGOsiqHAM.jpg,6.99,not_food,0.9578
1055-receipt_jpg.rf.SKgjv4XslwinGOsiqHAM.jpg,SMALL,not_food,0.8479
1055-receipt_jpg.rf.SKgjv4XslwinGOsiqHAM.jpg,1.19,not_food,0.9569
1055-receipt_jpg.rf.SKgjv4XslwinGOsiqHAM.jpg,2.43,not_food,0.9581
1055-receipt_jpg.rf.SKgjv4XslwinGOsiqHAM.jpg,30,not_food,0.958
1055-receipt_jpg.rf.SKgjv4XslwinGOsiqHAM.jpg,58,not_food,0.9577
1055-receipt_jpg.rf.SKgjv4XslwinGOsiqHAM.jpg,40.00,not_food,0.9583
1064-receipt_jpg.rf.nHcQOcKEo2WnpDWsGI61.jpg,L1 T2,not_food,0.9469
1064-receipt_jpg.rf.nHcQOcKEo2WnpDWsGI61.jpg,3:04 PM,not_food,0.9499
1064-receipt_jpg.rf.nHcQOcKEo2WnpDWsGI61.jpg,2013-08-10,not_food,0.9513
1064-receipt_jpg.rf.nHcQOcKEo2WnpDWsGI61.jpg,25,not_food,0.9566
1064-receipt_jpg.rf.nHcQOcKEo2WnpDWsGI61.jpg,3:02 PM,not_food,0.9512
1064-receipt_jpg.rf.nHcQOcKEo2WnpDWsGI61.jpg,2013-08-10,not_food,0.9513
1064-receipt_jpg.rf.nHcQOcKEo2WnpDWsGI61.jpg,247 2 480 2152,not_food,0.9585
1064-receipt_jpg.rf.nHcQOcKEo2WnpDWsGI61.jpg,Check: 25,not_food,0.9507
1064-receipt_jpg.rf.nHcQOcKEo2WnpDWsGI61.jpg,0b10b1,not_food,0.9503
1064-receipt_jpg.rf.nHcQOcKEo2WnpDWsGI61.jpg,3.30,not_food,0.9589
1064-receipt_jpg.rf.nHcQOcKEo2WnpDWsGI61.jpg,WO KM,not_food,0.8907
1064-receipt_jpg.rf.nHcQOcKEo2WnpDWsGI61.jpg,3X3,not_food,0.9563
1064-receipt_jpg.rf.nHcQOcKEo2WnpDWsGI61.jpg,4.35,not_food,0.9583
1064-receipt_jpg.rf.nHcQOcKEo2WnpDWsGI61.jpg,FF,not_food,0.8531
1064-receipt_jpg.rf.nHcQOcKEo2WnpDWsGI61.jpg,1.60,not_food,0.9586
1064-receipt_jpg.rf.nHcQOcKEo2WnpDWsGI61.jpg,3.50,not_food,0.958
1064-receipt_jpg.rf.nHcQOcKEo2WnpDWsGI61.jpg,1.70,not_food,0.9586
1064-receipt_jpg.rf.nHcQOcKEo2WnpDWsGI61.jpg,1.50,not_food,0.9579
1064-receipt_jpg.rf.nHcQOcKEo2WnpDWsGI61.jpg,2.05,not_food,0.9577
1064-receipt_jpg.rf.nHcQOcKEo2WnpDWsGI61.jpg,In18.00,not_food,0.9554
1064-receipt_jpg.rf.nHcQOcKEo2WnpDWsGI61.jpg,TAX 8.00%,not_food,0.906
1064-receipt_jpg.rf.nHcQOcKEo2WnpDWsGI61.jpg,1.44,not_food,0.9574
1064-receipt_jpg.rf.nHcQOcKEo2WnpDWsGI61.jpg,$19.44,not_food,0.9583
receipt_image_195_jpg.rf.MOeVZssGZ4ugW4zjgbN4.jpg,"Jul 31, 2022",not_food,0.9271
receipt_image_195_jpg.rf.MOeVZssGZ4ugW4zjgbN4.jpg,12:57 PM,not_food,0.95
receipt_image_195_jpg.rf.MOeVZssGZ4ugW4zjgbN4.jpg,(413) 323-6861,not_food,0.9568
receipt_image_195_jpg.rf.MOeVZssGZ4ugW4zjgbN4.jpg,Ticket: Mark,not_food,0.9165
receipt_image_195_jpg.rf.MOeVZssGZ4ugW4zjgbN4.jpg,Receipt: BUiu,not_food,0.8471
receipt_image_195_jpg.rf.MOeVZssGZ4ugW4zjgbN4.jpg,$11.29,not_food,0.9584
receipt_image_195_jpg.rf.MOeVZssGZ4ugW4zjgbN4.jpg,wrap,not_food,0.8966
receipt_image_195_jpg.rf.MOeVZssGZ4ugW4zjgbN4.jpg,$11.29,not_food,0.9584
receipt_image_195_jpg.rf.MOeVZssGZ4ugW4zjgbN4.jpg,Sales Tax,not_food,0.8299
receipt_image_195_jpg.rf.MOeVZssGZ4ugW4zjgbN4.jpg,$0.79,not_food,0.958
receipt_image_195_jpg.rf.MOeVZssGZ4ugW4zjgbN4.jpg,Total,not_food,0.9458
receipt_image_195_jpg.rf.MOeVZssGZ4ugW4zjgbN4.jpg,$12.08,not_food,0.9585
receipt_image_195_jpg.rf.MOeVZssGZ4ugW4zjgbN4.jpg,$15.08,not_food,0.9587
receipt_image_195_jpg.rf.MOeVZssGZ4ugW4zjgbN4.jpg,Change,not_food,0.9144
receipt_image_195_jpg.rf.MOeVZssGZ4ugW4zjgbN4.jpg,$3.00,not_food,0.9581
receipt_image_135_jpg.rf.XoS5JLZIpdIIagQcbvyx.jpg,"Canandaigua, NY 14424",not_food,0.8661
receipt_image_135_jpg.rf.XoS5JLZIpdIIagQcbvyx.jpg,(585) 394-4880,not_food,0.9568
receipt_image_135_jpg.rf.XoS5JLZIpdIIagQcbvyx.jpg,(),not_food,0.923
receipt_image_135_jpg.rf.XoS5JLZIpdIIagQcbvyx.jpg,11:00:11 PM,not_food,0.9531
receipt_image_135_jpg.rf.XoS5JLZIpdIIagQcbvyx.jpg,8/30/2015,not_food,0.9412
receipt_image_135_jpg.rf.XoS5JLZIpdIIagQcbvyx.jpg,429742,not_food,0.9595
receipt_image_135_jpg.rf.XoS5JLZIpdIIagQcbvyx.jpg,Server: Bethany F,not_food,0.8975
receipt_image_135_jpg.rf.XoS5JLZIpdIIagQcbvyx.jpg,Order:,not_food,0.9417
receipt_image_135_jpg.rf.XoS5JLZIpdIIagQcbvyx.jpg,Table: 12 Guests: 2,not_food,0.9104
receipt_image_135_jpg.rf.XoS5JLZIpdIIagQcbvyx.jpg,0.00,not_food,0.958
receipt_image_135_jpg.rf.XoS5JLZIpdIIagQcbvyx.jpg,0.00,not_food,0.958
receipt_image_135_jpg.rf.XoS5JLZIpdIIagQcbvyx.jpg,3.99,not_food,0.9581
receipt_image_135_jpg.rf.XoS5JLZIpdIIagQcbvyx.jpg,3.99,not_food,0.9581
receipt_image_135_jpg.rf.XoS5JLZIpdIIagQcbvyx.jpg,Tax,not_food,0.9035
receipt_image_135_jpg.rf.XoS5JLZIpdIIagQcbvyx.jpg,0.30,not_food,0.9587
receipt_image_135_jpg.rf.XoS5JLZIpdIIagQcbvyx.jpg,1.00,not_food,0.9571
receipt_image_135_jpg.rf.XoS5JLZIpdIIagQcbvyx.jpg,Total,not_food,0.9458
receipt_image_135_jpg.rf.XoS5JLZIpdIIagQcbvyx.jpg,5.29,not_food,0.9583
receipt_image_953_jpg.rf.BO0ruAXztC8VbSqoBlK5.jpg,LHOKSEUMAHE,not_food,0.9457
receipt_image_953_jpg.rf.BO0ruAXztC8VbSqoBlK5.jpg,Te1p. 087775189004,not_food,0.9272
receipt_image_953_jpg.rf.BO0ruAXztC8VbSqoBlK5.jpg,"13,636",not_food,0.9551
receipt_image_953_jpg.rf.BO0ruAXztC8VbSqoBlK5.jpg,12.727,not_food,0.9583
receipt_image_953_jpg.rf.BO0ruAXztC8VbSqoBlK5.jpg,"10,909",not_food,0.9583
receipt_image_953_jpg.rf.BO0ruAXztC8VbSqoBlK5.jpg,"10,000",not_food,0.9536
receipt_image_953_jpg.rf.BO0ruAXztC8VbSqoBlK5.jpg,Sub Total,not_food,0.9014
receipt_image_953_jpg.rf.BO0ruAXztC8VbSqoBlK5.jpg,"53,181",not_food,0.9571
receipt_image_953_jpg.rf.BO0ruAXztC8VbSqoBlK5.jpg,P.Rest 10 4,not_food,0.9172
receipt_image_953_jpg.rf.BO0ruAXztC8VbSqoBlK5.jpg,"5,318",not_food,0.9566
receipt_image_953_jpg.rf.BO0ruAXztC8VbSqoBlK5.jpg,"58,500",not_food,0.9569
receipt_image_953_jpg.rf.BO0ruAXztC8VbSqoBlK5.jpg,Total,not_food,0.9458
receipt_image_953_jpg.rf.BO0ruAXztC8VbSqoBlK5.jpg,"100,000",not_food,0.9529
receipt_image_953_jpg.rf.BO0ruAXztC8VbSqoBlK5.jpg,41.500,not_food,0.9579
receipt_image_953_jpg.rf.BO0ruAXztC8VbSqoBlK5.jpg,"5 Item5, 23032014-59696 16:56:47",not_food,0.9592
receipt_image_962_jpg.rf.f9BZ5tIxqdSmEPvOUUEg.jpg,TEL: 020 7235 9444,not_food,0.9582
receipt_image_962_jpg.rf.f9BZ5tIxqdSmEPvOUUEg.jpg,FAX: 020 7235 9244,not_food,0.9591
receipt_image_962_jpg.rf.f9BZ5tIxqdSmEPvOUUEg.jpg,www.noura.co.uk,not_food,0.9405
receipt_image_962_jpg.rf.f9BZ5tIxqdSmEPvOUUEg.jpg,25 December 2017,not_food,0.9208
receipt_image_962_jpg.rf.f9BZ5tIxqdSmEPvOUUEg.jpg,Covers:3,not_food,0.951
receipt_image_962_jpg.rf.f9BZ5tIxqdSmEPvOUUEg.jpg,Table:101,not_food,0.9522
receipt_image_962_jpg.rf.f9BZ5tIxqdSmEPvOUUEg.jpg,"£ 132,00",not_food,0.9502
receipt_image_962_jpg.rf.f9BZ5tIxqdSmEPvOUUEg.jpg,"£ 4,00",not_food,0.9509
receipt_image_962_jpg.rf.f9BZ5tIxqdSmEPvOUUEg.jpg,"£ 32,00",not_food,0.9518
receipt_image_962_jpg.rf.f9BZ5tIxqdSmEPvOUUEg.jpg,11,not_food,0.9559
receipt_image_962_jpg.rf.f9BZ5tIxqdSmEPvOUUEg.jpg,"£ 21,50",not_food,0.9523
receipt_image_962_jpg.rf.f9BZ5tIxqdSmEPvOUUEg.jpg,"£189,50",not_food,0.955
receipt_image_962_jpg.rf.f9BZ5tIxqdSmEPvOUUEg.jpg,TOTAL,not_food,0.9458
receipt_image_962_jpg.rf.f9BZ5tIxqdSmEPvOUUEg.jpg,"Included VAT : 20.00 % £ 28,00",not_food,0.9454
receipt_image_962_jpg.rf.f9BZ5tIxqdSmEPvOUUEg.jpg,VAT NO. 744 4033 51,not_food,0.9453
receipt_image_962_jpg.rf.f9BZ5tIxqdSmEPvOUUEg.jpg,THANK YOU FOR,not_food,0.8836
receipt_image_627_jpg.rf.US5AExTPJcceCU2QudLz.jpg,011-3194 0284,not_food,0.9581
receipt_image_627_jpg.rf.US5AExTPJcceCU2QudLz.jpg,(317041-W),not_food,0.9544
receipt_image_627_jpg.rf.US5AExTPJcceCU2QudLz.jpg,"PT17920, SEKSYEN U9,",not_food,0.9551
receipt_image_627_jpg.rf.US5AExTPJcceCU2QudLz.jpg,GST Reg. No. : 001951645696,not_food,0.9555
receipt_image_627_jpg.rf.US5AExTPJcceCU2QudLz.jpg,47735,not_food,0.9584
receipt_image_627_jpg.rf.US5AExTPJcceCU2QudLz.jpg,Date,not_food,0.8746
receipt_image_627_jpg.rf.US5AExTPJcceCU2QudLz.jpg,04 Jan 2017 01:15pm,not_food,0.9508
receipt_image_627_jpg.rf.US5AExTPJcceCU2QudLz.jpg,Counter,not_food,0.8631
receipt_image_627_jpg.rf.US5AExTPJcceCU2QudLz.jpg,03,not_food,0.9566
receipt_image_627_jpg.rf.US5AExTPJcceCU2QudLz.jpg,UNICA PAIL 6GL 600,not_food,0.9088
receipt_image_627_jpg.rf.US5AExTPJcceCU2QudLz.jpg,1 × 17.41,not_food,0.9574
receipt_image_627_jpg.rf.US5AExTPJcceCU2QudLz.jpg,17.41 S,not_food,0.957
receipt_image_627_jpg.rf.US5AExTPJcceCU2QudLz.jpg,1 × 2.64,not_food,0.9566
receipt_image_627_jpg.rf.US5AExTPJcceCU2QudLz.jpg,2.64 Z,not_food,0.9559
receipt_image_627_jpg.rf.US5AExTPJcceCU2QudLz.jpg,Total Incl. GST:RM,not_food,0.9525
receipt_image_627_jpg.rf.US5AExTPJcceCU2QudLz.jpg,20.05,not_food,0.9577
receipt_image_627_jpg.rf.US5AExTPJcceCU2QudLz.jpg,50.00,not_food,0.958
receipt_image_627_jpg.rf.US5AExTPJcceCU2QudLz.jpg,Change:RM,not_food,0.9394
receipt_image_627_jpg.rf.US5AExTPJcceCU2QudLz.jpg,2995,not_food,0.9581
receipt_image_627_jpg.rf.US5AExTPJcceCU2QudLz.jpg,************** GST Summary *************,not_food,0.8835
receipt_image_627_jpg.rf.US5AExTPJcceCU2QudLz.jpg,GST Code,not_food,0.9387
receipt_image_627_jpg.rf.US5AExTPJcceCU2QudLz.jpg,Tax(R),not_food,0.8292
receipt_image_627_jpg.rf.US5AExTPJcceCU2QudLz.jpg,S 06.0%,not_food,0.9459
receipt_image_627_jpg.rf.US5AExTPJcceCU2QudLz.jpg,16.42,not_food,0.9591
receipt_image_627_jpg.rf.US5AExTPJcceCU2QudLz.jpg,0.99,not_food,0.9581
receipt_image_627_jpg.rf.US5AExTPJcceCU2QudLz.jpg,2.64,not_food,0.9577
receipt_image_627_jpg.rf.US5AExTPJcceCU2QudLz.jpg,0.00,not_food,0.958
receipt_image_627_jpg.rf.US5AExTPJcceCU2QudLz.jpg,Ref No: 00600676213047735,not_food,0.9587
1031-receipt_jpg.rf.4pyyeN2G91w6LSF1lb8B.jpg,Tel.,not_food,0.9048
1031-receipt_jpg.rf.4pyyeN2G91w6LSF1lb8B.jpg,01/12/19 1:23 PM,not_food,0.9523
1031-receipt_jpg.rf.4pyyeN2G91w6LSF1lb8B.jpg,Table 501 Cust 1,not_food,0.9507
1031-receipt_jpg.rf.4pyyeN2G91w6LSF1lb8B.jpg,Order 1388,not_food,0.9416
1031-receipt_jpg.rf.4pyyeN2G91w6LSF1lb8B.jpg,**本本本本**********本**本*本本本*本*********本****,not_food,0.8359
1031-receipt_jpg.rf.4pyyeN2G91w6LSF1lb8B.jpg,5.00,not_food,0.9575
1031-receipt_jpg.rf.4pyyeN2G91w6LSF1lb8B.jpg,8.00,not_food,0.9576
1031-receipt_jpg.rf.4pyyeN2G91w6LSF1lb8B.jpg,11.00,not_food,0.9578
1031-receipt_jpg.rf.4pyyeN2G91w6LSF1lb8B.jpg,12.00,not_food,0.957
1031-receipt_jpg.rf.4pyyeN2G91w6LSF1lb8B.jpg,4.50.,not_food,0.9582
1031-receipt_jpg.rf.4pyyeN2G91w6LSF1lb8B.jpg,Taxable:,not_food,0.9453
1031-receipt_jpg.rf.4pyyeN2G91w6LSF1lb8B.jpg,40.50,not_food,0.9576
1031-receipt_jpg.rf.4pyyeN2G91w6LSF1lb8B.jpg,Sub-total:,not_food,0.9186
1031-receipt_jpg.rf.4pyyeN2G91w6LSF1lb8B.jpg,40.50,not_food,0.9576
1031-receipt_jpg.rf.4pyyeN2G91w6LSF1lb8B.jpg,3.85,not_food,0.9575
1031-receipt_jpg.rf.4pyyeN2G91w6LSF1lb8B.jpg,Total Due:,not_food,0.9296
1031-receipt_jpg.rf.4pyyeN2G91w6LSF1lb8B.jpg,44.35,not_food,0.9569
1031-receipt_jpg.rf.4pyyeN2G91w6LSF1lb8B.jpg,www.laureltavern.com,not_food,0.8932
receipt_image_78_jpg.rf.MW1xQbcMPOU8xdye6Fin.jpg,4469 SLAUSON AVE,not_food,0.8955
receipt_image_78_jpg.rf.MW1xQbcMPOU8xdye6Fin.jpg,Maywood. CA 90270,not_food,0.9578
receipt_image_78_jpg.rf.MW1xQbcMPOU8xdye6Fin.jpg,(323) 771-9888,not_food,0.9563
receipt_image_78_jpg.rf.MW1xQbcMPOU8xdye6Fin.jpg,Station:3,not_food,0.8837
receipt_image_78_jpg.rf.MW1xQbcMPOU8xdye6Fin.jpg,Server:,not_food,0.9395
receipt_image_78_jpg.rf.MW1xQbcMPOU8xdye6Fin.jpg,Order #: 65193,not_food,0.9472
receipt_image_78_jpg.rf.MW1xQbcMPOU8xdye6Fin.jpg,8.45,not_food,0.9586
receipt_image_78_jpg.rf.MW1xQbcMPOU8xdye6Fin.jpg,1 1/2 AND 1/2 COMB0,not_food,0.9359
receipt_image_78_jpg.rf.MW1xQbcMPOU8xdye6Fin.jpg,7.95,not_food,0.9592
receipt_image_78_jpg.rf.MW1xQbcMPOU8xdye6Fin.jpg,1 1/2 AND 1/2 C0MB0,not_food,0.9363
receipt_image_78_jpg.rf.MW1xQbcMPOU8xdye6Fin.jpg,3.50,not_food,0.958
receipt_image_78_jpg.rf.MW1xQbcMPOU8xdye6Fin.jpg,0.00,not_food,0.958
receipt_image_78_jpg.rf.MW1xQbcMPOU8xdye6Fin.jpg,19.90,not_food,0.9586
receipt_image_78_jpg.rf.MW1xQbcMPOU8xdye6Fin.jpg,Food Subtotal:,not_food,0.8916
receipt_image_78_jpg.rf.MW1xQbcMPOU8xdye6Fin.jpg,Ta 1:,not_food,0.9354
receipt_image_78_jpg.rf.MW1xQbcMPOU8xdye6Fin.jpg,1.79,not_food,0.9576
receipt_image_78_jpg.rf.MW1xQbcMPOU8xdye6Fin.jpg,$21.69,not_food,0.9587
receipt_image_78_jpg.rf.MW1xQbcMPOU8xdye6Fin.jpg,22.00,not_food,0.958
receipt_image_78_jpg.rf.MW1xQbcMPOU8xdye6Fin.jpg,CHANGE:,not_food,0.9356
receipt_image_78_jpg.rf.MW1xQbcMPOU8xdye6Fin.jpg,-0.31,not_food,0.9571
receipt_image_78_jpg.rf.MW1xQbcMPOU8xdye6Fin.jpg,Created: 6/1/2013 7:43:46 PH,not_food,0.9561
receipt_image_78_jpg.rf.MW1xQbcMPOU8xdye6Fin.jpg,SETTLED: 6/1/2013 7:44:18 PH,not_food,0.9074
receipt_image_78_jpg.rf.MW1xQbcMPOU8xdye6Fin.jpg,THANK YOU!,not_food,0.8529
receipt_image_464_jpg.rf.OBJLBeRQwTaTwgQLrJ50.jpg,EVERGREEN LIGHT SDN BHD,not_food,0.8623
receipt_image_464_jpg.rf.OBJLBeRQwTaTwgQLrJ50.jpg,(827859-U),not_food,0.954
receipt_image_464_jpg.rf.OBJLBeRQwTaTwgQLrJ50.jpg,TEL/FAX: 03-80609719,not_food,0.9585
receipt_image_464_jpg.rf.OBJLBeRQwTaTwgQLrJ50.jpg,(NO.1D GET: 000389353472),not_food,0.9094
receipt_image_464_jpg.rf.OBJLBeRQwTaTwgQLrJ50.jpg,NO.:142507,not_food,0.9562
receipt_image_464_jpg.rf.OBJLBeRQwTaTwgQLrJ50.jpg,#01-01,not_food,0.9557
receipt_image_464_jpg.rf.OBJLBeRQwTaTwgQLrJ50.jpg,18/09/2017,not_food,0.9046
receipt_image_464_jpg.rf.OBJLBeRQwTaTwgQLrJ50.jpg,17:21,not_food,0.9575
receipt_image_464_jpg.rf.OBJLBeRQwTaTwgQLrJ50.jpg,B.CODE,not_food,0.9385
receipt_image_464_jpg.rf.OBJLBeRQwTaTwgQLrJ50.jpg,QTY,not_food,0.8711
receipt_image_464_jpg.rf.OBJLBeRQwTaTwgQLrJ50.jpg,VPRICE,not_food,0.902
receipt_image_464_jpg.rf.OBJLBeRQwTaTwgQLrJ50.jpg,AMT,not_food,0.912
receipt_image_464_jpg.rf.OBJLBeRQwTaTwgQLrJ50.jpg,11598,not_food,0.9579
receipt_image_464_jpg.rf.OBJLBeRQwTaTwgQLrJ50.jpg,12.26,not_food,0.9572
receipt_image_464_jpg.rf.OBJLBeRQwTaTwgQLrJ50.jpg,24.52s,not_food,0.9547
receipt_image_464_jpg.rf.OBJLBeRQwTaTwgQLrJ50.jpg,SUB-TOTAL,not_food,0.9029
receipt_image_464_jpg.rf.OBJLBeRQwTaTwgQLrJ50.jpg,24.52,not_food,0.9584
receipt_image_464_jpg.rf.OBJLBeRQwTaTwgQLrJ50.jpg,1.47,not_food,0.9575
receipt_image_464_jpg.rf.OBJLBeRQwTaTwgQLrJ50.jpg,SUB-TOTAL,not_food,0.9029
receipt_image_464_jpg.rf.OBJLBeRQwTaTwgQLrJ50.jpg,25.99,not_food,0.959
receipt_image_464_jpg.rf.OBJLBeRQwTaTwgQLrJ50.jpg,0.01,not_food,0.9584
receipt_image_464_jpg.rf.OBJLBeRQwTaTwgQLrJ50.jpg,TOTAL QUANTITY : 2,not_food,0.8775
receipt_image_464_jpg.rf.OBJLBeRQwTaTwgQLrJ50.jpg,RM,not_food,0.9394
receipt_image_464_jpg.rf.OBJLBeRQwTaTwgQLrJ50.jpg,Total Incl GST,not_food,0.9339
receipt_image_464_jpg.rf.OBJLBeRQwTaTwgQLrJ50.jpg,26.00,not_food,0.9569
receipt_image_464_jpg.rf.OBJLBeRQwTaTwgQLrJ50.jpg,26.00,not_food,0.9569
receipt_image_464_jpg.rf.OBJLBeRQwTaTwgQLrJ50.jpg,Change,not_food,0.9144
receipt_image_464_jpg.rf.OBJLBeRQwTaTwgQLrJ50.jpg,0.00,not_food,0.958
receipt_image_464_jpg.rf.OBJLBeRQwTaTwgQLrJ50.jpg,S-8R(E)-6%,not_food,0.9119
receipt_image_464_jpg.rf.OBJLBeRQwTaTwgQLrJ50.jpg,24.52,not_food,0.9584
receipt_image_464_jpg.rf.OBJLBeRQwTaTwgQLrJ50.jpg,147,not_food,0.953
receipt_image_464_jpg.rf.OBJLBeRQwTaTwgQLrJ50.jpg,GQODB BOLD ARE NOT REFUNDABLE FOR CAEH.,not_food,0.913
receipt_image_707_jpg.rf.CbKhwZoZErSUjej4i0qN.jpg,klosk-3 Food Court Second Floor,not_food,0.957
receipt_image_707_jpg.rf.CbKhwZoZErSUjej4i0qN.jpg,Mob:9140100056,not_food,0.8014
receipt_image_707_jpg.rf.CbKhwZoZErSUjej4i0qN.jpg,Gatln:09AAYPU9195N1Z0,not_food,0.8358
receipt_image_707_jpg.rf.CbKhwZoZErSUjej4i0qN.jpg,B111 Number:014587 21/04/2022 17:37,not_food,0.9543
receipt_image_707_jpg.rf.CbKhwZoZErSUjej4i0qN.jpg,Staff 10:05,not_food,0.9462
receipt_image_707_jpg.rf.CbKhwZoZErSUjej4i0qN.jpg,Item Neme-——o-,not_food,0.9534
receipt_image_707_jpg.rf.CbKhwZoZErSUjej4i0qN.jpg,1.000,not_food,0.9578
receipt_image_707_jpg.rf.CbKhwZoZErSUjej4i0qN.jpg,149.00,not_food,0.9583
receipt_image_707_jpg.rf.CbKhwZoZErSUjej4i0qN.jpg,149.00,not_food,0.9583
receipt_image_707_jpg.rf.CbKhwZoZErSUjej4i0qN.jpg,2.000,not_food,0.9578
receipt_image_707_jpg.rf.CbKhwZoZErSUjej4i0qN.jpg,149.00,not_food,0.9583
receipt_image_707_jpg.rf.CbKhwZoZErSUjej4i0qN.jpg,298.00,not_food,0.9584
receipt_image_707_jpg.rf.CbKhwZoZErSUjej4i0qN.jpg,2.000,not_food,0.9578
receipt_image_707_jpg.rf.CbKhwZoZErSUjej4i0qN.jpg,99.00,not_food,0.9584
receipt_image_707_jpg.rf.CbKhwZoZErSUjej4i0qN.jpg,198.00,not_food,0.959
receipt_image_707_jpg.rf.CbKhwZoZErSUjej4i0qN.jpg,645.00,not_food,0.9579
receipt_image_707_jpg.rf.CbKhwZoZErSUjej4i0qN.jpg,TOTAL GST,not_food,0.9313
receipt_image_707_jpg.rf.CbKhwZoZErSUjej4i0qN.jpg,32.26,not_food,0.9584
receipt_image_707_jpg.rf.CbKhwZoZErSUjej4i0qN.jpg,GST DETAILS:,not_food,0.9503
receipt_image_707_jpg.rf.CbKhwZoZErSUjej4i0qN.jpg,GST Rate,not_food,0.9453
receipt_image_707_jpg.rf.CbKhwZoZErSUjej4i0qN.jpg,Tax,not_food,0.9035
receipt_image_707_jpg.rf.CbKhwZoZErSUjej4i0qN.jpg,Amount,not_food,0.8481
receipt_image_707_jpg.rf.CbKhwZoZErSUjej4i0qN.jpg,COSTP,not_food,0.8768
receipt_image_707_jpg.rf.CbKhwZoZErSUjej4i0qN.jpg,2.50%,not_food,0.9373
receipt_image_707_jpg.rf.CbKhwZoZErSUjej4i0qN.jpg,645.00,not_food,0.9579
receipt_image_707_jpg.rf.CbKhwZoZErSUjej4i0qN.jpg,16.13,not_food,0.958
receipt_image_707_jpg.rf.CbKhwZoZErSUjej4i0qN.jpg,2.50%,not_food,0.9373
receipt_image_707_jpg.rf.CbKhwZoZErSUjej4i0qN.jpg,645.00,not_food,0.9579
receipt_image_707_jpg.rf.CbKhwZoZErSUjej4i0qN.jpg,16.12,not_food,0.9573
receipt_image_707_jpg.rf.CbKhwZoZErSUjej4i0qN.jpg,TOTAL 7677.00,not_food,0.955
receipt_image_231_jpg.rf.Fx4YAdVIwytiX5HI9sYl.jpg,GLENDALE:818-956-5888,not_food,0.9508
receipt_image_231_jpg.rf.Fx4YAdVIwytiX5HI9sYl.jpg,(818) 956-5888,not_food,0.9557
receipt_image_231_jpg.rf.Fx4YAdVIwytiX5HI9sYl.jpg,Station: 5,not_food,0.8794
receipt_image_231_jpg.rf.Fx4YAdVIwytiX5HI9sYl.jpg,Order #: 60291,not_food,0.9512
receipt_image_231_jpg.rf.Fx4YAdVIwytiX5HI9sYl.jpg,Table: 5,not_food,0.9517
receipt_image_231_jpg.rf.Fx4YAdVIwytiX5HI9sYl.jpg,2.75,not_food,0.9561
receipt_image_231_jpg.rf.Fx4YAdVIwytiX5HI9sYl.jpg,2.75,not_food,0.9561
receipt_image_231_jpg.rf.Fx4YAdVIwytiX5HI9sYl.jpg,3.50,not_food,0.958
receipt_image_231_jpg.rf.Fx4YAdVIwytiX5HI9sYl.jpg,006,not_food,0.9553
receipt_image_231_jpg.rf.Fx4YAdVIwytiX5HI9sYl.jpg,16.99,not_food,0.9587
receipt_image_231_jpg.rf.Fx4YAdVIwytiX5HI9sYl.jpg,22.00,not_food,0.958
receipt_image_231_jpg.rf.Fx4YAdVIwytiX5HI9sYl.jpg,0.00,not_food,0.958
receipt_image_231_jpg.rf.Fx4YAdVIwytiX5HI9sYl.jpg,SUB TOTAL:,not_food,0.9163
receipt_image_231_jpg.rf.Fx4YAdVIwytiX5HI9sYl.jpg,56.99,not_food,0.9583
receipt_image_231_jpg.rf.Fx4YAdVIwytiX5HI9sYl.jpg,5.42,not_food,0.959
receipt_image_231_jpg.rf.Fx4YAdVIwytiX5HI9sYl.jpg,Sales Tax:,not_food,0.8712
receipt_image_231_jpg.rf.Fx4YAdVIwytiX5HI9sYl.jpg,$62.41,not_food,0.9585
receipt_image_231_jpg.rf.Fx4YAdVIwytiX5HI9sYl.jpg,TOTAL:,not_food,0.9475
receipt_image_32_jpg.rf.deqeekvwC0nVd4I3HcAI.jpg,2011 Hewitt Ave,not_food,0.8643
receipt_image_32_jpg.rf.deqeekvwC0nVd4I3HcAI.jpg,Te1. 425-252-3525 Fax. 425-252-3525,not_food,0.9579
receipt_image_32_jpg.rf.deqeekvwC0nVd4I3HcAI.jpg,Table 4,not_food,0.9513
receipt_image_32_jpg.rf.deqeekvwC0nVd4I3HcAI.jpg,Date: 6/16/2017 12:36 PM,not_food,0.9456
receipt_image_32_jpg.rf.deqeekvwC0nVd4I3HcAI.jpg,Server: PRACH,not_food,0.8699
receipt_image_32_jpg.rf.deqeekvwC0nVd4I3HcAI.jpg,(T.1),not_food,0.9474
receipt_image_32_jpg.rf.deqeekvwC0nVd4I3HcAI.jpg,$7.00,not_food,0.9586
receipt_image_32_jpg.rf.deqeekvwC0nVd4I3HcAI.jpg,$10.24,not_food,0.9582
receipt_image_32_jpg.rf.deqeekvwC0nVd4I3HcAI.jpg,$10.24,not_food,0.9582
receipt_image_32_jpg.rf.deqeekvwC0nVd4I3HcAI.jpg,Total 4 item(s),not_food,0.942
receipt_image_32_jpg.rf.deqeekvwC0nVd4I3HcAI.jpg,$27.48,not_food,0.9589
receipt_image_32_jpg.rf.deqeekvwC0nVd4I3HcAI.jpg,Sales Tax,not_food,0.8299
receipt_image_32_jpg.rf.deqeekvwC0nVd4I3HcAI.jpg,$2.67,not_food,0.9583
receipt_image_32_jpg.rf.deqeekvwC0nVd4I3HcAI.jpg,$30.15,not_food,0.9592
receipt_image_32_jpg.rf.deqeekvwC0nVd4I3HcAI.jpg,Tip Guide,not_food,0.907
receipt_image_32_jpg.rf.deqeekvwC0nVd4I3HcAI.jpg,"15%=$4.52,",not_food,0.9485
receipt_image_32_jpg.rf.deqeekvwC0nVd4I3HcAI.jpg,"18%=$5.43, 20%=$6.03",not_food,0.932
receipt_image_32_jpg.rf.deqeekvwC0nVd4I3HcAI.jpg,Thank you very much.,not_food,0.8428
receipt_image_32_jpg.rf.deqeekvwC0nVd4I3HcAI.jpg,GUEST CHECK -,not_food,0.9168
1051-receipt_jpg.rf.h9uX4ZYgrKfnnxHf5oA3.jpg,GENERALPOORS,not_food,0.8023
1051-receipt_jpg.rf.h9uX4ZYgrKfnnxHf5oA3.jpg,(201)487-5882,not_food,0.9564
1051-receipt_jpg.rf.h9uX4ZYgrKfnnxHf5oA3.jpg,Check#:555149,not_food,0.939
1051-receipt_jpg.rf.h9uX4ZYgrKfnnxHf5oA3.jpg,Date:04/10/16,not_food,0.9268
1051-receipt_jpg.rf.h9uX4ZYgrKfnnxHf5oA3.jpg,Time:12:30pm,not_food,0.9532
1051-receipt_jpg.rf.h9uX4ZYgrKfnnxHf5oA3.jpg,Table:,not_food,0.9474
1051-receipt_jpg.rf.h9uX4ZYgrKfnnxHf5oA3.jpg,$10.00,not_food,0.958
1051-receipt_jpg.rf.h9uX4ZYgrKfnnxHf5oA3.jpg,$10.00,not_food,0.958
1051-receipt_jpg.rf.h9uX4ZYgrKfnnxHf5oA3.jpg,Tax::,not_food,0.9318
1051-receipt_jpg.rf.h9uX4ZYgrKfnnxHf5oA3.jpg,$0.70,not_food,0.9582
1051-receipt_jpg.rf.h9uX4ZYgrKfnnxHf5oA3.jpg,Sbt1 w/Tax:,not_food,0.9094
1051-receipt_jpg.rf.h9uX4ZYgrKfnnxHf5oA3.jpg,$10.70,not_food,0.9583
1051-receipt_jpg.rf.h9uX4ZYgrKfnnxHf5oA3.jpg,Amt Due:,not_food,0.9104
1051-receipt_jpg.rf.h9uX4ZYgrKfnnxHf5oA3.jpg,$10.70,not_food,0.9583
1051-receipt_jpg.rf.h9uX4ZYgrKfnnxHf5oA3.jpg,FOR CHOOSING,not_food,0.8181
receipt_image_449_jpg.rf.gLDizdnvXOHxAwzafgbJ.jpg,(GST REG NO: 000915943424),not_food,0.9531
receipt_image_449_jpg.rf.gLDizdnvXOHxAwzafgbJ.jpg,DSP05201803250022,not_food,0.9555
receipt_image_449_jpg.rf.gLDizdnvXOHxAwzafgbJ.jpg,25/03/18,not_food,0.9404
receipt_image_449_jpg.rf.gLDizdnvXOHxAwzafgbJ.jpg,13:43:11,not_food,0.9585
receipt_image_449_jpg.rf.gLDizdnvXOHxAwzafgbJ.jpg,1800001501,not_food,0.9534
receipt_image_449_jpg.rf.gLDizdnvXOHxAwzafgbJ.jpg,1.59*8,not_food,0.9528
receipt_image_449_jpg.rf.gLDizdnvXOHxAwzafgbJ.jpg,12.72 Z,not_food,0.9576
receipt_image_449_jpg.rf.gLDizdnvXOHxAwzafgbJ.jpg,200033100148002149,not_food,0.953
receipt_image_449_jpg.rf.gLDizdnvXOHxAwzafgbJ.jpg,6.92-0.214,not_food,0.9568
receipt_image_449_jpg.rf.gLDizdnvXOHxAwzafgbJ.jpg,1.48,not_food,0.9581
receipt_image_449_jpg.rf.gLDizdnvXOHxAwzafgbJ.jpg,200010800259005280,not_food,0.9584
receipt_image_449_jpg.rf.gLDizdnvXOHxAwzafgbJ.jpg,4.91*0.528,not_food,0.9568
receipt_image_449_jpg.rf.gLDizdnvXOHxAwzafgbJ.jpg,2.59 Z,not_food,0.9557
receipt_image_449_jpg.rf.gLDizdnvXOHxAwzafgbJ.jpg,1810064501,not_food,0.9496
receipt_image_449_jpg.rf.gLDizdnvXOHxAwzafgbJ.jpg,8.60-2,not_food,0.9572
receipt_image_449_jpg.rf.gLDizdnvXOHxAwzafgbJ.jpg,17.20Z,not_food,0.9551
receipt_image_449_jpg.rf.gLDizdnvXOHxAwzafgbJ.jpg,200017100108008367,not_food,0.9573
receipt_image_449_jpg.rf.gLDizdnvXOHxAwzafgbJ.jpg,1.29*0.837,not_food,0.9565
receipt_image_449_jpg.rf.gLDizdnvXOHxAwzafgbJ.jpg,1.08 2,not_food,0.9573
receipt_image_449_jpg.rf.gLDizdnvXOHxAwzafgbJ.jpg,1810078202,not_food,0.9472
receipt_image_449_jpg.rf.gLDizdnvXOHxAwzafgbJ.jpg,7.50*1,not_food,0.9534
receipt_image_449_jpg.rf.gLDizdnvXOHxAwzafgbJ.jpg,7.50,not_food,0.9583
receipt_image_449_jpg.rf.gLDizdnvXOHxAwzafgbJ.jpg,1810061602,not_food,0.9412
receipt_image_449_jpg.rf.gLDizdnvXOHxAwzafgbJ.jpg,5.90*4,not_food,0.9562
receipt_image_449_jpg.rf.gLDizdnvXOHxAwzafgbJ.jpg,23.60,not_food,0.9589
receipt_image_449_jpg.rf.gLDizdnvXOHxAwzafgbJ.jpg,Item 7,not_food,0.958
receipt_image_449_jpg.rf.gLDizdnvXOHxAwzafgbJ.jpg,Total with GST @ 6%,not_food,0.9112
receipt_image_449_jpg.rf.gLDizdnvXOHxAwzafgbJ.jpg,66.17,not_food,0.9586
receipt_image_449_jpg.rf.gLDizdnvXOHxAwzafgbJ.jpg,Qty,not_food,0.8711
receipt_image_449_jpg.rf.gLDizdnvXOHxAwzafgbJ.jpg,18,not_food,0.9517
receipt_image_449_jpg.rf.gLDizdnvXOHxAwzafgbJ.jpg,Rounding,not_food,0.8508
receipt_image_449_jpg.rf.gLDizdnvXOHxAwzafgbJ.jpg,-0.02,not_food,0.9571
receipt_image_449_jpg.rf.gLDizdnvXOHxAwzafgbJ.jpg,Total Saving,not_food,0.942
receipt_image_449_jpg.rf.gLDizdnvXOHxAwzafgbJ.jpg,0.00,not_food,0.958
receipt_image_449_jpg.rf.gLDizdnvXOHxAwzafgbJ.jpg,Total,not_food,0.9458
receipt_image_449_jpg.rf.gLDizdnvXOHxAwzafgbJ.jpg,66.15,not_food,0.9587
receipt_image_449_jpg.rf.gLDizdnvXOHxAwzafgbJ.jpg,Tener,not_food,0.8964
receipt_image_449_jpg.rf.gLDizdnvXOHxAwzafgbJ.jpg,67.00,not_food,0.9583
receipt_image_449_jpg.rf.gLDizdnvXOHxAwzafgbJ.jpg,Change,not_food,0.9144
receipt_image_449_jpg.rf.gLDizdnvXOHxAwzafgbJ.jpg,0.85,not_food,0.9576
receipt_image_449_jpg.rf.gLDizdnvXOHxAwzafgbJ.jpg,GST Analysis,not_food,0.9506
receipt_image_449_jpg.rf.gLDizdnvXOHxAwzafgbJ.jpg,Tax Amount,not_food,0.8705
receipt_image_449_jpg.rf.gLDizdnvXOHxAwzafgbJ.jpg,S=6%,not_food,0.8998
receipt_image_449_jpg.rf.gLDizdnvXOHxAwzafgbJ.jpg,0.00,not_food,0.958
receipt_image_449_jpg.rf.gLDizdnvXOHxAwzafgbJ.jpg,0.00,not_food,0.958
receipt_image_449_jpg.rf.gLDizdnvXOHxAwzafgbJ.jpg,Z = 0%,not_food,0.9339
receipt_image_449_jpg.rf.gLDizdnvXOHxAwzafgbJ.jpg,66.17,not_food,0.9586
receipt_image_449_jpg.rf.gLDizdnvXOHxAwzafgbJ.jpg,0.00,not_food,0.958
receipt_image_449_jpg.rf.gLDizdnvXOHxAwzafgbJ.jpg,Consider PTS: 66,not_food,0.9145
receipt_image_157_jpg.rf.PSfVtpiFWaaxkK9aY0f1.jpg,305 W. John St,not_food,0.9142
receipt_image_157_jpg.rf.PSfVtpiFWaaxkK9aY0f1.jpg,(704) B-1417,not_food,0.9577
receipt_image_157_jpg.rf.PSfVtpiFWaaxkK9aY0f1.jpg,Server: GEO,not_food,0.9352
receipt_image_157_jpg.rf.PSfVtpiFWaaxkK9aY0f1.jpg,Station: 10,not_food,0.8811
receipt_image_157_jpg.rf.PSfVtpiFWaaxkK9aY0f1.jpg,Order,not_food,0.928
receipt_image_157_jpg.rf.PSfVtpiFWaaxkK9aY0f1.jpg,403593,not_food,0.9584
receipt_image_157_jpg.rf.PSfVtpiFWaaxkK9aY0f1.jpg,Tabler g9,not_food,0.9494
receipt_image_157_jpg.rf.PSfVtpiFWaaxkK9aY0f1.jpg,sts: 1,not_food,0.9526
receipt_image_157_jpg.rf.PSfVtpiFWaaxkK9aY0f1.jpg,3.99,not_food,0.9581
receipt_image_157_jpg.rf.PSfVtpiFWaaxkK9aY0f1.jpg,2.15,not_food,0.9577
receipt_image_157_jpg.rf.PSfVtpiFWaaxkK9aY0f1.jpg,7.75,not_food,0.9582
receipt_image_157_jpg.rf.PSfVtpiFWaaxkK9aY0f1.jpg,1.25,not_food,0.9581
receipt_image_157_jpg.rf.PSfVtpiFWaaxkK9aY0f1.jpg,1.25,not_food,0.9581
receipt_image_157_jpg.rf.PSfVtpiFWaaxkK9aY0f1.jpg,SUB TOTAL:,not_food,0.9163
receipt_image_157_jpg.rf.PSfVtpiFWaaxkK9aY0f1.jpg,16.39,not_food,0.9587
receipt_image_157_jpg.rf.PSfVtpiFWaaxkK9aY0f1.jpg,lax 1,not_food,0.8272
receipt_image_157_jpg.rf.PSfVtpiFWaaxkK9aY0f1.jpg,1.36,not_food,0.9584
receipt_image_157_jpg.rf.PSfVtpiFWaaxkK9aY0f1.jpg,TOTAL:,not_food,0.9475
receipt_image_157_jpg.rf.PSfVtpiFWaaxkK9aY0f1.jpg,$17.75,not_food,0.957
receipt_image_157_jpg.rf.PSfVtpiFWaaxkK9aY0f1.jpg,» Ticket 8: 7 «<,not_food,0.8529
receipt_image_157_jpg.rf.PSfVtpiFWaaxkK9aY0f1.jpg,12/2/2017 11:48:28/AN,not_food,0.95
receipt_image_157_jpg.rf.PSfVtpiFWaaxkK9aY0f1.jpg,THANK YOU!,not_food,0.8529
1159-receipt_jpg.rf.Lh5P8oLTGBiXxk63RCyo.jpg,(425) 486-4472,not_food,0.9554
1159-receipt_jpg.rf.Lh5P8oLTGBiXxk63RCyo.jpg,6733 NE 181TH ST,not_food,0.9559
1159-receipt_jpg.rf.Lh5P8oLTGBiXxk63RCyo.jpg,04/24/2018,not_food,0.9343
1159-receipt_jpg.rf.Lh5P8oLTGBiXxk63RCyo.jpg,7:08 PM,not_food,0.9525
1159-receipt_jpg.rf.Lh5P8oLTGBiXxk63RCyo.jpg,30126,not_food,0.956
1159-receipt_jpg.rf.Lh5P8oLTGBiXxk63RCyo.jpg,Order Type: Drive Thru,not_food,0.9523
1159-receipt_jpg.rf.Lh5P8oLTGBiXxk63RCyo.jpg,5.99,not_food,0.9583
1159-receipt_jpg.rf.Lh5P8oLTGBiXxk63RCyo.jpg,5.99,not_food,0.9583
1159-receipt_jpg.rf.Lh5P8oLTGBiXxk63RCyo.jpg,Tax,not_food,0.9035
1159-receipt_jpg.rf.Lh5P8oLTGBiXxk63RCyo.jpg,0.60,not_food,0.9586
1159-receipt_jpg.rf.Lh5P8oLTGBiXxk63RCyo.jpg,Drive Thru Tota1 6.59,not_food,0.9173
1159-receipt_jpg.rf.Lh5P8oLTGBiXxk63RCyo.jpg,$10.00,not_food,0.958
1159-receipt_jpg.rf.Lh5P8oLTGBiXxk63RCyo.jpg,Change,not_food,0.9144
1159-receipt_jpg.rf.Lh5P8oLTGBiXxk63RCyo.jpg,$3.41,not_food,0.9585
1159-receipt_jpg.rf.Lh5P8oLTGBiXxk63RCyo.jpg,Thank you.,not_food,0.9048
1141-receipt_jpg.rf.tUMQCb0VF3cgvbpDLlCc.jpg,110578007 Kak1n,not_food,0.9469
1141-receipt_jpg.rf.tUMQCb0VF3cgvbpDLlCc.jpg,TBL 84/1,not_food,0.9039
1141-receipt_jpg.rf.tUMQCb0VF3cgvbpDLlCc.jpg,GST 3,not_food,0.9482
1141-receipt_jpg.rf.tUMQCb0VF3cgvbpDLlCc.jpg,84,not_food,0.9569
1141-receipt_jpg.rf.tUMQCb0VF3cgvbpDLlCc.jpg,8.00,not_food,0.9576
1141-receipt_jpg.rf.tUMQCb0VF3cgvbpDLlCc.jpg,10.80,not_food,0.9582
1141-receipt_jpg.rf.tUMQCb0VF3cgvbpDLlCc.jpg,11.80,not_food,0.9586
1141-receipt_jpg.rf.tUMQCb0VF3cgvbpDLlCc.jpg,8.80,not_food,0.9586
1141-receipt_jpg.rf.tUMQCb0VF3cgvbpDLlCc.jpg,5.80,not_food,0.9584
1141-receipt_jpg.rf.tUMQCb0VF3cgvbpDLlCc.jpg,6.80,not_food,0.958
1141-receipt_jpg.rf.tUMQCb0VF3cgvbpDLlCc.jpg,22.00,not_food,0.958
1141-receipt_jpg.rf.tUMQCb0VF3cgvbpDLlCc.jpg,$84.80,not_food,0.9578
1141-receipt_jpg.rf.tUMQCb0VF3cgvbpDLlCc.jpg,Tax,not_food,0.9035
1141-receipt_jpg.rf.tUMQCb0VF3cgvbpDLlCc.jpg,$3.82,not_food,0.9582
1141-receipt_jpg.rf.tUMQCb0VF3cgvbpDLlCc.jpg,Total,not_food,0.9458
1141-receipt_jpg.rf.tUMQCb0VF3cgvbpDLlCc.jpg,Due,not_food,0.9022
1141-receipt_jpg.rf.tUMQCb0VF3cgvbpDLlCc.jpg,$88.62,not_food,0.9581
1141-receipt_jpg.rf.tUMQCb0VF3cgvbpDLlCc.jpg,2330 Kalakaua Ave Ste 326,not_food,0.9155
1141-receipt_jpg.rf.tUMQCb0VF3cgvbpDLlCc.jpg,Phone: 808-739-9318,not_food,0.9528
receipt_image_536_jpg.rf.zOevHSYHnJ5FhbC8mux3.jpg,GST NO.: 000446271488,not_food,0.9568
receipt_image_536_jpg.rf.zOevHSYHnJ5FhbC8mux3.jpg,"LOT F355/356/357,FIRST FL00R,",not_food,0.9421
receipt_image_536_jpg.rf.zOevHSYHnJ5FhbC8mux3.jpg,47800 PETALING JAYA,not_food,0.9517
receipt_image_536_jpg.rf.zOevHSYHnJ5FhbC8mux3.jpg,19/02/2018 17:43,not_food,0.9489
receipt_image_536_jpg.rf.zOevHSYHnJ5FhbC8mux3.jpg,T001,not_food,0.9478
receipt_image_536_jpg.rf.zOevHSYHnJ5FhbC8mux3.jpg,A063975,not_food,0.9518
receipt_image_536_jpg.rf.zOevHSYHnJ5FhbC8mux3.jpg,Svr: BISWASH(ip,not_food,0.9504
receipt_image_536_jpg.rf.zOevHSYHnJ5FhbC8mux3.jpg,Table: A9,not_food,0.9478
receipt_image_536_jpg.rf.zOevHSYHnJ5FhbC8mux3.jpg,Pax:,not_food,0.9376
receipt_image_536_jpg.rf.zOevHSYHnJ5FhbC8mux3.jpg,BILL: 063975,not_food,0.952
receipt_image_536_jpg.rf.zOevHSYHnJ5FhbC8mux3.jpg,RM,not_food,0.9394
receipt_image_536_jpg.rf.zOevHSYHnJ5FhbC8mux3.jpg,3.00,not_food,0.9574
receipt_image_536_jpg.rf.zOevHSYHnJ5FhbC8mux3.jpg,3.00 T,not_food,0.9553
receipt_image_536_jpg.rf.zOevHSYHnJ5FhbC8mux3.jpg,3.00,not_food,0.9574
receipt_image_536_jpg.rf.zOevHSYHnJ5FhbC8mux3.jpg,3.00,not_food,0.9574
receipt_image_536_jpg.rf.zOevHSYHnJ5FhbC8mux3.jpg,49.90,not_food,0.9588
receipt_image_536_jpg.rf.zOevHSYHnJ5FhbC8mux3.jpg,149.70,not_food,0.9586
receipt_image_536_jpg.rf.zOevHSYHnJ5FhbC8mux3.jpg,155.70,not_food,0.9582
receipt_image_536_jpg.rf.zOevHSYHnJ5FhbC8mux3.jpg,15.57,not_food,0.959
receipt_image_536_jpg.rf.zOevHSYHnJ5FhbC8mux3.jpg,6% GST,not_food,0.8554
receipt_image_536_jpg.rf.zOevHSYHnJ5FhbC8mux3.jpg,10.28,not_food,0.9574
receipt_image_536_jpg.rf.zOevHSYHnJ5FhbC8mux3.jpg,TOTAL,not_food,0.9458
receipt_image_536_jpg.rf.zOevHSYHnJ5FhbC8mux3.jpg,181.55,not_food,0.9583
receipt_image_536_jpg.rf.zOevHSYHnJ5FhbC8mux3.jpg,201.55,not_food,0.9589
receipt_image_536_jpg.rf.zOevHSYHnJ5FhbC8mux3.jpg,CHANGE,not_food,0.9144
receipt_image_536_jpg.rf.zOevHSYHnJ5FhbC8mux3.jpg,20.00,not_food,0.9574
receipt_image_536_jpg.rf.zOevHSYHnJ5FhbC8mux3.jpg,GST Summary,not_food,0.9459
receipt_image_536_jpg.rf.zOevHSYHnJ5FhbC8mux3.jpg,Amount,not_food,0.8481
receipt_image_536_jpg.rf.zOevHSYHnJ5FhbC8mux3.jpg,Tax,not_food,0.9035
receipt_image_536_jpg.rf.zOevHSYHnJ5FhbC8mux3.jpg,T:6% GST,not_food,0.9193
receipt_image_536_jpg.rf.zOevHSYHnJ5FhbC8mux3.jpg,171.27,not_food,0.9593
receipt_image_536_jpg.rf.zOevHSYHnJ5FhbC8mux3.jpg,10.28,not_food,0.9574
receipt_image_536_jpg.rf.zOevHSYHnJ5FhbC8mux3.jpg,0.00,not_food,0.958
receipt_image_536_jpg.rf.zOevHSYHnJ5FhbC8mux3.jpg,0.00,not_food,0.958
receipt_image_536_jpg.rf.zOevHSYHnJ5FhbC8mux3.jpg,Bi11 C1ose: 19:08:04,not_food,0.9573
receipt_image_495_jpg.rf.gLxKPlaXbQtWa2jW75ao.jpg,31803014,not_food,0.9572
receipt_image_495_jpg.rf.gLxKPlaXbQtWa2jW75ao.jpg,AL,not_food,0.9207
receipt_image_495_jpg.rf.gLxKPlaXbQtWa2jW75ao.jpg,ZAWIAJAYA FOOD N BEVERAGE SDN BHD,not_food,0.8454
receipt_image_495_jpg.rf.gLxKPlaXbQtWa2jW75ao.jpg,(1168272-U),not_food,0.9486
receipt_image_495_jpg.rf.gLxKPlaXbQtWa2jW75ao.jpg,10G-1O7. LEVEL 1 THE MINES MALL SERDANG,not_food,0.956
receipt_image_495_jpg.rf.gLxKPlaXbQtWa2jW75ao.jpg,(GST Reg. No : 001685499904),not_food,0.9497
receipt_image_495_jpg.rf.gLxKPlaXbQtWa2jW75ao.jpg,Tax,not_food,0.9035
receipt_image_495_jpg.rf.gLxKPlaXbQtWa2jW75ao.jpg,Table 23,not_food,0.95
receipt_image_495_jpg.rf.gLxKPlaXbQtWa2jW75ao.jpg,Order#: 116455,not_food,0.9453
receipt_image_495_jpg.rf.gLxKPlaXbQtWa2jW75ao.jpg,B111#: V001-515592,not_food,0.9527
receipt_image_495_jpg.rf.gLxKPlaXbQtWa2jW75ao.jpg,:21-03-2018 13:29:51,not_food,0.9581
receipt_image_495_jpg.rf.gLxKPlaXbQtWa2jW75ao.jpg,Pax(s): 2,not_food,0.9307
receipt_image_495_jpg.rf.gLxKPlaXbQtWa2jW75ao.jpg,Date,not_food,0.8746
receipt_image_495_jpg.rf.gLxKPlaXbQtWa2jW75ao.jpg,EMS Ref:,not_food,0.9201
receipt_image_495_jpg.rf.gLxKPlaXbQtWa2jW75ao.jpg,180321142900_515592_b1c5691918+365,not_food,0.9573
receipt_image_495_jpg.rf.gLxKPlaXbQtWa2jW75ao.jpg,Description,not_food,0.9548
receipt_image_495_jpg.rf.gLxKPlaXbQtWa2jW75ao.jpg,Qty,not_food,0.8711
receipt_image_495_jpg.rf.gLxKPlaXbQtWa2jW75ao.jpg,Total,not_food,0.9458
receipt_image_495_jpg.rf.gLxKPlaXbQtWa2jW75ao.jpg,TAX,not_food,0.9035
receipt_image_495_jpg.rf.gLxKPlaXbQtWa2jW75ao.jpg,1 ×,not_food,0.9535
receipt_image_495_jpg.rf.gLxKPlaXbQtWa2jW75ao.jpg,22.50,not_food,0.9587
receipt_image_495_jpg.rf.gLxKPlaXbQtWa2jW75ao.jpg,22.50,not_food,0.9587
receipt_image_495_jpg.rf.gLxKPlaXbQtWa2jW75ao.jpg,SR,not_food,0.921
receipt_image_495_jpg.rf.gLxKPlaXbQtWa2jW75ao.jpg,1 ×,not_food,0.9535
receipt_image_495_jpg.rf.gLxKPlaXbQtWa2jW75ao.jpg,5.90,not_food,0.9584
receipt_image_495_jpg.rf.gLxKPlaXbQtWa2jW75ao.jpg,5.90,not_food,0.9584
receipt_image_495_jpg.rf.gLxKPlaXbQtWa2jW75ao.jpg,SR,not_food,0.921
receipt_image_495_jpg.rf.gLxKPlaXbQtWa2jW75ao.jpg,1 ×,not_food,0.9535
receipt_image_495_jpg.rf.gLxKPlaXbQtWa2jW75ao.jpg,12.90,not_food,0.9584
receipt_image_495_jpg.rf.gLxKPlaXbQtWa2jW75ao.jpg,12.90,not_food,0.9584
receipt_image_495_jpg.rf.gLxKPlaXbQtWa2jW75ao.jpg,SR,not_food,0.921
receipt_image_495_jpg.rf.gLxKPlaXbQtWa2jW75ao.jpg,Total (Excluding GST):,not_food,0.9406
receipt_image_495_jpg.rf.gLxKPlaXbQtWa2jW75ao.jpg,41.30,not_food,0.9594
receipt_image_495_jpg.rf.gLxKPlaXbQtWa2jW75ao.jpg,Serv. Charge (10%):,not_food,0.8197
receipt_image_495_jpg.rf.gLxKPlaXbQtWa2jW75ao.jpg,4.13,not_food,0.9583
receipt_image_495_jpg.rf.gLxKPlaXbQtWa2jW75ao.jpg,Total (Inclusive of GST):,not_food,0.9333
receipt_image_495_jpg.rf.gLxKPlaXbQtWa2jW75ao.jpg,2.73,not_food,0.9581
receipt_image_495_jpg.rf.gLxKPlaXbQtWa2jW75ao.jpg,-0.01,not_food,0.9573
receipt_image_495_jpg.rf.gLxKPlaXbQtWa2jW75ao.jpg,48.16,not_food,0.9586
receipt_image_495_jpg.rf.gLxKPlaXbQtWa2jW75ao.jpg,Rounding Adj:,not_food,0.8477
receipt_image_495_jpg.rf.gLxKPlaXbQtWa2jW75ao.jpg,TOTAL :,not_food,0.9475
receipt_image_495_jpg.rf.gLxKPlaXbQtWa2jW75ao.jpg,48.15,not_food,0.9589
receipt_image_495_jpg.rf.gLxKPlaXbQtWa2jW75ao.jpg,Closed: 011,not_food,0.9229
receipt_image_495_jpg.rf.gLxKPlaXbQtWa2jW75ao.jpg,21-03-2018,not_food,0.9492
receipt_image_495_jpg.rf.gLxKPlaXbQtWa2jW75ao.jpg,14:29:00,not_food,0.9567
receipt_image_495_jpg.rf.gLxKPlaXbQtWa2jW75ao.jpg,Server:,not_food,0.9395
receipt_image_495_jpg.rf.gLxKPlaXbQtWa2jW75ao.jpg,50.00,not_food,0.958
receipt_image_495_jpg.rf.gLxKPlaXbQtWa2jW75ao.jpg,CHANGE :,not_food,0.9356
receipt_image_495_jpg.rf.gLxKPlaXbQtWa2jW75ao.jpg,1.85,not_food,0.9573
receipt_image_495_jpg.rf.gLxKPlaXbQtWa2jW75ao.jpg,GST Summary,not_food,0.9459
receipt_image_495_jpg.rf.gLxKPlaXbQtWa2jW75ao.jpg,Tax(RM),not_food,0.8685
receipt_image_495_jpg.rf.gLxKPlaXbQtWa2jW75ao.jpg,SR,not_food,0.921
receipt_image_495_jpg.rf.gLxKPlaXbQtWa2jW75ao.jpg,(@ 6%),not_food,0.8623
receipt_image_495_jpg.rf.gLxKPlaXbQtWa2jW75ao.jpg,45.43,not_food,0.9584
receipt_image_495_jpg.rf.gLxKPlaXbQtWa2jW75ao.jpg,2.73,not_food,0.9581
receipt_image_441_jpg.rf.U6rlgjXzCRlBHhaaimiX.jpg,3-1707067,not_food,0.9352
receipt_image_441_jpg.rf.U6rlgjXzCRlBHhaaimiX.jpg,(481500-M),not_food,0.9571
receipt_image_441_jpg.rf.U6rlgjXzCRlBHhaaimiX.jpg,Tel:03-89410243,not_food,0.9578
receipt_image_441_jpg.rf.U6rlgjXzCRlBHhaaimiX.jpg,Fax:03-89410243,not_food,0.9591
receipt_image_441_jpg.rf.U6rlgjXzCRlBHhaaimiX.jpg,GST Reg No. : 000549584896,not_food,0.9561
receipt_image_441_jpg.rf.U6rlgjXzCRlBHhaaimiX.jpg,: CR 1803/0064,not_food,0.9145
receipt_image_441_jpg.rf.U6rlgjXzCRlBHhaaimiX.jpg,Date,not_food,0.8746
receipt_image_441_jpg.rf.U6rlgjXzCRlBHhaaimiX.jpg,: 01-03-18 5:23:26 PM,not_food,0.9572
receipt_image_441_jpg.rf.U6rlgjXzCRlBHhaaimiX.jpg,Counter No.,not_food,0.8312
receipt_image_441_jpg.rf.U6rlgjXzCRlBHhaaimiX.jpg,: c1,not_food,0.948
receipt_image_441_jpg.rf.U6rlgjXzCRlBHhaaimiX.jpg,: 01-03-18 5:23:30 PM,not_food,0.9575
receipt_image_441_jpg.rf.U6rlgjXzCRlBHhaaimiX.jpg,Item Name,not_food,0.9491
receipt_image_441_jpg.rf.U6rlgjXzCRlBHhaaimiX.jpg,Qty,not_food,0.8711
receipt_image_441_jpg.rf.U6rlgjXzCRlBHhaaimiX.jpg,Unit Price,not_food,0.9256
receipt_image_441_jpg.rf.U6rlgjXzCRlBHhaaimiX.jpg,Amount,not_food,0.8481
receipt_image_441_jpg.rf.U6rlgjXzCRlBHhaaimiX.jpg,AIR ADAPTOR @ 1,not_food,0.9571
receipt_image_441_jpg.rf.U6rlgjXzCRlBHhaaimiX.jpg,4.00,not_food,0.958
receipt_image_441_jpg.rf.U6rlgjXzCRlBHhaaimiX.jpg,20.00,not_food,0.9574
receipt_image_441_jpg.rf.U6rlgjXzCRlBHhaaimiX.jpg,SR,not_food,0.921
receipt_image_441_jpg.rf.U6rlgjXzCRlBHhaaimiX.jpg,5 Item(s),not_food,0.9394
receipt_image_441_jpg.rf.U6rlgjXzCRlBHhaaimiX.jpg,Total (MYR) :,not_food,0.8866
receipt_image_441_jpg.rf.U6rlgjXzCRlBHhaaimiX.jpg,20.00,not_food,0.9574
receipt_image_441_jpg.rf.U6rlgjXzCRlBHhaaimiX.jpg,G5SST6%:,not_food,0.8569
receipt_image_441_jpg.rf.U6rlgjXzCRlBHhaaimiX.jpg,1.20,not_food,0.9575
receipt_image_441_jpg.rf.U6rlgjXzCRlBHhaaimiX.jpg,Net Total (MYR) :,not_food,0.8119
receipt_image_441_jpg.rf.U6rlgjXzCRlBHhaaimiX.jpg,21.20,not_food,0.9584
receipt_image_441_jpg.rf.U6rlgjXzCRlBHhaaimiX.jpg,Rounding Adj. :,not_food,0.8959
receipt_image_441_jpg.rf.U6rlgjXzCRlBHhaaimiX.jpg,0.00,not_food,0.958
receipt_image_441_jpg.rf.U6rlgjXzCRlBHhaaimiX.jpg,21.20,not_food,0.9584
receipt_image_441_jpg.rf.U6rlgjXzCRlBHhaaimiX.jpg,21.20,not_food,0.9584
receipt_image_441_jpg.rf.U6rlgjXzCRlBHhaaimiX.jpg,Change,not_food,0.9144
receipt_image_441_jpg.rf.U6rlgjXzCRlBHhaaimiX.jpg,0.00,not_food,0.958
receipt_image_441_jpg.rf.U6rlgjXzCRlBHhaaimiX.jpg,GST Summary,not_food,0.9459
receipt_image_441_jpg.rf.U6rlgjXzCRlBHhaaimiX.jpg,Item Amount (MYR),not_food,0.9117
receipt_image_441_jpg.rf.U6rlgjXzCRlBHhaaimiX.jpg,20.00,not_food,0.9574
receipt_image_441_jpg.rf.U6rlgjXzCRlBHhaaimiX.jpg,1.20,not_food,0.9575
receipt_image_545_jpg.rf.3VP0VUKS9Ib8p4l9hGCv.jpg,BRN GST No. 000417619968 President: Kang,not_food,0.9415
receipt_image_545_jpg.rf.3VP0VUKS9Ib8p4l9hGCv.jpg,"No.J-G-02, Soho KI, Solaris Mont Kiera, 50",not_food,0.937
receipt_image_545_jpg.rf.3VP0VUKS9Ib8p4l9hGCv.jpg,480 KL,not_food,0.8912
receipt_image_545_jpg.rf.3VP0VUKS9Ib8p4l9hGCv.jpg,GSTNO.,not_food,0.9272
receipt_image_545_jpg.rf.3VP0VUKS9Ib8p4l9hGCv.jpg,TEL)03 6206 5567,not_food,0.9518
receipt_image_545_jpg.rf.3VP0VUKS9Ib8p4l9hGCv.jpg,[Sa1es]2018-01-0522:55:25,not_food,0.9456
receipt_image_545_jpg.rf.3VP0VUKS9Ib8p4l9hGCv.jpg,Description,not_food,0.9548
receipt_image_545_jpg.rf.3VP0VUKS9Ib8p4l9hGCv.jpg,qty,not_food,0.8711
receipt_image_545_jpg.rf.3VP0VUKS9Ib8p4l9hGCv.jpg,71.00(s),not_food,0.9477
receipt_image_545_jpg.rf.3VP0VUKS9Ib8p4l9hGCv.jpg,1 Item (Inclusive of GST),not_food,0.9469
receipt_image_545_jpg.rf.3VP0VUKS9Ib8p4l9hGCv.jpg,71.00,not_food,0.9584
receipt_image_545_jpg.rf.3VP0VUKS9Ib8p4l9hGCv.jpg,Round Amt,not_food,0.8592
receipt_image_545_jpg.rf.3VP0VUKS9Ib8p4l9hGCv.jpg,0.00,not_food,0.958
receipt_image_545_jpg.rf.3VP0VUKS9Ib8p4l9hGCv.jpg,TOTAL,not_food,0.9458
receipt_image_545_jpg.rf.3VP0VUKS9Ib8p4l9hGCv.jpg,71.00,not_food,0.9584
receipt_image_545_jpg.rf.3VP0VUKS9Ib8p4l9hGCv.jpg,71.00,not_food,0.9584
receipt_image_545_jpg.rf.3VP0VUKS9Ib8p4l9hGCv.jpg,101.00,not_food,0.9581
receipt_image_545_jpg.rf.3VP0VUKS9Ib8p4l9hGCv.jpg,Change,not_food,0.9144
receipt_image_545_jpg.rf.3VP0VUKS9Ib8p4l9hGCv.jpg,30.00,not_food,0.9581
receipt_image_545_jpg.rf.3VP0VUKS9Ib8p4l9hGCv.jpg,GST @6%,not_food,0.9196
receipt_image_545_jpg.rf.3VP0VUKS9Ib8p4l9hGCv.jpg,4.02,not_food,0.9586
receipt_image_545_jpg.rf.3VP0VUKS9Ib8p4l9hGCv.jpg,GSTSummary,not_food,0.8346
receipt_image_545_jpg.rf.3VP0VUKS9Ib8p4l9hGCv.jpg,GST(RM),not_food,0.9302
receipt_image_545_jpg.rf.3VP0VUKS9Ib8p4l9hGCv.jpg,S=GST @ 6%:,not_food,0.9451
receipt_image_545_jpg.rf.3VP0VUKS9Ib8p4l9hGCv.jpg,66.98,not_food,0.9585
receipt_image_545_jpg.rf.3VP0VUKS9Ib8p4l9hGCv.jpg,4.02,not_food,0.9586
receipt_image_545_jpg.rf.3VP0VUKS9Ib8p4l9hGCv.jpg,Z=GST @ 0%:,not_food,0.9502
receipt_image_545_jpg.rf.3VP0VUKS9Ib8p4l9hGCv.jpg,c.co,not_food,0.935
receipt_image_545_jpg.rf.3VP0VUKS9Ib8p4l9hGCv.jpg,0.00,not_food,0.958
receipt_image_545_jpg.rf.3VP0VUKS9Ib8p4l9hGCv.jpg,ReceiptNo:18010500047,not_food,0.9418
receipt_image_545_jpg.rf.3VP0VUKS9Ib8p4l9hGCv.jpg,Table No: [Hall]-9,not_food,0.8976
1105-receipt_jpg.rf.0CXea8qkOXaePIYWIGZb.jpg,THE,not_food,0.9146
1105-receipt_jpg.rf.0CXea8qkOXaePIYWIGZb.jpg,PLACE,not_food,0.883
1105-receipt_jpg.rf.0CXea8qkOXaePIYWIGZb.jpg,thant,not_food,0.9232
1105-receipt_jpg.rf.0CXea8qkOXaePIYWIGZb.jpg,ll,not_food,0.9387
1105-receipt_jpg.rf.0CXea8qkOXaePIYWIGZb.jpg,615 Franklin Ave,not_food,0.8107
1105-receipt_jpg.rf.0CXea8qkOXaePIYWIGZb.jpg,8609047891,not_food,0.9573
1105-receipt_jpg.rf.0CXea8qkOXaePIYWIGZb.jpg,https://www.Place2BeCT.com,not_food,0.9466
1105-receipt_jpg.rf.0CXea8qkOXaePIYWIGZb.jpg,ORDER: Table 17,not_food,0.9503
1105-receipt_jpg.rf.0CXea8qkOXaePIYWIGZb.jpg,17-Feb-2018 9:41:47A,not_food,0.9578
1105-receipt_jpg.rf.0CXea8qkOXaePIYWIGZb.jpg,Guest 1,not_food,0.8968
1105-receipt_jpg.rf.0CXea8qkOXaePIYWIGZb.jpg,$1.75,not_food,0.9561
1105-receipt_jpg.rf.0CXea8qkOXaePIYWIGZb.jpg,$8.00,not_food,0.958
1105-receipt_jpg.rf.0CXea8qkOXaePIYWIGZb.jpg,Guest 2,not_food,0.9072
1105-receipt_jpg.rf.0CXea8qkOXaePIYWIGZb.jpg,$1.75,not_food,0.9561
1105-receipt_jpg.rf.0CXea8qkOXaePIYWIGZb.jpg,$10.00,not_food,0.958
1105-receipt_jpg.rf.0CXea8qkOXaePIYWIGZb.jpg,$21.50,not_food,0.9584
1105-receipt_jpg.rf.0CXea8qkOXaePIYWIGZb.jpg,Tax,not_food,0.9035
1105-receipt_jpg.rf.0CXea8qkOXaePIYWIGZb.jpg,$1.37,not_food,0.9583
1105-receipt_jpg.rf.0CXea8qkOXaePIYWIGZb.jpg,Total,not_food,0.9458
1105-receipt_jpg.rf.0CXea8qkOXaePIYWIGZb.jpg,$22.87,not_food,0.9587
1155-receipt_jpg.rf.T3AhZ0riVrtJxvYC01Ka.jpg,VAT: 6573338P,not_food,0.9324
1155-receipt_jpg.rf.T3AhZ0riVrtJxvYC01Ka.jpg,Tel:01 6771155,not_food,0.9534
1155-receipt_jpg.rf.T3AhZ0riVrtJxvYC01Ka.jpg,40005 Charl1e,not_food,0.9235
1155-receipt_jpg.rf.T3AhZ0riVrtJxvYC01Ka.jpg,Tb115/1,not_food,0.8395
1155-receipt_jpg.rf.T3AhZ0riVrtJxvYC01Ka.jpg,Gst2,not_food,0.9383
1155-receipt_jpg.rf.T3AhZ0riVrtJxvYC01Ka.jpg,Station 1,not_food,0.832
1155-receipt_jpg.rf.T3AhZ0riVrtJxvYC01Ka.jpg,16Feb19 21:31,not_food,0.9554
1155-receipt_jpg.rf.T3AhZ0riVrtJxvYC01Ka.jpg,35.95,not_food,0.9588
1155-receipt_jpg.rf.T3AhZ0riVrtJxvYC01Ka.jpg,35.95,not_food,0.9588
1155-receipt_jpg.rf.T3AhZ0riVrtJxvYC01Ka.jpg,4.95,not_food,0.9588
1155-receipt_jpg.rf.T3AhZ0riVrtJxvYC01Ka.jpg,4.95,not_food,0.9588
1155-receipt_jpg.rf.T3AhZ0riVrtJxvYC01Ka.jpg,8.95,not_food,0.9588
1155-receipt_jpg.rf.T3AhZ0riVrtJxvYC01Ka.jpg,39.00,not_food,0.9586
1155-receipt_jpg.rf.T3AhZ0riVrtJxvYC01Ka.jpg,22:57 Balance Due,not_food,0.9443
1155-receipt_jpg.rf.T3AhZ0riVrtJxvYC01Ka.jpg,129.75,not_food,0.9575
receipt_image_901_jpg.rf.BZgvuB6dgBXMP7gbtapa.jpg,"June 11, 2023",not_food,0.9569
receipt_image_901_jpg.rf.BZgvuB6dgBXMP7gbtapa.jpg,1:45 AM,not_food,0.9554
receipt_image_901_jpg.rf.BZgvuB6dgBXMP7gbtapa.jpg,33130,not_food,0.9594
receipt_image_901_jpg.rf.BZgvuB6dgBXMP7gbtapa.jpg,Receipt: DbFs,not_food,0.9346
receipt_image_901_jpg.rf.BZgvuB6dgBXMP7gbtapa.jpg,Authorization: 06122D,not_food,0.9326
receipt_image_901_jpg.rf.BZgvuB6dgBXMP7gbtapa.jpg,AID A0 00 00 00 03 10 10,not_food,0.9527
receipt_image_901_jpg.rf.BZgvuB6dgBXMP7gbtapa.jpg,$56.00,not_food,0.958
receipt_image_901_jpg.rf.BZgvuB6dgBXMP7gbtapa.jpg,$56.00,not_food,0.958
receipt_image_901_jpg.rf.BZgvuB6dgBXMP7gbtapa.jpg,$3.92,not_food,0.9583
receipt_image_901_jpg.rf.BZgvuB6dgBXMP7gbtapa.jpg,$10.79,not_food,0.9581
receipt_image_901_jpg.rf.BZgvuB6dgBXMP7gbtapa.jpg,Total,not_food,0.9458
receipt_image_901_jpg.rf.BZgvuB6dgBXMP7gbtapa.jpg,$70.71,not_food,0.9581
receipt_image_901_jpg.rf.BZgvuB6dgBXMP7gbtapa.jpg,$70.71,not_food,0.9581
receipt_image_689_jpg.rf.BnrApg1pcWsdUoGbJ3DS.jpg,244.Highuay 290.W.,not_food,0.893
receipt_image_689_jpg.rf.BnrApg1pcWsdUoGbJ3DS.jpg,E191n TX 78621,not_food,0.9497
receipt_image_689_jpg.rf.BnrApg1pcWsdUoGbJ3DS.jpg,512-285-3940 of 512-285-3950,not_food,0.9577
receipt_image_689_jpg.rf.BnrApg1pcWsdUoGbJ3DS.jpg,Check 94,not_food,0.9445
receipt_image_689_jpg.rf.BnrApg1pcWsdUoGbJ3DS.jpg,Table.6,not_food,0.9498
receipt_image_689_jpg.rf.BnrApg1pcWsdUoGbJ3DS.jpg,5/1972019,not_food,0.9464
receipt_image_689_jpg.rf.BnrApg1pcWsdUoGbJ3DS.jpg,11:38 AM,not_food,0.9546
receipt_image_689_jpg.rf.BnrApg1pcWsdUoGbJ3DS.jpg,0.00,not_food,0.958
receipt_image_689_jpg.rf.BnrApg1pcWsdUoGbJ3DS.jpg,8.99,not_food,0.9585
receipt_image_689_jpg.rf.BnrApg1pcWsdUoGbJ3DS.jpg,8.99,not_food,0.9585
receipt_image_689_jpg.rf.BnrApg1pcWsdUoGbJ3DS.jpg,0.74,not_food,0.9575
receipt_image_689_jpg.rf.BnrApg1pcWsdUoGbJ3DS.jpg,Sales Tax,not_food,0.8299
receipt_image_689_jpg.rf.BnrApg1pcWsdUoGbJ3DS.jpg,0.27,not_food,0.9582
receipt_image_689_jpg.rf.BnrApg1pcWsdUoGbJ3DS.jpg,Processing Fee,not_food,0.9482
receipt_image_689_jpg.rf.BnrApg1pcWsdUoGbJ3DS.jpg,TOTAL,not_food,0.9458
receipt_image_689_jpg.rf.BnrApg1pcWsdUoGbJ3DS.jpg,10.00,not_food,0.9572
receipt_image_689_jpg.rf.BnrApg1pcWsdUoGbJ3DS.jpg,10.00,not_food,0.9572
receipt_image_153_jpg.rf.nU4PDmq19s4wDlD2Q7ap.jpg,11961 Beach Blyd.,not_food,0.9117
receipt_image_153_jpg.rf.nU4PDmq19s4wDlD2Q7ap.jpg,(714)895-5114,not_food,0.9561
receipt_image_153_jpg.rf.nU4PDmq19s4wDlD2Q7ap.jpg,9/27/2017,not_food,0.9169
receipt_image_153_jpg.rf.nU4PDmq19s4wDlD2Q7ap.jpg,12:13:06 PH,not_food,0.9579
receipt_image_153_jpg.rf.nU4PDmq19s4wDlD2Q7ap.jpg,Order 375719,not_food,0.9522
receipt_image_153_jpg.rf.nU4PDmq19s4wDlD2Q7ap.jpg,1 Box a1,not_food,0.9471
receipt_image_153_jpg.rf.nU4PDmq19s4wDlD2Q7ap.jpg,0.00,not_food,0.958
receipt_image_153_jpg.rf.nU4PDmq19s4wDlD2Q7ap.jpg,1.00,not_food,0.9571
receipt_image_153_jpg.rf.nU4PDmq19s4wDlD2Q7ap.jpg,0.00,not_food,0.958
receipt_image_153_jpg.rf.nU4PDmq19s4wDlD2Q7ap.jpg,0.00,not_food,0.958
receipt_image_153_jpg.rf.nU4PDmq19s4wDlD2Q7ap.jpg,0000,not_food,0.9571
receipt_image_153_jpg.rf.nU4PDmq19s4wDlD2Q7ap.jpg,3.00,not_food,0.9574
receipt_image_153_jpg.rf.nU4PDmq19s4wDlD2Q7ap.jpg,3.00,not_food,0.9574
receipt_image_153_jpg.rf.nU4PDmq19s4wDlD2Q7ap.jpg,7.00,not_food,0.9581
receipt_image_153_jpg.rf.nU4PDmq19s4wDlD2Q7ap.jpg,Tax,not_food,0.9035
receipt_image_153_jpg.rf.nU4PDmq19s4wDlD2Q7ap.jpg,0.61,not_food,0.9583
receipt_image_153_jpg.rf.nU4PDmq19s4wDlD2Q7ap.jpg,Total,not_food,0.9458
receipt_image_153_jpg.rf.nU4PDmq19s4wDlD2Q7ap.jpg,7.61,not_food,0.959
receipt_image_153_jpg.rf.nU4PDmq19s4wDlD2Q7ap.jpg,8.00,not_food,0.9576
receipt_image_153_jpg.rf.nU4PDmq19s4wDlD2Q7ap.jpg,Change,not_food,0.9144
receipt_image_153_jpg.rf.nU4PDmq19s4wDlD2Q7ap.jpg,0.39,not_food,0.9581
receipt_image_153_jpg.rf.nU4PDmq19s4wDlD2Q7ap.jpg,Thank you for visiting!,not_food,0.8688
receipt_image_153_jpg.rf.nU4PDmq19s4wDlD2Q7ap.jpg,Ticket #45,not_food,0.8973
receipt_image_938_jpg.rf.OGAsv9VybH0NPMe0EoKh.jpg,512-285-3940 or 512-285-3950,not_food,0.9576
receipt_image_938_jpg.rf.OGAsv9VybH0NPMe0EoKh.jpg,h 9,not_food,0.9473
receipt_image_938_jpg.rf.OGAsv9VybH0NPMe0EoKh.jpg,Table 6,not_food,0.9481
receipt_image_938_jpg.rf.OGAsv9VybH0NPMe0EoKh.jpg,5/19/2019,not_food,0.826
receipt_image_938_jpg.rf.OGAsv9VybH0NPMe0EoKh.jpg,11:38 AM,not_food,0.9546
receipt_image_938_jpg.rf.OGAsv9VybH0NPMe0EoKh.jpg,0.00,not_food,0.958
receipt_image_938_jpg.rf.OGAsv9VybH0NPMe0EoKh.jpg,8.99,not_food,0.9585
receipt_image_938_jpg.rf.OGAsv9VybH0NPMe0EoKh.jpg,8.99,not_food,0.9585
receipt_image_938_jpg.rf.OGAsv9VybH0NPMe0EoKh.jpg,Sales Tax,not_food,0.8299
receipt_image_938_jpg.rf.OGAsv9VybH0NPMe0EoKh.jpg,0.74,not_food,0.9575
receipt_image_938_jpg.rf.OGAsv9VybH0NPMe0EoKh.jpg,Processing Fee,not_food,0.9482
receipt_image_938_jpg.rf.OGAsv9VybH0NPMe0EoKh.jpg,0.27,not_food,0.9582
receipt_image_938_jpg.rf.OGAsv9VybH0NPMe0EoKh.jpg,TOTAL,not_food,0.9458
receipt_image_938_jpg.rf.OGAsv9VybH0NPMe0EoKh.jpg,10.00,not_food,0.9572
receipt_image_938_jpg.rf.OGAsv9VybH0NPMe0EoKh.jpg,10.00,not_food,0.9572
receipt_image_236_jpg.rf.hdjd7pfO4fopvt1nsbNh.jpg,Org.nr: 5591191985,not_food,0.9392
receipt_image_236_jpg.rf.hdjd7pfO4fopvt1nsbNh.jpg,Telefon: 08 - 20 06 71,not_food,0.8994
receipt_image_236_jpg.rf.hdjd7pfO4fopvt1nsbNh.jpg,2019-07-02 15:04:24,not_food,0.9543
receipt_image_236_jpg.rf.hdjd7pfO4fopvt1nsbNh.jpg,Bestal1d: 2019-07-02 14:07:47,not_food,0.9451
receipt_image_236_jpg.rf.hdjd7pfO4fopvt1nsbNh.jpg,Artikel,not_food,0.872
receipt_image_236_jpg.rf.hdjd7pfO4fopvt1nsbNh.jpg,"à 145,00",not_food,0.9447
receipt_image_236_jpg.rf.hdjd7pfO4fopvt1nsbNh.jpg,"435,00",not_food,0.9567
receipt_image_236_jpg.rf.hdjd7pfO4fopvt1nsbNh.jpg,"á 55,00",not_food,0.9462
receipt_image_236_jpg.rf.hdjd7pfO4fopvt1nsbNh.jpg,"165,00",not_food,0.9564
receipt_image_236_jpg.rf.hdjd7pfO4fopvt1nsbNh.jpg,"à 158,00",not_food,0.9235
receipt_image_236_jpg.rf.hdjd7pfO4fopvt1nsbNh.jpg,474.00,not_food,0.959
receipt_image_236_jpg.rf.hdjd7pfO4fopvt1nsbNh.jpg,"à 188,00",not_food,0.9468
receipt_image_236_jpg.rf.hdjd7pfO4fopvt1nsbNh.jpg,"376,00",not_food,0.9528
receipt_image_236_jpg.rf.hdjd7pfO4fopvt1nsbNh.jpg,184.00,not_food,0.959
receipt_image_236_jpg.rf.hdjd7pfO4fopvt1nsbNh.jpg,"à 78,00",not_food,0.9369
receipt_image_236_jpg.rf.hdjd7pfO4fopvt1nsbNh.jpg,468.00,not_food,0.9589
receipt_image_236_jpg.rf.hdjd7pfO4fopvt1nsbNh.jpg,2 × 011ver,not_food,0.9577
receipt_image_236_jpg.rf.hdjd7pfO4fopvt1nsbNh.jpg,"à 65,00",not_food,0.9388
receipt_image_236_jpg.rf.hdjd7pfO4fopvt1nsbNh.jpg,130.00,not_food,0.9586
receipt_image_236_jpg.rf.hdjd7pfO4fopvt1nsbNh.jpg,124.00,not_food,0.9582
receipt_image_236_jpg.rf.hdjd7pfO4fopvt1nsbNh.jpg,174.00,not_food,0.9588
receipt_image_236_jpg.rf.hdjd7pfO4fopvt1nsbNh.jpg,188.00,not_food,0.9582
receipt_image_236_jpg.rf.hdjd7pfO4fopvt1nsbNh.jpg,3 × Aqua Panna,not_food,0.8343
receipt_image_236_jpg.rf.hdjd7pfO4fopvt1nsbNh.jpg,"à 74,00",not_food,0.9367
receipt_image_236_jpg.rf.hdjd7pfO4fopvt1nsbNh.jpg,222.00,not_food,0.9586
receipt_image_236_jpg.rf.hdjd7pfO4fopvt1nsbNh.jpg,"à 74,00",not_food,0.9367
receipt_image_236_jpg.rf.hdjd7pfO4fopvt1nsbNh.jpg,148.00,not_food,0.9588
receipt_image_236_jpg.rf.hdjd7pfO4fopvt1nsbNh.jpg,"74,00",not_food,0.9508
receipt_image_236_jpg.rf.hdjd7pfO4fopvt1nsbNh.jpg,"49,00",not_food,0.9563
receipt_image_236_jpg.rf.hdjd7pfO4fopvt1nsbNh.jpg,3211 SEK,not_food,0.9463
receipt_image_86_jpg.rf.SAMNuV9TkIwbQxZTeXlv.jpg,0741060,not_food,0.9587
receipt_image_86_jpg.rf.SAMNuV9TkIwbQxZTeXlv.jpg,Date,not_food,0.8746
receipt_image_86_jpg.rf.SAMNuV9TkIwbQxZTeXlv.jpg,Table,not_food,0.9449
receipt_image_86_jpg.rf.SAMNuV9TkIwbQxZTeXlv.jpg,35201,not_food,0.9572
receipt_image_86_jpg.rf.SAMNuV9TkIwbQxZTeXlv.jpg,510-818-1136,not_food,0.9559
receipt_image_86_jpg.rf.SAMNuV9TkIwbQxZTeXlv.jpg,http://ww.newprkbuffet.com,not_food,0.8679
receipt_image_86_jpg.rf.SAMNuV9TkIwbQxZTeXlv.jpg,05:25 PH,not_food,0.9566
receipt_image_86_jpg.rf.SAMNuV9TkIwbQxZTeXlv.jpg,06/29/2019,not_food,0.9097
receipt_image_86_jpg.rf.SAMNuV9TkIwbQxZTeXlv.jpg,Server: Tim-11,not_food,0.9324
receipt_image_86_jpg.rf.SAMNuV9TkIwbQxZTeXlv.jpg,Tab,not_food,0.8973
receipt_image_86_jpg.rf.SAMNuV9TkIwbQxZTeXlv.jpg,B11,not_food,0.8902
receipt_image_86_jpg.rf.SAMNuV9TkIwbQxZTeXlv.jpg,1P,not_food,0.9437
receipt_image_86_jpg.rf.SAMNuV9TkIwbQxZTeXlv.jpg,UTY,not_food,0.8156
receipt_image_86_jpg.rf.SAMNuV9TkIwbQxZTeXlv.jpg,NAME,not_food,0.8944
receipt_image_86_jpg.rf.SAMNuV9TkIwbQxZTeXlv.jpg,U/P,not_food,0.9109
receipt_image_86_jpg.rf.SAMNuV9TkIwbQxZTeXlv.jpg,19.99,not_food,0.9586
receipt_image_86_jpg.rf.SAMNuV9TkIwbQxZTeXlv.jpg,30.90,not_food,0.959
receipt_image_86_jpg.rf.SAMNuV9TkIwbQxZTeXlv.jpg,(3-BY),not_food,0.9484
receipt_image_86_jpg.rf.SAMNuV9TkIwbQxZTeXlv.jpg,7.99,not_food,0.9591
receipt_image_86_jpg.rf.SAMNuV9TkIwbQxZTeXlv.jpg,(AOL-9),not_food,0.811
receipt_image_86_jpg.rf.SAMNuV9TkIwbQxZTeXlv.jpg,10.00,not_food,0.9572
receipt_image_86_jpg.rf.SAMNuV9TkIwbQxZTeXlv.jpg,1.39,not_food,0.9579
receipt_image_86_jpg.rf.SAMNuV9TkIwbQxZTeXlv.jpg,7.90,not_food,0.9587
receipt_image_86_jpg.rf.SAMNuV9TkIwbQxZTeXlv.jpg,18.09,not_food,0.957
receipt_image_86_jpg.rf.SAMNuV9TkIwbQxZTeXlv.jpg,84.02,not_food,0.9589
receipt_image_86_jpg.rf.SAMNuV9TkIwbQxZTeXlv.jpg,0.20,not_food,0.9578
receipt_image_86_jpg.rf.SAMNuV9TkIwbQxZTeXlv.jpg,TOTAL:,not_food,0.9475
receipt_image_86_jpg.rf.SAMNuV9TkIwbQxZTeXlv.jpg,92.22,not_food,0.9595
receipt_image_86_jpg.rf.SAMNuV9TkIwbQxZTeXlv.jpg,(: Thank You!:),not_food,0.8816
1168-receipt_jpg.rf.KTBKFQAun2Yvbzgg9piL.jpg,11961 Beach Blvd.,not_food,0.8803
1168-receipt_jpg.rf.KTBKFQAun2Yvbzgg9piL.jpg,9/27/2017noa.sweivafiist2yqq12:13:06 PM,not_food,0.9506
1168-receipt_jpg.rf.KTBKFQAun2Yvbzgg9piL.jpg,1 Box #1,not_food,0.9315
1168-receipt_jpg.rf.KTBKFQAun2Yvbzgg9piL.jpg,0.00,not_food,0.958
1168-receipt_jpg.rf.KTBKFQAun2Yvbzgg9piL.jpg,1.00,not_food,0.9571
1168-receipt_jpg.rf.KTBKFQAun2Yvbzgg9piL.jpg,0.00,not_food,0.958
1168-receipt_jpg.rf.KTBKFQAun2Yvbzgg9piL.jpg,0.00,not_food,0.958
1168-receipt_jpg.rf.KTBKFQAun2Yvbzgg9piL.jpg,0.00,not_food,0.958
1168-receipt_jpg.rf.KTBKFQAun2Yvbzgg9piL.jpg,3.00,not_food,0.9574
1168-receipt_jpg.rf.KTBKFQAun2Yvbzgg9piL.jpg,3.00,not_food,0.9574
1168-receipt_jpg.rf.KTBKFQAun2Yvbzgg9piL.jpg,7.00,not_food,0.9581
1168-receipt_jpg.rf.KTBKFQAun2Yvbzgg9piL.jpg,Tax,not_food,0.9035
1168-receipt_jpg.rf.KTBKFQAun2Yvbzgg9piL.jpg,0.61,not_food,0.9583
1168-receipt_jpg.rf.KTBKFQAun2Yvbzgg9piL.jpg,Total,not_food,0.9458
1168-receipt_jpg.rf.KTBKFQAun2Yvbzgg9piL.jpg,7.61,not_food,0.959
1168-receipt_jpg.rf.KTBKFQAun2Yvbzgg9piL.jpg,8.00,not_food,0.9576
1168-receipt_jpg.rf.KTBKFQAun2Yvbzgg9piL.jpg,Change,not_food,0.9144
1168-receipt_jpg.rf.KTBKFQAun2Yvbzgg9piL.jpg,0.39,not_food,0.9581
1168-receipt_jpg.rf.KTBKFQAun2Yvbzgg9piL.jpg,Thank you for visiting!,not_food,0.8688
1168-receipt_jpg.rf.KTBKFQAun2Yvbzgg9piL.jpg,Ticket #45,not_food,0.8973
1178-receipt_jpg.rf.keGD7daaswVSaI1mnCwq.jpg,Phone: (512) 912-9070,not_food,0.9323
1178-receipt_jpg.rf.keGD7daaswVSaI1mnCwq.jpg,5.50,not_food,0.9582
1178-receipt_jpg.rf.keGD7daaswVSaI1mnCwq.jpg,2.00,not_food,0.9573
1178-receipt_jpg.rf.keGD7daaswVSaI1mnCwq.jpg,3.50,not_food,0.958
1178-receipt_jpg.rf.keGD7daaswVSaI1mnCwq.jpg,11.00,not_food,0.9578
1178-receipt_jpg.rf.keGD7daaswVSaI1mnCwq.jpg,0.91,not_food,0.9579
1178-receipt_jpg.rf.keGD7daaswVSaI1mnCwq.jpg,TAX,not_food,0.9035
1178-receipt_jpg.rf.keGD7daaswVSaI1mnCwq.jpg,09:38PM TOTAL,not_food,0.9468
1178-receipt_jpg.rf.keGD7daaswVSaI1mnCwq.jpg,11.91,not_food,0.9589
receipt_image_522_jpg.rf.6wcDoI6s8H1iWJ1OMhSS.jpg,002043319-W,not_food,0.9562
receipt_image_522_jpg.rf.6wcDoI6s8H1iWJ1OMhSS.jpg,GST REG NO: 001335787520,not_food,0.9487
receipt_image_522_jpg.rf.6wcDoI6s8H1iWJ1OMhSS.jpg,Tax,not_food,0.9035
receipt_image_522_jpg.rf.6wcDoI6s8H1iWJ1OMhSS.jpg,INV No.:,not_food,0.9216
receipt_image_522_jpg.rf.6wcDoI6s8H1iWJ1OMhSS.jpg,1054650,not_food,0.9566
receipt_image_522_jpg.rf.6wcDoI6s8H1iWJ1OMhSS.jpg,Date,not_food,0.8746
receipt_image_522_jpg.rf.6wcDoI6s8H1iWJ1OMhSS.jpg,21-03-2018 16:08:24,not_food,0.9562
receipt_image_522_jpg.rf.6wcDoI6s8H1iWJ1OMhSS.jpg,Description,not_food,0.9548
receipt_image_522_jpg.rf.6wcDoI6s8H1iWJ1OMhSS.jpg,Qty,not_food,0.8711
receipt_image_522_jpg.rf.6wcDoI6s8H1iWJ1OMhSS.jpg,Total TAX,not_food,0.9078
receipt_image_522_jpg.rf.6wcDoI6s8H1iWJ1OMhSS.jpg,2 ×,not_food,0.955
receipt_image_522_jpg.rf.6wcDoI6s8H1iWJ1OMhSS.jpg,2.20,not_food,0.9576
receipt_image_522_jpg.rf.6wcDoI6s8H1iWJ1OMhSS.jpg,4.40,not_food,0.9582
receipt_image_522_jpg.rf.6wcDoI6s8H1iWJ1OMhSS.jpg,SR,not_food,0.921
receipt_image_522_jpg.rf.6wcDoI6s8H1iWJ1OMhSS.jpg,.1 ×,not_food,0.9548
receipt_image_522_jpg.rf.6wcDoI6s8H1iWJ1OMhSS.jpg,1.70,not_food,0.9586
receipt_image_522_jpg.rf.6wcDoI6s8H1iWJ1OMhSS.jpg,1.70,not_food,0.9586
receipt_image_522_jpg.rf.6wcDoI6s8H1iWJ1OMhSS.jpg,SR,not_food,0.921
receipt_image_522_jpg.rf.6wcDoI6s8H1iWJ1OMhSS.jpg,Take Away,not_food,0.9152
receipt_image_522_jpg.rf.6wcDoI6s8H1iWJ1OMhSS.jpg,3 x,not_food,0.9387
receipt_image_522_jpg.rf.6wcDoI6s8H1iWJ1OMhSS.jpg,0.20,not_food,0.9578
receipt_image_522_jpg.rf.6wcDoI6s8H1iWJ1OMhSS.jpg,0.60,not_food,0.9586
receipt_image_522_jpg.rf.6wcDoI6s8H1iWJ1OMhSS.jpg,SR,not_food,0.921
receipt_image_522_jpg.rf.6wcDoI6s8H1iWJ1OMhSS.jpg,Total (Excluding GST):,not_food,0.9406
receipt_image_522_jpg.rf.6wcDoI6s8H1iWJ1OMhSS.jpg,6.33,not_food,0.9513
receipt_image_522_jpg.rf.6wcDoI6s8H1iWJ1OMhSS.jpg,GSTpayable(6%):,not_food,0.8965
receipt_image_522_jpg.rf.6wcDoI6s8H1iWJ1OMhSS.jpg,0.37,not_food,0.958
receipt_image_522_jpg.rf.6wcDoI6s8H1iWJ1OMhSS.jpg,Total(Inclusive of GST):,not_food,0.9333
receipt_image_522_jpg.rf.6wcDoI6s8H1iWJ1OMhSS.jpg,6.70,not_food,0.9586
receipt_image_522_jpg.rf.6wcDoI6s8H1iWJ1OMhSS.jpg,TOTAL:,not_food,0.9475
receipt_image_522_jpg.rf.6wcDoI6s8H1iWJ1OMhSS.jpg,6.70,not_food,0.9586
receipt_image_522_jpg.rf.6wcDoI6s8H1iWJ1OMhSS.jpg,6.70,not_food,0.9586
receipt_image_522_jpg.rf.6wcDoI6s8H1iWJ1OMhSS.jpg,GST. Summary,not_food,0.9497
receipt_image_522_jpg.rf.6wcDoI6s8H1iWJ1OMhSS.jpg,Tax(RM),not_food,0.8685
receipt_image_522_jpg.rf.6wcDoI6s8H1iWJ1OMhSS.jpg,SR,not_food,0.921
receipt_image_522_jpg.rf.6wcDoI6s8H1iWJ1OMhSS.jpg,(@ 6%),not_food,0.8623
receipt_image_522_jpg.rf.6wcDoI6s8H1iWJ1OMhSS.jpg,6.33,not_food,0.9513
receipt_image_522_jpg.rf.6wcDoI6s8H1iWJ1OMhSS.jpg,0.37,not_food,0.958
receipt_image_407_jpg.rf.i68eQU5mocnPhwNSOUmv.jpg,Lantal 1 Unit No. 1F-215.216 & 217,not_food,0.8913
receipt_image_407_jpg.rf.i68eQU5mocnPhwNSOUmv.jpg,ph/(( /200,not_food,0.8172
receipt_image_407_jpg.rf.i68eQU5mocnPhwNSOUmv.jpg,DATE 06/05/16 14:38,not_food,0.9138
receipt_image_407_jpg.rf.i68eQU5mocnPhwNSOUmv.jpg,Receipt No : 035052016/060057,not_food,0.9537
receipt_image_407_jpg.rf.i68eQU5mocnPhwNSOUmv.jpg,Ref. : #00070-3,not_food,0.9546
receipt_image_407_jpg.rf.i68eQU5mocnPhwNSOUmv.jpg,Bill Ref.: 518011214,not_food,0.9558
receipt_image_407_jpg.rf.i68eQU5mocnPhwNSOUmv.jpg,Staff Open Table : ST-003131 Pubri,not_food,0.9519
receipt_image_407_jpg.rf.i68eQU5mocnPhwNSOUmv.jpg,TABLE C-20 (2),not_food,0.9476
receipt_image_407_jpg.rf.i68eQU5mocnPhwNSOUmv.jpg,"20,000",not_food,0.9543
receipt_image_407_jpg.rf.i68eQU5mocnPhwNSOUmv.jpg,"28,000",not_food,0.9552
receipt_image_407_jpg.rf.i68eQU5mocnPhwNSOUmv.jpg,"44,000",not_food,0.9536
receipt_image_407_jpg.rf.i68eQU5mocnPhwNSOUmv.jpg,"78,000",not_food,0.9542
receipt_image_407_jpg.rf.i68eQU5mocnPhwNSOUmv.jpg,"52,000",not_food,0.9556
receipt_image_407_jpg.rf.i68eQU5mocnPhwNSOUmv.jpg,"24,000",not_food,0.9551
receipt_image_407_jpg.rf.i68eQU5mocnPhwNSOUmv.jpg,ITEMS:8,not_food,0.8501
receipt_image_407_jpg.rf.i68eQU5mocnPhwNSOUmv.jpg,"275,0000",not_food,0.9566
receipt_image_407_jpg.rf.i68eQU5mocnPhwNSOUmv.jpg,Service charge,not_food,0.9434
receipt_image_407_jpg.rf.i68eQU5mocnPhwNSOUmv.jpg,"20,625",not_food,0.9564
receipt_image_407_jpg.rf.i68eQU5mocnPhwNSOUmv.jpg,PB1,not_food,0.9387
receipt_image_407_jpg.rf.i68eQU5mocnPhwNSOUmv.jpg,"29,563",not_food,0.9583
receipt_image_407_jpg.rf.i68eQU5mocnPhwNSOUmv.jpg,Total.,not_food,0.9499
receipt_image_407_jpg.rf.i68eQU5mocnPhwNSOUmv.jpg,"325,188",not_food,0.9545
receipt_image_407_jpg.rf.i68eQU5mocnPhwNSOUmv.jpg,"325,188",not_food,0.9545
receipt_image_407_jpg.rf.i68eQU5mocnPhwNSOUmv.jpg,Hotline: 08 99 88 10 999,not_food,0.8692
receipt_image_525_jpg.rf.BHQjmXDT5O8uWAVKEPu0.jpg,002043319-W,not_food,0.9562
receipt_image_525_jpg.rf.BHQjmXDT5O8uWAVKEPu0.jpg,"No.2,",not_food,0.9298
receipt_image_525_jpg.rf.BHQjmXDT5O8uWAVKEPu0.jpg,GST REG NO: 001335787520,not_food,0.9487
receipt_image_525_jpg.rf.BHQjmXDT5O8uWAVKEPu0.jpg,Tx,not_food,0.8352
receipt_image_525_jpg.rf.BHQjmXDT5O8uWAVKEPu0.jpg,INV No.:,not_food,0.9216
receipt_image_525_jpg.rf.BHQjmXDT5O8uWAVKEPu0.jpg,1037698,not_food,0.9569
receipt_image_525_jpg.rf.BHQjmXDT5O8uWAVKEPu0.jpg,Date,not_food,0.8746
receipt_image_525_jpg.rf.BHQjmXDT5O8uWAVKEPu0.jpg,10-03-2018 16:01:37,not_food,0.9567
receipt_image_525_jpg.rf.BHQjmXDT5O8uWAVKEPu0.jpg,Description,not_food,0.9548
receipt_image_525_jpg.rf.BHQjmXDT5O8uWAVKEPu0.jpg,Qty,not_food,0.8711
receipt_image_525_jpg.rf.BHQjmXDT5O8uWAVKEPu0.jpg,Total,not_food,0.9458
receipt_image_525_jpg.rf.BHQjmXDT5O8uWAVKEPu0.jpg,TAX,not_food,0.9035
receipt_image_525_jpg.rf.BHQjmXDT5O8uWAVKEPu0.jpg,2 ×,not_food,0.955
receipt_image_525_jpg.rf.BHQjmXDT5O8uWAVKEPu0.jpg,2.20,not_food,0.9576
receipt_image_525_jpg.rf.BHQjmXDT5O8uWAVKEPu0.jpg,4.40,not_food,0.9582
receipt_image_525_jpg.rf.BHQjmXDT5O8uWAVKEPu0.jpg,SR,not_food,0.921
receipt_image_525_jpg.rf.BHQjmXDT5O8uWAVKEPu0.jpg,1 ×,not_food,0.9535
receipt_image_525_jpg.rf.BHQjmXDT5O8uWAVKEPu0.jpg,2.20,not_food,0.9576
receipt_image_525_jpg.rf.BHQjmXDT5O8uWAVKEPu0.jpg,2.20,not_food,0.9576
receipt_image_525_jpg.rf.BHQjmXDT5O8uWAVKEPu0.jpg,SR,not_food,0.921
receipt_image_525_jpg.rf.BHQjmXDT5O8uWAVKEPu0.jpg,Take Away,not_food,0.9152
receipt_image_525_jpg.rf.BHQjmXDT5O8uWAVKEPu0.jpg,3 ×,not_food,0.9552
receipt_image_525_jpg.rf.BHQjmXDT5O8uWAVKEPu0.jpg,0.20,not_food,0.9578
receipt_image_525_jpg.rf.BHQjmXDT5O8uWAVKEPu0.jpg,0.60,not_food,0.9586
receipt_image_525_jpg.rf.BHQjmXDT5O8uWAVKEPu0.jpg,SR,not_food,0.921
receipt_image_525_jpg.rf.BHQjmXDT5O8uWAVKEPu0.jpg,Total QTY: 6,not_food,0.931
receipt_image_525_jpg.rf.BHQjmXDT5O8uWAVKEPu0.jpg,Total (Excluding GST):,not_food,0.9406
receipt_image_525_jpg.rf.BHQjmXDT5O8uWAVKEPu0.jpg,6.81,not_food,0.9576
receipt_image_525_jpg.rf.BHQjmXDT5O8uWAVKEPu0.jpg,0.39,not_food,0.9581
receipt_image_525_jpg.rf.BHQjmXDT5O8uWAVKEPu0.jpg,Total (Inclusive of GST):,not_food,0.9333
receipt_image_525_jpg.rf.BHQjmXDT5O8uWAVKEPu0.jpg,7.20,not_food,0.9584
receipt_image_525_jpg.rf.BHQjmXDT5O8uWAVKEPu0.jpg,TOTAL:,not_food,0.9475
receipt_image_525_jpg.rf.BHQjmXDT5O8uWAVKEPu0.jpg,7.20,not_food,0.9584
receipt_image_525_jpg.rf.BHQjmXDT5O8uWAVKEPu0.jpg,7.20,not_food,0.9584
receipt_image_525_jpg.rf.BHQjmXDT5O8uWAVKEPu0.jpg,GST Summary,not_food,0.9459
receipt_image_525_jpg.rf.BHQjmXDT5O8uWAVKEPu0.jpg,Tax(RM),not_food,0.8685
receipt_image_525_jpg.rf.BHQjmXDT5O8uWAVKEPu0.jpg,SR,not_food,0.921
receipt_image_525_jpg.rf.BHQjmXDT5O8uWAVKEPu0.jpg,(@ 6%),not_food,0.8623
receipt_image_525_jpg.rf.BHQjmXDT5O8uWAVKEPu0.jpg,6.81,not_food,0.9576
receipt_image_525_jpg.rf.BHQjmXDT5O8uWAVKEPu0.jpg,0.39,not_food,0.9581
1023-receipt_jpg.rf.JKriOahpbPLwzJcXaJDy.jpg,2011 Hewitt Ave,not_food,0.8643
1023-receipt_jpg.rf.JKriOahpbPLwzJcXaJDy.jpg,Te1: 425-252-3525 Fax. 425-252-3525.,not_food,0.9584
1023-receipt_jpg.rf.JKriOahpbPLwzJcXaJDy.jpg,Table 4,not_food,0.9513
1023-receipt_jpg.rf.JKriOahpbPLwzJcXaJDy.jpg,Date: 6/16/2017 12:36 PM,not_food,0.9456
1023-receipt_jpg.rf.JKriOahpbPLwzJcXaJDy.jpg,Server: PRACH,not_food,0.8699
1023-receipt_jpg.rf.JKriOahpbPLwzJcXaJDy.jpg,(T.1),not_food,0.9474
1023-receipt_jpg.rf.JKriOahpbPLwzJcXaJDy.jpg,$7:00,not_food,0.9583
1023-receipt_jpg.rf.JKriOahpbPLwzJcXaJDy.jpg,$10.24,not_food,0.9582
1023-receipt_jpg.rf.JKriOahpbPLwzJcXaJDy.jpg,$10.24,not_food,0.9582
1023-receipt_jpg.rf.JKriOahpbPLwzJcXaJDy.jpg,Total 4 item(s),not_food,0.942
1023-receipt_jpg.rf.JKriOahpbPLwzJcXaJDy.jpg,$27.48,not_food,0.9589
1023-receipt_jpg.rf.JKriOahpbPLwzJcXaJDy.jpg,Sales Tax,not_food,0.8299
1023-receipt_jpg.rf.JKriOahpbPLwzJcXaJDy.jpg,$2.67,not_food,0.9583
1023-receipt_jpg.rf.JKriOahpbPLwzJcXaJDy.jpg,$30.15,not_food,0.9592
1023-receipt_jpg.rf.JKriOahpbPLwzJcXaJDy.jpg,Tip Guide,not_food,0.907
1023-receipt_jpg.rf.JKriOahpbPLwzJcXaJDy.jpg,"15%=$4.52,",not_food,0.9485
1023-receipt_jpg.rf.JKriOahpbPLwzJcXaJDy.jpg,"18%=$5.43, 20%=$6.03",not_food,0.932
1023-receipt_jpg.rf.JKriOahpbPLwzJcXaJDy.jpg,Thank you very much.,not_food,0.8428
1023-receipt_jpg.rf.JKriOahpbPLwzJcXaJDy.jpg,GUEST CHECK -,not_food,0.9168
1109-receipt_jpg.rf.LFA2CrkFuyuKKEgEv17F.jpg,Table: A2 Guests: 2,not_food,0.9118
1109-receipt_jpg.rf.LFA2CrkFuyuKKEgEv17F.jpg,Tel:(626)937-6555,not_food,0.9436
1109-receipt_jpg.rf.LFA2CrkFuyuKKEgEv17F.jpg,Server: linda,not_food,0.9035
1109-receipt_jpg.rf.LFA2CrkFuyuKKEgEv17F.jpg,Date: 06/14/2017 18:38:46,not_food,0.9442
1109-receipt_jpg.rf.LFA2CrkFuyuKKEgEv17F.jpg,SQ# 10038,not_food,0.924
1109-receipt_jpg.rf.LFA2CrkFuyuKKEgEv17F.jpg,[1]盐酥鸡,not_food,0.8821
1109-receipt_jpg.rf.LFA2CrkFuyuKKEgEv17F.jpg,$4.39,not_food,0.9587
1109-receipt_jpg.rf.LFA2CrkFuyuKKEgEv17F.jpg,[1]控肉饭,not_food,0.8821
1109-receipt_jpg.rf.LFA2CrkFuyuKKEgEv17F.jpg,$6.75,not_food,0.956
1109-receipt_jpg.rf.LFA2CrkFuyuKKEgEv17F.jpg,[1]鸡丝凉面,not_food,0.8886
1109-receipt_jpg.rf.LFA2CrkFuyuKKEgEv17F.jpg,$6.25,not_food,0.9585
1109-receipt_jpg.rf.LFA2CrkFuyuKKEgEv17F.jpg,[1]牛肉面,not_food,0.8873
1109-receipt_jpg.rf.LFA2CrkFuyuKKEgEv17F.jpg,$7.95,not_food,0.9589
1109-receipt_jpg.rf.LFA2CrkFuyuKKEgEv17F.jpg,Amount:,not_food,0.9023
1109-receipt_jpg.rf.LFA2CrkFuyuKKEgEv17F.jpg,$25.34,not_food,0.9586
1109-receipt_jpg.rf.LFA2CrkFuyuKKEgEv17F.jpg,Tax Rate:(9.00%):,not_food,0.9323
1109-receipt_jpg.rf.LFA2CrkFuyuKKEgEv17F.jpg,$2.28,not_food,0.9577
1109-receipt_jpg.rf.LFA2CrkFuyuKKEgEv17F.jpg,Sub-Total: $27.62,not_food,0.9416
1109-receipt_jpg.rf.LFA2CrkFuyuKKEgEv17F.jpg,-TIP GUIDE---,not_food,0.913
1109-receipt_jpg.rf.LFA2CrkFuyuKKEgEv17F.jpg,15%=$3.80,not_food,0.95
1109-receipt_jpg.rf.LFA2CrkFuyuKKEgEv17F.jpg,18% = $4.56,not_food,0.9443
1109-receipt_jpg.rf.LFA2CrkFuyuKKEgEv17F.jpg,20% = $5.07,not_food,0.9454
receipt_image_140_jpg.rf.JJiXGcp6eNiHQ29bVSYV.jpg,Station:,not_food,0.883
receipt_image_140_jpg.rf.JJiXGcp6eNiHQ29bVSYV.jpg,10,not_food,0.9544
receipt_image_140_jpg.rf.JJiXGcp6eNiHQ29bVSYV.jpg,order #: 320502,not_food,0.9522
receipt_image_140_jpg.rf.JJiXGcp6eNiHQ29bVSYV.jpg,Table: 16,not_food,0.9506
receipt_image_140_jpg.rf.JJiXGcp6eNiHQ29bVSYV.jpg,sth:2,not_food,0.9469
receipt_image_140_jpg.rf.JJiXGcp6eNiHQ29bVSYV.jpg,10-HH,not_food,0.9253
receipt_image_140_jpg.rf.JJiXGcp6eNiHQ29bVSYV.jpg,9.54,not_food,0.9583
receipt_image_140_jpg.rf.JJiXGcp6eNiHQ29bVSYV.jpg,5.50,not_food,0.9582
receipt_image_140_jpg.rf.JJiXGcp6eNiHQ29bVSYV.jpg,2.75,not_food,0.9561
receipt_image_140_jpg.rf.JJiXGcp6eNiHQ29bVSYV.jpg,2.75,not_food,0.9561
receipt_image_140_jpg.rf.JJiXGcp6eNiHQ29bVSYV.jpg,2. Cock,not_food,0.8547
receipt_image_140_jpg.rf.JJiXGcp6eNiHQ29bVSYV.jpg,21,not_food,0.9561
receipt_image_140_jpg.rf.JJiXGcp6eNiHQ29bVSYV.jpg,.95,not_food,0.9584
receipt_image_140_jpg.rf.JJiXGcp6eNiHQ29bVSYV.jpg,"06""",not_food,0.947
receipt_image_140_jpg.rf.JJiXGcp6eNiHQ29bVSYV.jpg,Wh1,not_food,0.8986
receipt_image_140_jpg.rf.JJiXGcp6eNiHQ29bVSYV.jpg,tos,not_food,0.9184
receipt_image_140_jpg.rf.JJiXGcp6eNiHQ29bVSYV.jpg,7.75,not_food,0.9582
receipt_image_140_jpg.rf.JJiXGcp6eNiHQ29bVSYV.jpg,plan,not_food,0.9202
receipt_image_140_jpg.rf.JJiXGcp6eNiHQ29bVSYV.jpg,2.5,not_food,0.9567
receipt_image_140_jpg.rf.JJiXGcp6eNiHQ29bVSYV.jpg,2.25,not_food,0.958
receipt_image_140_jpg.rf.JJiXGcp6eNiHQ29bVSYV.jpg,SUB TOTAL:,not_food,0.9163
receipt_image_140_jpg.rf.JJiXGcp6eNiHQ29bVSYV.jpg,68.89,not_food,0.9583
receipt_image_140_jpg.rf.JJiXGcp6eNiHQ29bVSYV.jpg,Tax 1:,not_food,0.9252
receipt_image_140_jpg.rf.JJiXGcp6eNiHQ29bVSYV.jpg,6.35,not_food,0.9583
receipt_image_140_jpg.rf.JJiXGcp6eNiHQ29bVSYV.jpg,Tax 2;,not_food,0.9314
receipt_image_140_jpg.rf.JJiXGcp6eNiHQ29bVSYV.jpg,0000,not_food,0.9571
receipt_image_140_jpg.rf.JJiXGcp6eNiHQ29bVSYV.jpg,AMOUNT DUE:,not_food,0.8575
receipt_image_140_jpg.rf.JJiXGcp6eNiHQ29bVSYV.jpg,$73.24,not_food,0.9584
receipt_image_140_jpg.rf.JJiXGcp6eNiHQ29bVSYV.jpg,Gratuity:,not_food,0.9035
receipt_image_140_jpg.rf.JJiXGcp6eNiHQ29bVSYV.jpg,Total.,not_food,0.9499
receipt_image_140_jpg.rf.JJiXGcp6eNiHQ29bVSYV.jpg,9/6/2018,not_food,0.9057
receipt_image_90_jpg.rf.zwgDwE4pEYAifPnWaVPB.jpg,(301) 889-1306,not_food,0.9569
receipt_image_90_jpg.rf.zwgDwE4pEYAifPnWaVPB.jpg,ORDER#,not_food,0.9181
receipt_image_90_jpg.rf.zwgDwE4pEYAifPnWaVPB.jpg,134,not_food,0.9545
receipt_image_90_jpg.rf.zwgDwE4pEYAifPnWaVPB.jpg,12/29/2017 8:38:18 PN,not_food,0.9497
receipt_image_90_jpg.rf.zwgDwE4pEYAifPnWaVPB.jpg,TAKE OUT,not_food,0.8799
receipt_image_90_jpg.rf.zwgDwE4pEYAifPnWaVPB.jpg,27.00,not_food,0.958
receipt_image_90_jpg.rf.zwgDwE4pEYAifPnWaVPB.jpg,本本本章,not_food,0.8077
receipt_image_90_jpg.rf.zwgDwE4pEYAifPnWaVPB.jpg,11.00,not_food,0.9578
receipt_image_90_jpg.rf.zwgDwE4pEYAifPnWaVPB.jpg,38.50,not_food,0.9582
receipt_image_90_jpg.rf.zwgDwE4pEYAifPnWaVPB.jpg,1.93,not_food,0.9573
receipt_image_90_jpg.rf.zwgDwE4pEYAifPnWaVPB.jpg,TAX:,not_food,0.9206
receipt_image_90_jpg.rf.zwgDwE4pEYAifPnWaVPB.jpg,2.31,not_food,0.9583
receipt_image_90_jpg.rf.zwgDwE4pEYAifPnWaVPB.jpg,Register,not_food,0.9348
receipt_image_90_jpg.rf.zwgDwE4pEYAifPnWaVPB.jpg,T80000144,not_food,0.9542
receipt_image_90_jpg.rf.zwgDwE4pEYAifPnWaVPB.jpg,TOTAL:,not_food,0.9475
receipt_image_90_jpg.rf.zwgDwE4pEYAifPnWaVPB.jpg,$42.74,not_food,0.9582
receipt_image_90_jpg.rf.zwgDwE4pEYAifPnWaVPB.jpg,12/29/2017 8:41:08 PM,not_food,0.9541
receipt_image_159_jpg.rf.bY782OuQlkxsIDlrfbNs.jpg,(352) 622-1741,not_food,0.9346
receipt_image_159_jpg.rf.bY782OuQlkxsIDlrfbNs.jpg,Date: 04/13/18,not_food,0.9267
receipt_image_159_jpg.rf.bY782OuQlkxsIDlrfbNs.jpg,Time: 09:16 pm,not_food,0.9541
receipt_image_159_jpg.rf.bY782OuQlkxsIDlrfbNs.jpg,Guest: 1,not_food,0.936
receipt_image_159_jpg.rf.bY782OuQlkxsIDlrfbNs.jpg,Table m: 12,not_food,0.9525
receipt_image_159_jpg.rf.bY782OuQlkxsIDlrfbNs.jpg,Namé:,not_food,0.9314
receipt_image_159_jpg.rf.bY782OuQlkxsIDlrfbNs.jpg,"$41,95",not_food,0.9561
receipt_image_159_jpg.rf.bY782OuQlkxsIDlrfbNs.jpg,Sub-total:,not_food,0.9186
receipt_image_159_jpg.rf.bY782OuQlkxsIDlrfbNs.jpg,$41.95,not_food,0.9585
receipt_image_159_jpg.rf.bY782OuQlkxsIDlrfbNs.jpg,810.49,not_food,0.9592
receipt_image_159_jpg.rf.bY782OuQlkxsIDlrfbNs.jpg,Taxi,not_food,0.9273
receipt_image_159_jpg.rf.bY782OuQlkxsIDlrfbNs.jpg,12.94,not_food,0.9584
receipt_image_159_jpg.rf.bY782OuQlkxsIDlrfbNs.jpg,Total:,not_food,0.9475
receipt_image_159_jpg.rf.bY782OuQlkxsIDlrfbNs.jpg,$55.38,not_food,0.9577
receipt_image_159_jpg.rf.bY782OuQlkxsIDlrfbNs.jpg,Recommended Gratuity:,not_food,0.8885
receipt_image_159_jpg.rf.bY782OuQlkxsIDlrfbNs.jpg,20%=88.3923%=89.6525%=$10.49,not_food,0.9457
receipt_image_159_jpg.rf.bY782OuQlkxsIDlrfbNs.jpg,Thank You,not_food,0.8731
receipt_image_63_jpg.rf.ePI10H6AoeREoPCUVH2X.jpg,E9,not_food,0.9566
receipt_image_63_jpg.rf.ePI10H6AoeREoPCUVH2X.jpg,(302) 616-2120,not_food,0.9559
receipt_image_63_jpg.rf.ePI10H6AoeREoPCUVH2X.jpg,7/30/19,not_food,0.9488
receipt_image_63_jpg.rf.ePI10H6AoeREoPCUVH2X.jpg,Check #: 5033,not_food,0.9406
receipt_image_63_jpg.rf.ePI10H6AoeREoPCUVH2X.jpg,7:53 PM,not_food,0.9536
receipt_image_63_jpg.rf.ePI10H6AoeREoPCUVH2X.jpg,Server: Madi B,not_food,0.9271
receipt_image_63_jpg.rf.ePI10H6AoeREoPCUVH2X.jpg,Table: 31/2,not_food,0.9505
receipt_image_63_jpg.rf.ePI10H6AoeREoPCUVH2X.jpg,8.00,not_food,0.9576
receipt_image_63_jpg.rf.ePI10H6AoeREoPCUVH2X.jpg,12.00,not_food,0.957
receipt_image_63_jpg.rf.ePI10H6AoeREoPCUVH2X.jpg,26.00,not_food,0.9569
receipt_image_63_jpg.rf.ePI10H6AoeREoPCUVH2X.jpg,11.00,not_food,0.9578
receipt_image_63_jpg.rf.ePI10H6AoeREoPCUVH2X.jpg,12.00,not_food,0.957
receipt_image_63_jpg.rf.ePI10H6AoeREoPCUVH2X.jpg,12.00,not_food,0.957
receipt_image_63_jpg.rf.ePI10H6AoeREoPCUVH2X.jpg,8.00,not_food,0.9576
receipt_image_63_jpg.rf.ePI10H6AoeREoPCUVH2X.jpg,300.00,not_food,0.9573
receipt_image_63_jpg.rf.ePI10H6AoeREoPCUVH2X.jpg,14.00,not_food,0.9554
receipt_image_63_jpg.rf.ePI10H6AoeREoPCUVH2X.jpg,19.00,not_food,0.9575
receipt_image_63_jpg.rf.ePI10H6AoeREoPCUVH2X.jpg,12.00,not_food,0.957
receipt_image_63_jpg.rf.ePI10H6AoeREoPCUVH2X.jpg,Sub-total,not_food,0.9029
receipt_image_63_jpg.rf.ePI10H6AoeREoPCUVH2X.jpg,164.00,not_food,0.9579
receipt_image_63_jpg.rf.ePI10H6AoeREoPCUVH2X.jpg,COMPLIMENTARY,not_food,0.877
receipt_image_63_jpg.rf.ePI10H6AoeREoPCUVH2X.jpg,T PS,not_food,0.9275
receipt_image_63_jpg.rf.ePI10H6AoeREoPCUVH2X.jpg,-12.00,not_food,0.9561
receipt_image_63_jpg.rf.ePI10H6AoeREoPCUVH2X.jpg,Sub-total,not_food,0.9029
receipt_image_63_jpg.rf.ePI10H6AoeREoPCUVH2X.jpg,152.00,not_food,0.9574
receipt_image_63_jpg.rf.ePI10H6AoeREoPCUVH2X.jpg,Sales Tax,not_food,0.8299
receipt_image_63_jpg.rf.ePI10H6AoeREoPCUVH2X.jpg,TOTAL,not_food,0.9458
receipt_image_63_jpg.rf.ePI10H6AoeREoPCUVH2X.jpg,0.00,not_food,0.958
receipt_image_318_jpg.rf.1UPbWgYw9WmhdE2uTFpf.jpg,Food Business Center,not_food,0.933
receipt_image_318_jpg.rf.1UPbWgYw9WmhdE2uTFpf.jpg,"NY, USA",not_food,0.9234
receipt_image_318_jpg.rf.1UPbWgYw9WmhdE2uTFpf.jpg,TEL:03-435435435,not_food,0.9587
receipt_image_318_jpg.rf.1UPbWgYw9WmhdE2uTFpf.jpg,Table - 06,not_food,0.9514
receipt_image_318_jpg.rf.1UPbWgYw9WmhdE2uTFpf.jpg,Check #:,not_food,0.9385
receipt_image_318_jpg.rf.1UPbWgYw9WmhdE2uTFpf.jpg,622967,not_food,0.9578
receipt_image_318_jpg.rf.1UPbWgYw9WmhdE2uTFpf.jpg,Pax(s):04,not_food,0.9294
receipt_image_318_jpg.rf.1UPbWgYw9WmhdE2uTFpf.jpg,Date,not_food,0.8746
receipt_image_318_jpg.rf.1UPbWgYw9WmhdE2uTFpf.jpg,11/01/2020,not_food,0.9167
receipt_image_318_jpg.rf.1UPbWgYw9WmhdE2uTFpf.jpg,18:34,not_food,0.9569
receipt_image_318_jpg.rf.1UPbWgYw9WmhdE2uTFpf.jpg,51.96,not_food,0.959
receipt_image_318_jpg.rf.1UPbWgYw9WmhdE2uTFpf.jpg,7.96,not_food,0.959
receipt_image_318_jpg.rf.1UPbWgYw9WmhdE2uTFpf.jpg,15.56,not_food,0.9582
receipt_image_318_jpg.rf.1UPbWgYw9WmhdE2uTFpf.jpg,75.48,not_food,0.9577
receipt_image_318_jpg.rf.1UPbWgYw9WmhdE2uTFpf.jpg,Food Tax,not_food,0.8974
receipt_image_318_jpg.rf.1UPbWgYw9WmhdE2uTFpf.jpg,2.90,not_food,0.9581
receipt_image_318_jpg.rf.1UPbWgYw9WmhdE2uTFpf.jpg,1.28,not_food,0.9568
receipt_image_318_jpg.rf.1UPbWgYw9WmhdE2uTFpf.jpg,Total,not_food,0.9458
receipt_image_318_jpg.rf.1UPbWgYw9WmhdE2uTFpf.jpg,79.66,not_food,0.9582
receipt_image_587_jpg.rf.grdj9XPKlm6n0RHgfk0V.jpg,31803055,not_food,0.9588
receipt_image_587_jpg.rf.grdj9XPKlm6n0RHgfk0V.jpg,MR. D.I.Y. (M) SDN BHD,not_food,0.9453
receipt_image_587_jpg.rf.grdj9XPKlm6n0RHgfk0V.jpg,(C0.REG :860671-D),not_food,0.9464
receipt_image_587_jpg.rf.grdj9XPKlm6n0RHgfk0V.jpg,"L0T 1851-A & 1851-B, JALAN KPB 6,",not_food,0.9464
receipt_image_587_jpg.rf.grdj9XPKlm6n0RHgfk0V.jpg,(GST ID No :000306020352),not_food,0.953
receipt_image_587_jpg.rf.grdj9XPKlm6n0RHgfk0V.jpg,*S,not_food,0.9389
receipt_image_587_jpg.rf.grdj9XPKlm6n0RHgfk0V.jpg,UB52-20/250,not_food,0.952
receipt_image_587_jpg.rf.grdj9XPKlm6n0RHgfk0V.jpg,9072317,not_food,0.9576
receipt_image_587_jpg.rf.grdj9XPKlm6n0RHgfk0V.jpg,1 X,not_food,0.9388
receipt_image_587_jpg.rf.grdj9XPKlm6n0RHgfk0V.jpg,3.90,not_food,0.9583
receipt_image_587_jpg.rf.grdj9XPKlm6n0RHgfk0V.jpg,3.90,not_food,0.9583
receipt_image_587_jpg.rf.grdj9XPKlm6n0RHgfk0V.jpg,*S,not_food,0.9389
receipt_image_587_jpg.rf.grdj9XPKlm6n0RHgfk0V.jpg,UH32-10/150,not_food,0.8711
receipt_image_587_jpg.rf.grdj9XPKlm6n0RHgfk0V.jpg,9072318,not_food,0.9557
receipt_image_587_jpg.rf.grdj9XPKlm6n0RHgfk0V.jpg,1 X,not_food,0.9388
receipt_image_587_jpg.rf.grdj9XPKlm6n0RHgfk0V.jpg,6.50,not_food,0.9577
receipt_image_587_jpg.rf.grdj9XPKlm6n0RHgfk0V.jpg,6.50,not_food,0.9577
receipt_image_587_jpg.rf.grdj9XPKlm6n0RHgfk0V.jpg,HOSE PUMP C88351#,not_food,0.8064
receipt_image_587_jpg.rf.grdj9XPKlm6n0RHgfk0V.jpg,*S,not_food,0.9389
receipt_image_587_jpg.rf.grdj9XPKlm6n0RHgfk0V.jpg,9074333,not_food,0.9564
receipt_image_587_jpg.rf.grdj9XPKlm6n0RHgfk0V.jpg,1 X,not_food,0.9388
receipt_image_587_jpg.rf.grdj9XPKlm6n0RHgfk0V.jpg,1.90,not_food,0.9582
receipt_image_587_jpg.rf.grdj9XPKlm6n0RHgfk0V.jpg,1.90,not_food,0.9582
receipt_image_587_jpg.rf.grdj9XPKlm6n0RHgfk0V.jpg,Item(s) : 3,not_food,0.9536
receipt_image_587_jpg.rf.grdj9XPKlm6n0RHgfk0V.jpg,Qty(s) : 3,not_food,0.8941
receipt_image_587_jpg.rf.grdj9XPKlm6n0RHgfk0V.jpg,Total Incl. GST@6x,not_food,0.9517
receipt_image_587_jpg.rf.grdj9XPKlm6n0RHgfk0V.jpg,RM 12.30,not_food,0.9557
receipt_image_587_jpg.rf.grdj9XPKlm6n0RHgfk0V.jpg,RM 50.00,not_food,0.9552
receipt_image_587_jpg.rf.grdj9XPKlm6n0RHgfk0V.jpg,CHANGE,not_food,0.9144
receipt_image_587_jpg.rf.grdj9XPKlm6n0RHgfk0V.jpg,RM 37.70,not_food,0.9569
receipt_image_587_jpg.rf.grdj9XPKlm6n0RHgfk0V.jpg,GST @6x included in total,not_food,0.9374
receipt_image_587_jpg.rf.grdj9XPKlm6n0RHgfk0V.jpg,RM 0.70,not_food,0.9567
receipt_image_587_jpg.rf.grdj9XPKlm6n0RHgfk0V.jpg,*ー-,not_food,0.9403
receipt_image_587_jpg.rf.grdj9XPKlm6n0RHgfk0V.jpg,24-03-18 18:10 SH01 ZJ86,not_food,0.957
receipt_image_587_jpg.rf.grdj9XPKlm6n0RHgfk0V.jpg,T1 R000112046,not_food,0.9486
receipt_image_587_jpg.rf.grdj9XPKlm6n0RHgfk0V.jpg,7 DAY WITH RECEIPT.,not_food,0.944
receipt_image_620_jpg.rf.noBptKC2fR9G4qAEZzPr.jpg,Dream Arts,not_food,0.8614
receipt_image_620_jpg.rf.noBptKC2fR9G4qAEZzPr.jpg,"L 2-O47, LEVEL 2,VIVACITY MEGAMALL,",not_food,0.953
receipt_image_620_jpg.rf.noBptKC2fR9G4qAEZzPr.jpg,GST Reg.: 000168861696,not_food,0.9554
receipt_image_620_jpg.rf.noBptKC2fR9G4qAEZzPr.jpg,--------00,not_food,0.9486
receipt_image_620_jpg.rf.noBptKC2fR9G4qAEZzPr.jpg,Document No.: T02035040,not_food,0.9443
receipt_image_620_jpg.rf.noBptKC2fR9G4qAEZzPr.jpg,Date:,not_food,0.9296
receipt_image_620_jpg.rf.noBptKC2fR9G4qAEZzPr.jpg,29/03/2018 07:35:38 PM,not_food,0.9563
receipt_image_620_jpg.rf.noBptKC2fR9G4qAEZzPr.jpg,Terminal:,not_food,0.872
receipt_image_620_jpg.rf.noBptKC2fR9G4qAEZzPr.jpg,TO2,not_food,0.9454
receipt_image_620_jpg.rf.noBptKC2fR9G4qAEZzPr.jpg,Caer :,not_food,0.9093
receipt_image_620_jpg.rf.noBptKC2fR9G4qAEZzPr.jpg,DESC,not_food,0.9381
receipt_image_620_jpg.rf.noBptKC2fR9G4qAEZzPr.jpg,AMOUNT,not_food,0.8481
receipt_image_620_jpg.rf.noBptKC2fR9G4qAEZzPr.jpg,QTY,not_food,0.8711
receipt_image_620_jpg.rf.noBptKC2fR9G4qAEZzPr.jpg,RM,not_food,0.9394
receipt_image_620_jpg.rf.noBptKC2fR9G4qAEZzPr.jpg,RM,not_food,0.9394
receipt_image_620_jpg.rf.noBptKC2fR9G4qAEZzPr.jpg,L123 ANDROID USB CABLE (CODE15),not_food,0.9508
receipt_image_620_jpg.rf.noBptKC2fR9G4qAEZzPr.jpg,1 UNIT *,not_food,0.9384
receipt_image_620_jpg.rf.noBptKC2fR9G4qAEZzPr.jpg,15.00,not_food,0.9578
receipt_image_620_jpg.rf.noBptKC2fR9G4qAEZzPr.jpg,0.00,not_food,0.958
receipt_image_620_jpg.rf.noBptKC2fR9G4qAEZzPr.jpg,15.00,not_food,0.9578
receipt_image_620_jpg.rf.noBptKC2fR9G4qAEZzPr.jpg,14.15,not_food,0.9554
receipt_image_620_jpg.rf.noBptKC2fR9G4qAEZzPr.jpg,GST 6% :,not_food,0.9298
receipt_image_620_jpg.rf.noBptKC2fR9G4qAEZzPr.jpg,0.85,not_food,0.9576
receipt_image_620_jpg.rf.noBptKC2fR9G4qAEZzPr.jpg,Rounding Adjustment :,not_food,0.9432
receipt_image_620_jpg.rf.noBptKC2fR9G4qAEZzPr.jpg,0.00,not_food,0.958
receipt_image_620_jpg.rf.noBptKC2fR9G4qAEZzPr.jpg,15.00,not_food,0.9578
receipt_image_620_jpg.rf.noBptKC2fR9G4qAEZzPr.jpg,15.00,not_food,0.9578
receipt_image_620_jpg.rf.noBptKC2fR9G4qAEZzPr.jpg,GST Summary,not_food,0.9459
receipt_image_620_jpg.rf.noBptKC2fR9G4qAEZzPr.jpg,Tax(RM),not_food,0.8685
receipt_image_620_jpg.rf.noBptKC2fR9G4qAEZzPr.jpg,14.15,not_food,0.9554
receipt_image_620_jpg.rf.noBptKC2fR9G4qAEZzPr.jpg,0.85,not_food,0.9576
receipt_image_620_jpg.rf.noBptKC2fR9G4qAEZzPr.jpg,refundable.,not_food,0.9453
receipt_image_663_jpg.rf.2VjzYH162tsMd3KzJwgt.jpg,3-1707067,not_food,0.9352
receipt_image_663_jpg.rf.2VjzYH162tsMd3KzJwgt.jpg,(481500-M),not_food,0.9571
receipt_image_663_jpg.rf.2VjzYH162tsMd3KzJwgt.jpg,Tel:03-89410243,not_food,0.9578
receipt_image_663_jpg.rf.2VjzYH162tsMd3KzJwgt.jpg,Fax:03-89410243,not_food,0.9591
receipt_image_663_jpg.rf.2VjzYH162tsMd3KzJwgt.jpg,GST Reg No. : 000549584896,not_food,0.9561
receipt_image_663_jpg.rf.2VjzYH162tsMd3KzJwgt.jpg,:CR 1803/0064,not_food,0.9145
receipt_image_663_jpg.rf.2VjzYH162tsMd3KzJwgt.jpg,Date,not_food,0.8746
receipt_image_663_jpg.rf.2VjzYH162tsMd3KzJwgt.jpg,: 01-03-18 5:23:26 PM,not_food,0.9572
receipt_image_663_jpg.rf.2VjzYH162tsMd3KzJwgt.jpg,Counter No.,not_food,0.8312
receipt_image_663_jpg.rf.2VjzYH162tsMd3KzJwgt.jpg,:c1,not_food,0.948
receipt_image_663_jpg.rf.2VjzYH162tsMd3KzJwgt.jpg,: 01-03-18 5:23:30 PM.,not_food,0.9576
receipt_image_663_jpg.rf.2VjzYH162tsMd3KzJwgt.jpg,Item Name,not_food,0.9491
receipt_image_663_jpg.rf.2VjzYH162tsMd3KzJwgt.jpg,Oty,not_food,0.8356
receipt_image_663_jpg.rf.2VjzYH162tsMd3KzJwgt.jpg,nt,not_food,0.9213
receipt_image_663_jpg.rf.2VjzYH162tsMd3KzJwgt.jpg,AIR ADAPTOR @ 1,not_food,0.9571
receipt_image_663_jpg.rf.2VjzYH162tsMd3KzJwgt.jpg,4.00,not_food,0.958
receipt_image_663_jpg.rf.2VjzYH162tsMd3KzJwgt.jpg,20 5,not_food,0.9556
receipt_image_663_jpg.rf.2VjzYH162tsMd3KzJwgt.jpg,5 Item(s),not_food,0.9394
receipt_image_663_jpg.rf.2VjzYH162tsMd3KzJwgt.jpg,Total (MYR) :,not_food,0.8866
receipt_image_663_jpg.rf.2VjzYH162tsMd3KzJwgt.jpg,20.00,not_food,0.9574
receipt_image_663_jpg.rf.2VjzYH162tsMd3KzJwgt.jpg,GST @ 6%:,not_food,0.9408
receipt_image_663_jpg.rf.2VjzYH162tsMd3KzJwgt.jpg,1.20,not_food,0.9575
receipt_image_663_jpg.rf.2VjzYH162tsMd3KzJwgt.jpg,Net Total (MYR):,not_food,0.8119
receipt_image_663_jpg.rf.2VjzYH162tsMd3KzJwgt.jpg,21.20,not_food,0.9584
receipt_image_663_jpg.rf.2VjzYH162tsMd3KzJwgt.jpg,Rounding Adj. :,not_food,0.8959
receipt_image_663_jpg.rf.2VjzYH162tsMd3KzJwgt.jpg,0.00,not_food,0.958
receipt_image_663_jpg.rf.2VjzYH162tsMd3KzJwgt.jpg,21.20,not_food,0.9584
receipt_image_663_jpg.rf.2VjzYH162tsMd3KzJwgt.jpg,21.20,not_food,0.9584
receipt_image_663_jpg.rf.2VjzYH162tsMd3KzJwgt.jpg,Change,not_food,0.9144
receipt_image_663_jpg.rf.2VjzYH162tsMd3KzJwgt.jpg,0.00,not_food,0.958
receipt_image_663_jpg.rf.2VjzYH162tsMd3KzJwgt.jpg,GST Summary,not_food,0.9459
receipt_image_663_jpg.rf.2VjzYH162tsMd3KzJwgt.jpg,Item Amount (MYR),not_food,0.9117
receipt_image_663_jpg.rf.2VjzYH162tsMd3KzJwgt.jpg,SR  696,not_food,0.9444
receipt_image_663_jpg.rf.2VjzYH162tsMd3KzJwgt.jpg,20.00,not_food,0.9574
receipt_image_663_jpg.rf.2VjzYH162tsMd3KzJwgt.jpg,1.20,not_food,0.9575
1059-receipt_jpg.rf.CjFRdr9u29WMFa5Dk8Hl.jpg,0084,not_food,0.958
1059-receipt_jpg.rf.CjFRdr9u29WMFa5Dk8Hl.jpg,Table 31 #Party 3,not_food,0.9233
1059-receipt_jpg.rf.CjFRdr9u29WMFa5Dk8Hl.jpg,SvrCk: 13 11:47a 06/10/17,not_food,0.9275
1059-receipt_jpg.rf.CjFRdr9u29WMFa5Dk8Hl.jpg,Separate checks: 6-of-6,not_food,0.8284
1059-receipt_jpg.rf.CjFRdr9u29WMFa5Dk8Hl.jpg,6.00,not_food,0.9566
1059-receipt_jpg.rf.CjFRdr9u29WMFa5Dk8Hl.jpg,Sub Total:,not_food,0.9163
1059-receipt_jpg.rf.CjFRdr9u29WMFa5Dk8Hl.jpg,6.00,not_food,0.9566
1059-receipt_jpg.rf.CjFRdr9u29WMFa5Dk8Hl.jpg,Tax,not_food,0.9035
1059-receipt_jpg.rf.CjFRdr9u29WMFa5Dk8Hl.jpg,0.40,not_food,0.9584
1059-receipt_jpg.rf.CjFRdr9u29WMFa5Dk8Hl.jpg,06/10 1:39pTOTAL:,not_food,0.8903
1059-receipt_jpg.rf.CjFRdr9u29WMFa5Dk8Hl.jpg,1.15,not_food,0.9576
1059-receipt_jpg.rf.CjFRdr9u29WMFa5Dk8Hl.jpg,7.55,not_food,0.9589
1059-receipt_jpg.rf.CjFRdr9u29WMFa5Dk8Hl.jpg,WETAKE RESERVATIONS,not_food,0.8611
1059-receipt_jpg.rf.CjFRdr9u29WMFa5Dk8Hl.jpg,EST1946,not_food,0.936
1059-receipt_jpg.rf.CjFRdr9u29WMFa5Dk8Hl.jpg,508-548-1758,not_food,0.9384
receipt_image_128_jpg.rf.rGURZ9QCSFyUBNIy2vxH.jpg,(215)922-3427,not_food,0.9555
receipt_image_128_jpg.rf.rGURZ9QCSFyUBNIy2vxH.jpg,Check #: 00225,not_food,0.942
receipt_image_128_jpg.rf.rGURZ9QCSFyUBNIy2vxH.jpg,Date: 01/13/2012 10:16 PM,not_food,0.9515
receipt_image_128_jpg.rf.rGURZ9QCSFyUBNIy2vxH.jpg,erver: Andrew,not_food,0.8871
receipt_image_128_jpg.rf.rGURZ9QCSFyUBNIy2vxH.jpg,Station: Pos3,not_food,0.8386
receipt_image_128_jpg.rf.rGURZ9QCSFyUBNIy2vxH.jpg,3.00,not_food,0.9574
receipt_image_128_jpg.rf.rGURZ9QCSFyUBNIy2vxH.jpg,3.00,not_food,0.9574
receipt_image_128_jpg.rf.rGURZ9QCSFyUBNIy2vxH.jpg,01ives,not_food,0.9196
receipt_image_128_jpg.rf.rGURZ9QCSFyUBNIy2vxH.jpg,3.00,not_food,0.9574
receipt_image_128_jpg.rf.rGURZ9QCSFyUBNIy2vxH.jpg,14.00,not_food,0.9554
receipt_image_128_jpg.rf.rGURZ9QCSFyUBNIy2vxH.jpg,52.00,not_food,0.9582
receipt_image_128_jpg.rf.rGURZ9QCSFyUBNIy2vxH.jpg,6.00,not_food,0.9566
receipt_image_128_jpg.rf.rGURZ9QCSFyUBNIy2vxH.jpg,Sub Total,not_food,0.9014
receipt_image_128_jpg.rf.rGURZ9QCSFyUBNIy2vxH.jpg,81.00,not_food,0.9581
receipt_image_128_jpg.rf.rGURZ9QCSFyUBNIy2vxH.jpg,1.84,not_food,0.958
receipt_image_128_jpg.rf.rGURZ9QCSFyUBNIy2vxH.jpg,TOTAL,not_food,0.9458
receipt_image_128_jpg.rf.rGURZ9QCSFyUBNIy2vxH.jpg,3.4,not_food,0.9577
1076-receipt_jpg.rf.WNNhnlsx7gIC2nHYQ32q.jpg,889 W. 190th Street,not_food,0.945
1076-receipt_jpg.rf.WNNhnlsx7gIC2nHYQ32q.jpg,ph 310-324-4800,not_food,0.9582
1076-receipt_jpg.rf.WNNhnlsx7gIC2nHYQ32q.jpg,"TABLE: Kae, #31 - 1 Guest",not_food,0.937
1076-receipt_jpg.rf.WNNhnlsx7gIC2nHYQ32q.jpg,7/21/2018 10:03:14 PM - ID #: 0375509,not_food,0.9583
1076-receipt_jpg.rf.WNNhnlsx7gIC2nHYQ32q.jpg,$20.00,not_food,0.958
1076-receipt_jpg.rf.WNNhnlsx7gIC2nHYQ32q.jpg,$2.18,not_food,0.9579
1076-receipt_jpg.rf.WNNhnlsx7gIC2nHYQ32q.jpg,Automatic Gratuity,not_food,0.8472
1076-receipt_jpg.rf.WNNhnlsx7gIC2nHYQ32q.jpg,$3.60,not_food,0.959
1076-receipt_jpg.rf.WNNhnlsx7gIC2nHYQ32q.jpg,$25.78,not_food,0.9584
receipt_image_426_jpg.rf.VeuUzjkGWaMFLctiHHo2.jpg,Print No. 1 By STI000615 Viki,not_food,0.9501
receipt_image_426_jpg.rf.VeuUzjkGWaMFLctiHHo2.jpg,DATE 03/02/18 19:16,not_food,0.927
receipt_image_426_jpg.rf.VeuUzjkGWaMFLctiHHo2.jpg,Ref. : #00205-1,not_food,0.9531
receipt_image_426_jpg.rf.VeuUzjkGWaMFLctiHHo2.jpg,Staff Open Table : ST1000615 Viki,not_food,0.9461
receipt_image_426_jpg.rf.VeuUzjkGWaMFLctiHHo2.jpg,POS : CO2,not_food,0.8384
receipt_image_426_jpg.rf.VeuUzjkGWaMFLctiHHo2.jpg,TABLE T-13 (2),not_food,0.9474
receipt_image_426_jpg.rf.VeuUzjkGWaMFLctiHHo2.jpg,"48,000",not_food,0.9566
receipt_image_426_jpg.rf.VeuUzjkGWaMFLctiHHo2.jpg,"100,000",not_food,0.9529
receipt_image_426_jpg.rf.VeuUzjkGWaMFLctiHHo2.jpg,"22,000",not_food,0.9552
receipt_image_426_jpg.rf.VeuUzjkGWaMFLctiHHo2.jpg,"12,000",not_food,0.9535
receipt_image_426_jpg.rf.VeuUzjkGWaMFLctiHHo2.jpg,"29,000",not_food,0.9555
receipt_image_426_jpg.rf.VeuUzjkGWaMFLctiHHo2.jpg,"45,000",not_food,0.9555
receipt_image_426_jpg.rf.VeuUzjkGWaMFLctiHHo2.jpg,"15,000",not_food,0.9562
receipt_image_426_jpg.rf.VeuUzjkGWaMFLctiHHo2.jpg,"10,000",not_food,0.9536
receipt_image_426_jpg.rf.VeuUzjkGWaMFLctiHHo2.jpg,ITEMS:8,not_food,0.8501
receipt_image_426_jpg.rf.VeuUzjkGWaMFLctiHHo2.jpg,"281,000",not_food,0.9555
receipt_image_426_jpg.rf.VeuUzjkGWaMFLctiHHo2.jpg,Service charge,not_food,0.9434
receipt_image_426_jpg.rf.VeuUzjkGWaMFLctiHHo2.jpg,"21,075",not_food,0.9567
receipt_image_426_jpg.rf.VeuUzjkGWaMFLctiHHo2.jpg,PB1,not_food,0.9387
receipt_image_426_jpg.rf.VeuUzjkGWaMFLctiHHo2.jpg,"30,208",not_food,0.9582
receipt_image_426_jpg.rf.VeuUzjkGWaMFLctiHHo2.jpg,Total,not_food,0.9458
receipt_image_426_jpg.rf.VeuUzjkGWaMFLctiHHo2.jpg,"332,283",not_food,0.9545
receipt_image_426_jpg.rf.VeuUzjkGWaMFLctiHHo2.jpg,Please Check Order,not_food,0.8414
receipt_image_441_jpg.rf.dMneoxexjSzxyTCOVRfV.jpg,3-1707067,not_food,0.9352
receipt_image_441_jpg.rf.dMneoxexjSzxyTCOVRfV.jpg,(481500-M),not_food,0.9571
receipt_image_441_jpg.rf.dMneoxexjSzxyTCOVRfV.jpg,Tel:03-89410243,not_food,0.9578
receipt_image_441_jpg.rf.dMneoxexjSzxyTCOVRfV.jpg,Fax:03-89410243,not_food,0.9591
receipt_image_441_jpg.rf.dMneoxexjSzxyTCOVRfV.jpg,GST Reg No. : 000549584896,not_food,0.9561
receipt_image_441_jpg.rf.dMneoxexjSzxyTCOVRfV.jpg,: CR 1803/0064,not_food,0.9145
receipt_image_441_jpg.rf.dMneoxexjSzxyTCOVRfV.jpg,Date,not_food,0.8746
receipt_image_441_jpg.rf.dMneoxexjSzxyTCOVRfV.jpg,: 01-03-18 5:23:26 PM,not_food,0.9572
receipt_image_441_jpg.rf.dMneoxexjSzxyTCOVRfV.jpg,Counter No.,not_food,0.8312
receipt_image_441_jpg.rf.dMneoxexjSzxyTCOVRfV.jpg,:c1,not_food,0.948
receipt_image_441_jpg.rf.dMneoxexjSzxyTCOVRfV.jpg,:01-03-18 5:23:30 PM,not_food,0.9575
receipt_image_441_jpg.rf.dMneoxexjSzxyTCOVRfV.jpg,Item Name,not_food,0.9491
receipt_image_441_jpg.rf.dMneoxexjSzxyTCOVRfV.jpg,Qty,not_food,0.8711
receipt_image_441_jpg.rf.dMneoxexjSzxyTCOVRfV.jpg,Unit Price,not_food,0.9256
receipt_image_441_jpg.rf.dMneoxexjSzxyTCOVRfV.jpg,Amount,not_food,0.8481
receipt_image_441_jpg.rf.dMneoxexjSzxyTCOVRfV.jpg,AIR ADAPTOR @ 1,not_food,0.9571
receipt_image_441_jpg.rf.dMneoxexjSzxyTCOVRfV.jpg,5.,not_food,0.9562
receipt_image_441_jpg.rf.dMneoxexjSzxyTCOVRfV.jpg,4.00,not_food,0.958
receipt_image_441_jpg.rf.dMneoxexjSzxyTCOVRfV.jpg,20.00,not_food,0.9574
receipt_image_441_jpg.rf.dMneoxexjSzxyTCOVRfV.jpg,SR,not_food,0.921
receipt_image_441_jpg.rf.dMneoxexjSzxyTCOVRfV.jpg,5 Item(s),not_food,0.9394
receipt_image_441_jpg.rf.dMneoxexjSzxyTCOVRfV.jpg,Total (MYR) :,not_food,0.8866
receipt_image_441_jpg.rf.dMneoxexjSzxyTCOVRfV.jpg,20.00,not_food,0.9574
receipt_image_441_jpg.rf.dMneoxexjSzxyTCOVRfV.jpg,GST @ 6% :,not_food,0.9408
receipt_image_441_jpg.rf.dMneoxexjSzxyTCOVRfV.jpg,1.20,not_food,0.9575
receipt_image_441_jpg.rf.dMneoxexjSzxyTCOVRfV.jpg,Net Total (MYR) :,not_food,0.8119
receipt_image_441_jpg.rf.dMneoxexjSzxyTCOVRfV.jpg,21.20,not_food,0.9584
receipt_image_441_jpg.rf.dMneoxexjSzxyTCOVRfV.jpg,Rounding Adj. :,not_food,0.8959
receipt_image_441_jpg.rf.dMneoxexjSzxyTCOVRfV.jpg,0.00,not_food,0.958
receipt_image_441_jpg.rf.dMneoxexjSzxyTCOVRfV.jpg,21.20,not_food,0.9584
receipt_image_441_jpg.rf.dMneoxexjSzxyTCOVRfV.jpg,21.20,not_food,0.9584
receipt_image_441_jpg.rf.dMneoxexjSzxyTCOVRfV.jpg,Change,not_food,0.9144
receipt_image_441_jpg.rf.dMneoxexjSzxyTCOVRfV.jpg,0.00,not_food,0.958
receipt_image_441_jpg.rf.dMneoxexjSzxyTCOVRfV.jpg,GST Summary,not_food,0.9459
receipt_image_441_jpg.rf.dMneoxexjSzxyTCOVRfV.jpg,Item Amount (MYR),not_food,0.9117
receipt_image_441_jpg.rf.dMneoxexjSzxyTCOVRfV.jpg,20.00,not_food,0.9574
receipt_image_441_jpg.rf.dMneoxexjSzxyTCOVRfV.jpg,1.20,not_food,0.9575
1071-receipt_jpg.rf.zCz8LmBPQPz3b1yfkaft.jpg,Flora1 Park NY 11001,not_food,0.9152
1071-receipt_jpg.rf.zCz8LmBPQPz3b1yfkaft.jpg,Te1.(516) 358-5584,not_food,0.9321
1071-receipt_jpg.rf.zCz8LmBPQPz3b1yfkaft.jpg,Order 217510,not_food,0.9483
1071-receipt_jpg.rf.zCz8LmBPQPz3b1yfkaft.jpg,02/18/1710:20 PM Check 101244,not_food,0.9501
1071-receipt_jpg.rf.zCz8LmBPQPz3b1yfkaft.jpg,Table 15 Cust. 2 Server 21 Kelly Bowe,not_food,0.957
1071-receipt_jpg.rf.zCz8LmBPQPz3b1yfkaft.jpg,11.00,not_food,0.9578
1071-receipt_jpg.rf.zCz8LmBPQPz3b1yfkaft.jpg,18.00,not_food,0.9566
1071-receipt_jpg.rf.zCz8LmBPQPz3b1yfkaft.jpg,16.00,not_food,0.9575
1071-receipt_jpg.rf.zCz8LmBPQPz3b1yfkaft.jpg,4.00,not_food,0.958
1071-receipt_jpg.rf.zCz8LmBPQPz3b1yfkaft.jpg,1 Dft Shock top,not_food,0.9035
1071-receipt_jpg.rf.zCz8LmBPQPz3b1yfkaft.jpg,5.50,not_food,0.9582
1071-receipt_jpg.rf.zCz8LmBPQPz3b1yfkaft.jpg,15.00,not_food,0.9578
1071-receipt_jpg.rf.zCz8LmBPQPz3b1yfkaft.jpg,Taxable:,not_food,0.9453
1071-receipt_jpg.rf.zCz8LmBPQPz3b1yfkaft.jpg,69.50,not_food,0.9582
1071-receipt_jpg.rf.zCz8LmBPQPz3b1yfkaft.jpg,Sub-total:,not_food,0.9186
1071-receipt_jpg.rf.zCz8LmBPQPz3b1yfkaft.jpg,69.50,not_food,0.9582
1071-receipt_jpg.rf.zCz8LmBPQPz3b1yfkaft.jpg,Tax:,not_food,0.9206
1071-receipt_jpg.rf.zCz8LmBPQPz3b1yfkaft.jpg,6.00,not_food,0.9566
1071-receipt_jpg.rf.zCz8LmBPQPz3b1yfkaft.jpg,75.50,not_food,0.9571
1071-receipt_jpg.rf.zCz8LmBPQPz3b1yfkaft.jpg,AIVERICAN,not_food,0.8421
1186-receipt_jpg.rf.aJ8H4CKBbU84jRvxa4Gb.jpg,5/3/19 8:14 PM,not_food,0.9431
1186-receipt_jpg.rf.aJ8H4CKBbU84jRvxa4Gb.jpg,DARWIN D. Table:10 Check:137,not_food,0.955
1186-receipt_jpg.rf.aJ8H4CKBbU84jRvxa4Gb.jpg,3 Prem Glass 07.50,not_food,0.9104
1186-receipt_jpg.rf.aJ8H4CKBbU84jRvxa4Gb.jpg,$22.50,not_food,0.9587
1186-receipt_jpg.rf.aJ8H4CKBbU84jRvxa4Gb.jpg,1 MED Veggle 027.00,not_food,0.8165
1186-receipt_jpg.rf.aJ8H4CKBbU84jRvxa4Gb.jpg,$27.00,not_food,0.9585
1186-receipt_jpg.rf.aJ8H4CKBbU84jRvxa4Gb.jpg,Sub-Total,not_food,0.9029
1186-receipt_jpg.rf.aJ8H4CKBbU84jRvxa4Gb.jpg,$49.50,not_food,0.9581
1186-receipt_jpg.rf.aJ8H4CKBbU84jRvxa4Gb.jpg,Sales Tax,not_food,0.8299
1186-receipt_jpg.rf.aJ8H4CKBbU84jRvxa4Gb.jpg,$2.97,not_food,0.9583
1186-receipt_jpg.rf.aJ8H4CKBbU84jRvxa4Gb.jpg,Total,not_food,0.9458
1186-receipt_jpg.rf.aJ8H4CKBbU84jRvxa4Gb.jpg,$52.47,not_food,0.9583
1186-receipt_jpg.rf.aJ8H4CKBbU84jRvxa4Gb.jpg,Payments,not_food,0.8216
1186-receipt_jpg.rf.aJ8H4CKBbU84jRvxa4Gb.jpg,$52.47,not_food,0.9583
1186-receipt_jpg.rf.aJ8H4CKBbU84jRvxa4Gb.jpg,MASTERCARD ***6170,not_food,0.9146
1186-receipt_jpg.rf.aJ8H4CKBbU84jRvxa4Gb.jpg,$0.00,not_food,0.958
1186-receipt_jpg.rf.aJ8H4CKBbU84jRvxa4Gb.jpg,Charge Receipt,not_food,0.9395
1186-receipt_jpg.rf.aJ8H4CKBbU84jRvxa4Gb.jpg,Server:,not_food,0.9395
1186-receipt_jpg.rf.aJ8H4CKBbU84jRvxa4Gb.jpg,DARWIN D.,not_food,0.8483
1186-receipt_jpg.rf.aJ8H4CKBbU84jRvxa4Gb.jpg,Table No:,not_food,0.9384
1186-receipt_jpg.rf.aJ8H4CKBbU84jRvxa4Gb.jpg,10,not_food,0.9544
receipt_image_725_jpg.rf.DRrntBoVjDKeTgYKfscU.jpg,081291703970,not_food,0.9575
receipt_image_725_jpg.rf.DRrntBoVjDKeTgYKfscU.jpg,"32,000",not_food,0.9567
receipt_image_725_jpg.rf.DRrntBoVjDKeTgYKfscU.jpg,"6,000",not_food,0.952
receipt_image_725_jpg.rf.DRrntBoVjDKeTgYKfscU.jpg,"32,000",not_food,0.9567
receipt_image_725_jpg.rf.DRrntBoVjDKeTgYKfscU.jpg,"16,000",not_food,0.9552
receipt_image_725_jpg.rf.DRrntBoVjDKeTgYKfscU.jpg,* ES,not_food,0.8847
receipt_image_725_jpg.rf.DRrntBoVjDKeTgYKfscU.jpg,Sub Total,not_food,0.9014
receipt_image_725_jpg.rf.DRrntBoVjDKeTgYKfscU.jpg,"86,000",not_food,0.9537
receipt_image_725_jpg.rf.DRrntBoVjDKeTgYKfscU.jpg,BI11:,not_food,0.9242
receipt_image_725_jpg.rf.DRrntBoVjDKeTgYKfscU.jpg,"86,000",not_food,0.9537
receipt_image_154_jpg.rf.AkOiF3yHtwe4VhMit5Jj.jpg,1553 CENTRAL AVE.,not_food,0.9506
receipt_image_154_jpg.rf.AkOiF3yHtwe4VhMit5Jj.jpg,(518) 456-5656,not_food,0.9559
receipt_image_154_jpg.rf.AkOiF3yHtwe4VhMit5Jj.jpg,0B/22/2015,not_food,0.9421
receipt_image_154_jpg.rf.AkOiF3yHtwe4VhMit5Jj.jpg,Table 57/1,not_food,0.9492
receipt_image_154_jpg.rf.AkOiF3yHtwe4VhMit5Jj.jpg,9124 PH,not_food,0.9432
receipt_image_154_jpg.rf.AkOiF3yHtwe4VhMit5Jj.jpg,#70056,not_food,0.9517
receipt_image_154_jpg.rf.AkOiF3yHtwe4VhMit5Jj.jpg,No Bev (2 80.00),not_food,0.8455
receipt_image_154_jpg.rf.AkOiF3yHtwe4VhMit5Jj.jpg,0.00,not_food,0.958
receipt_image_154_jpg.rf.AkOiF3yHtwe4VhMit5Jj.jpg,7.99,not_food,0.9591
receipt_image_154_jpg.rf.AkOiF3yHtwe4VhMit5Jj.jpg,24.99,not_food,0.9586
receipt_image_154_jpg.rf.AkOiF3yHtwe4VhMit5Jj.jpg,2.99,not_food,0.9579
receipt_image_154_jpg.rf.AkOiF3yHtwe4VhMit5Jj.jpg,3.99,not_food,0.9581
receipt_image_154_jpg.rf.AkOiF3yHtwe4VhMit5Jj.jpg,2.99,not_food,0.9579
receipt_image_154_jpg.rf.AkOiF3yHtwe4VhMit5Jj.jpg,42.95,not_food,0.9595
receipt_image_154_jpg.rf.AkOiF3yHtwe4VhMit5Jj.jpg,3.44,not_food,0.9577
receipt_image_154_jpg.rf.AkOiF3yHtwe4VhMit5Jj.jpg,46.39,not_food,0.9587
receipt_image_154_jpg.rf.AkOiF3yHtwe4VhMit5Jj.jpg,Total,not_food,0.9458
receipt_image_154_jpg.rf.AkOiF3yHtwe4VhMit5Jj.jpg,46.39,not_food,0.9587
receipt_image_154_jpg.rf.AkOiF3yHtwe4VhMit5Jj.jpg,Not Included,not_food,0.8217
1160-receipt_jpg.rf.6hjD6kYvaS4dJDJh3UTR.jpg,(954) 893-2000,not_food,0.9569
1160-receipt_jpg.rf.6hjD6kYvaS4dJDJh3UTR.jpg,Server: Melina,not_food,0.9274
1160-receipt_jpg.rf.6hjD6kYvaS4dJDJh3UTR.jpg,Station: 2,not_food,0.8914
1160-receipt_jpg.rf.6hjD6kYvaS4dJDJh3UTR.jpg,Order #: 4876,not_food,0.9482
1160-receipt_jpg.rf.6hjD6kYvaS4dJDJh3UTR.jpg,Table: 1,not_food,0.9518
1160-receipt_jpg.rf.6hjD6kYvaS4dJDJh3UTR.jpg,2.55,not_food,0.958
1160-receipt_jpg.rf.6hjD6kYvaS4dJDJh3UTR.jpg,8.95,not_food,0.9588
1160-receipt_jpg.rf.6hjD6kYvaS4dJDJh3UTR.jpg,19.95,not_food,0.959
1160-receipt_jpg.rf.6hjD6kYvaS4dJDJh3UTR.jpg,0.00,not_food,0.958
1160-receipt_jpg.rf.6hjD6kYvaS4dJDJh3UTR.jpg,Food Subtotal:,not_food,0.8916
1160-receipt_jpg.rf.6hjD6kYvaS4dJDJh3UTR.jpg,31.45,not_food,0.959
1160-receipt_jpg.rf.6hjD6kYvaS4dJDJh3UTR.jpg,Tax 1:,not_food,0.9252
1160-receipt_jpg.rf.6hjD6kYvaS4dJDJh3UTR.jpg,1.89,not_food,0.9574
1160-receipt_jpg.rf.6hjD6kYvaS4dJDJh3UTR.jpg,TOTAL:,not_food,0.9475
1160-receipt_jpg.rf.6hjD6kYvaS4dJDJh3UTR.jpg,$33.34,not_food,0.9561
1160-receipt_jpg.rf.6hjD6kYvaS4dJDJh3UTR.jpg,7/10/2017 9:32:06 PM,not_food,0.9546
1160-receipt_jpg.rf.6hjD6kYvaS4dJDJh3UTR.jpg,THANK YOU!,not_food,0.8529
receipt_image_113_jpg.rf.PY7n03OBuziaNYi1dSa5.jpg,suay,not_food,0.8506
receipt_image_113_jpg.rf.PY7n03OBuziaNYi1dSa5.jpg,Item Count::3,not_food,0.9531
receipt_image_113_jpg.rf.PY7n03OBuziaNYi1dSa5.jpg,ENTERED BY,not_food,0.8617
receipt_image_113_jpg.rf.PY7n03OBuziaNYi1dSa5.jpg,030835,not_food,0.9587
receipt_image_113_jpg.rf.PY7n03OBuziaNYi1dSa5.jpg,atud,not_food,0.9077
receipt_image_113_jpg.rf.PY7n03OBuziaNYi1dSa5.jpg,10/25/2018,not_food,0.9252
receipt_image_113_jpg.rf.PY7n03OBuziaNYi1dSa5.jpg,8:30 PM,not_food,0.9499
receipt_image_113_jpg.rf.PY7n03OBuziaNYi1dSa5.jpg,01,not_food,0.9567
receipt_image_113_jpg.rf.PY7n03OBuziaNYi1dSa5.jpg,12.49,not_food,0.9584
receipt_image_113_jpg.rf.PY7n03OBuziaNYi1dSa5.jpg,Éand toss,not_food,0.8208
receipt_image_113_jpg.rf.PY7n03OBuziaNYi1dSa5.jpg,021,not_food,0.9577
receipt_image_113_jpg.rf.PY7n03OBuziaNYi1dSa5.jpg,$F1veLU,not_food,0.9077
receipt_image_113_jpg.rf.PY7n03OBuziaNYi1dSa5.jpg,7.69,not_food,0.9588
receipt_image_113_jpg.rf.PY7n03OBuziaNYi1dSa5.jpg,03,not_food,0.9566
receipt_image_113_jpg.rf.PY7n03OBuziaNYi1dSa5.jpg,13:50,not_food,0.9577
receipt_image_113_jpg.rf.PY7n03OBuziaNYi1dSa5.jpg,DosEquis,not_food,0.8689
receipt_image_113_jpg.rf.PY7n03OBuziaNYi1dSa5.jpg,10.18,not_food,0.9569
receipt_image_113_jpg.rf.PY7n03OBuziaNYi1dSa5.jpg,23.50,not_food,0.9584
receipt_image_113_jpg.rf.PY7n03OBuziaNYi1dSa5.jpg,Service Fee,not_food,0.9212
receipt_image_113_jpg.rf.PY7n03OBuziaNYi1dSa5.jpg,0.94,not_food,0.9579
receipt_image_113_jpg.rf.PY7n03OBuziaNYi1dSa5.jpg,SALES TAX,not_food,0.8299
receipt_image_113_jpg.rf.PY7n03OBuziaNYi1dSa5.jpg,2.32,not_food,0.9573
receipt_image_113_jpg.rf.PY7n03OBuziaNYi1dSa5.jpg,26.76,not_food,0.9575
1101-receipt_jpg.rf.0G1AgmTR9ssEBqxLps3W.jpg,9094229532,not_food,0.9586
1101-receipt_jpg.rf.0G1AgmTR9ssEBqxLps3W.jpg,ORDER: T4G1,not_food,0.9274
1101-receipt_jpg.rf.0G1AgmTR9ssEBqxLps3W.jpg,04-Nov-2018 9:07:13P,not_food,0.9579
1101-receipt_jpg.rf.0G1AgmTR9ssEBqxLps3W.jpg,Guest 1,not_food,0.8968
1101-receipt_jpg.rf.0G1AgmTR9ssEBqxLps3W.jpg,$9.50,not_food,0.9582
1101-receipt_jpg.rf.0G1AgmTR9ssEBqxLps3W.jpg,$13.05,not_food,0.9588
1101-receipt_jpg.rf.0G1AgmTR9ssEBqxLps3W.jpg,Tax,not_food,0.9035
1101-receipt_jpg.rf.0G1AgmTR9ssEBqxLps3W.jpg,$1.01,not_food,0.9585
1101-receipt_jpg.rf.0G1AgmTR9ssEBqxLps3W.jpg,Total,not_food,0.9458
1101-receipt_jpg.rf.0G1AgmTR9ssEBqxLps3W.jpg,$14.06,not_food,0.9577
1101-receipt_jpg.rf.0G1AgmTR9ssEBqxLps3W.jpg,Order 4AW465DFNMVRT,not_food,0.9499
receipt_image_605_jpg.rf.i7MVCrTqbDT4iO72j25A.jpg,BR No.1160956-H,not_food,0.9248
receipt_image_605_jpg.rf.i7MVCrTqbDT4iO72j25A.jpg,03-89442249.,not_food,0.9584
receipt_image_605_jpg.rf.i7MVCrTqbDT4iO72j25A.jpg,GST No.:001552822272,not_food,0.9563
receipt_image_605_jpg.rf.i7MVCrTqbDT4iO72j25A.jpg,13/01/2018 11:44:30PM,not_food,0.9548
receipt_image_605_jpg.rf.i7MVCrTqbDT4iO72j25A.jpg,TRN: C2050063,not_food,0.9558
receipt_image_605_jpg.rf.i7MVCrTqbDT4iO72j25A.jpg,ou 2,not_food,0.8577
receipt_image_605_jpg.rf.i7MVCrTqbDT4iO72j25A.jpg,QTY UOM,not_food,0.8506
receipt_image_605_jpg.rf.i7MVCrTqbDT4iO72j25A.jpg,UNITAmt Exc. Amt Inc GSTC,not_food,0.9524
receipt_image_605_jpg.rf.i7MVCrTqbDT4iO72j25A.jpg,Tax,not_food,0.9035
receipt_image_605_jpg.rf.i7MVCrTqbDT4iO72j25A.jpg,Taxode,not_food,0.885
receipt_image_605_jpg.rf.i7MVCrTqbDT4iO72j25A.jpg,HD 32 X40 1kg,not_food,0.9461
receipt_image_605_jpg.rf.i7MVCrTqbDT4iO72j25A.jpg,2 PKT,not_food,0.92
receipt_image_605_jpg.rf.i7MVCrTqbDT4iO72j25A.jpg,10.38,not_food,0.9579
receipt_image_605_jpg.rf.i7MVCrTqbDT4iO72j25A.jpg,20.75,not_food,0.9568
receipt_image_605_jpg.rf.i7MVCrTqbDT4iO72j25A.jpg,22.00,not_food,0.958
receipt_image_605_jpg.rf.i7MVCrTqbDT4iO72j25A.jpg,SR,not_food,0.921
receipt_image_605_jpg.rf.i7MVCrTqbDT4iO72j25A.jpg,GST @6% + 1.25,not_food,0.9225
receipt_image_605_jpg.rf.i7MVCrTqbDT4iO72j25A.jpg,GB3648-GARBAGE BAG 36x48 1X15,not_food,0.9566
receipt_image_605_jpg.rf.i7MVCrTqbDT4iO72j25A.jpg,2PKT,not_food,0.8468
receipt_image_605_jpg.rf.i7MVCrTqbDT4iO72j25A.jpg,GST @6% + 1.06,not_food,0.9235
receipt_image_605_jpg.rf.i7MVCrTqbDT4iO72j25A.jpg,8.87,not_food,0.9579
receipt_image_605_jpg.rf.i7MVCrTqbDT4iO72j25A.jpg,17.74,not_food,0.958
receipt_image_605_jpg.rf.i7MVCrTqbDT4iO72j25A.jpg,18.80,not_food,0.9578
receipt_image_605_jpg.rf.i7MVCrTqbDT4iO72j25A.jpg,SR,not_food,0.921
receipt_image_605_jpg.rf.i7MVCrTqbDT4iO72j25A.jpg,*Total Qty: 4.00,not_food,0.9476
receipt_image_605_jpg.rf.i7MVCrTqbDT4iO72j25A.jpg,40.80,not_food,0.9581
receipt_image_605_jpg.rf.i7MVCrTqbDT4iO72j25A.jpg,Total Includes GST 6%,not_food,0.8771
receipt_image_605_jpg.rf.i7MVCrTqbDT4iO72j25A.jpg,40.80,not_food,0.9581
receipt_image_605_jpg.rf.i7MVCrTqbDT4iO72j25A.jpg,Change,not_food,0.9144
receipt_image_605_jpg.rf.i7MVCrTqbDT4iO72j25A.jpg,51.00,not_food,0.9588
receipt_image_605_jpg.rf.i7MVCrTqbDT4iO72j25A.jpg,GST Summary,not_food,0.9459
receipt_image_605_jpg.rf.i7MVCrTqbDT4iO72j25A.jpg,10.20,not_food,0.9577
receipt_image_605_jpg.rf.i7MVCrTqbDT4iO72j25A.jpg,SR=6%,not_food,0.8636
receipt_image_605_jpg.rf.i7MVCrTqbDT4iO72j25A.jpg,Tax (RM),not_food,0.8685
receipt_image_605_jpg.rf.i7MVCrTqbDT4iO72j25A.jpg,38.49,not_food,0.9583
receipt_image_605_jpg.rf.i7MVCrTqbDT4iO72j25A.jpg,2.31,not_food,0.9583
receipt_image_39_jpg.rf.YqBagDF7LZfSYGUGhwzq.jpg,uu c,not_food,0.9017
receipt_image_39_jpg.rf.YqBagDF7LZfSYGUGhwzq.jpg,01/12/19 1:23 PH,not_food,0.9532
receipt_image_39_jpg.rf.YqBagDF7LZfSYGUGhwzq.jpg,Matter 8o Sophte,not_food,0.9269
receipt_image_39_jpg.rf.YqBagDF7LZfSYGUGhwzq.jpg,Table 501 Cust 1,not_food,0.9507
receipt_image_39_jpg.rf.YqBagDF7LZfSYGUGhwzq.jpg,Order 1388,not_food,0.9416
receipt_image_39_jpg.rf.YqBagDF7LZfSYGUGhwzq.jpg,5.00,not_food,0.9575
receipt_image_39_jpg.rf.YqBagDF7LZfSYGUGhwzq.jpg,8.00,not_food,0.9576
receipt_image_39_jpg.rf.YqBagDF7LZfSYGUGhwzq.jpg,11.00,not_food,0.9578
receipt_image_39_jpg.rf.YqBagDF7LZfSYGUGhwzq.jpg,12.00,not_food,0.957
receipt_image_39_jpg.rf.YqBagDF7LZfSYGUGhwzq.jpg,4.50,not_food,0.9583
receipt_image_39_jpg.rf.YqBagDF7LZfSYGUGhwzq.jpg,Taxable:,not_food,0.9453
receipt_image_39_jpg.rf.YqBagDF7LZfSYGUGhwzq.jpg,40.50,not_food,0.9576
receipt_image_39_jpg.rf.YqBagDF7LZfSYGUGhwzq.jpg,Subi-total;,not_food,0.8914
receipt_image_39_jpg.rf.YqBagDF7LZfSYGUGhwzq.jpg,40.50,not_food,0.9576
receipt_image_39_jpg.rf.YqBagDF7LZfSYGUGhwzq.jpg,Taxee:,not_food,0.8814
receipt_image_39_jpg.rf.YqBagDF7LZfSYGUGhwzq.jpg,3.85,not_food,0.9575
receipt_image_39_jpg.rf.YqBagDF7LZfSYGUGhwzq.jpg,Total Due:,not_food,0.9296
receipt_image_39_jpg.rf.YqBagDF7LZfSYGUGhwzq.jpg,44.35,not_food,0.9569
receipt_image_39_jpg.rf.YqBagDF7LZfSYGUGhwzq.jpg,ww.laureltavern.com,not_food,0.8362
receipt_image_39_jpg.rf.YqBagDF7LZfSYGUGhwzq.jpg,NSr,not_food,0.864
1193-receipt_jpg.rf.IyJCk5sRhnJ5uKnzHUsi.jpg,Store #0134,not_food,0.862
1193-receipt_jpg.rf.IyJCk5sRhnJ5uKnzHUsi.jpg,"Pismo Beach, CA 93449",not_food,0.8499
1193-receipt_jpg.rf.IyJCk5sRhnJ5uKnzHUsi.jpg,(805) 773-0606,not_food,0.957
1193-receipt_jpg.rf.IyJCk5sRhnJ5uKnzHUsi.jpg,www.mcples.com,not_food,0.9346
1193-receipt_jpg.rf.IyJCk5sRhnJ5uKnzHUsi.jpg,Tbl2/1,not_food,0.8295
1193-receipt_jpg.rf.IyJCk5sRhnJ5uKnzHUsi.jpg,0st 2,not_food,0.904
1193-receipt_jpg.rf.IyJCk5sRhnJ5uKnzHUsi.jpg,0.00,not_food,0.958
1193-receipt_jpg.rf.IyJCk5sRhnJ5uKnzHUsi.jpg,19.98,not_food,0.9589
1193-receipt_jpg.rf.IyJCk5sRhnJ5uKnzHUsi.jpg,00.0,not_food,0.9581
1193-receipt_jpg.rf.IyJCk5sRhnJ5uKnzHUsi.jpg,00:0,not_food,0.9578
1193-receipt_jpg.rf.IyJCk5sRhnJ5uKnzHUsi.jpg,2.79,not_food,0.9577
1193-receipt_jpg.rf.IyJCk5sRhnJ5uKnzHUsi.jpg,BDAY CLUB $5,not_food,0.9337
1193-receipt_jpg.rf.IyJCk5sRhnJ5uKnzHUsi.jpg,5.00-,not_food,0.9564
1193-receipt_jpg.rf.IyJCk5sRhnJ5uKnzHUsi.jpg,17.77,not_food,0.9584
1193-receipt_jpg.rf.IyJCk5sRhnJ5uKnzHUsi.jpg,Tax,not_food,0.9035
1193-receipt_jpg.rf.IyJCk5sRhnJ5uKnzHUsi.jpg,1.42,not_food,0.9587
1193-receipt_jpg.rf.IyJCk5sRhnJ5uKnzHUsi.jpg,07:10PM Total,not_food,0.948
1193-receipt_jpg.rf.IyJCk5sRhnJ5uKnzHUsi.jpg,19.19,not_food,0.9574
receipt_image_149_jpg.rf.H2Jtc6DPjxKL59VgwAa0.jpg,Phone: (718)229-2367,not_food,0.9379
receipt_image_149_jpg.rf.H2Jtc6DPjxKL59VgwAa0.jpg,Email: BaysidesBensDeli.net,not_food,0.9485
receipt_image_149_jpg.rf.H2Jtc6DPjxKL59VgwAa0.jpg,O032 Table 45 #Party 3,not_food,0.9254
receipt_image_149_jpg.rf.H2Jtc6DPjxKL59VgwAa0.jpg,JESSICA M SvrCk: 1 12:05 03/05/17,not_food,0.9387
receipt_image_149_jpg.rf.H2Jtc6DPjxKL59VgwAa0.jpg,27.98,not_food,0.9593
receipt_image_149_jpg.rf.H2Jtc6DPjxKL59VgwAa0.jpg,0.00,not_food,0.958
receipt_image_149_jpg.rf.H2Jtc6DPjxKL59VgwAa0.jpg,1 ROUND,not_food,0.9271
receipt_image_149_jpg.rf.H2Jtc6DPjxKL59VgwAa0.jpg,3.99,not_food,0.9581
receipt_image_149_jpg.rf.H2Jtc6DPjxKL59VgwAa0.jpg,3.99,not_food,0.9581
receipt_image_149_jpg.rf.H2Jtc6DPjxKL59VgwAa0.jpg,1.99,not_food,0.9577
receipt_image_149_jpg.rf.H2Jtc6DPjxKL59VgwAa0.jpg,0.00,not_food,0.958
receipt_image_149_jpg.rf.H2Jtc6DPjxKL59VgwAa0.jpg,Sub Total:,not_food,0.9163
receipt_image_149_jpg.rf.H2Jtc6DPjxKL59VgwAa0.jpg,37.95,not_food,0.9589
receipt_image_149_jpg.rf.H2Jtc6DPjxKL59VgwAa0.jpg,Tax,not_food,0.9035
receipt_image_149_jpg.rf.H2Jtc6DPjxKL59VgwAa0.jpg,3.37,not_food,0.958
receipt_image_149_jpg.rf.H2Jtc6DPjxKL59VgwAa0.jpg,03/05 12:41 TOTAL:,not_food,0.955
receipt_image_149_jpg.rf.H2Jtc6DPjxKL59VgwAa0.jpg,41.32,not_food,0.9586
receipt_image_149_jpg.rf.H2Jtc6DPjxKL59VgwAa0.jpg,5.69,not_food,0.9583
receipt_image_149_jpg.rf.H2Jtc6DPjxKL59VgwAa0.jpg,6.83,not_food,0.9581
845482f465f204cc2d4d5be47ccabb35_jpg.rf.eO7AInJmSyOpFJY4D8jt.jpg,Target,not_food,0.821
845482f465f204cc2d4d5be47ccabb35_jpg.rf.eO7AInJmSyOpFJY4D8jt.jpg,[407] 428-8155,not_food,0.9467
845482f465f204cc2d4d5be47ccabb35_jpg.rf.eO7AInJmSyOpFJY4D8jt.jpg,07-22-2021,not_food,0.9421
845482f465f204cc2d4d5be47ccabb35_jpg.rf.eO7AInJmSyOpFJY4D8jt.jpg,01:30 PM,not_food,0.9522
845482f465f204cc2d4d5be47ccabb35_jpg.rf.eO7AInJmSyOpFJY4D8jt.jpg,BATCH #:074BD,not_food,0.9214
845482f465f204cc2d4d5be47ccabb35_jpg.rf.eO7AInJmSyOpFJY4D8jt.jpg,visa,not_food,0.8493
845482f465f204cc2d4d5be47ccabb35_jpg.rf.eO7AInJmSyOpFJY4D8jt.jpg,$6.99,not_food,0.9583
845482f465f204cc2d4d5be47ccabb35_jpg.rf.eO7AInJmSyOpFJY4D8jt.jpg,1 Air Wick,not_food,0.9545
845482f465f204cc2d4d5be47ccabb35_jpg.rf.eO7AInJmSyOpFJY4D8jt.jpg,$2.59,not_food,0.958
845482f465f204cc2d4d5be47ccabb35_jpg.rf.eO7AInJmSyOpFJY4D8jt.jpg,1 Depend Silhouettes,not_food,0.9121
845482f465f204cc2d4d5be47ccabb35_jpg.rf.eO7AInJmSyOpFJY4D8jt.jpg,$17.49,not_food,0.9587
845482f465f204cc2d4d5be47ccabb35_jpg.rf.eO7AInJmSyOpFJY4D8jt.jpg,$769,not_food,0.9582
845482f465f204cc2d4d5be47ccabb35_jpg.rf.eO7AInJmSyOpFJY4D8jt.jpg,$34.76,not_food,0.958
845482f465f204cc2d4d5be47ccabb35_jpg.rf.eO7AInJmSyOpFJY4D8jt.jpg,TAX:,not_food,0.9206
845482f465f204cc2d4d5be47ccabb35_jpg.rf.eO7AInJmSyOpFJY4D8jt.jpg,$17.38,not_food,0.9581
845482f465f204cc2d4d5be47ccabb35_jpg.rf.eO7AInJmSyOpFJY4D8jt.jpg,TOTAL:,not_food,0.9475
845482f465f204cc2d4d5be47ccabb35_jpg.rf.eO7AInJmSyOpFJY4D8jt.jpg,$52.14,not_food,0.9571
845482f465f204cc2d4d5be47ccabb35_jpg.rf.eO7AInJmSyOpFJY4D8jt.jpg,TIP:,not_food,0.9379
845482f465f204cc2d4d5be47ccabb35_jpg.rf.eO7AInJmSyOpFJY4D8jt.jpg,TOTAL:,not_food,0.9475
845482f465f204cc2d4d5be47ccabb35_jpg.rf.eO7AInJmSyOpFJY4D8jt.jpg,APPROVED,not_food,0.8681
845482f465f204cc2d4d5be47ccabb35_jpg.rf.eO7AInJmSyOpFJY4D8jt.jpg,THANK YOU,not_food,0.8731
845482f465f204cc2d4d5be47ccabb35_jpg.rf.eO7AInJmSyOpFJY4D8jt.jpg,CUSTOMER COPY,not_food,0.938
1128-receipt_jpg.rf.ec8az20uokRvRYLnavMy.jpg,5624610599,not_food,0.9558
1128-receipt_jpg.rf.ec8az20uokRvRYLnavMy.jpg,http://www.kalaveras.com/,not_food,0.8827
1128-receipt_jpg.rf.ec8az20uokRvRYLnavMy.jpg,ORDER: Bar B11,not_food,0.8698
1128-receipt_jpg.rf.ec8az20uokRvRYLnavMy.jpg,30-Aug-2019 3:24:10P,not_food,0.9529
1128-receipt_jpg.rf.ec8az20uokRvRYLnavMy.jpg,$12.00,not_food,0.9582
1128-receipt_jpg.rf.ec8az20uokRvRYLnavMy.jpg,$12.00,not_food,0.9582
1128-receipt_jpg.rf.ec8az20uokRvRYLnavMy.jpg,$15.00,not_food,0.9585
1128-receipt_jpg.rf.ec8az20uokRvRYLnavMy.jpg,$12.00,not_food,0.9582
1128-receipt_jpg.rf.ec8az20uokRvRYLnavMy.jpg,$12.00,not_food,0.9582
1128-receipt_jpg.rf.ec8az20uokRvRYLnavMy.jpg,$63.00,not_food,0.958
1128-receipt_jpg.rf.ec8az20uokRvRYLnavMy.jpg,$5.99,not_food,0.9582
1128-receipt_jpg.rf.ec8az20uokRvRYLnavMy.jpg,Tax,not_food,0.9035
1128-receipt_jpg.rf.ec8az20uokRvRYLnavMy.jpg,Total,not_food,0.9458
1128-receipt_jpg.rf.ec8az20uokRvRYLnavMy.jpg,$68.99,not_food,0.9583
1156-receipt_jpg.rf.WWi8l36amUGbDjz5IIDA.jpg,A 2,not_food,0.9502
1156-receipt_jpg.rf.WWi8l36amUGbDjz5IIDA.jpg,Address4,not_food,0.9461
1156-receipt_jpg.rf.WWi8l36amUGbDjz5IIDA.jpg,Qty Name,not_food,0.8459
1156-receipt_jpg.rf.WWi8l36amUGbDjz5IIDA.jpg,3.80,not_food,0.9583
1156-receipt_jpg.rf.WWi8l36amUGbDjz5IIDA.jpg,3.80,not_food,0.9583
1156-receipt_jpg.rf.WWi8l36amUGbDjz5IIDA.jpg,Adult,not_food,0.85
1156-receipt_jpg.rf.WWi8l36amUGbDjz5IIDA.jpg,4.95,not_food,0.9588
1156-receipt_jpg.rf.WWi8l36amUGbDjz5IIDA.jpg,4.95,not_food,0.9588
1156-receipt_jpg.rf.WWi8l36amUGbDjz5IIDA.jpg,0.50,not_food,0.9582
1156-receipt_jpg.rf.WWi8l36amUGbDjz5IIDA.jpg,0.50,not_food,0.9582
1156-receipt_jpg.rf.WWi8l36amUGbDjz5IIDA.jpg,2.80,not_food,0.9581
1156-receipt_jpg.rf.WWi8l36amUGbDjz5IIDA.jpg,2.80,not_food,0.9581
1156-receipt_jpg.rf.WWi8l36amUGbDjz5IIDA.jpg,2.80,not_food,0.9581
1156-receipt_jpg.rf.WWi8l36amUGbDjz5IIDA.jpg,2.80,not_food,0.9581
1156-receipt_jpg.rf.WWi8l36amUGbDjz5IIDA.jpg,12.37,not_food,0.958
1156-receipt_jpg.rf.WWi8l36amUGbDjz5IIDA.jpg,Tax:,not_food,0.9206
1156-receipt_jpg.rf.WWi8l36amUGbDjz5IIDA.jpg,2.48,not_food,0.9582
1156-receipt_jpg.rf.WWi8l36amUGbDjz5IIDA.jpg,Total to Pay:,not_food,0.8331
1156-receipt_jpg.rf.WWi8l36amUGbDjz5IIDA.jpg,14.85,not_food,0.9557
1156-receipt_jpg.rf.WWi8l36amUGbDjz5IIDA.jpg,Received:,not_food,0.9281
1156-receipt_jpg.rf.WWi8l36amUGbDjz5IIDA.jpg,VISA,not_food,0.8493
1156-receipt_jpg.rf.WWi8l36amUGbDjz5IIDA.jpg,485,not_food,0.958
1156-receipt_jpg.rf.WWi8l36amUGbDjz5IIDA.jpg,Visa Credit,not_food,0.8301
1156-receipt_jpg.rf.WWi8l36amUGbDjz5IIDA.jpg,Start:,not_food,0.9125
1156-receipt_jpg.rf.WWi8l36amUGbDjz5IIDA.jpg,9TT01/2016,not_food,0.8799
receipt_image_152_jpg.rf.C2hbgnp2oZGQtSeqULdw.jpg,(713) 847-7622,not_food,0.9568
receipt_image_152_jpg.rf.C2hbgnp2oZGQtSeqULdw.jpg,0089 Table 7 #Party 2,not_food,0.9405
receipt_image_152_jpg.rf.C2hbgnp2oZGQtSeqULdw.jpg,10.98,not_food,0.9586
receipt_image_152_jpg.rf.C2hbgnp2oZGQtSeqULdw.jpg,21.99,not_food,0.9591
receipt_image_152_jpg.rf.C2hbgnp2oZGQtSeqULdw.jpg,5.98,not_food,0.9585
receipt_image_152_jpg.rf.C2hbgnp2oZGQtSeqULdw.jpg,Sub Total:,not_food,0.9163
receipt_image_152_jpg.rf.C2hbgnp2oZGQtSeqULdw.jpg,38.95,not_food,0.9588
receipt_image_152_jpg.rf.C2hbgnp2oZGQtSeqULdw.jpg,Tax:,not_food,0.9206
receipt_image_152_jpg.rf.C2hbgnp2oZGQtSeqULdw.jpg,3.21,not_food,0.9577
receipt_image_152_jpg.rf.C2hbgnp2oZGQtSeqULdw.jpg,Sub Total:,not_food,0.9163
receipt_image_152_jpg.rf.C2hbgnp2oZGQtSeqULdw.jpg,42.16,not_food,0.9591
receipt_image_152_jpg.rf.C2hbgnp2oZGQtSeqULdw.jpg,01/07 13:29 TOTAL:,not_food,0.9557
receipt_image_152_jpg.rf.C2hbgnp2oZGQtSeqULdw.jpg,42.16,not_food,0.9591
receipt_image_152_jpg.rf.C2hbgnp2oZGQtSeqULdw.jpg,15%,not_food,0.9403
receipt_image_152_jpg.rf.C2hbgnp2oZGQtSeqULdw.jpg,6.32,not_food,0.957
receipt_image_152_jpg.rf.C2hbgnp2oZGQtSeqULdw.jpg,18%,not_food,0.9183
receipt_image_152_jpg.rf.C2hbgnp2oZGQtSeqULdw.jpg,7.59,not_food,0.9588
receipt_image_152_jpg.rf.C2hbgnp2oZGQtSeqULdw.jpg,20%,not_food,0.9322
receipt_image_152_jpg.rf.C2hbgnp2oZGQtSeqULdw.jpg,8.43,not_food,0.9587
1035-receipt_jpg.rf.8M6cV8zd3UkKBZdYh2i3.jpg,(914) 237-5055,not_food,0.9572
1035-receipt_jpg.rf.8M6cV8zd3UkKBZdYh2i3.jpg,Copy of Receipt,not_food,0.929
1035-receipt_jpg.rf.8M6cV8zd3UkKBZdYh2i3.jpg,$1.45,not_food,0.9583
1035-receipt_jpg.rf.8M6cV8zd3UkKBZdYh2i3.jpg,$1.45,not_food,0.9583
1035-receipt_jpg.rf.8M6cV8zd3UkKBZdYh2i3.jpg,$5.50,not_food,0.9579
1035-receipt_jpg.rf.8M6cV8zd3UkKBZdYh2i3.jpg,$4.50,not_food,0.9583
1035-receipt_jpg.rf.8M6cV8zd3UkKBZdYh2i3.jpg,$2.95,not_food,0.9582
1035-receipt_jpg.rf.8M6cV8zd3UkKBZdYh2i3.jpg,$2.95,not_food,0.9582
1035-receipt_jpg.rf.8M6cV8zd3UkKBZdYh2i3.jpg,$2.50,not_food,0.958
1035-receipt_jpg.rf.8M6cV8zd3UkKBZdYh2i3.jpg,$2.95,not_food,0.9582
1035-receipt_jpg.rf.8M6cV8zd3UkKBZdYh2i3.jpg,$24.25,not_food,0.9585
1035-receipt_jpg.rf.8M6cV8zd3UkKBZdYh2i3.jpg,$2.13,not_food,0.9588
1035-receipt_jpg.rf.8M6cV8zd3UkKBZdYh2i3.jpg,Total:,not_food,0.9475
1035-receipt_jpg.rf.8M6cV8zd3UkKBZdYh2i3.jpg,$26.38,not_food,0.9575
1035-receipt_jpg.rf.8M6cV8zd3UkKBZdYh2i3.jpg,Server Name:,not_food,0.9286
1035-receipt_jpg.rf.8M6cV8zd3UkKBZdYh2i3.jpg,Table Number:,not_food,0.9434
1035-receipt_jpg.rf.8M6cV8zd3UkKBZdYh2i3.jpg,Order Started:,not_food,0.8207
1035-receipt_jpg.rf.8M6cV8zd3UkKBZdYh2i3.jpg,"AUGUST13,2017",not_food,0.8985
1035-receipt_jpg.rf.8M6cV8zd3UkKBZdYh2i3.jpg,11:01 AM,not_food,0.9551
1055-receipt_jpg.rf.r76j2Z79yFS0LMQVh9Xq.jpg,519 FULTON AVE. HEMPSTEAD NY,not_food,0.9487
1055-receipt_jpg.rf.r76j2Z79yFS0LMQVh9Xq.jpg,50pc,not_food,0.9139
1055-receipt_jpg.rf.r76j2Z79yFS0LMQVh9Xq.jpg,#195,not_food,0.9496
1055-receipt_jpg.rf.r76j2Z79yFS0LMQVh9Xq.jpg,IN,not_food,0.9413
1055-receipt_jpg.rf.r76j2Z79yFS0LMQVh9Xq.jpg,100p,not_food,0.9476
1055-receipt_jpg.rf.r76j2Z79yFS0LMQVh9Xq.jpg,5.99,not_food,0.9583
1055-receipt_jpg.rf.r76j2Z79yFS0LMQVh9Xq.jpg,200p,not_food,0.953
1055-receipt_jpg.rf.r76j2Z79yFS0LMQVh9Xq.jpg,50p,not_food,0.9522
1055-receipt_jpg.rf.r76j2Z79yFS0LMQVh9Xq.jpg,6.99,not_food,0.9578
1055-receipt_jpg.rf.r76j2Z79yFS0LMQVh9Xq.jpg,80,not_food,0.9564
1055-receipt_jpg.rf.r76j2Z79yFS0LMQVh9Xq.jpg,10,not_food,0.9544
1055-receipt_jpg.rf.r76j2Z79yFS0LMQVh9Xq.jpg,6.99,not_food,0.9578
1055-receipt_jpg.rf.r76j2Z79yFS0LMQVh9Xq.jpg,6.99,not_food,0.9578
1055-receipt_jpg.rf.r76j2Z79yFS0LMQVh9Xq.jpg,SMALL,not_food,0.8479
1055-receipt_jpg.rf.r76j2Z79yFS0LMQVh9Xq.jpg,1.19,not_food,0.9569
1055-receipt_jpg.rf.r76j2Z79yFS0LMQVh9Xq.jpg,2.43,not_food,0.9581
1055-receipt_jpg.rf.r76j2Z79yFS0LMQVh9Xq.jpg,30,not_food,0.958
1055-receipt_jpg.rf.r76j2Z79yFS0LMQVh9Xq.jpg,58,not_food,0.9577
1055-receipt_jpg.rf.r76j2Z79yFS0LMQVh9Xq.jpg,40.00,not_food,0.9583
receipt_image_47_jpg.rf.PXj4fNGQN3lxQjNZr5PH.jpg,T/3SWT47 AVEUNIT 36,not_food,0.9392
receipt_image_47_jpg.rf.PXj4fNGQN3lxQjNZr5PH.jpg,MIAML FL 33190,not_food,0.9387
receipt_image_47_jpg.rf.PXj4fNGQN3lxQjNZr5PH.jpg,7805774688,not_food,0.9577
receipt_image_47_jpg.rf.PXj4fNGQN3lxQjNZr5PH.jpg,ORDER: 0003,not_food,0.9531
receipt_image_47_jpg.rf.PXj4fNGQN3lxQjNZr5PH.jpg,79-Apr-2019 2:02:20P,not_food,0.9566
receipt_image_47_jpg.rf.PXj4fNGQN3lxQjNZr5PH.jpg,Transaction 211209,not_food,0.929
receipt_image_47_jpg.rf.PXj4fNGQN3lxQjNZr5PH.jpg,$7.99,not_food,0.959
receipt_image_47_jpg.rf.PXj4fNGQN3lxQjNZr5PH.jpg,$7.99,not_food,0.959
receipt_image_47_jpg.rf.PXj4fNGQN3lxQjNZr5PH.jpg,$1.00,not_food,0.958
receipt_image_47_jpg.rf.PXj4fNGQN3lxQjNZr5PH.jpg,$2.50,not_food,0.958
receipt_image_47_jpg.rf.PXj4fNGQN3lxQjNZr5PH.jpg,$3.50,not_food,0.958
receipt_image_47_jpg.rf.PXj4fNGQN3lxQjNZr5PH.jpg,$22.98,not_food,0.9592
receipt_image_47_jpg.rf.PXj4fNGQN3lxQjNZr5PH.jpg,Tax,not_food,0.9035
receipt_image_47_jpg.rf.PXj4fNGQN3lxQjNZr5PH.jpg,$1.61,not_food,0.9586
receipt_image_47_jpg.rf.PXj4fNGQN3lxQjNZr5PH.jpg,$3.45,not_food,0.9584
receipt_image_47_jpg.rf.PXj4fNGQN3lxQjNZr5PH.jpg,Total,not_food,0.9458
receipt_image_47_jpg.rf.PXj4fNGQN3lxQjNZr5PH.jpg,$28.04,not_food,0.9581
receipt_image_47_jpg.rf.PXj4fNGQN3lxQjNZr5PH.jpg,$28.04,not_food,0.9581
receipt_image_654_jpg.rf.iGsXa2WNJ4rwWh5U5AFE.jpg,GST Reg No 000184401920,not_food,0.9396
receipt_image_654_jpg.rf.iGsXa2WNJ4rwWh5U5AFE.jpg,Tel:09-2201388,not_food,0.9568
receipt_image_654_jpg.rf.iGsXa2WNJ4rwWh5U5AFE.jpg,BTB09201805190274,not_food,0.9287
receipt_image_654_jpg.rf.iGsXa2WNJ4rwWh5U5AFE.jpg,19/05/18,not_food,0.9361
receipt_image_654_jpg.rf.iGsXa2WNJ4rwWh5U5AFE.jpg,21:17:14,not_food,0.9566
receipt_image_654_jpg.rf.iGsXa2WNJ4rwWh5U5AFE.jpg,KCA TOILET ROLL 3PLY 1OR,not_food,0.9508
receipt_image_654_jpg.rf.iGsXa2WNJ4rwWh5U5AFE.jpg,9555227800168,not_food,0.9571
receipt_image_654_jpg.rf.iGsXa2WNJ4rwWh5U5AFE.jpg,12.50*2,not_food,0.9524
receipt_image_654_jpg.rf.iGsXa2WNJ4rwWh5U5AFE.jpg,25.00 S,not_food,0.9566
receipt_image_654_jpg.rf.iGsXa2WNJ4rwWh5U5AFE.jpg,9555037203555,not_food,0.9568
receipt_image_654_jpg.rf.iGsXa2WNJ4rwWh5U5AFE.jpg,13.90*1,not_food,0.9555
receipt_image_654_jpg.rf.iGsXa2WNJ4rwWh5U5AFE.jpg,13.90 S,not_food,0.9574
receipt_image_654_jpg.rf.iGsXa2WNJ4rwWh5U5AFE.jpg,8888240000897,not_food,0.9587
receipt_image_654_jpg.rf.iGsXa2WNJ4rwWh5U5AFE.jpg,13.90*1,not_food,0.9555
receipt_image_654_jpg.rf.iGsXa2WNJ4rwWh5U5AFE.jpg,13.90 S,not_food,0.9574
receipt_image_654_jpg.rf.iGsXa2WNJ4rwWh5U5AFE.jpg,ITEM:,not_food,0.9539
receipt_image_654_jpg.rf.iGsXa2WNJ4rwWh5U5AFE.jpg,Total with GST @ 6%,not_food,0.9112
receipt_image_654_jpg.rf.iGsXa2WNJ4rwWh5U5AFE.jpg,52.80,not_food,0.9587
receipt_image_654_jpg.rf.iGsXa2WNJ4rwWh5U5AFE.jpg,QTY:,not_food,0.9398
receipt_image_654_jpg.rf.iGsXa2WNJ4rwWh5U5AFE.jpg,ROUNDING,not_food,0.8508
receipt_image_654_jpg.rf.iGsXa2WNJ4rwWh5U5AFE.jpg,0.00,not_food,0.958
receipt_image_654_jpg.rf.iGsXa2WNJ4rwWh5U5AFE.jpg,TOTAL,not_food,0.9458
receipt_image_654_jpg.rf.iGsXa2WNJ4rwWh5U5AFE.jpg,52.80,not_food,0.9587
receipt_image_654_jpg.rf.iGsXa2WNJ4rwWh5U5AFE.jpg,Visa 6258 App: 518361,not_food,0.9166
receipt_image_654_jpg.rf.iGsXa2WNJ4rwWh5U5AFE.jpg,52.80,not_food,0.9587
receipt_image_654_jpg.rf.iGsXa2WNJ4rwWh5U5AFE.jpg,CHANGE,not_food,0.9144
receipt_image_654_jpg.rf.iGsXa2WNJ4rwWh5U5AFE.jpg,0.00,not_food,0.958
receipt_image_654_jpg.rf.iGsXa2WNJ4rwWh5U5AFE.jpg,GST Analysis,not_food,0.9506
receipt_image_654_jpg.rf.iGsXa2WNJ4rwWh5U5AFE.jpg,Tax Amount,not_food,0.8705
receipt_image_654_jpg.rf.iGsXa2WNJ4rwWh5U5AFE.jpg,S = 6%,not_food,0.8998
receipt_image_654_jpg.rf.iGsXa2WNJ4rwWh5U5AFE.jpg,49.80,not_food,0.9589
receipt_image_654_jpg.rf.iGsXa2WNJ4rwWh5U5AFE.jpg,3.00,not_food,0.9574
receipt_image_654_jpg.rf.iGsXa2WNJ4rwWh5U5AFE.jpg,Z = 0%,not_food,0.9339
receipt_image_654_jpg.rf.iGsXa2WNJ4rwWh5U5AFE.jpg,0.00,not_food,0.958
receipt_image_654_jpg.rf.iGsXa2WNJ4rwWh5U5AFE.jpg,0.00,not_food,0.958
receipt_image_654_jpg.rf.iGsXa2WNJ4rwWh5U5AFE.jpg,Thank You. See You Again !!,not_food,0.8673
receipt_image_102_jpg.rf.P23toPYvJckV2idCheRr.jpg,LO,not_food,0.901
receipt_image_102_jpg.rf.P23toPYvJckV2idCheRr.jpg,no,not_food,0.9254
receipt_image_102_jpg.rf.P23toPYvJckV2idCheRr.jpg,PHONE:251-224-6510,not_food,0.9498
receipt_image_102_jpg.rf.P23toPYvJckV2idCheRr.jpg,Order 9862 06/08/19 11:45 AM,not_food,0.9565
receipt_image_102_jpg.rf.P23toPYvJckV2idCheRr.jpg,0.01,not_food,0.9584
receipt_image_102_jpg.rf.P23toPYvJckV2idCheRr.jpg,3.00,not_food,0.9574
receipt_image_102_jpg.rf.P23toPYvJckV2idCheRr.jpg,14.00,not_food,0.9554
receipt_image_102_jpg.rf.P23toPYvJckV2idCheRr.jpg,7.00,not_food,0.9581
receipt_image_102_jpg.rf.P23toPYvJckV2idCheRr.jpg,7.00,not_food,0.9581
receipt_image_102_jpg.rf.P23toPYvJckV2idCheRr.jpg,Sub-total:,not_food,0.9186
receipt_image_102_jpg.rf.P23toPYvJckV2idCheRr.jpg,31.01,not_food,0.9591
receipt_image_102_jpg.rf.P23toPYvJckV2idCheRr.jpg,Tax:,not_food,0.9206
receipt_image_102_jpg.rf.P23toPYvJckV2idCheRr.jpg,3.11,not_food,0.9571
receipt_image_102_jpg.rf.P23toPYvJckV2idCheRr.jpg,Total Due: 34.12,not_food,0.9502
1100-receipt_jpg.rf.HPlU3Aq6Hr8iExzlS1hk.jpg,8A3,not_food,0.9533
1100-receipt_jpg.rf.HPlU3Aq6Hr8iExzlS1hk.jpg,DUPLICATE,not_food,0.9162
1100-receipt_jpg.rf.HPlU3Aq6Hr8iExzlS1hk.jpg,**,not_food,0.9261
1100-receipt_jpg.rf.HPlU3Aq6Hr8iExzlS1hk.jpg,Story,not_food,0.8684
1100-receipt_jpg.rf.HPlU3Aq6Hr8iExzlS1hk.jpg,Store#: 3859 Te1e: 780-414-8362,not_food,0.9502
1100-receipt_jpg.rf.HPlU3Aq6Hr8iExzlS1hk.jpg,B Mc na l s,not_food,0.9141
1100-receipt_jpg.rf.HPlU3Aq6Hr8iExzlS1hk.jpg,192,not_food,0.9572
1100-receipt_jpg.rf.HPlU3Aq6Hr8iExzlS1hk.jpg,KS# 1,not_food,0.816
1100-receipt_jpg.rf.HPlU3Aq6Hr8iExzlS1hk.jpg,03/10/2018 07:39:12 PM,not_food,0.9553
1100-receipt_jpg.rf.HPlU3Aq6Hr8iExzlS1hk.jpg,1 Delivery,not_food,0.9421
1100-receipt_jpg.rf.HPlU3Aq6Hr8iExzlS1hk.jpg,TOTAL,not_food,0.9458
1100-receipt_jpg.rf.HPlU3Aq6Hr8iExzlS1hk.jpg,0.00,not_food,0.958
1100-receipt_jpg.rf.HPlU3Aq6Hr8iExzlS1hk.jpg,10.29,not_food,0.9584
1100-receipt_jpg.rf.HPlU3Aq6Hr8iExzlS1hk.jpg,0.40,not_food,0.9584
1100-receipt_jpg.rf.HPlU3Aq6Hr8iExzlS1hk.jpg,3.99,not_food,0.9581
1100-receipt_jpg.rf.HPlU3Aq6Hr8iExzlS1hk.jpg,H e,not_food,0.9344
1100-receipt_jpg.rf.HPlU3Aq6Hr8iExzlS1hk.jpg,2.89,not_food,0.9576
1100-receipt_jpg.rf.HPlU3Aq6Hr8iExzlS1hk.jpg,1.19,not_food,0.9569
1100-receipt_jpg.rf.HPlU3Aq6Hr8iExzlS1hk.jpg,3.29,not_food,0.9582
1100-receipt_jpg.rf.HPlU3Aq6Hr8iExzlS1hk.jpg,2.99,not_food,0.9579
1100-receipt_jpg.rf.HPlU3Aq6Hr8iExzlS1hk.jpg,25.04,not_food,0.9586
1100-receipt_jpg.rf.HPlU3Aq6Hr8iExzlS1hk.jpg,GST,not_food,0.9295
1100-receipt_jpg.rf.HPlU3Aq6Hr8iExzlS1hk.jpg,1.11,not_food,0.9567
1100-receipt_jpg.rf.HPlU3Aq6Hr8iExzlS1hk.jpg,26.15,not_food,0.9576
1100-receipt_jpg.rf.HPlU3Aq6Hr8iExzlS1hk.jpg,CREDIT SALES - McDel1very,not_food,0.813
1100-receipt_jpg.rf.HPlU3Aq6Hr8iExzlS1hk.jpg,26.15,not_food,0.9576
1100-receipt_jpg.rf.HPlU3Aq6Hr8iExzlS1hk.jpg,Change,not_food,0.9144
1100-receipt_jpg.rf.HPlU3Aq6Hr8iExzlS1hk.jpg,0.00,not_food,0.958
1100-receipt_jpg.rf.HPlU3Aq6Hr8iExzlS1hk.jpg,GST #: 120907092,not_food,0.956
1198-receipt_jpg.rf.TXzxGXfG4xDrG1JdERpI.jpg,Beach,not_food,0.8285
1198-receipt_jpg.rf.TXzxGXfG4xDrG1JdERpI.jpg,"M1am1, FL 33140",not_food,0.9068
1198-receipt_jpg.rf.TXzxGXfG4xDrG1JdERpI.jpg,100 SERVER,not_food,0.9313
1198-receipt_jpg.rf.TXzxGXfG4xDrG1JdERpI.jpg,1959,not_food,0.9281
1198-receipt_jpg.rf.TXzxGXfG4xDrG1JdERpI.jpg,GST,not_food,0.9295
1198-receipt_jpg.rf.TXzxGXfG4xDrG1JdERpI.jpg,103/1,not_food,0.9486
1198-receipt_jpg.rf.TXzxGXfG4xDrG1JdERpI.jpg,25AUG*178:03PH,not_food,0.8925
1198-receipt_jpg.rf.TXzxGXfG4xDrG1JdERpI.jpg,D1n1g,not_food,0.9176
1198-receipt_jpg.rf.TXzxGXfG4xDrG1JdERpI.jpg,1 Avfon Silver RX,not_food,0.8822
1198-receipt_jpg.rf.TXzxGXfG4xDrG1JdERpI.jpg,16.00,not_food,0.9575
1198-receipt_jpg.rf.TXzxGXfG4xDrG1JdERpI.jpg,0.00,not_food,0.958
1198-receipt_jpg.rf.TXzxGXfG4xDrG1JdERpI.jpg,16.00,not_food,0.9575
1198-receipt_jpg.rf.TXzxGXfG4xDrG1JdERpI.jpg,62.00,not_food,0.9584
1198-receipt_jpg.rf.TXzxGXfG4xDrG1JdERpI.jpg,13.00,not_food,0.9579
1198-receipt_jpg.rf.TXzxGXfG4xDrG1JdERpI.jpg,12.00,not_food,0.957
1198-receipt_jpg.rf.TXzxGXfG4xDrG1JdERpI.jpg,13.00,not_food,0.9579
1198-receipt_jpg.rf.TXzxGXfG4xDrG1JdERpI.jpg,10.00,not_food,0.9572
1198-receipt_jpg.rf.TXzxGXfG4xDrG1JdERpI.jpg,142.00,not_food,0.9589
1198-receipt_jpg.rf.TXzxGXfG4xDrG1JdERpI.jpg,Add-On Tax Food,not_food,0.8106
1198-receipt_jpg.rf.TXzxGXfG4xDrG1JdERpI.jpg,7.70,not_food,0.9589
1198-receipt_jpg.rf.TXzxGXfG4xDrG1JdERpI.jpg,2.24,not_food,0.9573
1198-receipt_jpg.rf.TXzxGXfG4xDrG1JdERpI.jpg,2.84,not_food,0.958
1198-receipt_jpg.rf.TXzxGXfG4xDrG1JdERpI.jpg,TOTAL DUE$154.78,not_food,0.9526
1198-receipt_jpg.rf.TXzxGXfG4xDrG1JdERpI.jpg,are shown below,not_food,0.8348
1198-receipt_jpg.rf.TXzxGXfG4xDrG1JdERpI.jpg,20% gratuity $28.40,not_food,0.8963
1198-receipt_jpg.rf.TXzxGXfG4xDrG1JdERpI.jpg,22x gratuity $31.24,not_food,0.9534
1158-receipt_jpg.rf.umTP69fgYCL6uMO3p6LI.jpg,TEL 03-2110 2833,not_food,0.9579
1158-receipt_jpg.rf.umTP69fgYCL6uMO3p6LI.jpg,(GST Reg. No : 001774428160),not_food,0.9415
1158-receipt_jpg.rf.umTP69fgYCL6uMO3p6LI.jpg,Table D2,not_food,0.9467
1158-receipt_jpg.rf.umTP69fgYCL6uMO3p6LI.jpg,Bi1l#:V001-201060,not_food,0.9557
1158-receipt_jpg.rf.umTP69fgYCL6uMO3p6LI.jpg,Odr No: 199535,not_food,0.8873
1158-receipt_jpg.rf.umTP69fgYCL6uMO3p6LI.jpg,Date : 29-06-2018 19:59:15,not_food,0.9566
1158-receipt_jpg.rf.umTP69fgYCL6uMO3p6LI.jpg,Pax(s): 11,not_food,0.9077
1158-receipt_jpg.rf.umTP69fgYCL6uMO3p6LI.jpg,Description,not_food,0.9548
1158-receipt_jpg.rf.umTP69fgYCL6uMO3p6LI.jpg,Total TAX,not_food,0.9078
1158-receipt_jpg.rf.umTP69fgYCL6uMO3p6LI.jpg,Qty,not_food,0.8711
1158-receipt_jpg.rf.umTP69fgYCL6uMO3p6LI.jpg,11 (28.01) Acult,not_food,0.9168
1158-receipt_jpg.rf.umTP69fgYCL6uMO3p6LI.jpg,D 709.50 SR,not_food,0.956
1158-receipt_jpg.rf.umTP69fgYCL6uMO3p6LI.jpg,709.50,not_food,0.9588
1158-receipt_jpg.rf.umTP69fgYCL6uMO3p6LI.jpg,Serv. Charge (10%):,not_food,0.8197
1158-receipt_jpg.rf.umTP69fgYCL6uMO3p6LI.jpg,70.95,not_food,0.959
1158-receipt_jpg.rf.umTP69fgYCL6uMO3p6LI.jpg,0.00,not_food,0.958
1158-receipt_jpg.rf.umTP69fgYCL6uMO3p6LI.jpg,Total:,not_food,0.9475
1158-receipt_jpg.rf.umTP69fgYCL6uMO3p6LI.jpg,780.45,not_food,0.9595
1158-receipt_jpg.rf.umTP69fgYCL6uMO3p6LI.jpg,780.45,not_food,0.9595
1158-receipt_jpg.rf.umTP69fgYCL6uMO3p6LI.jpg,TOTAL:,not_food,0.9475
1158-receipt_jpg.rf.umTP69fgYCL6uMO3p6LI.jpg,Closed: 001,not_food,0.9268
1158-receipt_jpg.rf.umTP69fgYCL6uMO3p6LI.jpg,29-06-2018,not_food,0.9501
1158-receipt_jpg.rf.umTP69fgYCL6uMO3p6LI.jpg,21:52:03,not_food,0.9584
1158-receipt_jpg.rf.umTP69fgYCL6uMO3p6LI.jpg,780.45,not_food,0.9595
1158-receipt_jpg.rf.umTP69fgYCL6uMO3p6LI.jpg,VISA,not_food,0.8493
1158-receipt_jpg.rf.umTP69fgYCL6uMO3p6LI.jpg,05402,not_food,0.9576
1022-receipt_jpg.rf.9ssswh0PPltraXvAJOGa.jpg,"383 Gellert Blvd., Daly City, CA 94015",not_food,0.9503
1022-receipt_jpg.rf.9ssswh0PPltraXvAJOGa.jpg,(650) 992-2888,not_food,0.9558
1022-receipt_jpg.rf.9ssswh0PPltraXvAJOGa.jpg,Tab:332 1P 19:51,not_food,0.9583
1022-receipt_jpg.rf.9ssswh0PPltraXvAJOGa.jpg,#2406,not_food,0.9465
1022-receipt_jpg.rf.9ssswh0PPltraXvAJOGa.jpg,QTY/LB,not_food,0.8993
1022-receipt_jpg.rf.9ssswh0PPltraXvAJOGa.jpg,NAME,not_food,0.8944
1022-receipt_jpg.rf.9ssswh0PPltraXvAJOGa.jpg,U/P,not_food,0.9109
1022-receipt_jpg.rf.9ssswh0PPltraXvAJOGa.jpg,$29.88,not_food,0.9583
1022-receipt_jpg.rf.9ssswh0PPltraXvAJOGa.jpg,29.88,not_food,0.9582
1022-receipt_jpg.rf.9ssswh0PPltraXvAJOGa.jpg,29.88,not_food,0.9582
1022-receipt_jpg.rf.9ssswh0PPltraXvAJOGa.jpg,15% SERVICE CHARGE:,not_food,0.9372
1022-receipt_jpg.rf.9ssswh0PPltraXvAJOGa.jpg,4.48,not_food,0.9586
1022-receipt_jpg.rf.9ssswh0PPltraXvAJOGa.jpg,Tax(8.75%):,not_food,0.853
1022-receipt_jpg.rf.9ssswh0PPltraXvAJOGa.jpg,3.01,not_food,0.9582
1022-receipt_jpg.rf.9ssswh0PPltraXvAJOGa.jpg,SALES TOTAL:,not_food,0.9025
1022-receipt_jpg.rf.9ssswh0PPltraXvAJOGa.jpg,32.89,not_food,0.9588
1022-receipt_jpg.rf.9ssswh0PPltraXvAJOGa.jpg,TOTAL:,not_food,0.9475
1022-receipt_jpg.rf.9ssswh0PPltraXvAJOGa.jpg,37.37,not_food,0.9579
1022-receipt_jpg.rf.9ssswh0PPltraXvAJOGa.jpg,100.00,not_food,0.9578
1022-receipt_jpg.rf.9ssswh0PPltraXvAJOGa.jpg,CHANGE,not_food,0.9144
1022-receipt_jpg.rf.9ssswh0PPltraXvAJOGa.jpg,62.63,not_food,0.9576
1022-receipt_jpg.rf.9ssswh0PPltraXvAJOGa.jpg,10/29/2018 19:51,not_food,0.9469
1022-receipt_jpg.rf.9ssswh0PPltraXvAJOGa.jpg,THANK YOU,not_food,0.8731
receipt_image_575_jpg.rf.OJdkTGyKpK0aVj3alofc.jpg,31803037,not_food,0.9589
receipt_image_575_jpg.rf.OJdkTGyKpK0aVj3alofc.jpg,002458685-T,not_food,0.9536
receipt_image_575_jpg.rf.OJdkTGyKpK0aVj3alofc.jpg,Tel:012-3732096,not_food,0.9571
receipt_image_575_jpg.rf.OJdkTGyKpK0aVj3alofc.jpg,GST Reg No: 000460664832,not_food,0.9477
receipt_image_575_jpg.rf.OJdkTGyKpK0aVj3alofc.jpg,01-144366,not_food,0.9596
receipt_image_575_jpg.rf.OJdkTGyKpK0aVj3alofc.jpg,:e,not_food,0.9497
receipt_image_575_jpg.rf.OJdkTGyKpK0aVj3alofc.jpg,12/09/2017 4:42:33 PM,not_food,0.9532
receipt_image_575_jpg.rf.OJdkTGyKpK0aVj3alofc.jpg,Description,not_food,0.9548
receipt_image_575_jpg.rf.OJdkTGyKpK0aVj3alofc.jpg,Qty,not_food,0.8711
receipt_image_575_jpg.rf.OJdkTGyKpK0aVj3alofc.jpg,Amount,not_food,0.8481
receipt_image_575_jpg.rf.OJdkTGyKpK0aVj3alofc.jpg,308# DRAWER,not_food,0.9508
receipt_image_575_jpg.rf.OJdkTGyKpK0aVj3alofc.jpg,6.00,not_food,0.9566
receipt_image_575_jpg.rf.OJdkTGyKpK0aVj3alofc.jpg,6.00 SR*,not_food,0.9193
receipt_image_575_jpg.rf.OJdkTGyKpK0aVj3alofc.jpg,OCK C 2 -HL500/,not_food,0.9084
receipt_image_575_jpg.rf.OJdkTGyKpK0aVj3alofc.jpg,HL502,not_food,0.9486
receipt_image_575_jpg.rf.OJdkTGyKpK0aVj3alofc.jpg,AXON GARDEN,not_food,0.8819
receipt_image_575_jpg.rf.OJdkTGyKpK0aVj3alofc.jpg,18.00,not_food,0.9566
receipt_image_575_jpg.rf.OJdkTGyKpK0aVj3alofc.jpg,18.00 SR*,not_food,0.9113
receipt_image_575_jpg.rf.OJdkTGyKpK0aVj3alofc.jpg,[AP 1/2 X 3/4 FX-,not_food,0.9185
receipt_image_575_jpg.rf.OJdkTGyKpK0aVj3alofc.jpg,7105B,not_food,0.9548
receipt_image_575_jpg.rf.OJdkTGyKpK0aVj3alofc.jpg,0.50,not_food,0.9582
receipt_image_575_jpg.rf.OJdkTGyKpK0aVj3alofc.jpg,0.50 SR*,not_food,0.9454
receipt_image_575_jpg.rf.OJdkTGyKpK0aVj3alofc.jpg,TAPE,not_food,0.9521
receipt_image_575_jpg.rf.OJdkTGyKpK0aVj3alofc.jpg,Sub Total:,not_food,0.9163
receipt_image_575_jpg.rf.OJdkTGyKpK0aVj3alofc.jpg,0.50,not_food,0.9582
receipt_image_575_jpg.rf.OJdkTGyKpK0aVj3alofc.jpg,Round Amt:,not_food,0.9398
receipt_image_575_jpg.rf.OJdkTGyKpK0aVj3alofc.jpg,0.00,not_food,0.958
receipt_image_575_jpg.rf.OJdkTGyKpK0aVj3alofc.jpg,NETTOTAL:,not_food,0.8045
receipt_image_575_jpg.rf.OJdkTGyKpK0aVj3alofc.jpg,24.50,not_food,0.958
receipt_image_575_jpg.rf.OJdkTGyKpK0aVj3alofc.jpg,50.00,not_food,0.958
receipt_image_575_jpg.rf.OJdkTGyKpK0aVj3alofc.jpg,Change :,not_food,0.9356
receipt_image_575_jpg.rf.OJdkTGyKpK0aVj3alofc.jpg,25.50,not_food,0.958
receipt_image_575_jpg.rf.OJdkTGyKpK0aVj3alofc.jpg,GST Summary,not_food,0.9459
receipt_image_575_jpg.rf.OJdkTGyKpK0aVj3alofc.jpg,Tax(RM),not_food,0.8685
receipt_image_575_jpg.rf.OJdkTGyKpK0aVj3alofc.jpg,SR=6.00%,not_food,0.9307
receipt_image_575_jpg.rf.OJdkTGyKpK0aVj3alofc.jpg,23.11,not_food,0.9578
receipt_image_575_jpg.rf.OJdkTGyKpK0aVj3alofc.jpg,1.39,not_food,0.9579
receipt_image_575_jpg.rf.OJdkTGyKpK0aVj3alofc.jpg,****Thank You.****,not_food,0.9214
receipt_image_555_jpg.rf.BHfvCOQjlAL4Ch8e5XDu.jpg,Se,not_food,0.9153
receipt_image_555_jpg.rf.BHfvCOQjlAL4Ch8e5XDu.jpg,300007,not_food,0.9564
receipt_image_555_jpg.rf.BHfvCOQjlAL4Ch8e5XDu.jpg,(0005583085-K),not_food,0.9501
receipt_image_555_jpg.rf.BHfvCOQjlAL4Ch8e5XDu.jpg,LOT 276 JALAN BANTING,not_food,0.8698
receipt_image_555_jpg.rf.BHfvCOQjlAL4Ch8e5XDu.jpg,TEL:03-87686092,not_food,0.9572
receipt_image_555_jpg.rf.BHfvCOQjlAL4Ch8e5XDu.jpg,FAX:03-87686092,not_food,0.959
receipt_image_555_jpg.rf.BHfvCOQjlAL4Ch8e5XDu.jpg,GSTID:000781500416,not_food,0.9555
receipt_image_555_jpg.rf.BHfvCOQjlAL4Ch8e5XDu.jpg,SUCI ALAM JAYA TRANSPORT,not_food,0.8982
receipt_image_555_jpg.rf.BHfvCOQjlAL4Ch8e5XDu.jpg,017-6057770,not_food,0.959
receipt_image_555_jpg.rf.BHfvCOQjlAL4Ch8e5XDu.jpg,CS00010562,not_food,0.9566
receipt_image_555_jpg.rf.BHfvCOQjlAL4Ch8e5XDu.jpg,Date:07/03/2018,not_food,0.9372
receipt_image_555_jpg.rf.BHfvCOQjlAL4Ch8e5XDu.jpg,USER,not_food,0.9056
receipt_image_555_jpg.rf.BHfvCOQjlAL4Ch8e5XDu.jpg,Time: 08:31:00,not_food,0.9569
receipt_image_555_jpg.rf.BHfvCOQjlAL4Ch8e5XDu.jpg,Ref.:,not_food,0.9483
receipt_image_555_jpg.rf.BHfvCOQjlAL4Ch8e5XDu.jpg,Item,not_food,0.9528
receipt_image_555_jpg.rf.BHfvCOQjlAL4Ch8e5XDu.jpg,(GST),not_food,0.9228
receipt_image_555_jpg.rf.BHfvCOQjlAL4Ch8e5XDu.jpg,Qty,not_food,0.8711
receipt_image_555_jpg.rf.BHfvCOQjlAL4Ch8e5XDu.jpg,Amount,not_food,0.8481
receipt_image_555_jpg.rf.BHfvCOQjlAL4Ch8e5XDu.jpg,(GT),not_food,0.8037
receipt_image_555_jpg.rf.BHfvCOQjlAL4Ch8e5XDu.jpg,Tax,not_food,0.9035
receipt_image_555_jpg.rf.BHfvCOQjlAL4Ch8e5XDu.jpg,101870,not_food,0.9573
receipt_image_555_jpg.rf.BHfvCOQjlAL4Ch8e5XDu.jpg,65.00,not_food,0.9568
receipt_image_555_jpg.rf.BHfvCOQjlAL4Ch8e5XDu.jpg,68.90,not_food,0.9583
receipt_image_555_jpg.rf.BHfvCOQjlAL4Ch8e5XDu.jpg,68.90,not_food,0.9583
receipt_image_555_jpg.rf.BHfvCOQjlAL4Ch8e5XDu.jpg,SR,not_food,0.921
receipt_image_555_jpg.rf.BHfvCOQjlAL4Ch8e5XDu.jpg,100160,not_food,0.9554
receipt_image_555_jpg.rf.BHfvCOQjlAL4Ch8e5XDu.jpg,3.00,not_food,0.9574
receipt_image_555_jpg.rf.BHfvCOQjlAL4Ch8e5XDu.jpg,3.18,not_food,0.9569
receipt_image_555_jpg.rf.BHfvCOQjlAL4Ch8e5XDu.jpg,22.26,not_food,0.9582
receipt_image_555_jpg.rf.BHfvCOQjlAL4Ch8e5XDu.jpg,SR,not_food,0.921
receipt_image_555_jpg.rf.BHfvCOQjlAL4Ch8e5XDu.jpg,KAPUR AIR (A1),not_food,0.8097
receipt_image_555_jpg.rf.BHfvCOQjlAL4Ch8e5XDu.jpg,Total Qty:,not_food,0.9266
receipt_image_555_jpg.rf.BHfvCOQjlAL4Ch8e5XDu.jpg,91.16,not_food,0.9588
receipt_image_555_jpg.rf.BHfvCOQjlAL4Ch8e5XDu.jpg,Total Sales (Excluding GST),not_food,0.836
receipt_image_555_jpg.rf.BHfvCOQjlAL4Ch8e5XDu.jpg,86.00,not_food,0.9579
receipt_image_555_jpg.rf.BHfvCOQjlAL4Ch8e5XDu.jpg,Discount,not_food,0.9327
receipt_image_555_jpg.rf.BHfvCOQjlAL4Ch8e5XDu.jpg,0.00,not_food,0.958
receipt_image_555_jpg.rf.BHfvCOQjlAL4Ch8e5XDu.jpg,Total GST,not_food,0.9313
receipt_image_555_jpg.rf.BHfvCOQjlAL4Ch8e5XDu.jpg,5.16,not_food,0.9575
receipt_image_555_jpg.rf.BHfvCOQjlAL4Ch8e5XDu.jpg,Rounding,not_food,0.8508
receipt_image_555_jpg.rf.BHfvCOQjlAL4Ch8e5XDu.jpg,0.00,not_food,0.958
receipt_image_555_jpg.rf.BHfvCOQjlAL4Ch8e5XDu.jpg,Total Sales (Inclusive of GsT),not_food,0.824
receipt_image_555_jpg.rf.BHfvCOQjlAL4Ch8e5XDu.jpg,91.16,not_food,0.9588
receipt_image_555_jpg.rf.BHfvCOQjlAL4Ch8e5XDu.jpg,91.16,not_food,0.9588
receipt_image_555_jpg.rf.BHfvCOQjlAL4Ch8e5XDu.jpg,Change,not_food,0.9144
receipt_image_555_jpg.rf.BHfvCOQjlAL4Ch8e5XDu.jpg,0.00,not_food,0.958
receipt_image_555_jpg.rf.BHfvCOQjlAL4Ch8e5XDu.jpg,GSTSUMMARY,not_food,0.8346
receipt_image_555_jpg.rf.BHfvCOQjlAL4Ch8e5XDu.jpg,Tax Code,not_food,0.9198
receipt_image_555_jpg.rf.BHfvCOQjlAL4Ch8e5XDu.jpg,Amt (RM),not_food,0.9122
receipt_image_555_jpg.rf.BHfvCOQjlAL4Ch8e5XDu.jpg,Tax(RM),not_food,0.8685
receipt_image_555_jpg.rf.BHfvCOQjlAL4Ch8e5XDu.jpg,SR,not_food,0.921
receipt_image_555_jpg.rf.BHfvCOQjlAL4Ch8e5XDu.jpg,86.00,not_food,0.9579
receipt_image_555_jpg.rf.BHfvCOQjlAL4Ch8e5XDu.jpg,5.16,not_food,0.9575
receipt_image_555_jpg.rf.BHfvCOQjlAL4Ch8e5XDu.jpg,Total:,not_food,0.9475
receipt_image_555_jpg.rf.BHfvCOQjlAL4Ch8e5XDu.jpg,86.00,not_food,0.9579
receipt_image_555_jpg.rf.BHfvCOQjlAL4Ch8e5XDu.jpg,5.16,not_food,0.9575
receipt_image_376_jpg.rf.DEpjOeZAGgflCiUOACpS.jpg,Guest Check,not_food,0.9097
receipt_image_376_jpg.rf.DEpjOeZAGgflCiUOACpS.jpg,Table :47,not_food,0.9521
receipt_image_376_jpg.rf.DEpjOeZAGgflCiUOACpS.jpg,Cover: 4,not_food,0.9593
receipt_image_376_jpg.rf.DEpjOeZAGgflCiUOACpS.jpg,Check #00126,not_food,0.9303
receipt_image_376_jpg.rf.DEpjOeZAGgflCiUOACpS.jpg,Time: 19:20:37,not_food,0.9567
receipt_image_376_jpg.rf.DEpjOeZAGgflCiUOACpS.jpg,:6/1/15,not_food,0.9508
receipt_image_376_jpg.rf.DEpjOeZAGgflCiUOACpS.jpg,Date,not_food,0.8746
receipt_image_376_jpg.rf.DEpjOeZAGgflCiUOACpS.jpg,4.50,not_food,0.9583
receipt_image_376_jpg.rf.DEpjOeZAGgflCiUOACpS.jpg,3.00,not_food,0.9574
receipt_image_376_jpg.rf.DEpjOeZAGgflCiUOACpS.jpg,3.49,not_food,0.9582
receipt_image_376_jpg.rf.DEpjOeZAGgflCiUOACpS.jpg,11.00,not_food,0.9578
receipt_image_376_jpg.rf.DEpjOeZAGgflCiUOACpS.jpg,6.50,not_food,0.9577
receipt_image_376_jpg.rf.DEpjOeZAGgflCiUOACpS.jpg,3.45,not_food,0.9584
receipt_image_376_jpg.rf.DEpjOeZAGgflCiUOACpS.jpg,11.85,not_food,0.9583
receipt_image_376_jpg.rf.DEpjOeZAGgflCiUOACpS.jpg,50,not_food,0.9569
receipt_image_376_jpg.rf.DEpjOeZAGgflCiUOACpS.jpg,0.00,not_food,0.958
receipt_image_376_jpg.rf.DEpjOeZAGgflCiUOACpS.jpg,Item Total($):,not_food,0.9513
receipt_image_376_jpg.rf.DEpjOeZAGgflCiUOACpS.jpg,43.79,not_food,0.9589
receipt_image_376_jpg.rf.DEpjOeZAGgflCiUOACpS.jpg,2.19,not_food,0.9571
receipt_image_376_jpg.rf.DEpjOeZAGgflCiUOACpS.jpg,Tax($):,not_food,0.8962
receipt_image_376_jpg.rf.DEpjOeZAGgflCiUOACpS.jpg,Total($):,not_food,0.9467
receipt_image_376_jpg.rf.DEpjOeZAGgflCiUOACpS.jpg,45.98,not_food,0.9586
receipt_image_376_jpg.rf.DEpjOeZAGgflCiUOACpS.jpg,No. of Print : 1,not_food,0.9465
receipt_image_376_jpg.rf.DEpjOeZAGgflCiUOACpS.jpg,Print Time,not_food,0.9449
receipt_image_376_jpg.rf.DEpjOeZAGgflCiUOACpS.jpg,:19:43:10,not_food,0.9584
1154-receipt_jpg.rf.OiNnEpKzV1aIf4ldLlqQ.jpg,éad0b,not_food,0.8459
1154-receipt_jpg.rf.OiNnEpKzV1aIf4ldLlqQ.jpg,(626)-939-9019,not_food,0.9569
1154-receipt_jpg.rf.OiNnEpKzV1aIf4ldLlqQ.jpg,10,not_food,0.9544
1154-receipt_jpg.rf.OiNnEpKzV1aIf4ldLlqQ.jpg,Station:,not_food,0.883
1154-receipt_jpg.rf.OiNnEpKzV1aIf4ldLlqQ.jpg,order #: 320502,not_food,0.9522
1154-receipt_jpg.rf.OiNnEpKzV1aIf4ldLlqQ.jpg,Table: 16,not_food,0.9506
1154-receipt_jpg.rf.OiNnEpKzV1aIf4ldLlqQ.jpg,9.54,not_food,0.9583
1154-receipt_jpg.rf.OiNnEpKzV1aIf4ldLlqQ.jpg,5.50,not_food,0.9582
1154-receipt_jpg.rf.OiNnEpKzV1aIf4ldLlqQ.jpg,2.75,not_food,0.9561
1154-receipt_jpg.rf.OiNnEpKzV1aIf4ldLlqQ.jpg,2.75,not_food,0.9561
1154-receipt_jpg.rf.OiNnEpKzV1aIf4ldLlqQ.jpg,11.95,not_food,0.9591
1154-receipt_jpg.rf.OiNnEpKzV1aIf4ldLlqQ.jpg,21.90,not_food,0.959
1154-receipt_jpg.rf.OiNnEpKzV1aIf4ldLlqQ.jpg,7.75,not_food,0.9582
1154-receipt_jpg.rf.OiNnEpKzV1aIf4ldLlqQ.jpg,2.5,not_food,0.9567
1154-receipt_jpg.rf.OiNnEpKzV1aIf4ldLlqQ.jpg,2.25,not_food,0.958
1154-receipt_jpg.rf.OiNnEpKzV1aIf4ldLlqQ.jpg,SUB TOTAL:,not_food,0.9163
1154-receipt_jpg.rf.OiNnEpKzV1aIf4ldLlqQ.jpg,66.89,not_food,0.9584
1154-receipt_jpg.rf.OiNnEpKzV1aIf4ldLlqQ.jpg,Tax 1:,not_food,0.9252
1154-receipt_jpg.rf.OiNnEpKzV1aIf4ldLlqQ.jpg,6.35,not_food,0.9583
1154-receipt_jpg.rf.OiNnEpKzV1aIf4ldLlqQ.jpg,Tax 2:,not_food,0.9271
1154-receipt_jpg.rf.OiNnEpKzV1aIf4ldLlqQ.jpg,0.00,not_food,0.958
1154-receipt_jpg.rf.OiNnEpKzV1aIf4ldLlqQ.jpg,AMOUNT DUE:,not_food,0.8575
1154-receipt_jpg.rf.OiNnEpKzV1aIf4ldLlqQ.jpg,$73.24,not_food,0.9584
1154-receipt_jpg.rf.OiNnEpKzV1aIf4ldLlqQ.jpg,Gratuity:,not_food,0.9035
1154-receipt_jpg.rf.OiNnEpKzV1aIf4ldLlqQ.jpg,Total:,not_food,0.9475
1154-receipt_jpg.rf.OiNnEpKzV1aIf4ldLlqQ.jpg,9/6/2018,not_food,0.9057
1154-receipt_jpg.rf.OiNnEpKzV1aIf4ldLlqQ.jpg,本本本*本本本本本****字**本本本本*本*本本本本本本本本本**本本本本本本,not_food,0.8984
1154-receipt_jpg.rf.OiNnEpKzV1aIf4ldLlqQ.jpg,RLEAsELLLiPay vour server,not_food,0.9554
receipt_image_442_jpg.rf.r2PPvO4RI6ZINz94yj9y.jpg,3-1707067,not_food,0.9352
receipt_image_442_jpg.rf.r2PPvO4RI6ZINz94yj9y.jpg,(002309592-P),not_food,0.9567
receipt_image_442_jpg.rf.r2PPvO4RI6ZINz94yj9y.jpg,NO.20. GROUND FLOOR.,not_food,0.9183
receipt_image_442_jpg.rf.r2PPvO4RI6ZINz94yj9y.jpg,TEL 03-89599823,not_food,0.955
receipt_image_442_jpg.rf.r2PPvO4RI6ZINz94yj9y.jpg,GST Re9 NO 001880666112,not_food,0.9483
receipt_image_442_jpg.rf.r2PPvO4RI6ZINz94yj9y.jpg,CS00110840,not_food,0.9561
receipt_image_442_jpg.rf.r2PPvO4RI6ZINz94yj9y.jpg,Date,not_food,0.8746
receipt_image_442_jpg.rf.r2PPvO4RI6ZINz94yj9y.jpg,02/03/2018,not_food,0.94
receipt_image_442_jpg.rf.r2PPvO4RI6ZINz94yj9y.jpg,F&P,not_food,0.9388
receipt_image_442_jpg.rf.r2PPvO4RI6ZINz94yj9y.jpg,Time.,not_food,0.9478
receipt_image_442_jpg.rf.r2PPvO4RI6ZINz94yj9y.jpg,16.46.00,not_food,0.9585
receipt_image_442_jpg.rf.r2PPvO4RI6ZINz94yj9y.jpg,Ref,not_food,0.9308
receipt_image_442_jpg.rf.r2PPvO4RI6ZINz94yj9y.jpg,Qty,not_food,0.8711
receipt_image_442_jpg.rf.r2PPvO4RI6ZINz94yj9y.jpg,(GST),not_food,0.9228
receipt_image_442_jpg.rf.r2PPvO4RI6ZINz94yj9y.jpg,(GST),not_food,0.9228
receipt_image_442_jpg.rf.r2PPvO4RI6ZINz94yj9y.jpg,Item,not_food,0.9528
receipt_image_442_jpg.rf.r2PPvO4RI6ZINz94yj9y.jpg,Amount,not_food,0.8481
receipt_image_442_jpg.rf.r2PPvO4RI6ZINz94yj9y.jpg,Tax,not_food,0.9035
receipt_image_442_jpg.rf.r2PPvO4RI6ZINz94yj9y.jpg,955789210525f,not_food,0.9585
receipt_image_442_jpg.rf.r2PPvO4RI6ZINz94yj9y.jpg,5.66,not_food,0.9581
receipt_image_442_jpg.rf.r2PPvO4RI6ZINz94yj9y.jpg,6.00,not_food,0.9566
receipt_image_442_jpg.rf.r2PPvO4RI6ZINz94yj9y.jpg,6.00,not_food,0.9566
receipt_image_442_jpg.rf.r2PPvO4RI6ZINz94yj9y.jpg,SR,not_food,0.921
receipt_image_442_jpg.rf.r2PPvO4RI6ZINz94yj9y.jpg,1486,not_food,0.9568
receipt_image_442_jpg.rf.r2PPvO4RI6ZINz94yj9y.jpg,6 00,not_food,0.9534
receipt_image_442_jpg.rf.r2PPvO4RI6ZINz94yj9y.jpg,6.00,not_food,0.9566
receipt_image_442_jpg.rf.r2PPvO4RI6ZINz94yj9y.jpg,600,not_food,0.958
receipt_image_442_jpg.rf.r2PPvO4RI6ZINz94yj9y.jpg,ZRL,not_food,0.8411
receipt_image_442_jpg.rf.r2PPvO4RI6ZINz94yj9y.jpg,P.P NAPROXEN NA 275 MG,not_food,0.9383
receipt_image_442_jpg.rf.r2PPvO4RI6ZINz94yj9y.jpg,9557837400035,not_food,0.9586
receipt_image_442_jpg.rf.r2PPvO4RI6ZINz94yj9y.jpg,430,not_food,0.9597
receipt_image_442_jpg.rf.r2PPvO4RI6ZINz94yj9y.jpg,430,not_food,0.9597
receipt_image_442_jpg.rf.r2PPvO4RI6ZINz94yj9y.jpg,430,not_food,0.9597
receipt_image_442_jpg.rf.r2PPvO4RI6ZINz94yj9y.jpg,ZRL,not_food,0.8411
receipt_image_442_jpg.rf.r2PPvO4RI6ZINz94yj9y.jpg,1014,not_food,0.9563
receipt_image_442_jpg.rf.r2PPvO4RI6ZINz94yj9y.jpg,3.58,not_food,0.9584
receipt_image_442_jpg.rf.r2PPvO4RI6ZINz94yj9y.jpg,3 80,not_food,0.9564
receipt_image_442_jpg.rf.r2PPvO4RI6ZINz94yj9y.jpg,3 80,not_food,0.9564
receipt_image_442_jpg.rf.r2PPvO4RI6ZINz94yj9y.jpg,SR,not_food,0.921
receipt_image_442_jpg.rf.r2PPvO4RI6ZINz94yj9y.jpg,TABLET,not_food,0.9238
receipt_image_442_jpg.rf.r2PPvO4RI6ZINz94yj9y.jpg,1155,not_food,0.956
receipt_image_442_jpg.rf.r2PPvO4RI6ZINz94yj9y.jpg,613,not_food,0.9591
receipt_image_442_jpg.rf.r2PPvO4RI6ZINz94yj9y.jpg,6.50,not_food,0.9577
receipt_image_442_jpg.rf.r2PPvO4RI6ZINz94yj9y.jpg,650,not_food,0.9587
receipt_image_442_jpg.rf.r2PPvO4RI6ZINz94yj9y.jpg,SR,not_food,0.921
receipt_image_442_jpg.rf.r2PPvO4RI6ZINz94yj9y.jpg,PMS GAUZE BANDAGE,not_food,0.9254
receipt_image_442_jpg.rf.r2PPvO4RI6ZINz94yj9y.jpg,5CM X 4M,not_food,0.9145
receipt_image_442_jpg.rf.r2PPvO4RI6ZINz94yj9y.jpg,95506104,not_food,0.9581
receipt_image_442_jpg.rf.r2PPvO4RI6ZINz94yj9y.jpg,500,not_food,0.9573
receipt_image_442_jpg.rf.r2PPvO4RI6ZINz94yj9y.jpg,530,not_food,0.9589
receipt_image_442_jpg.rf.r2PPvO4RI6ZINz94yj9y.jpg,530,not_food,0.9589
receipt_image_442_jpg.rf.r2PPvO4RI6ZINz94yj9y.jpg,SR,not_food,0.921
receipt_image_442_jpg.rf.r2PPvO4RI6ZINz94yj9y.jpg,Total Qty,not_food,0.8935
receipt_image_442_jpg.rf.r2PPvO4RI6ZINz94yj9y.jpg,3190,not_food,0.9573
receipt_image_442_jpg.rf.r2PPvO4RI6ZINz94yj9y.jpg,Total Sales (Excluding GST),not_food,0.836
receipt_image_442_jpg.rf.r2PPvO4RI6ZINz94yj9y.jpg,30.68,not_food,0.9589
receipt_image_442_jpg.rf.r2PPvO4RI6ZINz94yj9y.jpg,Discount,not_food,0.9327
receipt_image_442_jpg.rf.r2PPvO4RI6ZINz94yj9y.jpg,0000,not_food,0.9571
receipt_image_442_jpg.rf.r2PPvO4RI6ZINz94yj9y.jpg,Total GST,not_food,0.9313
receipt_image_442_jpg.rf.r2PPvO4RI6ZINz94yj9y.jpg,122,not_food,0.9525
receipt_image_442_jpg.rf.r2PPvO4RI6ZINz94yj9y.jpg,0.00,not_food,0.958
receipt_image_442_jpg.rf.r2PPvO4RI6ZINz94yj9y.jpg,Total Sales (Inclusive of GsT),not_food,0.824
receipt_image_442_jpg.rf.r2PPvO4RI6ZINz94yj9y.jpg,31.90,not_food,0.9594
receipt_image_442_jpg.rf.r2PPvO4RI6ZINz94yj9y.jpg,50.00,not_food,0.958
receipt_image_442_jpg.rf.r2PPvO4RI6ZINz94yj9y.jpg,Change :,not_food,0.9356
receipt_image_442_jpg.rf.r2PPvO4RI6ZINz94yj9y.jpg,18.10,not_food,0.956
receipt_image_442_jpg.rf.r2PPvO4RI6ZINz94yj9y.jpg,GSTSUMMARY,not_food,0.8346
receipt_image_442_jpg.rf.r2PPvO4RI6ZINz94yj9y.jpg,Tax Code,not_food,0.9198
receipt_image_442_jpg.rf.r2PPvO4RI6ZINz94yj9y.jpg,Amt (RM),not_food,0.9122
receipt_image_442_jpg.rf.r2PPvO4RI6ZINz94yj9y.jpg,Tax (RM),not_food,0.8685
receipt_image_442_jpg.rf.r2PPvO4RI6ZINz94yj9y.jpg,SR,not_food,0.921
receipt_image_442_jpg.rf.r2PPvO4RI6ZINz94yj9y.jpg,2038,not_food,0.956
receipt_image_442_jpg.rf.r2PPvO4RI6ZINz94yj9y.jpg,1.22,not_food,0.9582
receipt_image_442_jpg.rf.r2PPvO4RI6ZINz94yj9y.jpg,ZRL,not_food,0.8411
receipt_image_442_jpg.rf.r2PPvO4RI6ZINz94yj9y.jpg,1030,not_food,0.9568
receipt_image_442_jpg.rf.r2PPvO4RI6ZINz94yj9y.jpg,0000,not_food,0.9571
receipt_image_442_jpg.rf.r2PPvO4RI6ZINz94yj9y.jpg,Total,not_food,0.9458
receipt_image_442_jpg.rf.r2PPvO4RI6ZINz94yj9y.jpg,30.68,not_food,0.9589
receipt_image_442_jpg.rf.r2PPvO4RI6ZINz94yj9y.jpg,1.22,not_food,0.9582
receipt_image_442_jpg.rf.r2PPvO4RI6ZINz94yj9y.jpg,THANK YOU.,not_food,0.9048
receipt_image_501_jpg.rf.kvKVUKvPlEhJGetbi42G.jpg,318,not_food,0.9576
receipt_image_501_jpg.rf.kvKVUKvPlEhJGetbi42G.jpg,01011,not_food,0.957
receipt_image_501_jpg.rf.kvKVUKvPlEhJGetbi42G.jpg,(81109-A),not_food,0.9496
receipt_image_501_jpg.rf.kvKVUKvPlEhJGetbi42G.jpg,"NO 290. JALAN AIR PANAS,",not_food,0.8798
receipt_image_501_jpg.rf.kvKVUKvPlEhJGetbi42G.jpg,TEL:03-40210276,not_food,0.9542
receipt_image_501_jpg.rf.kvKVUKvPlEhJGetbi42G.jpg,GST ID: 000750673920,not_food,0.9576
receipt_image_501_jpg.rf.kvKVUKvPlEhJGetbi42G.jpg,CS00012944,not_food,0.9563
receipt_image_501_jpg.rf.kvKVUKvPlEhJGetbi42G.jpg,Date:,not_food,0.9296
receipt_image_501_jpg.rf.kvKVUKvPlEhJGetbi42G.jpg,25/01/2018,not_food,0.936
receipt_image_501_jpg.rf.kvKVUKvPlEhJGetbi42G.jpg,USER,not_food,0.9056
receipt_image_501_jpg.rf.kvKVUKvPlEhJGetbi42G.jpg,Time:,not_food,0.9464
receipt_image_501_jpg.rf.kvKVUKvPlEhJGetbi42G.jpg,14.29:00,not_food,0.9569
receipt_image_501_jpg.rf.kvKVUKvPlEhJGetbi42G.jpg,Ref.:,not_food,0.9483
receipt_image_501_jpg.rf.kvKVUKvPlEhJGetbi42G.jpg,Item,not_food,0.9528
receipt_image_501_jpg.rf.kvKVUKvPlEhJGetbi42G.jpg,Qty,not_food,0.8711
receipt_image_501_jpg.rf.kvKVUKvPlEhJGetbi42G.jpg,Amount,not_food,0.8481
receipt_image_501_jpg.rf.kvKVUKvPlEhJGetbi42G.jpg,Tax,not_food,0.9035
receipt_image_501_jpg.rf.kvKVUKvPlEhJGetbi42G.jpg,1007,not_food,0.9562
receipt_image_501_jpg.rf.kvKVUKvPlEhJGetbi42G.jpg,63.60,not_food,0.9581
receipt_image_501_jpg.rf.kvKVUKvPlEhJGetbi42G.jpg,190.80,not_food,0.9587
receipt_image_501_jpg.rf.kvKVUKvPlEhJGetbi42G.jpg,SR,not_food,0.921
receipt_image_501_jpg.rf.kvKVUKvPlEhJGetbi42G.jpg,12MM 4/8B PLYWOOD,not_food,0.9564
receipt_image_501_jpg.rf.kvKVUKvPlEhJGetbi42G.jpg,Total Qty:,not_food,0.9266
receipt_image_501_jpg.rf.kvKVUKvPlEhJGetbi42G.jpg,190.80,not_food,0.9587
receipt_image_501_jpg.rf.kvKVUKvPlEhJGetbi42G.jpg,Total Sales (Excluding GST),not_food,0.836
receipt_image_501_jpg.rf.kvKVUKvPlEhJGetbi42G.jpg,180.00,not_food,0.9576
receipt_image_501_jpg.rf.kvKVUKvPlEhJGetbi42G.jpg,Discount,not_food,0.9327
receipt_image_501_jpg.rf.kvKVUKvPlEhJGetbi42G.jpg,0.00,not_food,0.958
receipt_image_501_jpg.rf.kvKVUKvPlEhJGetbi42G.jpg,Total GST,not_food,0.9313
receipt_image_501_jpg.rf.kvKVUKvPlEhJGetbi42G.jpg,10.80,not_food,0.9582
receipt_image_501_jpg.rf.kvKVUKvPlEhJGetbi42G.jpg,Rounding,not_food,0.8508
receipt_image_501_jpg.rf.kvKVUKvPlEhJGetbi42G.jpg,0.00,not_food,0.958
receipt_image_501_jpg.rf.kvKVUKvPlEhJGetbi42G.jpg,Total Sales (Inclusive of GST),not_food,0.824
receipt_image_501_jpg.rf.kvKVUKvPlEhJGetbi42G.jpg,190.80,not_food,0.9587
receipt_image_501_jpg.rf.kvKVUKvPlEhJGetbi42G.jpg,190.80,not_food,0.9587
receipt_image_501_jpg.rf.kvKVUKvPlEhJGetbi42G.jpg,0.00,not_food,0.958
receipt_image_501_jpg.rf.kvKVUKvPlEhJGetbi42G.jpg,GST SUMMARY,not_food,0.9459
receipt_image_501_jpg.rf.kvKVUKvPlEhJGetbi42G.jpg,Tax Code,not_food,0.9198
receipt_image_501_jpg.rf.kvKVUKvPlEhJGetbi42G.jpg,Amt (RM),not_food,0.9122
receipt_image_501_jpg.rf.kvKVUKvPlEhJGetbi42G.jpg,Tax (RM),not_food,0.8685
receipt_image_501_jpg.rf.kvKVUKvPlEhJGetbi42G.jpg,SR,not_food,0.921
receipt_image_501_jpg.rf.kvKVUKvPlEhJGetbi42G.jpg,180.00,not_food,0.9576
receipt_image_501_jpg.rf.kvKVUKvPlEhJGetbi42G.jpg,10 80,not_food,0.9572
receipt_image_501_jpg.rf.kvKVUKvPlEhJGetbi42G.jpg,Total:,not_food,0.9475
receipt_image_501_jpg.rf.kvKVUKvPlEhJGetbi42G.jpg,180.00,not_food,0.9576
receipt_image_501_jpg.rf.kvKVUKvPlEhJGetbi42G.jpg,10.80,not_food,0.9582
receipt_image_501_jpg.rf.kvKVUKvPlEhJGetbi42G.jpg,LO.80,not_food,0.9548
receipt_image_311_jpg.rf.RPBkDFIR4C8ayLgGZCMV.jpg,Home Delivery,not_food,0.9036
receipt_image_311_jpg.rf.RPBkDFIR4C8ayLgGZCMV.jpg,DATE: 25/05/18,not_food,0.9253
receipt_image_311_jpg.rf.RPBkDFIR4C8ayLgGZCMV.jpg,TIME:11:31,not_food,0.9546
receipt_image_311_jpg.rf.RPBkDFIR4C8ayLgGZCMV.jpg,TABLE NO. 99,not_food,0.9441
receipt_image_311_jpg.rf.RPBkDFIR4C8ayLgGZCMV.jpg,ITEM NAME,not_food,0.9491
receipt_image_311_jpg.rf.RPBkDFIR4C8ayLgGZCMV.jpg,QTY,not_food,0.8711
receipt_image_311_jpg.rf.RPBkDFIR4C8ayLgGZCMV.jpg,AMOUNT,not_food,0.8481
receipt_image_311_jpg.rf.RPBkDFIR4C8ayLgGZCMV.jpg,1Pp,not_food,0.8927
receipt_image_311_jpg.rf.RPBkDFIR4C8ayLgGZCMV.jpg,140.00,not_food,0.9591
receipt_image_311_jpg.rf.RPBkDFIR4C8ayLgGZCMV.jpg,140.00,not_food,0.9591
receipt_image_311_jpg.rf.RPBkDFIR4C8ayLgGZCMV.jpg,IPP,not_food,0.9118
receipt_image_311_jpg.rf.RPBkDFIR4C8ayLgGZCMV.jpg,70.00,not_food,0.9586
receipt_image_311_jpg.rf.RPBkDFIR4C8ayLgGZCMV.jpg,70.00,not_food,0.9586
receipt_image_311_jpg.rf.RPBkDFIR4C8ayLgGZCMV.jpg,TOTAL ITEM(S):2 /QTY:2.000,not_food,0.9554
receipt_image_311_jpg.rf.RPBkDFIR4C8ayLgGZCMV.jpg,210.00,not_food,0.9593
receipt_image_311_jpg.rf.RPBkDFIR4C8ayLgGZCMV.jpg,CGST,not_food,0.8465
receipt_image_311_jpg.rf.RPBkDFIR4C8ayLgGZCMV.jpg,TAX % TAXABLE VAL,not_food,0.8895
receipt_image_311_jpg.rf.RPBkDFIR4C8ayLgGZCMV.jpg,210.00,not_food,0.9593
receipt_image_311_jpg.rf.RPBkDFIR4C8ayLgGZCMV.jpg,5.25,not_food,0.9584
receipt_image_311_jpg.rf.RPBkDFIR4C8ayLgGZCMV.jpg,5.25,not_food,0.9584
receipt_image_311_jpg.rf.RPBkDFIR4C8ayLgGZCMV.jpg,220.50,not_food,0.9584
receipt_image_311_jpg.rf.RPBkDFIR4C8ayLgGZCMV.jpg,5.00%,not_food,0.9409
receipt_image_311_jpg.rf.RPBkDFIR4C8ayLgGZCMV.jpg,220.00,not_food,0.9587
receipt_image_311_jpg.rf.RPBkDFIR4C8ayLgGZCMV.jpg,TOTAL,not_food,0.9458
receipt_image_311_jpg.rf.RPBkDFIR4C8ayLgGZCMV.jpg,!!! Thank You..,not_food,0.8269
receipt_image_752_jpg.rf.YutCwN3dlkIuYORfyNHw.jpg,"JT. Pulau Maju Bersama ECS-A-02, EAST COAST - G0",not_food,0.9359
receipt_image_752_jpg.rf.YutCwN3dlkIuYORfyNHw.jpg,+62-011-1907-9888,not_food,0.9539
receipt_image_752_jpg.rf.YutCwN3dlkIuYORfyNHw.jpg,Date,not_food,0.8746
receipt_image_752_jpg.rf.YutCwN3dlkIuYORfyNHw.jpg,17-01-2024 19:46,not_food,0.9574
receipt_image_752_jpg.rf.YutCwN3dlkIuYORfyNHw.jpg,17-01-2024 20:28,not_food,0.9571
receipt_image_752_jpg.rf.YutCwN3dlkIuYORfyNHw.jpg,Time In,not_food,0.9328
receipt_image_752_jpg.rf.YutCwN3dlkIuYORfyNHw.jpg,Server,not_food,0.927
receipt_image_752_jpg.rf.YutCwN3dlkIuYORfyNHw.jpg,Table,not_food,0.9449
receipt_image_752_jpg.rf.YutCwN3dlkIuYORfyNHw.jpg,33,not_food,0.9513
receipt_image_752_jpg.rf.YutCwN3dlkIuYORfyNHw.jpg,Purpose,not_food,0.8912
receipt_image_752_jpg.rf.YutCwN3dlkIuYORfyNHw.jpg,Pax,not_food,0.8852
receipt_image_752_jpg.rf.YutCwN3dlkIuYORfyNHw.jpg,1x,not_food,0.9461
receipt_image_752_jpg.rf.YutCwN3dlkIuYORfyNHw.jpg,055.000,not_food,0.9576
receipt_image_752_jpg.rf.YutCwN3dlkIuYORfyNHw.jpg,55.000,not_food,0.9585
receipt_image_752_jpg.rf.YutCwN3dlkIuYORfyNHw.jpg,#389.000,not_food,0.9545
receipt_image_752_jpg.rf.YutCwN3dlkIuYORfyNHw.jpg,389.000,not_food,0.9585
receipt_image_752_jpg.rf.YutCwN3dlkIuYORfyNHw.jpg,1x,not_food,0.9461
receipt_image_752_jpg.rf.YutCwN3dlkIuYORfyNHw.jpg,2x,not_food,0.9486
receipt_image_752_jpg.rf.YutCwN3dlkIuYORfyNHw.jpg,015.000,not_food,0.9585
receipt_image_752_jpg.rf.YutCwN3dlkIuYORfyNHw.jpg,30.000,not_food,0.9578
receipt_image_752_jpg.rf.YutCwN3dlkIuYORfyNHw.jpg,474.000,not_food,0.9587
receipt_image_752_jpg.rf.YutCwN3dlkIuYORfyNHw.jpg,Service Charge,not_food,0.9434
receipt_image_752_jpg.rf.YutCwN3dlkIuYORfyNHw.jpg,23.700,not_food,0.9584
receipt_image_752_jpg.rf.YutCwN3dlkIuYORfyNHw.jpg,PB1 :,not_food,0.9511
receipt_image_752_jpg.rf.YutCwN3dlkIuYORfyNHw.jpg,49.770,not_food,0.9592
receipt_image_752_jpg.rf.YutCwN3dlkIuYORfyNHw.jpg,547.470,not_food,0.9592
1084-receipt_jpg.rf.fqIAf5BugY0vQeVebUUH.jpg,201-533-1801,not_food,0.9543
1084-receipt_jpg.rf.fqIAf5BugY0vQeVebUUH.jpg,TABLE # 4,not_food,0.9422
1084-receipt_jpg.rf.fqIAf5BugY0vQeVebUUH.jpg,CHECK# 27273,not_food,0.9366
1084-receipt_jpg.rf.fqIAf5BugY0vQeVebUUH.jpg,DATE/TIME: 7/1/2018 5:53:48 PM,not_food,0.955
1084-receipt_jpg.rf.fqIAf5BugY0vQeVebUUH.jpg,STATION: 01,not_food,0.8923
1084-receipt_jpg.rf.fqIAf5BugY0vQeVebUUH.jpg,Item Count: 4,not_food,0.9534
1084-receipt_jpg.rf.fqIAf5BugY0vQeVebUUH.jpg,$18.00,not_food,0.9577
1084-receipt_jpg.rf.fqIAf5BugY0vQeVebUUH.jpg,CCC222,not_food,0.8742
1084-receipt_jpg.rf.fqIAf5BugY0vQeVebUUH.jpg,$36.00,not_food,0.9586
1084-receipt_jpg.rf.fqIAf5BugY0vQeVebUUH.jpg,$42.00,not_food,0.9587
1084-receipt_jpg.rf.fqIAf5BugY0vQeVebUUH.jpg,$10.50,not_food,0.9579
1084-receipt_jpg.rf.fqIAf5BugY0vQeVebUUH.jpg,$3.75,not_food,0.9563
1084-receipt_jpg.rf.fqIAf5BugY0vQeVebUUH.jpg,$7.50,not_food,0.9585
1084-receipt_jpg.rf.fqIAf5BugY0vQeVebUUH.jpg,$117.75,not_food,0.9559
1084-receipt_jpg.rf.fqIAf5BugY0vQeVebUUH.jpg,$8.24,not_food,0.9584
1084-receipt_jpg.rf.fqIAf5BugY0vQeVebUUH.jpg,Tax,not_food,0.9035
1084-receipt_jpg.rf.fqIAf5BugY0vQeVebUUH.jpg,$125.99,not_food,0.9584
1084-receipt_jpg.rf.fqIAf5BugY0vQeVebUUH.jpg,Opened: 7/1/2018 5:53:48 PM,not_food,0.952
receipt_image_690_jpg.rf.mPbl5poXFJZgeCC9u98p.jpg,O193 Table 54 #Party 2,not_food,0.9392
receipt_image_690_jpg.rf.mPbl5poXFJZgeCC9u98p.jpg,WILLIAM L SvrCk: 10 8:07p 03/22/13,not_food,0.9408
receipt_image_690_jpg.rf.mPbl5poXFJZgeCC9u98p.jpg,11.50,not_food,0.9584
receipt_image_690_jpg.rf.mPbl5poXFJZgeCC9u98p.jpg,13.00,not_food,0.9579
receipt_image_690_jpg.rf.mPbl5poXFJZgeCC9u98p.jpg,17.00,not_food,0.9575
receipt_image_690_jpg.rf.mPbl5poXFJZgeCC9u98p.jpg,12.00,not_food,0.957
receipt_image_690_jpg.rf.mPbl5poXFJZgeCC9u98p.jpg,1 Millenium 2#,not_food,0.9205
receipt_image_690_jpg.rf.mPbl5poXFJZgeCC9u98p.jpg,52.00,not_food,0.9582
receipt_image_690_jpg.rf.mPbl5poXFJZgeCC9u98p.jpg,1 NY SIRLOIN,not_food,0.8694
receipt_image_690_jpg.rf.mPbl5poXFJZgeCC9u98p.jpg,46.00,not_food,0.9586
receipt_image_690_jpg.rf.mPbl5poXFJZgeCC9u98p.jpg,13.00,not_food,0.9579
receipt_image_690_jpg.rf.mPbl5poXFJZgeCC9u98p.jpg,4.50,not_food,0.9583
receipt_image_690_jpg.rf.mPbl5poXFJZgeCC9u98p.jpg,9.00,not_food,0.9574
receipt_image_690_jpg.rf.mPbl5poXFJZgeCC9u98p.jpg,Sub Total: 178.00,not_food,0.9491
receipt_image_690_jpg.rf.mPbl5poXFJZgeCC9u98p.jpg,Tax,not_food,0.9035
receipt_image_690_jpg.rf.mPbl5poXFJZgeCC9u98p.jpg,15.35,not_food,0.9584
receipt_image_690_jpg.rf.mPbl5poXFJZgeCC9u98p.jpg,Sub Total: 193.35,not_food,0.9532
receipt_image_690_jpg.rf.mPbl5poXFJZgeCC9u98p.jpg,03/22 9:53pTOTAL:,not_food,0.8545
receipt_image_690_jpg.rf.mPbl5poXFJZgeCC9u98p.jpg,193.35,not_food,0.9589
receipt_image_632_jpg.rf.yOOcmxoPygP9Na7PbRAN.jpg,KING'S CONFECTIONERY S/B 273500-U (GKJ),not_food,0.9558
receipt_image_632_jpg.rf.yOOcmxoPygP9Na7PbRAN.jpg,"LOT PT244, JLN PERBANDARAN SS6/4",not_food,0.9573
receipt_image_632_jpg.rf.yOOcmxoPygP9Na7PbRAN.jpg,TEL NO: 03 - 7803 0974,not_food,0.9575
receipt_image_632_jpg.rf.yOOcmxoPygP9Na7PbRAN.jpg,(GST ID : 000294060032),not_food,0.9543
receipt_image_632_jpg.rf.yOOcmxoPygP9Na7PbRAN.jpg,Tax,not_food,0.9035
receipt_image_632_jpg.rf.yOOcmxoPygP9Na7PbRAN.jpg,Inv No :GKJ30785499,not_food,0.9513
receipt_image_632_jpg.rf.yOOcmxoPygP9Na7PbRAN.jpg,Date:02/02/17 19:46,not_food,0.9478
receipt_image_632_jpg.rf.yOOcmxoPygP9Na7PbRAN.jpg,Ctr :01,not_food,0.9526
receipt_image_632_jpg.rf.yOOcmxoPygP9Na7PbRAN.jpg,Code,not_food,0.9396
receipt_image_632_jpg.rf.yOOcmxoPygP9Na7PbRAN.jpg,Desc,not_food,0.9381
receipt_image_632_jpg.rf.yOOcmxoPygP9Na7PbRAN.jpg,Qty,not_food,0.8711
receipt_image_632_jpg.rf.yOOcmxoPygP9Na7PbRAN.jpg,RM,not_food,0.9394
receipt_image_632_jpg.rf.yOOcmxoPygP9Na7PbRAN.jpg,D%,not_food,0.9142
receipt_image_632_jpg.rf.yOOcmxoPygP9Na7PbRAN.jpg,Amt,not_food,0.912
receipt_image_632_jpg.rf.yOOcmxoPygP9Na7PbRAN.jpg,7.50,not_food,0.9583
receipt_image_632_jpg.rf.yOOcmxoPygP9Na7PbRAN.jpg,7.50 S,not_food,0.9569
receipt_image_632_jpg.rf.yOOcmxoPygP9Na7PbRAN.jpg,Qty,not_food,0.8711
receipt_image_632_jpg.rf.yOOcmxoPygP9Na7PbRAN.jpg,7.50,not_food,0.9583
receipt_image_632_jpg.rf.yOOcmxoPygP9Na7PbRAN.jpg,0.00,not_food,0.958
receipt_image_632_jpg.rf.yOOcmxoPygP9Na7PbRAN.jpg,Due,not_food,0.9022
receipt_image_632_jpg.rf.yOOcmxoPygP9Na7PbRAN.jpg,7.50,not_food,0.9583
receipt_image_632_jpg.rf.yOOcmxoPygP9Na7PbRAN.jpg,FPa3y,not_food,0.9423
receipt_image_632_jpg.rf.yOOcmxoPygP9Na7PbRAN.jpg,20.00,not_food,0.9574
receipt_image_632_jpg.rf.yOOcmxoPygP9Na7PbRAN.jpg,Change,not_food,0.9144
receipt_image_632_jpg.rf.yOOcmxoPygP9Na7PbRAN.jpg,12.50,not_food,0.9576
receipt_image_632_jpg.rf.yOOcmxoPygP9Na7PbRAN.jpg,(Total Included GST @ 6% :,not_food,0.9139
receipt_image_632_jpg.rf.yOOcmxoPygP9Na7PbRAN.jpg,0.42)~,not_food,0.9553
receipt_image_632_jpg.rf.yOOcmxoPygP9Na7PbRAN.jpg,==Visit us online at www.kings.cow.wy==,not_food,0.9199
receipt_image_924_jpg.rf.yljNMMosqLSTzdnRapeq.jpg,930 WAYNE AVE 0100,not_food,0.8975
receipt_image_924_jpg.rf.yljNMMosqLSTzdnRapeq.jpg,TEL:301-585-1111,not_food,0.9533
receipt_image_924_jpg.rf.yljNMMosqLSTzdnRapeq.jpg,#90,not_food,0.9484
receipt_image_924_jpg.rf.yljNMMosqLSTzdnRapeq.jpg,Date 05-11-2018 Time: 8:03PM,not_food,0.955
receipt_image_924_jpg.rf.yljNMMosqLSTzdnRapeq.jpg,TAB#: A06,not_food,0.8325
receipt_image_924_jpg.rf.yljNMMosqLSTzdnRapeq.jpg,4.85,not_food,0.9583
receipt_image_924_jpg.rf.yljNMMosqLSTzdnRapeq.jpg,4.25,not_food,0.9584
receipt_image_924_jpg.rf.yljNMMosqLSTzdnRapeq.jpg,4.85,not_food,0.9583
receipt_image_924_jpg.rf.yljNMMosqLSTzdnRapeq.jpg,4.25,not_food,0.9584
receipt_image_924_jpg.rf.yljNMMosqLSTzdnRapeq.jpg,8.95,not_food,0.9588
receipt_image_924_jpg.rf.yljNMMosqLSTzdnRapeq.jpg,Amount:,not_food,0.9023
receipt_image_924_jpg.rf.yljNMMosqLSTzdnRapeq.jpg,27.15,not_food,0.9585
receipt_image_924_jpg.rf.yljNMMosqLSTzdnRapeq.jpg,1.63,not_food,0.9569
receipt_image_924_jpg.rf.yljNMMosqLSTzdnRapeq.jpg,TOTAL: 28.78,not_food,0.9529
receipt_image_493_jpg.rf.rS9KrakwHLKhjvpYcsB3.jpg,31802013,not_food,0.9582
receipt_image_493_jpg.rf.rS9KrakwHLKhjvpYcsB3.jpg,(G8),not_food,0.9253
receipt_image_493_jpg.rf.rS9KrakwHLKhjvpYcsB3.jpg,Table 15,not_food,0.9507
receipt_image_493_jpg.rf.rS9KrakwHLKhjvpYcsB3.jpg,INV No.: 593101,not_food,0.9523
receipt_image_493_jpg.rf.rS9KrakwHLKhjvpYcsB3.jpg,Pax(s): 2,not_food,0.9307
receipt_image_493_jpg.rf.rS9KrakwHLKhjvpYcsB3.jpg,Date,not_food,0.8746
receipt_image_493_jpg.rf.rS9KrakwHLKhjvpYcsB3.jpg,: 14-02-2018 13:02:42,not_food,0.9575
receipt_image_493_jpg.rf.rS9KrakwHLKhjvpYcsB3.jpg,Depon,not_food,0.9023
receipt_image_493_jpg.rf.rS9KrakwHLKhjvpYcsB3.jpg,Qty,not_food,0.8711
receipt_image_493_jpg.rf.rS9KrakwHLKhjvpYcsB3.jpg,AX,not_food,0.9292
receipt_image_493_jpg.rf.rS9KrakwHLKhjvpYcsB3.jpg,1 ×,not_food,0.9535
receipt_image_493_jpg.rf.rS9KrakwHLKhjvpYcsB3.jpg,12.50,not_food,0.9576
receipt_image_493_jpg.rf.rS9KrakwHLKhjvpYcsB3.jpg,12.50,not_food,0.9576
receipt_image_493_jpg.rf.rS9KrakwHLKhjvpYcsB3.jpg,SR,not_food,0.921
receipt_image_493_jpg.rf.rS9KrakwHLKhjvpYcsB3.jpg,3.00,not_food,0.9574
receipt_image_493_jpg.rf.rS9KrakwHLKhjvpYcsB3.jpg,3.00,not_food,0.9574
receipt_image_493_jpg.rf.rS9KrakwHLKhjvpYcsB3.jpg,SR,not_food,0.921
receipt_image_493_jpg.rf.rS9KrakwHLKhjvpYcsB3.jpg,4.90,not_food,0.9585
receipt_image_493_jpg.rf.rS9KrakwHLKhjvpYcsB3.jpg,4.90,not_food,0.9585
receipt_image_493_jpg.rf.rS9KrakwHLKhjvpYcsB3.jpg,SR,not_food,0.921
receipt_image_493_jpg.rf.rS9KrakwHLKhjvpYcsB3.jpg,1X,not_food,0.9461
receipt_image_493_jpg.rf.rS9KrakwHLKhjvpYcsB3.jpg,9.90,not_food,0.9587
receipt_image_493_jpg.rf.rS9KrakwHLKhjvpYcsB3.jpg,9.90,not_food,0.9587
receipt_image_493_jpg.rf.rS9KrakwHLKhjvpYcsB3.jpg,SR,not_food,0.921
receipt_image_493_jpg.rf.rS9KrakwHLKhjvpYcsB3.jpg,Total QTY: 4,not_food,0.9394
receipt_image_493_jpg.rf.rS9KrakwHLKhjvpYcsB3.jpg,Total (Excluding GST):,not_food,0.9406
receipt_image_493_jpg.rf.rS9KrakwHLKhjvpYcsB3.jpg,28.58,not_food,0.9585
receipt_image_493_jpg.rf.rS9KrakwHLKhjvpYcsB3.jpg,Tooo ):,not_food,0.9095
receipt_image_493_jpg.rf.rS9KrakwHLKhjvpYcsB3.jpg,1.72,not_food,0.9583
receipt_image_493_jpg.rf.rS9KrakwHLKhjvpYcsB3.jpg,30.30,not_food,0.9586
receipt_image_493_jpg.rf.rS9KrakwHLKhjvpYcsB3.jpg,TOTAL:,not_food,0.9475
receipt_image_493_jpg.rf.rS9KrakwHLKhjvpYcsB3.jpg,30.30,not_food,0.9586
receipt_image_493_jpg.rf.rS9KrakwHLKhjvpYcsB3.jpg,Closed: 001,not_food,0.9268
receipt_image_493_jpg.rf.rS9KrakwHLKhjvpYcsB3.jpg,14-02-2018,not_food,0.9383
receipt_image_493_jpg.rf.rS9KrakwHLKhjvpYcsB3.jpg,13:50:58,not_food,0.9582
receipt_image_493_jpg.rf.rS9KrakwHLKhjvpYcsB3.jpg,14/2/18,not_food,0.9164
receipt_image_493_jpg.rf.rS9KrakwHLKhjvpYcsB3.jpg,50.00,not_food,0.958
receipt_image_493_jpg.rf.rS9KrakwHLKhjvpYcsB3.jpg,CHANGE,not_food,0.9144
receipt_image_493_jpg.rf.rS9KrakwHLKhjvpYcsB3.jpg,30.30,not_food,0.9586
receipt_image_493_jpg.rf.rS9KrakwHLKhjvpYcsB3.jpg,19.70,not_food,0.9587
receipt_image_493_jpg.rf.rS9KrakwHLKhjvpYcsB3.jpg,GST ry,not_food,0.8996
receipt_image_493_jpg.rf.rS9KrakwHLKhjvpYcsB3.jpg,(0 6x),not_food,0.9513
receipt_image_493_jpg.rf.rS9KrakwHLKhjvpYcsB3.jpg,SR,not_food,0.921
receipt_image_493_jpg.rf.rS9KrakwHLKhjvpYcsB3.jpg,Tax(RM),not_food,0.8685
receipt_image_493_jpg.rf.rS9KrakwHLKhjvpYcsB3.jpg,28.58,not_food,0.9585
receipt_image_493_jpg.rf.rS9KrakwHLKhjvpYcsB3.jpg,1.72,not_food,0.9583
convenience-store-receipt1_jpg.rf.Gll8qIJN5D6NjKuMyMZC.jpg,7-ELEVEN,not_food,0.9257
convenience-store-receipt1_jpg.rf.Gll8qIJN5D6NjKuMyMZC.jpg,810 4TH AVE,not_food,0.9487
convenience-store-receipt1_jpg.rf.Gll8qIJN5D6NjKuMyMZC.jpg,23232332,not_food,0.9559
convenience-store-receipt1_jpg.rf.Gll8qIJN5D6NjKuMyMZC.jpg,STORE #: 34343,not_food,0.9195
convenience-store-receipt1_jpg.rf.Gll8qIJN5D6NjKuMyMZC.jpg,1.008,not_food,0.9581
convenience-store-receipt1_jpg.rf.Gll8qIJN5D6NjKuMyMZC.jpg,14.00T,not_food,0.9519
convenience-store-receipt1_jpg.rf.Gll8qIJN5D6NjKuMyMZC.jpg,-1.00T,not_food,0.9556
convenience-store-receipt1_jpg.rf.Gll8qIJN5D6NjKuMyMZC.jpg,14.00,not_food,0.9554
convenience-store-receipt1_jpg.rf.Gll8qIJN5D6NjKuMyMZC.jpg,TOTAL DUE,not_food,0.906
convenience-store-receipt1_jpg.rf.Gll8qIJN5D6NjKuMyMZC.jpg,14.00,not_food,0.9554
convenience-store-receipt1_jpg.rf.Gll8qIJN5D6NjKuMyMZC.jpg,VISA,not_food,0.8493
convenience-store-receipt1_jpg.rf.Gll8qIJN5D6NjKuMyMZC.jpg,14.00,not_food,0.9554
convenience-store-receipt1_jpg.rf.Gll8qIJN5D6NjKuMyMZC.jpg,ACCT# :,not_food,0.8536
convenience-store-receipt1_jpg.rf.Gll8qIJN5D6NjKuMyMZC.jpg,APPROVAL# : 889621,not_food,0.9345
convenience-store-receipt1_jpg.rf.Gll8qIJN5D6NjKuMyMZC.jpg,AUTH CODE: 22,not_food,0.942
convenience-store-receipt1_jpg.rf.Gll8qIJN5D6NjKuMyMZC.jpg,APPROVAL TIME : 0903:2748,not_food,0.9572
convenience-store-receipt1_jpg.rf.Gll8qIJN5D6NjKuMyMZC.jpg,STORE# : 84157,not_food,0.9252
convenience-store-receipt1_jpg.rf.Gll8qIJN5D6NjKuMyMZC.jpg,TERM# : 1622810313009,not_food,0.9368
convenience-store-receipt1_jpg.rf.Gll8qIJN5D6NjKuMyMZC.jpg,REF# : 44108 31 837 1,not_food,0.9539
convenience-store-receipt1_jpg.rf.Gll8qIJN5D6NjKuMyMZC.jpg,APPROVED,not_food,0.8681
convenience-store-receipt1_jpg.rf.Gll8qIJN5D6NjKuMyMZC.jpg,T#37 OP3C TRN6647 05/07/2021 09:03:27,not_food,0.9577
receipt_image_130_jpg.rf.osAyOGPZXxboUl64hQ15.jpg,"New York, NY 10002",not_food,0.821
receipt_image_130_jpg.rf.osAyOGPZXxboUl64hQ15.jpg,Te1 212 677-0067,not_food,0.9453
receipt_image_130_jpg.rf.osAyOGPZXxboUl64hQ15.jpg,"Check Name: HNANG,HYUN",not_food,0.8257
receipt_image_130_jpg.rf.osAyOGPZXxboUl64hQ15.jpg,Server: Bar,not_food,0.8714
receipt_image_130_jpg.rf.osAyOGPZXxboUl64hQ15.jpg,Date: 08/03/18,not_food,0.9278
receipt_image_130_jpg.rf.osAyOGPZXxboUl64hQ15.jpg,Table:,not_food,0.9474
receipt_image_130_jpg.rf.osAyOGPZXxboUl64hQ15.jpg,$24.00,not_food,0.9581
receipt_image_130_jpg.rf.osAyOGPZXxboUl64hQ15.jpg,$12.00,not_food,0.9582
receipt_image_130_jpg.rf.osAyOGPZXxboUl64hQ15.jpg,$36.00,not_food,0.9586
receipt_image_130_jpg.rf.osAyOGPZXxboUl64hQ15.jpg,Tax::,not_food,0.9318
receipt_image_130_jpg.rf.osAyOGPZXxboUl64hQ15.jpg,$3.19,not_food,0.9584
receipt_image_130_jpg.rf.osAyOGPZXxboUl64hQ15.jpg,Sub w/Tax:,not_food,0.8523
receipt_image_130_jpg.rf.osAyOGPZXxboUl64hQ15.jpg,$39.19,not_food,0.9587
receipt_image_130_jpg.rf.osAyOGPZXxboUl64hQ15.jpg,Gratuity:,not_food,0.9035
receipt_image_130_jpg.rf.osAyOGPZXxboUl64hQ15.jpg,$7.20,not_food,0.9588
receipt_image_130_jpg.rf.osAyOGPZXxboUl64hQ15.jpg,Amt Due:,not_food,0.9104
receipt_image_130_jpg.rf.osAyOGPZXxboUl64hQ15.jpg,440,not_food,0.9587
receipt_image_130_jpg.rf.osAyOGPZXxboUl64hQ15.jpg,$45.40,not_food,0.9582
receipt_image_130_jpg.rf.osAyOGPZXxboUl64hQ15.jpg,Thank You,not_food,0.8731
receipt_image_184_jpg.rf.i7X2nJ1kDgLFm3F1mTQz.jpg,USA,not_food,0.9171
receipt_image_184_jpg.rf.i7X2nJ1kDgLFm3F1mTQz.jpg,(1243) 254 545,not_food,0.9562
receipt_image_184_jpg.rf.i7X2nJ1kDgLFm3F1mTQz.jpg,DATE:23/02/2021,not_food,0.9348
receipt_image_184_jpg.rf.i7X2nJ1kDgLFm3F1mTQz.jpg,TIME: 11:12 AM,not_food,0.9538
receipt_image_184_jpg.rf.i7X2nJ1kDgLFm3F1mTQz.jpg,Trans –,not_food,0.922
receipt_image_184_jpg.rf.i7X2nJ1kDgLFm3F1mTQz.jpg,19714295,not_food,0.9551
receipt_image_184_jpg.rf.i7X2nJ1kDgLFm3F1mTQz.jpg,Mcc -,not_food,0.9146
receipt_image_184_jpg.rf.i7X2nJ1kDgLFm3F1mTQz.jpg,189926543,not_food,0.9586
receipt_image_184_jpg.rf.i7X2nJ1kDgLFm3F1mTQz.jpg,MASTER,not_food,0.8749
receipt_image_184_jpg.rf.i7X2nJ1kDgLFm3F1mTQz.jpg,2546,not_food,0.958
receipt_image_184_jpg.rf.i7X2nJ1kDgLFm3F1mTQz.jpg,ITEM,not_food,0.9528
receipt_image_184_jpg.rf.i7X2nJ1kDgLFm3F1mTQz.jpg,QTY,not_food,0.8711
receipt_image_184_jpg.rf.i7X2nJ1kDgLFm3F1mTQz.jpg,$60.00,not_food,0.9588
receipt_image_184_jpg.rf.i7X2nJ1kDgLFm3F1mTQz.jpg,MOM,not_food,0.8408
receipt_image_184_jpg.rf.i7X2nJ1kDgLFm3F1mTQz.jpg,$40.00,not_food,0.9584
receipt_image_184_jpg.rf.i7X2nJ1kDgLFm3F1mTQz.jpg,$ 100.00,not_food,0.9578
receipt_image_184_jpg.rf.i7X2nJ1kDgLFm3F1mTQz.jpg,TAX,not_food,0.9035
receipt_image_184_jpg.rf.i7X2nJ1kDgLFm3F1mTQz.jpg,$2.00,not_food,0.958
receipt_image_184_jpg.rf.i7X2nJ1kDgLFm3F1mTQz.jpg,GST,not_food,0.9295
receipt_image_184_jpg.rf.i7X2nJ1kDgLFm3F1mTQz.jpg,$1.00,not_food,0.958
receipt_image_184_jpg.rf.i7X2nJ1kDgLFm3F1mTQz.jpg,TOTAL:,not_food,0.9475
receipt_image_184_jpg.rf.i7X2nJ1kDgLFm3F1mTQz.jpg,$ 103.00,not_food,0.9588
receipt_image_184_jpg.rf.i7X2nJ1kDgLFm3F1mTQz.jpg,CUSTOMER COPY,not_food,0.938
receipt_image_184_jpg.rf.i7X2nJ1kDgLFm3F1mTQz.jpg,THANKS FOR VISITING,not_food,0.8241
receipt_image_475_jpg.rf.lHXaNrVIGf4dgUCWh84W.jpg,CO.,not_food,0.9291
receipt_image_475_jpg.rf.lHXaNrVIGf4dgUCWh84W.jpg,(Co. No.113825-W),not_food,0.9295
receipt_image_475_jpg.rf.lHXaNrVIGf4dgUCWh84W.jpg,(GST Reg No. 001492992000),not_food,0.9182
receipt_image_475_jpg.rf.lHXaNrVIGf4dgUCWh84W.jpg,SUNWAY VELOCITY,not_food,0.8638
receipt_image_475_jpg.rf.lHXaNrVIGf4dgUCWh84W.jpg,:3-69332192282,not_food,0.958
receipt_image_475_jpg.rf.lHXaNrVIGf4dgUCWh84W.jpg,14/03/18 12:52,not_food,0.9429
receipt_image_475_jpg.rf.lHXaNrVIGf4dgUCWh84W.jpg,Slip No.:,not_food,0.9083
receipt_image_475_jpg.rf.lHXaNrVIGf4dgUCWh84W.jpg,0040081037,not_food,0.9566
receipt_image_475_jpg.rf.lHXaNrVIGf4dgUCWh84W.jpg,Trans:,not_food,0.9381
receipt_image_475_jpg.rf.lHXaNrVIGf4dgUCWh84W.jpg,90243,not_food,0.9589
receipt_image_475_jpg.rf.lHXaNrVIGf4dgUCWh84W.jpg,Description,not_food,0.9548
receipt_image_475_jpg.rf.lHXaNrVIGf4dgUCWh84W.jpg,Amount,not_food,0.8481
receipt_image_475_jpg.rf.lHXaNrVIGf4dgUCWh84W.jpg,CBE Rubber Band200gm,not_food,0.941
receipt_image_475_jpg.rf.lHXaNrVIGf4dgUCWh84W.jpg,795 7,not_food,0.9595
receipt_image_475_jpg.rf.lHXaNrVIGf4dgUCWh84W.jpg,Total RM Incl. of GST,not_food,0.9467
receipt_image_475_jpg.rf.lHXaNrVIGf4dgUCWh84W.jpg,7.95,not_food,0.9592
receipt_image_475_jpg.rf.lHXaNrVIGf4dgUCWh84W.jpg,-10.00,not_food,0.9564
receipt_image_475_jpg.rf.lHXaNrVIGf4dgUCWh84W.jpg,CHANGE,not_food,0.9144
receipt_image_475_jpg.rf.lHXaNrVIGf4dgUCWh84W.jpg,2.05,not_food,0.9577
receipt_image_475_jpg.rf.lHXaNrVIGf4dgUCWh84W.jpg,Item Count,not_food,0.9295
receipt_image_475_jpg.rf.lHXaNrVIGf4dgUCWh84W.jpg,GSmSary,not_food,0.9141
receipt_image_475_jpg.rf.lHXaNrVIGf4dgUCWh84W.jpg,Amount,not_food,0.8481
receipt_image_475_jpg.rf.lHXaNrVIGf4dgUCWh84W.jpg,(RM),not_food,0.913
receipt_image_475_jpg.rf.lHXaNrVIGf4dgUCWh84W.jpg,Tax(RM),not_food,0.8685
receipt_image_475_jpg.rf.lHXaNrVIGf4dgUCWh84W.jpg,T @ 6%,not_food,0.8459
receipt_image_475_jpg.rf.lHXaNrVIGf4dgUCWh84W.jpg,7.50,not_food,0.9583
receipt_image_475_jpg.rf.lHXaNrVIGf4dgUCWh84W.jpg,0.45,not_food,0.9586
receipt_image_475_jpg.rf.lHXaNrVIGf4dgUCWh84W.jpg,Total Savings,not_food,0.9395
receipt_image_475_jpg.rf.lHXaNrVIGf4dgUCWh84W.jpg,0.00,not_food,0.958
receipt_image_475_jpg.rf.lHXaNrVIGf4dgUCWh84W.jpg,www.popular.com.my,not_food,0.8439
receipt_image_475_jpg.rf.lHXaNrVIGf4dgUCWh84W.jpg,www.popularonline.com.my,not_food,0.9076
1003-receipt_jpg.rf.JKRJq9OkEZ1RiPv2he83.jpg,(305) 386-6638,not_food,0.9556
1003-receipt_jpg.rf.JKRJq9OkEZ1RiPv2he83.jpg,Server: Kayra,not_food,0.8849
1003-receipt_jpg.rf.JKRJq9OkEZ1RiPv2he83.jpg,Station: 10,not_food,0.8811
1003-receipt_jpg.rf.JKRJq9OkEZ1RiPv2he83.jpg,Order #: 8262,not_food,0.9467
1003-receipt_jpg.rf.JKRJq9OkEZ1RiPv2he83.jpg,5.00,not_food,0.9575
1003-receipt_jpg.rf.JKRJq9OkEZ1RiPv2he83.jpg,SUB TOTAL:,not_food,0.9163
1003-receipt_jpg.rf.JKRJq9OkEZ1RiPv2he83.jpg,5.00,not_food,0.9575
1003-receipt_jpg.rf.JKRJq9OkEZ1RiPv2he83.jpg,Sales Tax:,not_food,0.8712
1003-receipt_jpg.rf.JKRJq9OkEZ1RiPv2he83.jpg,0.35,not_food,0.9584
1003-receipt_jpg.rf.JKRJq9OkEZ1RiPv2he83.jpg,TOTAL:,not_food,0.9475
1003-receipt_jpg.rf.JKRJq9OkEZ1RiPv2he83.jpg,$5.35,not_food,0.9587
1003-receipt_jpg.rf.JKRJq9OkEZ1RiPv2he83.jpg,5.35,not_food,0.9583
1003-receipt_jpg.rf.JKRJq9OkEZ1RiPv2he83.jpg,Balance:,not_food,0.9119
1003-receipt_jpg.rf.JKRJq9OkEZ1RiPv2he83.jpg,$0.00,not_food,0.958
1003-receipt_jpg.rf.JKRJq9OkEZ1RiPv2he83.jpg,» Ticket #: 35 «,not_food,0.86
1003-receipt_jpg.rf.JKRJq9OkEZ1RiPv2he83.jpg,Created: 4/20/2017 10:13:17 PM,not_food,0.9542
1003-receipt_jpg.rf.JKRJq9OkEZ1RiPv2he83.jpg,SETTLED: 4/20/2017 10:13:25 PM,not_food,0.9191
1003-receipt_jpg.rf.JKRJq9OkEZ1RiPv2he83.jpg,THANK YOU!,not_food,0.8529
1003-receipt_jpg.rf.JKRJq9OkEZ1RiPv2he83.jpg,why do Ialenys gut,not_food,0.9317
1003-receipt_jpg.rf.JKRJq9OkEZ1RiPv2he83.jpg,you,not_food,0.8949
receipt_image_532_jpg.rf.pLswq9OWMR6NXkmfqqvg.jpg,3-1708032,not_food,0.9206
receipt_image_532_jpg.rf.pLswq9OWMR6NXkmfqqvg.jpg,GM Rack Enterprise,not_food,0.8945
receipt_image_532_jpg.rf.pLswq9OWMR6NXkmfqqvg.jpg,Roc: 002016014-D,not_food,0.932
receipt_image_532_jpg.rf.pLswq9OWMR6NXkmfqqvg.jpg,"Lot 7F-7.02/7.03, KWCJalan Gelugor.",not_food,0.9537
receipt_image_532_jpg.rf.pLswq9OWMR6NXkmfqqvg.jpg,Tel:014-9684661 Fax:03-92246324,not_food,0.9594
receipt_image_532_jpg.rf.pLswq9OWMR6NXkmfqqvg.jpg,Email: gmrack100@yahoo.com,not_food,0.8883
receipt_image_532_jpg.rf.pLswq9OWMR6NXkmfqqvg.jpg,GST Reg No: 000019693568,not_food,0.955
receipt_image_532_jpg.rf.pLswq9OWMR6NXkmfqqvg.jpg,Date,not_food,0.8746
receipt_image_532_jpg.rf.pLswq9OWMR6NXkmfqqvg.jpg,: 20/03/2018 5:10:20 PM,not_food,0.9558
receipt_image_532_jpg.rf.pLswq9OWMR6NXkmfqqvg.jpg,:123,not_food,0.9554
receipt_image_532_jpg.rf.pLswq9OWMR6NXkmfqqvg.jpg,Description,not_food,0.9548
receipt_image_532_jpg.rf.pLswq9OWMR6NXkmfqqvg.jpg,Qty,not_food,0.8711
receipt_image_532_jpg.rf.pLswq9OWMR6NXkmfqqvg.jpg,Amount,not_food,0.8481
receipt_image_532_jpg.rf.pLswq9OWMR6NXkmfqqvg.jpg,TQ(6X9-500PCS)H0019,not_food,0.9563
receipt_image_532_jpg.rf.pLswq9OWMR6NXkmfqqvg.jpg,16.00,not_food,0.9575
receipt_image_532_jpg.rf.pLswq9OWMR6NXkmfqqvg.jpg,80.00 SR,not_food,0.9509
receipt_image_532_jpg.rf.pLswq9OWMR6NXkmfqqvg.jpg,TQ(8X11-300PCS)H0018,not_food,0.9539
receipt_image_532_jpg.rf.pLswq9OWMR6NXkmfqqvg.jpg,16.00,not_food,0.9575
receipt_image_532_jpg.rf.pLswq9OWMR6NXkmfqqvg.jpg,80.00 SR,not_food,0.9509
receipt_image_532_jpg.rf.pLswq9OWMR6NXkmfqqvg.jpg,Total Item Discount,not_food,0.9437
receipt_image_532_jpg.rf.pLswq9OWMR6NXkmfqqvg.jpg,0.00,not_food,0.958
receipt_image_532_jpg.rf.pLswq9OWMR6NXkmfqqvg.jpg,Totaf Sales Inclusive GST@ 6.00%,not_food,0.8995
receipt_image_532_jpg.rf.pLswq9OWMR6NXkmfqqvg.jpg,160.00,not_food,0.9573
receipt_image_532_jpg.rf.pLswq9OWMR6NXkmfqqvg.jpg,Rounding Adjustment:,not_food,0.9432
receipt_image_532_jpg.rf.pLswq9OWMR6NXkmfqqvg.jpg,0.00,not_food,0.958
receipt_image_532_jpg.rf.pLswq9OWMR6NXkmfqqvg.jpg,TOTAL:,not_food,0.9475
receipt_image_532_jpg.rf.pLswq9OWMR6NXkmfqqvg.jpg,160.00,not_food,0.9573
receipt_image_532_jpg.rf.pLswq9OWMR6NXkmfqqvg.jpg,160.00,not_food,0.9573
receipt_image_532_jpg.rf.pLswq9OWMR6NXkmfqqvg.jpg,Tax(RM),not_food,0.8685
receipt_image_532_jpg.rf.pLswq9OWMR6NXkmfqqvg.jpg,SR,not_food,0.921
receipt_image_532_jpg.rf.pLswq9OWMR6NXkmfqqvg.jpg,6.00,not_food,0.9566
receipt_image_532_jpg.rf.pLswq9OWMR6NXkmfqqvg.jpg,150.94,not_food,0.9589
receipt_image_532_jpg.rf.pLswq9OWMR6NXkmfqqvg.jpg,9.06,not_food,0.9585
receipt_image_407_jpg.rf.sgCwiZFLaai3qVyD0Ydi.jpg,Ph 23100,not_food,0.9531
receipt_image_407_jpg.rf.sgCwiZFLaai3qVyD0Ydi.jpg,DATE 06/05/16 14:38,not_food,0.9138
receipt_image_407_jpg.rf.sgCwiZFLaai3qVyD0Ydi.jpg,Receipt No : 035052016/060057,not_food,0.9537
receipt_image_407_jpg.rf.sgCwiZFLaai3qVyD0Ydi.jpg,Ref.:#00070-3,not_food,0.9546
receipt_image_407_jpg.rf.sgCwiZFLaai3qVyD0Ydi.jpg,Bill Ref.: S18011214,not_food,0.9299
receipt_image_407_jpg.rf.sgCwiZFLaai3qVyD0Ydi.jpg,Staff Open Table : ST-003131 Pubri,not_food,0.9519
receipt_image_407_jpg.rf.sgCwiZFLaai3qVyD0Ydi.jpg,TABLE C-20 (2),not_food,0.9476
receipt_image_407_jpg.rf.sgCwiZFLaai3qVyD0Ydi.jpg,"20,000",not_food,0.9543
receipt_image_407_jpg.rf.sgCwiZFLaai3qVyD0Ydi.jpg,"28,000",not_food,0.9552
receipt_image_407_jpg.rf.sgCwiZFLaai3qVyD0Ydi.jpg,"44,000",not_food,0.9536
receipt_image_407_jpg.rf.sgCwiZFLaai3qVyD0Ydi.jpg,"78,000",not_food,0.9542
receipt_image_407_jpg.rf.sgCwiZFLaai3qVyD0Ydi.jpg,"52,000",not_food,0.9556
receipt_image_407_jpg.rf.sgCwiZFLaai3qVyD0Ydi.jpg,"24,000",not_food,0.9551
receipt_image_407_jpg.rf.sgCwiZFLaai3qVyD0Ydi.jpg,"29,000",not_food,0.9555
receipt_image_407_jpg.rf.sgCwiZFLaai3qVyD0Ydi.jpg,ITEMS:8,not_food,0.8501
receipt_image_407_jpg.rf.sgCwiZFLaai3qVyD0Ydi.jpg,"275,0000",not_food,0.9566
receipt_image_407_jpg.rf.sgCwiZFLaai3qVyD0Ydi.jpg,Service charge,not_food,0.9434
receipt_image_407_jpg.rf.sgCwiZFLaai3qVyD0Ydi.jpg,"20,625",not_food,0.9564
receipt_image_407_jpg.rf.sgCwiZFLaai3qVyD0Ydi.jpg,PB1,not_food,0.9387
receipt_image_407_jpg.rf.sgCwiZFLaai3qVyD0Ydi.jpg,"29,563",not_food,0.9583
receipt_image_407_jpg.rf.sgCwiZFLaai3qVyD0Ydi.jpg,Total.,not_food,0.9499
receipt_image_407_jpg.rf.sgCwiZFLaai3qVyD0Ydi.jpg,"325,188",not_food,0.9545
receipt_image_407_jpg.rf.sgCwiZFLaai3qVyD0Ydi.jpg,"325,188",not_food,0.9545
receipt_image_407_jpg.rf.sgCwiZFLaai3qVyD0Ydi.jpg,Hotline: 08 99 88 10 999,not_food,0.8692
receipt_image_295_jpg.rf.gQa0LEQvXiID7B1o3vbX.jpg,"STREET, BANGALORE-56O001",not_food,0.8633
receipt_image_295_jpg.rf.gQa0LEQvXiID7B1o3vbX.jpg,"GSTIN: 29AADCN9372N1ZM, HSN: 996331",not_food,0.956
receipt_image_295_jpg.rf.gQa0LEQvXiID7B1o3vbX.jpg,Phone:080-40414141,not_food,0.9454
receipt_image_295_jpg.rf.gQa0LEQvXiID7B1o3vbX.jpg,"Date & Time: 30/11/2020, 2:16:46 PM",not_food,0.9559
receipt_image_295_jpg.rf.gQa0LEQvXiID7B1o3vbX.jpg,"Captain: muzammil, Covers: 2",not_food,0.8175
receipt_image_295_jpg.rf.gQa0LEQvXiID7B1o3vbX.jpg,Type: Dine-in,not_food,0.8535
receipt_image_295_jpg.rf.gQa0LEQvXiID7B1o3vbX.jpg,Bill No: INTL51791,not_food,0.8461
receipt_image_295_jpg.rf.gQa0LEQvXiID7B1o3vbX.jpg,Table No: 35,not_food,0.9528
receipt_image_295_jpg.rf.gQa0LEQvXiID7B1o3vbX.jpg,Qty,not_food,0.8711
receipt_image_295_jpg.rf.gQa0LEQvXiID7B1o3vbX.jpg,Rate,not_food,0.9465
receipt_image_295_jpg.rf.gQa0LEQvXiID7B1o3vbX.jpg,Am,not_food,0.9274
receipt_image_295_jpg.rf.gQa0LEQvXiID7B1o3vbX.jpg,Item,not_food,0.9528
receipt_image_295_jpg.rf.gQa0LEQvXiID7B1o3vbX.jpg,180.00,not_food,0.9576
receipt_image_295_jpg.rf.gQa0LEQvXiID7B1o3vbX.jpg,180.00,not_food,0.9576
receipt_image_295_jpg.rf.gQa0LEQvXiID7B1o3vbX.jpg,Qtr.,not_food,0.9157
receipt_image_295_jpg.rf.gQa0LEQvXiID7B1o3vbX.jpg,110.00,not_food,0.9567
receipt_image_295_jpg.rf.gQa0LEQvXiID7B1o3vbX.jpg,110.00,not_food,0.9567
receipt_image_295_jpg.rf.gQa0LEQvXiID7B1o3vbX.jpg,20.00,not_food,0.9574
receipt_image_295_jpg.rf.gQa0LEQvXiID7B1o3vbX.jpg,80.00,not_food,0.9583
receipt_image_295_jpg.rf.gQa0LEQvXiID7B1o3vbX.jpg,40.00,not_food,0.9583
receipt_image_295_jpg.rf.gQa0LEQvXiID7B1o3vbX.jpg,80.00,not_food,0.9583
receipt_image_295_jpg.rf.gQa0LEQvXiID7B1o3vbX.jpg,55.00,not_food,0.9586
receipt_image_295_jpg.rf.gQa0LEQvXiID7B1o3vbX.jpg,110.00,not_food,0.9567
receipt_image_295_jpg.rf.gQa0LEQvXiID7B1o3vbX.jpg,165.00,not_food,0.9585
receipt_image_295_jpg.rf.gQa0LEQvXiID7B1o3vbX.jpg,165.00,not_food,0.9585
receipt_image_295_jpg.rf.gQa0LEQvXiID7B1o3vbX.jpg,114.00,not_food,0.9577
receipt_image_295_jpg.rf.gQa0LEQvXiID7B1o3vbX.jpg,114.00,not_food,0.9577
receipt_image_295_jpg.rf.gQa0LEQvXiID7B1o3vbX.jpg,66.67,not_food,0.9581
receipt_image_295_jpg.rf.gQa0LEQvXiID7B1o3vbX.jpg,66.67,not_food,0.9581
receipt_image_295_jpg.rf.gQa0LEQvXiID7B1o3vbX.jpg,28.57,not_food,0.9586
receipt_image_295_jpg.rf.gQa0LEQvXiID7B1o3vbX.jpg,28.57,not_food,0.9586
receipt_image_295_jpg.rf.gQa0LEQvXiID7B1o3vbX.jpg,|5da71bb84eec7d54bd7cec03|,not_food,0.9563
receipt_image_295_jpg.rf.gQa0LEQvXiID7B1o3vbX.jpg,Sub Total,not_food,0.9014
receipt_image_295_jpg.rf.gQa0LEQvXiID7B1o3vbX.jpg,934.24,not_food,0.9591
receipt_image_295_jpg.rf.gQa0LEQvXiID7B1o3vbX.jpg,CGST @ 2.5%,not_food,0.8323
receipt_image_295_jpg.rf.gQa0LEQvXiID7B1o3vbX.jpg,23.3€,not_food,0.9582
receipt_image_295_jpg.rf.gQa0LEQvXiID7B1o3vbX.jpg,23.3€,not_food,0.9582
receipt_image_295_jpg.rf.gQa0LEQvXiID7B1o3vbX.jpg,Total Rate (Incl. Tax)981.00,not_food,0.9465
receipt_image_295_jpg.rf.gQa0LEQvXiID7B1o3vbX.jpg,please contact CRM-Mr.Vaishag: 9036888877,not_food,0.9594
receipt_image_295_jpg.rf.gQa0LEQvXiID7B1o3vbX.jpg,Home Delivery 080 4041 4141,not_food,0.9538
1145-receipt_jpg.rf.PyacHAqP5uTgF8qpcnGZ.jpg,3035 W. KENNEDY BLVD,not_food,0.8279
1145-receipt_jpg.rf.PyacHAqP5uTgF8qpcnGZ.jpg,(813) 876 - 2587,not_food,0.9561
1145-receipt_jpg.rf.PyacHAqP5uTgF8qpcnGZ.jpg,Tb1 82/1,not_food,0.9013
1145-receipt_jpg.rf.PyacHAqP5uTgF8qpcnGZ.jpg,Gst 3,not_food,0.9482
1145-receipt_jpg.rf.PyacHAqP5uTgF8qpcnGZ.jpg,0.00,not_food,0.958
1145-receipt_jpg.rf.PyacHAqP5uTgF8qpcnGZ.jpg,13.25,not_food,0.9584
1145-receipt_jpg.rf.PyacHAqP5uTgF8qpcnGZ.jpg,14.95,not_food,0.9572
1145-receipt_jpg.rf.PyacHAqP5uTgF8qpcnGZ.jpg,4.95,not_food,0.9588
1145-receipt_jpg.rf.PyacHAqP5uTgF8qpcnGZ.jpg,13.95,not_food,0.9592
1145-receipt_jpg.rf.PyacHAqP5uTgF8qpcnGZ.jpg,0.25,not_food,0.9583
1145-receipt_jpg.rf.PyacHAqP5uTgF8qpcnGZ.jpg,60.87,not_food,0.9587
1145-receipt_jpg.rf.PyacHAqP5uTgF8qpcnGZ.jpg,Tax,not_food,0.9035
1145-receipt_jpg.rf.PyacHAqP5uTgF8qpcnGZ.jpg,4.27,not_food,0.9586
1145-receipt_jpg.rf.PyacHAqP5uTgF8qpcnGZ.jpg,05:19PM Total,not_food,0.9491
1145-receipt_jpg.rf.PyacHAqP5uTgF8qpcnGZ.jpg,65.14,not_food,0.9532
receipt_image_668_jpg.rf.OBbicEoJbLVrNB2Qyr6i.jpg,MR. D.I.Y. SDN BHD,not_food,0.9432
receipt_image_668_jpg.rf.OBbicEoJbLVrNB2Qyr6i.jpg,(CO.REG :704427-T),not_food,0.9343
receipt_image_668_jpg.rf.OBbicEoJbLVrNB2Qyr6i.jpg,LOT 1851-A & 1851-B. JALAN KPB 6,not_food,0.9479
receipt_image_668_jpg.rf.OBbicEoJbLVrNB2Qyr6i.jpg,(GST ID No :001092886528),not_food,0.9493
receipt_image_668_jpg.rf.OBbicEoJbLVrNB2Qyr6i.jpg,CLOTH PEG E-140,not_food,0.9524
receipt_image_668_jpg.rf.OBbicEoJbLVrNB2Qyr6i.jpg,*S,not_food,0.9389
receipt_image_668_jpg.rf.OBbicEoJbLVrNB2Qyr6i.jpg,WA36- 6/60,not_food,0.9407
receipt_image_668_jpg.rf.OBbicEoJbLVrNB2Qyr6i.jpg,9555112901406,not_food,0.9558
receipt_image_668_jpg.rf.OBbicEoJbLVrNB2Qyr6i.jpg,1 × 5.90 5.90.,not_food,0.9568
receipt_image_668_jpg.rf.OBbicEoJbLVrNB2Qyr6i.jpg,Item(s) : 1,not_food,0.9528
receipt_image_668_jpg.rf.OBbicEoJbLVrNB2Qyr6i.jpg,Qty(s) : 1,not_food,0.8896
receipt_image_668_jpg.rf.OBbicEoJbLVrNB2Qyr6i.jpg,Total Incl. GSTe6x,not_food,0.9494
receipt_image_668_jpg.rf.OBbicEoJbLVrNB2Qyr6i.jpg,RM 5.90,not_food,0.9556
receipt_image_668_jpg.rf.OBbicEoJbLVrNB2Qyr6i.jpg,RM 5.90,not_food,0.9556
receipt_image_668_jpg.rf.OBbicEoJbLVrNB2Qyr6i.jpg,GST Summary,not_food,0.9459
receipt_image_668_jpg.rf.OBbicEoJbLVrNB2Qyr6i.jpg,Amt(RM),not_food,0.9122
receipt_image_668_jpg.rf.OBbicEoJbLVrNB2Qyr6i.jpg,Tax(RM),not_food,0.8685
receipt_image_668_jpg.rf.OBbicEoJbLVrNB2Qyr6i.jpg,GST S06%,not_food,0.9232
receipt_image_668_jpg.rf.OBbicEoJbLVrNB2Qyr6i.jpg,5.57,not_food,0.9586
receipt_image_668_jpg.rf.OBbicEoJbLVrNB2Qyr6i.jpg,0.33,not_food,0.9555
receipt_image_668_jpg.rf.OBbicEoJbLVrNB2Qyr6i.jpg,18-10-17 15:16 SH01 ZT09,not_food,0.957
receipt_image_668_jpg.rf.OBbicEoJbLVrNB2Qyr6i.jpg,T3 R000000183,not_food,0.955
receipt_image_668_jpg.rf.OBbicEoJbLVrNB2Qyr6i.jpg,7 DAYS WITH RECEIPT.,not_food,0.91
1141-receipt_jpg.rf.ucmMbnf81q2hC0oCSO7o.jpg,110578007 Kak1n,not_food,0.9469
1141-receipt_jpg.rf.ucmMbnf81q2hC0oCSO7o.jpg,TBL 84/1,not_food,0.9039
1141-receipt_jpg.rf.ucmMbnf81q2hC0oCSO7o.jpg,GST 3,not_food,0.9482
1141-receipt_jpg.rf.ucmMbnf81q2hC0oCSO7o.jpg,84,not_food,0.9569
1141-receipt_jpg.rf.ucmMbnf81q2hC0oCSO7o.jpg,8.00,not_food,0.9576
1141-receipt_jpg.rf.ucmMbnf81q2hC0oCSO7o.jpg,10.80,not_food,0.9582
1141-receipt_jpg.rf.ucmMbnf81q2hC0oCSO7o.jpg,11.80,not_food,0.9586
1141-receipt_jpg.rf.ucmMbnf81q2hC0oCSO7o.jpg,8.80,not_food,0.9586
1141-receipt_jpg.rf.ucmMbnf81q2hC0oCSO7o.jpg,5.80,not_food,0.9584
1141-receipt_jpg.rf.ucmMbnf81q2hC0oCSO7o.jpg,6.80,not_food,0.958
1141-receipt_jpg.rf.ucmMbnf81q2hC0oCSO7o.jpg,22.00,not_food,0.958
1141-receipt_jpg.rf.ucmMbnf81q2hC0oCSO7o.jpg,$84.80,not_food,0.9578
1141-receipt_jpg.rf.ucmMbnf81q2hC0oCSO7o.jpg,Tax,not_food,0.9035
1141-receipt_jpg.rf.ucmMbnf81q2hC0oCSO7o.jpg,$3.82,not_food,0.9582
1141-receipt_jpg.rf.ucmMbnf81q2hC0oCSO7o.jpg,Total,not_food,0.9458
1141-receipt_jpg.rf.ucmMbnf81q2hC0oCSO7o.jpg,Due,not_food,0.9022
1141-receipt_jpg.rf.ucmMbnf81q2hC0oCSO7o.jpg,$88.62,not_food,0.9581
1141-receipt_jpg.rf.ucmMbnf81q2hC0oCSO7o.jpg,2330 Kalakaua Ave Ste 326,not_food,0.9155
1141-receipt_jpg.rf.ucmMbnf81q2hC0oCSO7o.jpg,Phone: 808-739-9318,not_food,0.9528
receipt_image_428_jpg.rf.PgSKcwoV8op5hBI124WF.jpg,P 7 00,not_food,0.9568
receipt_image_428_jpg.rf.PgSKcwoV8op5hBI124WF.jpg,07.06.18-21:21,not_food,0.9575
receipt_image_428_jpg.rf.PgSKcwoV8op5hBI124WF.jpg,2.1.27 972724/ARIS TR/01,not_food,0.9511
receipt_image_428_jpg.rf.PgSKcwoV8op5hBI124WF.jpg,2300,not_food,0.9587
receipt_image_428_jpg.rf.PgSKcwoV8op5hBI124WF.jpg,"4,600",not_food,0.9573
receipt_image_428_jpg.rf.PgSKcwoV8op5hBI124WF.jpg,2300,not_food,0.9587
receipt_image_428_jpg.rf.PgSKcwoV8op5hBI124WF.jpg,"2,300",not_food,0.9544
receipt_image_428_jpg.rf.PgSKcwoV8op5hBI124WF.jpg,2300,not_food,0.9587
receipt_image_428_jpg.rf.PgSKcwoV8op5hBI124WF.jpg,"4,600",not_food,0.9573
receipt_image_428_jpg.rf.PgSKcwoV8op5hBI124WF.jpg,2300,not_food,0.9587
receipt_image_428_jpg.rf.PgSKcwoV8op5hBI124WF.jpg,"2,300",not_food,0.9544
receipt_image_428_jpg.rf.PgSKcwoV8op5hBI124WF.jpg,3350,not_food,0.9597
receipt_image_428_jpg.rf.PgSKcwoV8op5hBI124WF.jpg,"3,350",not_food,0.9578
receipt_image_428_jpg.rf.PgSKcwoV8op5hBI124WF.jpg,2300,not_food,0.9587
receipt_image_428_jpg.rf.PgSKcwoV8op5hBI124WF.jpg,"2,300",not_food,0.9544
receipt_image_428_jpg.rf.PgSKcwoV8op5hBI124WF.jpg,2300,not_food,0.9587
receipt_image_428_jpg.rf.PgSKcwoV8op5hBI124WF.jpg,"2,300",not_food,0.9544
receipt_image_428_jpg.rf.PgSKcwoV8op5hBI124WF.jpg,2300,not_food,0.9587
receipt_image_428_jpg.rf.PgSKcwoV8op5hBI124WF.jpg,"2,300",not_food,0.9544
receipt_image_428_jpg.rf.PgSKcwoV8op5hBI124WF.jpg,2300,not_food,0.9587
receipt_image_428_jpg.rf.PgSKcwoV8op5hBI124WF.jpg,"2,300",not_food,0.9544
receipt_image_428_jpg.rf.PgSKcwoV8op5hBI124WF.jpg,2300,not_food,0.9587
receipt_image_428_jpg.rf.PgSKcwoV8op5hBI124WF.jpg,"2,300",not_food,0.9544
receipt_image_428_jpg.rf.PgSKcwoV8op5hBI124WF.jpg,RINSO DET.MTC FRNT 3,not_food,0.8748
receipt_image_428_jpg.rf.PgSKcwoV8op5hBI124WF.jpg,93000,not_food,0.958
receipt_image_428_jpg.rf.PgSKcwoV8op5hBI124WF.jpg,"93,000",not_food,0.9552
receipt_image_428_jpg.rf.PgSKcwoV8op5hBI124WF.jpg,"121,650",not_food,0.9554
receipt_image_428_jpg.rf.PgSKcwoV8op5hBI124WF.jpg,VOUCHER UNILEVER INDONESIA PT.,not_food,0.9123
receipt_image_428_jpg.rf.PgSKcwoV8op5hBI124WF.jpg,"(14,100)",not_food,0.9411
receipt_image_428_jpg.rf.PgSKcwoV8op5hBI124WF.jpg,TOTAL,not_food,0.9458
receipt_image_428_jpg.rf.PgSKcwoV8op5hBI124WF.jpg,"107,550",not_food,0.9526
receipt_image_428_jpg.rf.PgSKcwoV8op5hBI124WF.jpg,"110,000",not_food,0.9513
receipt_image_428_jpg.rf.PgSKcwoV8op5hBI124WF.jpg,"2,450",not_food,0.9581
receipt_image_428_jpg.rf.PgSKcwoV8op5hBI124WF.jpg,"14,100",not_food,0.9469
receipt_image_428_jpg.rf.PgSKcwoV8op5hBI124WF.jpg,PPN,not_food,0.9197
receipt_image_428_jpg.rf.PgSKcwoV8op5hBI124WF.jpg,": DPP= 110,591 PPN= 11,059",not_food,0.9564
receipt_image_428_jpg.rf.PgSKcwoV8op5hBI124WF.jpg,SMS 0811 1500 280 CALL 1500 280,not_food,0.9338
receipt_image_734_jpg.rf.I34aKdvkQGssrL8itxty.jpg,Telp: 4468520 7 4725822,not_food,0.958
receipt_image_734_jpg.rf.I34aKdvkQGssrL8itxty.jpg,WA:081236122922,not_food,0.9542
receipt_image_734_jpg.rf.I34aKdvkQGssrL8itxty.jpg,No.: 1001.02/0124/5418,not_food,0.9548
receipt_image_734_jpg.rf.I34aKdvkQGssrL8itxty.jpg,Date: 23-01-2024 Time: 12:32:10,not_food,0.9571
receipt_image_734_jpg.rf.I34aKdvkQGssrL8itxty.jpg,1 =,not_food,0.9531
receipt_image_734_jpg.rf.I34aKdvkQGssrL8itxty.jpg,"9,500",not_food,0.956
receipt_image_734_jpg.rf.I34aKdvkQGssrL8itxty.jpg,2=,not_food,0.9545
receipt_image_734_jpg.rf.I34aKdvkQGssrL8itxty.jpg,"3,600",not_food,0.9569
receipt_image_734_jpg.rf.I34aKdvkQGssrL8itxty.jpg,"1,800x",not_food,0.957
receipt_image_734_jpg.rf.I34aKdvkQGssrL8itxty.jpg,"16,600",not_food,0.9569
receipt_image_734_jpg.rf.I34aKdvkQGssrL8itxty.jpg,"16,600 x",not_food,0.9508
receipt_image_734_jpg.rf.I34aKdvkQGssrL8itxty.jpg,1 =,not_food,0.9531
receipt_image_734_jpg.rf.I34aKdvkQGssrL8itxty.jpg,"6,300",not_food,0.9507
receipt_image_734_jpg.rf.I34aKdvkQGssrL8itxty.jpg,"6,300 ×",not_food,0.9521
receipt_image_734_jpg.rf.I34aKdvkQGssrL8itxty.jpg,"11,800",not_food,0.9576
receipt_image_734_jpg.rf.I34aKdvkQGssrL8itxty.jpg,"11,800 ×",not_food,0.9561
receipt_image_734_jpg.rf.I34aKdvkQGssrL8itxty.jpg,SUSU INDOFOOD TIGA SAPI 490 GR,not_food,0.957
receipt_image_734_jpg.rf.I34aKdvkQGssrL8itxty.jpg,4=,not_food,0.9562
receipt_image_734_jpg.rf.I34aKdvkQGssrL8itxty.jpg,"50,000",not_food,0.955
receipt_image_734_jpg.rf.I34aKdvkQGssrL8itxty.jpg,"12,500 ×",not_food,0.9535
receipt_image_734_jpg.rf.I34aKdvkQGssrL8itxty.jpg,3=,not_food,0.9546
receipt_image_734_jpg.rf.I34aKdvkQGssrL8itxty.jpg,"49,500",not_food,0.958
receipt_image_734_jpg.rf.I34aKdvkQGssrL8itxty.jpg,"16,500×",not_food,0.9478
receipt_image_734_jpg.rf.I34aKdvkQGssrL8itxty.jpg,SUB TOTAL,not_food,0.9014
receipt_image_734_jpg.rf.I34aKdvkQGssrL8itxty.jpg,"147,300",not_food,0.9491
receipt_image_734_jpg.rf.I34aKdvkQGssrL8itxty.jpg,DISCOUNT,not_food,0.9327
receipt_image_734_jpg.rf.I34aKdvkQGssrL8itxty.jpg,(0),not_food,0.954
receipt_image_734_jpg.rf.I34aKdvkQGssrL8itxty.jpg,TOTAL,not_food,0.9458
receipt_image_734_jpg.rf.I34aKdvkQGssrL8itxty.jpg,"147,300",not_food,0.9491
receipt_image_734_jpg.rf.I34aKdvkQGssrL8itxty.jpg,208.000,not_food,0.9578
receipt_image_734_jpg.rf.I34aKdvkQGssrL8itxty.jpg,CHANGE,not_food,0.9144
receipt_image_734_jpg.rf.I34aKdvkQGssrL8itxty.jpg,"60,700",not_food,0.9578
receipt_image_734_jpg.rf.I34aKdvkQGssrL8itxty.jpg,da,not_food,0.8498
1064-receipt_jpg.rf.xxvr1JaWmbtlcivK7oqR.jpg,L1T2,not_food,0.9509
1064-receipt_jpg.rf.xxvr1JaWmbtlcivK7oqR.jpg,3:04 PM,not_food,0.9499
1064-receipt_jpg.rf.xxvr1JaWmbtlcivK7oqR.jpg,2013-08-10,not_food,0.9513
1064-receipt_jpg.rf.xxvr1JaWmbtlcivK7oqR.jpg,25,not_food,0.9566
1064-receipt_jpg.rf.xxvr1JaWmbtlcivK7oqR.jpg,3:02 PM,not_food,0.9512
1064-receipt_jpg.rf.xxvr1JaWmbtlcivK7oqR.jpg,2013-08-10,not_food,0.9513
1064-receipt_jpg.rf.xxvr1JaWmbtlcivK7oqR.jpg,247 2 480 2152,not_food,0.9585
1064-receipt_jpg.rf.xxvr1JaWmbtlcivK7oqR.jpg,Check: 25,not_food,0.9507
1064-receipt_jpg.rf.xxvr1JaWmbtlcivK7oqR.jpg,0b10b1,not_food,0.9503
1064-receipt_jpg.rf.xxvr1JaWmbtlcivK7oqR.jpg,3.30,not_food,0.9589
1064-receipt_jpg.rf.xxvr1JaWmbtlcivK7oqR.jpg,3X3,not_food,0.9563
1064-receipt_jpg.rf.xxvr1JaWmbtlcivK7oqR.jpg,4.35,not_food,0.9583
1064-receipt_jpg.rf.xxvr1JaWmbtlcivK7oqR.jpg,FF,not_food,0.8531
1064-receipt_jpg.rf.xxvr1JaWmbtlcivK7oqR.jpg,1.60,not_food,0.9586
1064-receipt_jpg.rf.xxvr1JaWmbtlcivK7oqR.jpg,3.50,not_food,0.958
1064-receipt_jpg.rf.xxvr1JaWmbtlcivK7oqR.jpg,1.70,not_food,0.9586
1064-receipt_jpg.rf.xxvr1JaWmbtlcivK7oqR.jpg,1.50,not_food,0.9579
1064-receipt_jpg.rf.xxvr1JaWmbtlcivK7oqR.jpg,2.05,not_food,0.9577
1064-receipt_jpg.rf.xxvr1JaWmbtlcivK7oqR.jpg,In18.00,not_food,0.9554
1064-receipt_jpg.rf.xxvr1JaWmbtlcivK7oqR.jpg,TAX 8.00%,not_food,0.906
1064-receipt_jpg.rf.xxvr1JaWmbtlcivK7oqR.jpg,1.44,not_food,0.9574
1064-receipt_jpg.rf.xxvr1JaWmbtlcivK7oqR.jpg,$19.44,not_food,0.9583
receipt_image_464_jpg.rf.4uCbDwpCcMYklw3CIrnq.jpg,EVERGREEN LIGHT SDN BHD,not_food,0.8623
receipt_image_464_jpg.rf.4uCbDwpCcMYklw3CIrnq.jpg,(827859-U),not_food,0.954
receipt_image_464_jpg.rf.4uCbDwpCcMYklw3CIrnq.jpg,TELFAX:03-80609719,not_food,0.959
receipt_image_464_jpg.rf.4uCbDwpCcMYklw3CIrnq.jpg,(NO.1D GET: 000389353472),not_food,0.9094
receipt_image_464_jpg.rf.4uCbDwpCcMYklw3CIrnq.jpg,NO.:142507,not_food,0.9562
receipt_image_464_jpg.rf.4uCbDwpCcMYklw3CIrnq.jpg,#01-01,not_food,0.9557
receipt_image_464_jpg.rf.4uCbDwpCcMYklw3CIrnq.jpg,18/09/2017,not_food,0.9046
receipt_image_464_jpg.rf.4uCbDwpCcMYklw3CIrnq.jpg,17:21,not_food,0.9575
receipt_image_464_jpg.rf.4uCbDwpCcMYklw3CIrnq.jpg,B.CODE,not_food,0.9385
receipt_image_464_jpg.rf.4uCbDwpCcMYklw3CIrnq.jpg,QTY,not_food,0.8711
receipt_image_464_jpg.rf.4uCbDwpCcMYklw3CIrnq.jpg,11598,not_food,0.9579
receipt_image_464_jpg.rf.4uCbDwpCcMYklw3CIrnq.jpg,12.26,not_food,0.9572
receipt_image_464_jpg.rf.4uCbDwpCcMYklw3CIrnq.jpg,24.525,not_food,0.9596
receipt_image_464_jpg.rf.4uCbDwpCcMYklw3CIrnq.jpg,SUB-TOTAL,not_food,0.9029
receipt_image_464_jpg.rf.4uCbDwpCcMYklw3CIrnq.jpg,24.52,not_food,0.9584
receipt_image_464_jpg.rf.4uCbDwpCcMYklw3CIrnq.jpg,1.47,not_food,0.9575
receipt_image_464_jpg.rf.4uCbDwpCcMYklw3CIrnq.jpg,SUB-TOTAL,not_food,0.9029
receipt_image_464_jpg.rf.4uCbDwpCcMYklw3CIrnq.jpg,25.99,not_food,0.959
receipt_image_464_jpg.rf.4uCbDwpCcMYklw3CIrnq.jpg,0.01,not_food,0.9584
receipt_image_464_jpg.rf.4uCbDwpCcMYklw3CIrnq.jpg,TOTALITEM(8):1,not_food,0.8859
receipt_image_464_jpg.rf.4uCbDwpCcMYklw3CIrnq.jpg,TOTAL QUANTITY : 2,not_food,0.8775
receipt_image_464_jpg.rf.4uCbDwpCcMYklw3CIrnq.jpg,RM,not_food,0.9394
receipt_image_464_jpg.rf.4uCbDwpCcMYklw3CIrnq.jpg,Total Incl GST,not_food,0.9339
receipt_image_464_jpg.rf.4uCbDwpCcMYklw3CIrnq.jpg,26.00,not_food,0.9569
receipt_image_464_jpg.rf.4uCbDwpCcMYklw3CIrnq.jpg,26.00,not_food,0.9569
receipt_image_464_jpg.rf.4uCbDwpCcMYklw3CIrnq.jpg,Change,not_food,0.9144
receipt_image_464_jpg.rf.4uCbDwpCcMYklw3CIrnq.jpg,0.00,not_food,0.958
receipt_image_464_jpg.rf.4uCbDwpCcMYklw3CIrnq.jpg,5-8R(E)-6%,not_food,0.9244
receipt_image_464_jpg.rf.4uCbDwpCcMYklw3CIrnq.jpg,24.52,not_food,0.9584
receipt_image_464_jpg.rf.4uCbDwpCcMYklw3CIrnq.jpg,147,not_food,0.953
receipt_image_464_jpg.rf.4uCbDwpCcMYklw3CIrnq.jpg,GQODE BOLD ARE NOT REFUNDABLE FOR CAEH.,not_food,0.8578
1042-receipt_jpg.rf.OjKehXW6RhV7xUToPzMe.jpg,"FAIRVIEW, NJ 07022",not_food,0.8827
1042-receipt_jpg.rf.OjKehXW6RhV7xUToPzMe.jpg,Ph:((08428,not_food,0.9311
1042-receipt_jpg.rf.OjKehXW6RhV7xUToPzMe.jpg,Check:832869,not_food,0.9507
1042-receipt_jpg.rf.OjKehXW6RhV7xUToPzMe.jpg,Date:02/11/19,not_food,0.9298
1042-receipt_jpg.rf.OjKehXW6RhV7xUToPzMe.jpg,Time:07:46pm,not_food,0.9554
1042-receipt_jpg.rf.OjKehXW6RhV7xUToPzMe.jpg,Table:23,not_food,0.952
1042-receipt_jpg.rf.OjKehXW6RhV7xUToPzMe.jpg,$13.95,not_food,0.959
1042-receipt_jpg.rf.OjKehXW6RhV7xUToPzMe.jpg,$3.00,not_food,0.9581
1042-receipt_jpg.rf.OjKehXW6RhV7xUToPzMe.jpg,$19.95,not_food,0.9587
1042-receipt_jpg.rf.OjKehXW6RhV7xUToPzMe.jpg,$17.00,not_food,0.9583
1042-receipt_jpg.rf.OjKehXW6RhV7xUToPzMe.jpg,$16.00,not_food,0.9584
1042-receipt_jpg.rf.OjKehXW6RhV7xUToPzMe.jpg,$69.90,not_food,0.9582
1042-receipt_jpg.rf.OjKehXW6RhV7xUToPzMe.jpg,-$17.95,not_food,0.958
1042-receipt_jpg.rf.OjKehXW6RhV7xUToPzMe.jpg,Tax::,not_food,0.9318
1042-receipt_jpg.rf.OjKehXW6RhV7xUToPzMe.jpg,$3.44,not_food,0.9582
1042-receipt_jpg.rf.OjKehXW6RhV7xUToPzMe.jpg,Sbt1 w/Tax:,not_food,0.9094
1042-receipt_jpg.rf.OjKehXW6RhV7xUToPzMe.jpg,$73.34,not_food,0.9581
1042-receipt_jpg.rf.OjKehXW6RhV7xUToPzMe.jpg,Amt Due:,not_food,0.9104
1042-receipt_jpg.rf.OjKehXW6RhV7xUToPzMe.jpg,$55.39,not_food,0.9584
receipt_image_660_jpg.rf.ewBL9NcIg0FCsn0Iyo3A.jpg,S.H.H. MOTOR ( SUNGAI RENGIT ) SDN. BHD.,not_food,0.8148
receipt_image_660_jpg.rf.ewBL9NcIg0FCsn0Iyo3A.jpg,( 801580-T),not_food,0.9523
receipt_image_660_jpg.rf.ewBL9NcIg0FCsn0Iyo3A.jpg,Te1: 07-8263254 Fax: 07-8266888,not_food,0.9587
receipt_image_660_jpg.rf.ewBL9NcIg0FCsn0Iyo3A.jpg,ITEM/DESC.,not_food,0.9522
receipt_image_660_jpg.rf.ewBL9NcIg0FCsn0Iyo3A.jpg,4132,not_food,0.9574
receipt_image_660_jpg.rf.ewBL9NcIg0FCsn0Iyo3A.jpg,20.00,not_food,0.9574
receipt_image_660_jpg.rf.ewBL9NcIg0FCsn0Iyo3A.jpg,20.00,not_food,0.9574
receipt_image_660_jpg.rf.ewBL9NcIg0FCsn0Iyo3A.jpg,CROCS 300X17 TUBES,not_food,0.9424
receipt_image_660_jpg.rf.ewBL9NcIg0FCsn0Iyo3A.jpg,SUB TOTAL,not_food,0.9014
receipt_image_660_jpg.rf.ewBL9NcIg0FCsn0Iyo3A.jpg,20.00,not_food,0.9574
receipt_image_660_jpg.rf.ewBL9NcIg0FCsn0Iyo3A.jpg,ROUNDING ADJUSTMENT,not_food,0.9357
receipt_image_660_jpg.rf.ewBL9NcIg0FCsn0Iyo3A.jpg,0.00,not_food,0.958
receipt_image_660_jpg.rf.ewBL9NcIg0FCsn0Iyo3A.jpg,20.00,not_food,0.9574
receipt_image_660_jpg.rf.ewBL9NcIg0FCsn0Iyo3A.jpg,20.00,not_food,0.9574
receipt_image_660_jpg.rf.ewBL9NcIg0FCsn0Iyo3A.jpg,CHANGE,not_food,0.9144
receipt_image_660_jpg.rf.ewBL9NcIg0FCsn0Iyo3A.jpg,0.00,not_food,0.958
receipt_image_660_jpg.rf.ewBL9NcIg0FCsn0Iyo3A.jpg,"23-01-2019 13:14:15 PM, PRINT BY: r0ot",not_food,0.9588
receipt_image_660_jpg.rf.ewBL9NcIg0FCsn0Iyo3A.jpg,Thanks Your Support,not_food,0.8085
receipt_image_660_jpg.rf.ewBL9NcIg0FCsn0Iyo3A.jpg,20—00,not_food,0.952
receipt_image_260_jpg.rf.UgLs0VpreHjeu48TJrCS.jpg,Lorem ipsum 258,not_food,0.9069
receipt_image_260_jpg.rf.UgLs0VpreHjeu48TJrCS.jpg,City Index - 02025,not_food,0.9494
receipt_image_260_jpg.rf.UgLs0VpreHjeu48TJrCS.jpg,Tel.:+456-468-987-02,not_food,0.9548
receipt_image_260_jpg.rf.UgLs0VpreHjeu48TJrCS.jpg,#3,not_food,0.9407
receipt_image_260_jpg.rf.UgLs0VpreHjeu48TJrCS.jpg,Manager:,not_food,0.9302
receipt_image_260_jpg.rf.UgLs0VpreHjeu48TJrCS.jpg,Name,not_food,0.8944
receipt_image_260_jpg.rf.UgLs0VpreHjeu48TJrCS.jpg,Qty,not_food,0.8711
receipt_image_260_jpg.rf.UgLs0VpreHjeu48TJrCS.jpg,Lorem ipsum,not_food,0.8397
receipt_image_260_jpg.rf.UgLs0VpreHjeu48TJrCS.jpg,$9.20,not_food,0.9582
receipt_image_260_jpg.rf.UgLs0VpreHjeu48TJrCS.jpg,$19.20,not_food,0.9583
receipt_image_260_jpg.rf.UgLs0VpreHjeu48TJrCS.jpg,Lorem ipsum dolor sit amet,not_food,0.859
receipt_image_260_jpg.rf.UgLs0VpreHjeu48TJrCS.jpg,$15.00,not_food,0.9585
receipt_image_260_jpg.rf.UgLs0VpreHjeu48TJrCS.jpg,Lorem ipsum,not_food,0.8397
receipt_image_260_jpg.rf.UgLs0VpreHjeu48TJrCS.jpg,$15.00,not_food,0.9585
receipt_image_260_jpg.rf.UgLs0VpreHjeu48TJrCS.jpg,Lorem ipsum,not_food,0.8397
receipt_image_260_jpg.rf.UgLs0VpreHjeu48TJrCS.jpg,$15.00,not_food,0.9585
receipt_image_260_jpg.rf.UgLs0VpreHjeu48TJrCS.jpg,$15.00,not_food,0.9585
receipt_image_260_jpg.rf.UgLs0VpreHjeu48TJrCS.jpg,Lorem ipsum,not_food,0.8397
receipt_image_260_jpg.rf.UgLs0VpreHjeu48TJrCS.jpg,$19.20,not_food,0.9583
receipt_image_260_jpg.rf.UgLs0VpreHjeu48TJrCS.jpg,Sub Total,not_food,0.9014
receipt_image_260_jpg.rf.UgLs0VpreHjeu48TJrCS.jpg,$107.60,not_food,0.9587
receipt_image_260_jpg.rf.UgLs0VpreHjeu48TJrCS.jpg,$200.00,not_food,0.9578
receipt_image_260_jpg.rf.UgLs0VpreHjeu48TJrCS.jpg,CHANGE,not_food,0.9144
receipt_image_260_jpg.rf.UgLs0VpreHjeu48TJrCS.jpg,$92.40,not_food,0.9585
receipt_image_260_jpg.rf.UgLs0VpreHjeu48TJrCS.jpg,THANK YOU!,not_food,0.8529
receipt_image_260_jpg.rf.UgLs0VpreHjeu48TJrCS.jpg,Glad to see you again!,not_food,0.8734
receipt_image_260_jpg.rf.UgLs0VpreHjeu48TJrCS.jpg,modif.ai,not_food,0.8655
1197-receipt_jpg.rf.NLnZgPrk6qI80Y2uiOq3.jpg,STABILIMENTO HARINO E TERMALE,not_food,0.9227
1197-receipt_jpg.rf.NLnZgPrk6qI80Y2uiOq3.jpg,EURO,not_food,0.8537
1197-receipt_jpg.rf.NLnZgPrk6qI80Y2uiOq3.jpg,2 X 0.50,not_food,0.9556
1197-receipt_jpg.rf.NLnZgPrk6qI80Y2uiOq3.jpg,1.00,not_food,0.9571
1197-receipt_jpg.rf.NLnZgPrk6qI80Y2uiOq3.jpg,2X5.00,not_food,0.9575
1197-receipt_jpg.rf.NLnZgPrk6qI80Y2uiOq3.jpg,10.00,not_food,0.9572
1197-receipt_jpg.rf.NLnZgPrk6qI80Y2uiOq3.jpg,10.00,not_food,0.9572
1197-receipt_jpg.rf.NLnZgPrk6qI80Y2uiOq3.jpg,8.00,not_food,0.9576
1197-receipt_jpg.rf.NLnZgPrk6qI80Y2uiOq3.jpg,4.00,not_food,0.958
1197-receipt_jpg.rf.NLnZgPrk6qI80Y2uiOq3.jpg,1.00,not_food,0.9571
1197-receipt_jpg.rf.NLnZgPrk6qI80Y2uiOq3.jpg,Nat 1/2 1t,not_food,0.8081
1197-receipt_jpg.rf.NLnZgPrk6qI80Y2uiOq3.jpg,34.00,not_food,0.9587
1197-receipt_jpg.rf.NLnZgPrk6qI80Y2uiOq3.jpg,TOTALE €,not_food,0.943
1197-receipt_jpg.rf.NLnZgPrk6qI80Y2uiOq3.jpg,REG. 001 OPER. 1,not_food,0.9269
1197-receipt_jpg.rf.NLnZgPrk6qI80Y2uiOq3.jpg,28-08-2018 12:41,not_food,0.9545
1197-receipt_jpg.rf.NLnZgPrk6qI80Y2uiOq3.jpg,SCONTRINO FISCALE N. 52,not_food,0.8608
1197-receipt_jpg.rf.NLnZgPrk6qI80Y2uiOq3.jpg,/F TU 45400311,not_food,0.9504
receipt_image_755_jpg.rf.IGy8z0ygcitLeifvUZ7c.jpg,348,not_food,0.9579
receipt_image_755_jpg.rf.IGy8z0ygcitLeifvUZ7c.jpg,Go to www.mcdvoice.com within 7 days,not_food,0.8684
receipt_image_755_jpg.rf.IGy8z0ygcitLeifvUZ7c.jpg,Validation Code:,not_food,0.9543
receipt_image_755_jpg.rf.IGy8z0ygcitLeifvUZ7c.jpg,Expires 30 days after receipt date.,not_food,0.9256
receipt_image_755_jpg.rf.IGy8z0ygcitLeifvUZ7c.jpg,Survey code:,not_food,0.9519
receipt_image_755_jpg.rf.IGy8z0ygcitLeifvUZ7c.jpg,13311-03481-23017-14253-00034-8,not_food,0.9577
receipt_image_755_jpg.rf.IGy8z0ygcitLeifvUZ7c.jpg,TEL# 510 441 7741,not_food,0.941
receipt_image_755_jpg.rf.IGy8z0ygcitLeifvUZ7c.jpg,KS# 3,not_food,0.8204
receipt_image_755_jpg.rf.IGy8z0ygcitLeifvUZ7c.jpg,/  5,not_food,0.9484
receipt_image_755_jpg.rf.IGy8z0ygcitLeifvUZ7c.jpg,Order 48,not_food,0.952
receipt_image_755_jpg.rf.IGy8z0ygcitLeifvUZ7c.jpg,3.18,not_food,0.9569
receipt_image_755_jpg.rf.IGy8z0ygcitLeifvUZ7c.jpg,Tax,not_food,0.9035
receipt_image_755_jpg.rf.IGy8z0ygcitLeifvUZ7c.jpg,3.18,not_food,0.9569
receipt_image_755_jpg.rf.IGy8z0ygcitLeifvUZ7c.jpg,Take-Out Total,not_food,0.8998
receipt_image_755_jpg.rf.IGy8z0ygcitLeifvUZ7c.jpg,0.30,not_food,0.9587
receipt_image_755_jpg.rf.IGy8z0ygcitLeifvUZ7c.jpg,348,not_food,0.9579
receipt_image_755_jpg.rf.IGy8z0ygcitLeifvUZ7c.jpg,5.00,not_food,0.9575
receipt_image_755_jpg.rf.IGy8z0ygcitLeifvUZ7c.jpg,Change,not_food,0.9144
receipt_image_755_jpg.rf.IGy8z0ygcitLeifvUZ7c.jpg,1.52,not_food,0.9577
receipt_image_683_jpg.rf.pxRgFp7ealjm82BqOmri.jpg,10/21/2014,not_food,0.9361
receipt_image_683_jpg.rf.pxRgFp7ealjm82BqOmri.jpg,19:41,not_food,0.9581
receipt_image_683_jpg.rf.pxRgFp7ealjm82BqOmri.jpg,Check: 2042367,not_food,0.9515
receipt_image_683_jpg.rf.pxRgFp7ealjm82BqOmri.jpg,Table: T-35,not_food,0.955
receipt_image_683_jpg.rf.pxRgFp7ealjm82BqOmri.jpg,Server: Lomberto,not_food,0.9278
receipt_image_683_jpg.rf.pxRgFp7ealjm82BqOmri.jpg,14.00,not_food,0.9554
receipt_image_683_jpg.rf.pxRgFp7ealjm82BqOmri.jpg,28.00,not_food,0.9573
receipt_image_683_jpg.rf.pxRgFp7ealjm82BqOmri.jpg,14.00,not_food,0.9554
receipt_image_683_jpg.rf.pxRgFp7ealjm82BqOmri.jpg,18.00,not_food,0.9566
receipt_image_683_jpg.rf.pxRgFp7ealjm82BqOmri.jpg,63.00,not_food,0.9577
receipt_image_683_jpg.rf.pxRgFp7ealjm82BqOmri.jpg,79.00,not_food,0.9584
receipt_image_683_jpg.rf.pxRgFp7ealjm82BqOmri.jpg,38.00,not_food,0.9581
receipt_image_683_jpg.rf.pxRgFp7ealjm82BqOmri.jpg,12.00,not_food,0.957
receipt_image_683_jpg.rf.pxRgFp7ealjm82BqOmri.jpg,13.00,not_food,0.9579
receipt_image_683_jpg.rf.pxRgFp7ealjm82BqOmri.jpg,6.00,not_food,0.9566
receipt_image_683_jpg.rf.pxRgFp7ealjm82BqOmri.jpg,6.00,not_food,0.9566
receipt_image_683_jpg.rf.pxRgFp7ealjm82BqOmri.jpg,13.00,not_food,0.9579
receipt_image_683_jpg.rf.pxRgFp7ealjm82BqOmri.jpg,290.00,not_food,0.9589
receipt_image_683_jpg.rf.pxRgFp7ealjm82BqOmri.jpg,Tax,not_food,0.9035
receipt_image_683_jpg.rf.pxRgFp7ealjm82BqOmri.jpg,23.49,not_food,0.9589
receipt_image_683_jpg.rf.pxRgFp7ealjm82BqOmri.jpg,Total,not_food,0.9458
receipt_image_683_jpg.rf.pxRgFp7ealjm82BqOmri.jpg,313.49,not_food,0.9586
receipt_image_561_jpg.rf.jdMCfnjUCdofspAovKvx.jpg,TAX,not_food,0.9035
receipt_image_561_jpg.rf.jdMCfnjUCdofspAovKvx.jpg,CO. REG. NO: 000948487-V,not_food,0.938
receipt_image_561_jpg.rf.jdMCfnjUCdofspAovKvx.jpg,GST REG. NO: 000768122880,not_food,0.9514
receipt_image_561_jpg.rf.jdMCfnjUCdofspAovKvx.jpg,18-01-201815:44:46,not_food,0.957
receipt_image_561_jpg.rf.jdMCfnjUCdofspAovKvx.jpg,Item,not_food,0.9528
receipt_image_561_jpg.rf.jdMCfnjUCdofspAovKvx.jpg,infiniti97 E4MP3,not_food,0.9586
receipt_image_561_jpg.rf.jdMCfnjUCdofspAovKvx.jpg,2.570,not_food,0.9586
receipt_image_561_jpg.rf.jdMCfnjUCdofspAovKvx.jpg,16.32,not_food,0.9579
receipt_image_561_jpg.rf.jdMCfnjUCdofspAovKvx.jpg,41.95 S.,not_food,0.9579
receipt_image_561_jpg.rf.jdMCfnjUCdofspAovKvx.jpg,TOTAL SALES,not_food,0.8497
receipt_image_561_jpg.rf.jdMCfnjUCdofspAovKvx.jpg,RM,not_food,0.9394
receipt_image_561_jpg.rf.jdMCfnjUCdofspAovKvx.jpg,41.95,not_food,0.9593
receipt_image_561_jpg.rf.jdMCfnjUCdofspAovKvx.jpg,RM,not_food,0.9394
receipt_image_561_jpg.rf.jdMCfnjUCdofspAovKvx.jpg,41.95,not_food,0.9593
receipt_image_561_jpg.rf.jdMCfnjUCdofspAovKvx.jpg,EDC MASTER,not_food,0.8142
receipt_image_561_jpg.rf.jdMCfnjUCdofspAovKvx.jpg,RM 41.95,not_food,0.9567
receipt_image_561_jpg.rf.jdMCfnjUCdofspAovKvx.jpg,GST SUMMARY,not_food,0.9459
receipt_image_561_jpg.rf.jdMCfnjUCdofspAovKvx.jpg,Amount RM,not_food,0.8918
receipt_image_561_jpg.rf.jdMCfnjUCdofspAovKvx.jpg,Tax RM,not_food,0.914
receipt_image_561_jpg.rf.jdMCfnjUCdofspAovKvx.jpg,39.58,not_food,0.9588
receipt_image_561_jpg.rf.jdMCfnjUCdofspAovKvx.jpg,2.37,not_food,0.9578
receipt_image_561_jpg.rf.jdMCfnjUCdofspAovKvx.jpg,Card Number,not_food,0.8711
receipt_image_561_jpg.rf.jdMCfnjUCdofspAovKvx.jpg,7897139011585960,not_food,0.957
receipt_image_561_jpg.rf.jdMCfnjUCdofspAovKvx.jpg,000001020138429,not_food,0.9556
receipt_image_561_jpg.rf.jdMCfnjUCdofspAovKvx.jpg,Reference. Number,not_food,0.889
receipt_image_561_jpg.rf.jdMCfnjUCdofspAovKvx.jpg,199258579655,not_food,0.9586
receipt_image_561_jpg.rf.jdMCfnjUCdofspAovKvx.jpg,AWARD,not_food,0.9268
receipt_image_561_jpg.rf.jdMCfnjUCdofspAovKvx.jpg,Balance,not_food,0.8592
receipt_image_561_jpg.rf.jdMCfnjUCdofspAovKvx.jpg,412,not_food,0.9553
receipt_image_561_jpg.rf.jdMCfnjUCdofspAovKvx.jpg,Earned,not_food,0.9223
receipt_image_561_jpg.rf.jdMCfnjUCdofspAovKvx.jpg,41,not_food,0.9579
receipt_image_561_jpg.rf.jdMCfnjUCdofspAovKvx.jpg,453,not_food,0.9591
receipt_image_561_jpg.rf.jdMCfnjUCdofspAovKvx.jpg,EPOINTS Expiry,not_food,0.922
receipt_image_561_jpg.rf.jdMCfnjUCdofspAovKvx.jpg,24,not_food,0.9549
receipt_image_561_jpg.rf.jdMCfnjUCdofspAovKvx.jpg,31/10/2020,not_food,0.9159
receipt_image_561_jpg.rf.jdMCfnjUCdofspAovKvx.jpg,136,not_food,0.9566
receipt_image_561_jpg.rf.jdMCfnjUCdofspAovKvx.jpg,30/11/2020,not_food,0.9257
receipt_image_561_jpg.rf.jdMCfnjUCdofspAovKvx.jpg,Thank You For Shopping At SHPetromart,not_food,0.8848
receipt_image_561_jpg.rf.jdMCfnjUCdofspAovKvx.jpg,Customer Service 1-300-22-2828,not_food,0.9572
receipt_image_134_jpg.rf.oP83bsEchybjE44HzCjZ.jpg,843-782-4565,not_food,0.9574
receipt_image_134_jpg.rf.oP83bsEchybjE44HzCjZ.jpg,st1 15/1,not_food,0.9331
receipt_image_134_jpg.rf.oP83bsEchybjE44HzCjZ.jpg,Chk 699,not_food,0.8756
receipt_image_134_jpg.rf.oP83bsEchybjE44HzCjZ.jpg,Jun22°18 07:59PM,not_food,0.8821
receipt_image_134_jpg.rf.oP83bsEchybjE44HzCjZ.jpg,Tray: 8,not_food,0.9523
receipt_image_134_jpg.rf.oP83bsEchybjE44HzCjZ.jpg,Sta1l,not_food,0.8269
receipt_image_134_jpg.rf.oP83bsEchybjE44HzCjZ.jpg,In,not_food,0.9413
receipt_image_134_jpg.rf.oP83bsEchybjE44HzCjZ.jpg,6.79,not_food,0.9576
receipt_image_134_jpg.rf.oP83bsEchybjE44HzCjZ.jpg,5.09,not_food,0.9577
receipt_image_134_jpg.rf.oP83bsEchybjE44HzCjZ.jpg,NY Dog,not_food,0.9351
receipt_image_134_jpg.rf.oP83bsEchybjE44HzCjZ.jpg,TaX,not_food,0.9035
receipt_image_134_jpg.rf.oP83bsEchybjE44HzCjZ.jpg,13.07,not_food,0.9583
receipt_image_134_jpg.rf.oP83bsEchybjE44HzCjZ.jpg,Tre,not_food,0.8583
receipt_image_134_jpg.rf.oP83bsEchybjE44HzCjZ.jpg,11.0,not_food,0.9578
receipt_image_134_jpg.rf.oP83bsEchybjE44HzCjZ.jpg,Tox,not_food,0.9171
receipt_image_134_jpg.rf.oP83bsEchybjE44HzCjZ.jpg,1.19,not_food,0.9569
receipt_image_134_jpg.rf.oP83bsEchybjE44HzCjZ.jpg,08:00PM Total Due:,not_food,0.9258
receipt_image_134_jpg.rf.oP83bsEchybjE44HzCjZ.jpg,13.07,not_food,0.9583
receipt_image_134_jpg.rf.oP83bsEchybjE44HzCjZ.jpg,You Saved...,not_food,0.9157
receipt_image_134_jpg.rf.oP83bsEchybjE44HzCjZ.jpg,4.86,not_food,0.9582
receipt_image_24_jpg.rf.5L4zosY4vjcx9LmbrXFB.jpg,Tel:516.354.2858 Fax: 516.776.0587,not_food,0.9591
receipt_image_24_jpg.rf.5L4zosY4vjcx9LmbrXFB.jpg,[As],not_food,0.8956
receipt_image_24_jpg.rf.5L4zosY4vjcx9LmbrXFB.jpg,Sorver: lily,not_food,0.8388
receipt_image_24_jpg.rf.5L4zosY4vjcx9LmbrXFB.jpg,# 1022,not_food,0.9374
receipt_image_24_jpg.rf.5L4zosY4vjcx9LmbrXFB.jpg,02/02/19,not_food,0.9506
receipt_image_24_jpg.rf.5L4zosY4vjcx9LmbrXFB.jpg,0214 =  0:,not_food,0.9572
receipt_image_24_jpg.rf.5L4zosY4vjcx9LmbrXFB.jpg,$5.25,not_food,0.9584
receipt_image_24_jpg.rf.5L4zosY4vjcx9LmbrXFB.jpg,S9.95,not_food,0.9585
receipt_image_24_jpg.rf.5L4zosY4vjcx9LmbrXFB.jpg,58.75,not_food,0.9577
receipt_image_24_jpg.rf.5L4zosY4vjcx9LmbrXFB.jpg,58.75,not_food,0.9577
receipt_image_24_jpg.rf.5L4zosY4vjcx9LmbrXFB.jpg,S32 70,not_food,0.9572
receipt_image_24_jpg.rf.5L4zosY4vjcx9LmbrXFB.jpg,S282,not_food,0.9393
receipt_image_24_jpg.rf.5L4zosY4vjcx9LmbrXFB.jpg,Total,not_food,0.9458
receipt_image_24_jpg.rf.5L4zosY4vjcx9LmbrXFB.jpg,$35.52,not_food,0.9587
receipt_image_24_jpg.rf.5L4zosY4vjcx9LmbrXFB.jpg,Thank You,not_food,0.8731
1138-receipt_jpg.rf.T94MgbH9b7v1nQpUCdd6.jpg,(305) 640-8828,not_food,0.9563
1138-receipt_jpg.rf.T94MgbH9b7v1nQpUCdd6.jpg,ORDER: 9,not_food,0.9511
1138-receipt_jpg.rf.T94MgbH9b7v1nQpUCdd6.jpg,_2,not_food,0.9531
1138-receipt_jpg.rf.T94MgbH9b7v1nQpUCdd6.jpg,$3.75,not_food,0.9563
1138-receipt_jpg.rf.T94MgbH9b7v1nQpUCdd6.jpg,$3.00,not_food,0.9581
1138-receipt_jpg.rf.T94MgbH9b7v1nQpUCdd6.jpg,$8.99,not_food,0.9584
1138-receipt_jpg.rf.T94MgbH9b7v1nQpUCdd6.jpg,$5.00,not_food,0.9578
1138-receipt_jpg.rf.T94MgbH9b7v1nQpUCdd6.jpg,2 @ $2.50/12 oz,not_food,0.9513
1138-receipt_jpg.rf.T94MgbH9b7v1nQpUCdd6.jpg,$3.50,not_food,0.958
1138-receipt_jpg.rf.T94MgbH9b7v1nQpUCdd6.jpg,1 @ $3.50/each,not_food,0.9498
1138-receipt_jpg.rf.T94MgbH9b7v1nQpUCdd6.jpg,$24.24,not_food,0.9583
1138-receipt_jpg.rf.T94MgbH9b7v1nQpUCdd6.jpg,Tax,not_food,0.9035
1138-receipt_jpg.rf.T94MgbH9b7v1nQpUCdd6.jpg,$1.70,not_food,0.9584
1138-receipt_jpg.rf.T94MgbH9b7v1nQpUCdd6.jpg,Total,not_food,0.9458
1138-receipt_jpg.rf.T94MgbH9b7v1nQpUCdd6.jpg,$25.94,not_food,0.9589
1138-receipt_jpg.rf.T94MgbH9b7v1nQpUCdd6.jpg,Order DMHGRRF9JPM70,not_food,0.9565
1138-receipt_jpg.rf.T94MgbH9b7v1nQpUCdd6.jpg,visit!:),not_food,0.8439
1138-receipt_jpg.rf.T94MgbH9b7v1nQpUCdd6.jpg,Online: https://clover.com/r/,not_food,0.8794
1138-receipt_jpg.rf.T94MgbH9b7v1nQpUCdd6.jpg,DMHGRRF9JPM70,not_food,0.9493
receipt_image_524_jpg.rf.lEEr53byQdq8bD5abrFN.jpg,002043319-W,not_food,0.9562
receipt_image_524_jpg.rf.lEEr53byQdq8bD5abrFN.jpg,GST REG NO: 001335787520,not_food,0.9487
receipt_image_524_jpg.rf.lEEr53byQdq8bD5abrFN.jpg,Tax,not_food,0.9035
receipt_image_524_jpg.rf.lEEr53byQdq8bD5abrFN.jpg,INV No.:,not_food,0.9216
receipt_image_524_jpg.rf.lEEr53byQdq8bD5abrFN.jpg,1057981,not_food,0.9553
receipt_image_524_jpg.rf.lEEr53byQdq8bD5abrFN.jpg,Date,not_food,0.8746
receipt_image_524_jpg.rf.lEEr53byQdq8bD5abrFN.jpg,23-03-2018 13:28:55,not_food,0.9561
receipt_image_524_jpg.rf.lEEr53byQdq8bD5abrFN.jpg,Description,not_food,0.9548
receipt_image_524_jpg.rf.lEEr53byQdq8bD5abrFN.jpg,Qty,not_food,0.8711
receipt_image_524_jpg.rf.lEEr53byQdq8bD5abrFN.jpg,Total TAX,not_food,0.9078
receipt_image_524_jpg.rf.lEEr53byQdq8bD5abrFN.jpg,1 ×,not_food,0.9535
receipt_image_524_jpg.rf.lEEr53byQdq8bD5abrFN.jpg,2.20,not_food,0.9576
receipt_image_524_jpg.rf.lEEr53byQdq8bD5abrFN.jpg,2.20,not_food,0.9576
receipt_image_524_jpg.rf.lEEr53byQdq8bD5abrFN.jpg,SR,not_food,0.921
receipt_image_524_jpg.rf.lEEr53byQdq8bD5abrFN.jpg,1 ×,not_food,0.9535
receipt_image_524_jpg.rf.lEEr53byQdq8bD5abrFN.jpg,2.20,not_food,0.9576
receipt_image_524_jpg.rf.lEEr53byQdq8bD5abrFN.jpg,2.20,not_food,0.9576
receipt_image_524_jpg.rf.lEEr53byQdq8bD5abrFN.jpg,SR,not_food,0.921
receipt_image_524_jpg.rf.lEEr53byQdq8bD5abrFN.jpg,1 ×,not_food,0.9535
receipt_image_524_jpg.rf.lEEr53byQdq8bD5abrFN.jpg,1.70,not_food,0.9586
receipt_image_524_jpg.rf.lEEr53byQdq8bD5abrFN.jpg,1.70,not_food,0.9586
receipt_image_524_jpg.rf.lEEr53byQdq8bD5abrFN.jpg,SR,not_food,0.921
receipt_image_524_jpg.rf.lEEr53byQdq8bD5abrFN.jpg,Take Away,not_food,0.9152
receipt_image_524_jpg.rf.lEEr53byQdq8bD5abrFN.jpg,0.20,not_food,0.9578
receipt_image_524_jpg.rf.lEEr53byQdq8bD5abrFN.jpg,0.60,not_food,0.9586
receipt_image_524_jpg.rf.lEEr53byQdq8bD5abrFN.jpg,SR,not_food,0.921
receipt_image_524_jpg.rf.lEEr53byQdq8bD5abrFN.jpg,Total QTY: 6,not_food,0.931
receipt_image_524_jpg.rf.lEEr53byQdq8bD5abrFN.jpg,Tota1 (Excluding GST):,not_food,0.9217
receipt_image_524_jpg.rf.lEEr53byQdq8bD5abrFN.jpg,6.33,not_food,0.9513
receipt_image_524_jpg.rf.lEEr53byQdq8bD5abrFN.jpg,0.37,not_food,0.958
receipt_image_524_jpg.rf.lEEr53byQdq8bD5abrFN.jpg,Total (Inclusive of GST):,not_food,0.9333
receipt_image_524_jpg.rf.lEEr53byQdq8bD5abrFN.jpg,6.70,not_food,0.9586
receipt_image_524_jpg.rf.lEEr53byQdq8bD5abrFN.jpg,TOTAL:,not_food,0.9475
receipt_image_524_jpg.rf.lEEr53byQdq8bD5abrFN.jpg,6.,not_food,0.9551
receipt_image_524_jpg.rf.lEEr53byQdq8bD5abrFN.jpg,70,not_food,0.9581
receipt_image_524_jpg.rf.lEEr53byQdq8bD5abrFN.jpg,6.70,not_food,0.9586
receipt_image_524_jpg.rf.lEEr53byQdq8bD5abrFN.jpg,GST Summary,not_food,0.9459
receipt_image_524_jpg.rf.lEEr53byQdq8bD5abrFN.jpg,Tax(RM),not_food,0.8685
receipt_image_524_jpg.rf.lEEr53byQdq8bD5abrFN.jpg,SR,not_food,0.921
receipt_image_524_jpg.rf.lEEr53byQdq8bD5abrFN.jpg,(@ 6%),not_food,0.8623
receipt_image_524_jpg.rf.lEEr53byQdq8bD5abrFN.jpg,6.33,not_food,0.9513
receipt_image_524_jpg.rf.lEEr53byQdq8bD5abrFN.jpg,0.37,not_food,0.958
receipt_image_289_jpg.rf.G8MU78e2Unsbadr63ViR.jpg,TEL: 01 45 51 45 41,not_food,0.9564
receipt_image_289_jpg.rf.G8MU78e2Unsbadr63ViR.jpg,TABLE,not_food,0.9449
receipt_image_289_jpg.rf.G8MU78e2Unsbadr63ViR.jpg,200,not_food,0.9562
receipt_image_289_jpg.rf.G8MU78e2Unsbadr63ViR.jpg,MER 17 A0U 2016,not_food,0.832
receipt_image_289_jpg.rf.G8MU78e2Unsbadr63ViR.jpg,QTE,not_food,0.8702
receipt_image_289_jpg.rf.G8MU78e2Unsbadr63ViR.jpg,DESIGNATION,not_food,0.9157
receipt_image_289_jpg.rf.G8MU78e2Unsbadr63ViR.jpg,P.U.,not_food,0.9463
receipt_image_289_jpg.rf.G8MU78e2Unsbadr63ViR.jpg,TOTAL,not_food,0.9458
receipt_image_289_jpg.rf.G8MU78e2Unsbadr63ViR.jpg,6.40,not_food,0.9581
receipt_image_289_jpg.rf.G8MU78e2Unsbadr63ViR.jpg,6.40,not_food,0.9581
receipt_image_289_jpg.rf.G8MU78e2Unsbadr63ViR.jpg,TOTAL,not_food,0.9458
receipt_image_289_jpg.rf.G8MU78e2Unsbadr63ViR.jpg,6.40,not_food,0.9581
receipt_image_289_jpg.rf.G8MU78e2Unsbadr63ViR.jpg,0.58,not_food,0.9583
receipt_image_289_jpg.rf.G8MU78e2Unsbadr63ViR.jpg,HT,not_food,0.9179
receipt_image_289_jpg.rf.G8MU78e2Unsbadr63ViR.jpg,5.82,not_food,0.9583
receipt_image_289_jpg.rf.G8MU78e2Unsbadr63ViR.jpg,PAS DE MODIFICATION MANUSCRITE S/FACTURE,not_food,0.917
receipt_image_289_jpg.rf.G8MU78e2Unsbadr63ViR.jpg,NO MODIFICATION BY HAND ON THE RECEIPT,not_food,0.9279
receipt_image_289_jpg.rf.G8MU78e2Unsbadr63ViR.jpg,RC:790 258 834,not_food,0.9541
receipt_image_289_jpg.rf.G8MU78e2Unsbadr63ViR.jpg,22:59,not_food,0.9582
1079-receipt_jpg.rf.rrFiDNuSzXuHu9xkgumC.jpg,(508) 548-7729,not_food,0.9556
1079-receipt_jpg.rf.rrFiDNuSzXuHu9xkgumC.jpg,6:28pm,not_food,0.9111
1079-receipt_jpg.rf.rrFiDNuSzXuHu9xkgumC.jpg,Check 5738/1,not_food,0.9467
1079-receipt_jpg.rf.rrFiDNuSzXuHu9xkgumC.jpg,07/02/18-A,not_food,0.9458
1079-receipt_jpg.rf.rrFiDNuSzXuHu9xkgumC.jpg,Table 33,not_food,0.9421
1079-receipt_jpg.rf.rrFiDNuSzXuHu9xkgumC.jpg,19.00,not_food,0.9575
1079-receipt_jpg.rf.rrFiDNuSzXuHu9xkgumC.jpg,22.00,not_food,0.958
1079-receipt_jpg.rf.rrFiDNuSzXuHu9xkgumC.jpg,114.00,not_food,0.9577
1079-receipt_jpg.rf.rrFiDNuSzXuHu9xkgumC.jpg,12.00,not_food,0.957
1079-receipt_jpg.rf.rrFiDNuSzXuHu9xkgumC.jpg,28.50,not_food,0.9583
1079-receipt_jpg.rf.rrFiDNuSzXuHu9xkgumC.jpg,22.00,not_food,0.958
1079-receipt_jpg.rf.rrFiDNuSzXuHu9xkgumC.jpg,6.00,not_food,0.9566
1079-receipt_jpg.rf.rrFiDNuSzXuHu9xkgumC.jpg,(*Item shown with tax included),not_food,0.8752
1079-receipt_jpg.rf.rrFiDNuSzXuHu9xkgumC.jpg,219.81,not_food,0.9586
1079-receipt_jpg.rf.rrFiDNuSzXuHu9xkgumC.jpg,15.38,not_food,0.9585
1079-receipt_jpg.rf.rrFiDNuSzXuHu9xkgumC.jpg,TOTAL,not_food,0.9458
1079-receipt_jpg.rf.rrFiDNuSzXuHu9xkgumC.jpg,235.19,not_food,0.959
receipt_image_40_jpg.rf.kMn5wN2tQQ0brwl1VPvL.jpg,"1717 DUTCH BRDY ELMONT, NY 11003",not_food,0.9462
receipt_image_40_jpg.rf.kMn5wN2tQQ0brwl1VPvL.jpg,#168,not_food,0.9398
receipt_image_40_jpg.rf.kMn5wN2tQQ0brwl1VPvL.jpg,OUT,not_food,0.9182
receipt_image_40_jpg.rf.kMn5wN2tQQ0brwl1VPvL.jpg,1.19,not_food,0.9569
receipt_image_40_jpg.rf.kMn5wN2tQQ0brwl1VPvL.jpg,1.19,not_food,0.9569
receipt_image_40_jpg.rf.kMn5wN2tQQ0brwl1VPvL.jpg,.62,not_food,0.958
receipt_image_40_jpg.rf.kMn5wN2tQQ0brwl1VPvL.jpg,5.75,not_food,0.9563
receipt_image_40_jpg.rf.kMn5wN2tQQ0brwl1VPvL.jpg,75,not_food,0.9509
receipt_image_40_jpg.rf.kMn5wN2tQQ0brwl1VPvL.jpg,9.50,not_food,0.9584
receipt_image_40_jpg.rf.kMn5wN2tQQ0brwl1VPvL.jpg,9.50,not_food,0.9584
receipt_image_40_jpg.rf.kMn5wN2tQQ0brwl1VPvL.jpg,.00,not_food,0.9566
receipt_image_40_jpg.rf.kMn5wN2tQQ0brwl1VPvL.jpg,THANK YOU,not_food,0.8731
receipt_image_40_jpg.rf.kMn5wN2tQQ0brwl1VPvL.jpg,PM #1,not_food,0.8961
receipt_image_40_jpg.rf.kMn5wN2tQQ0brwl1VPvL.jpg,0168 20:14 #04 MAR.19 17 REG0001,not_food,0.9561
1187-receipt_jpg.rf.1ZsLam75saw4mFQRKdb1.jpg,608 E Hickory St,not_food,0.8185
1187-receipt_jpg.rf.1ZsLam75saw4mFQRKdb1.jpg,Order# 185736,not_food,0.9229
1187-receipt_jpg.rf.1ZsLam75saw4mFQRKdb1.jpg,at  rer,not_food,0.9302
1187-receipt_jpg.rf.1ZsLam75saw4mFQRKdb1.jpg,"Date: 6/16/19, 10:04 AM",not_food,0.9376
1187-receipt_jpg.rf.1ZsLam75saw4mFQRKdb1.jpg,Table: 9,not_food,0.9515
1187-receipt_jpg.rf.1ZsLam75saw4mFQRKdb1.jpg,$7.99,not_food,0.959
1187-receipt_jpg.rf.1ZsLam75saw4mFQRKdb1.jpg,$8.59,not_food,0.958
1187-receipt_jpg.rf.1ZsLam75saw4mFQRKdb1.jpg,$2.99,not_food,0.9583
1187-receipt_jpg.rf.1ZsLam75saw4mFQRKdb1.jpg,$13.99,not_food,0.9591
1187-receipt_jpg.rf.1ZsLam75saw4mFQRKdb1.jpg,+$0.00,not_food,0.9533
1187-receipt_jpg.rf.1ZsLam75saw4mFQRKdb1.jpg,+$1.99,not_food,0.9528
1187-receipt_jpg.rf.1ZsLam75saw4mFQRKdb1.jpg,$10.99,not_food,0.9584
1187-receipt_jpg.rf.1ZsLam75saw4mFQRKdb1.jpg,$46.54,not_food,0.9579
1187-receipt_jpg.rf.1ZsLam75saw4mFQRKdb1.jpg,Total Tax:,not_food,0.9188
1187-receipt_jpg.rf.1ZsLam75saw4mFQRKdb1.jpg,$3.84,not_food,0.9583
1187-receipt_jpg.rf.1ZsLam75saw4mFQRKdb1.jpg,Total:,not_food,0.9475
1187-receipt_jpg.rf.1ZsLam75saw4mFQRKdb1.jpg,$50.38,not_food,0.9576
1187-receipt_jpg.rf.1ZsLam75saw4mFQRKdb1.jpg,Order Balance due:,not_food,0.8969
1187-receipt_jpg.rf.1ZsLam75saw4mFQRKdb1.jpg,$50.38,not_food,0.9576
1187-receipt_jpg.rf.1ZsLam75saw4mFQRKdb1.jpg,www.spiraldiner.com,not_food,0.8802
1187-receipt_jpg.rf.1ZsLam75saw4mFQRKdb1.jpg,Thanks for your business!,not_food,0.8287
1095-receipt_jpg.rf.DUbZOA8jm5X90TUNL4iU.jpg,94-450 Ukee St,not_food,0.9435
1095-receipt_jpg.rf.DUbZOA8jm5X90TUNL4iU.jpg,(808) 848-0802,not_food,0.9566
1095-receipt_jpg.rf.DUbZOA8jm5X90TUNL4iU.jpg,Station: 1,not_food,0.8858
1095-receipt_jpg.rf.DUbZOA8jm5X90TUNL4iU.jpg,Take Out,not_food,0.8799
1095-receipt_jpg.rf.DUbZOA8jm5X90TUNL4iU.jpg,Order #: 6879,not_food,0.9484
1095-receipt_jpg.rf.DUbZOA8jm5X90TUNL4iU.jpg,》SETTED,not_food,0.8571
1095-receipt_jpg.rf.DUbZOA8jm5X90TUNL4iU.jpg,9.79,not_food,0.9582
1095-receipt_jpg.rf.DUbZOA8jm5X90TUNL4iU.jpg,0.00,not_food,0.958
1095-receipt_jpg.rf.DUbZOA8jm5X90TUNL4iU.jpg,Food Subtotal:,not_food,0.8916
1095-receipt_jpg.rf.DUbZOA8jm5X90TUNL4iU.jpg,9.79,not_food,0.9582
1095-receipt_jpg.rf.DUbZOA8jm5X90TUNL4iU.jpg,Tax 1:,not_food,0.9252
1095-receipt_jpg.rf.DUbZOA8jm5X90TUNL4iU.jpg,0.46,not_food,0.958
1095-receipt_jpg.rf.DUbZOA8jm5X90TUNL4iU.jpg,TOTAL:,not_food,0.9475
1095-receipt_jpg.rf.DUbZOA8jm5X90TUNL4iU.jpg,$10.25,not_food,0.9584
1095-receipt_jpg.rf.DUbZOA8jm5X90TUNL4iU.jpg,15.00,not_food,0.9578
1075-receipt_jpg.rf.dvQvBIi37GNYBaMEoDbV.jpg,2361 Whitney Ave,not_food,0.9111
1075-receipt_jpg.rf.dvQvBIi37GNYBaMEoDbV.jpg,203 909 6545,not_food,0.9578
1075-receipt_jpg.rf.dvQvBIi37GNYBaMEoDbV.jpg,ORDER#,not_food,0.9181
1075-receipt_jpg.rf.dvQvBIi37GNYBaMEoDbV.jpg,39,not_food,0.958
1075-receipt_jpg.rf.dvQvBIi37GNYBaMEoDbV.jpg,5/22/2014 2:00:48 PM,not_food,0.9563
1075-receipt_jpg.rf.dvQvBIi37GNYBaMEoDbV.jpg,1.50,not_food,0.9579
1075-receipt_jpg.rf.dvQvBIi37GNYBaMEoDbV.jpg,1 FULL BOX,not_food,0.9207
1075-receipt_jpg.rf.dvQvBIi37GNYBaMEoDbV.jpg,12.00,not_food,0.957
1075-receipt_jpg.rf.dvQvBIi37GNYBaMEoDbV.jpg,13.50,not_food,0.9584
1075-receipt_jpg.rf.dvQvBIi37GNYBaMEoDbV.jpg,TAX:,not_food,0.9206
1075-receipt_jpg.rf.dvQvBIi37GNYBaMEoDbV.jpg,0.86,not_food,0.9575
1075-receipt_jpg.rf.dvQvBIi37GNYBaMEoDbV.jpg,SERVER,not_food,0.927
1075-receipt_jpg.rf.dvQvBIi37GNYBaMEoDbV.jpg,T#0000074,not_food,0.9539
1075-receipt_jpg.rf.dvQvBIi37GNYBaMEoDbV.jpg,TOTAL:,not_food,0.9475
1075-receipt_jpg.rf.dvQvBIi37GNYBaMEoDbV.jpg,$14.36,not_food,0.958
1075-receipt_jpg.rf.dvQvBIi37GNYBaMEoDbV.jpg,20.00,not_food,0.9574
1075-receipt_jpg.rf.dvQvBIi37GNYBaMEoDbV.jpg,Change,not_food,0.9144
1075-receipt_jpg.rf.dvQvBIi37GNYBaMEoDbV.jpg,5.64,not_food,0.9579
1075-receipt_jpg.rf.dvQvBIi37GNYBaMEoDbV.jpg,CLOSED,not_food,0.8638
1075-receipt_jpg.rf.dvQvBIi37GNYBaMEoDbV.jpg,5/22/2014 2:02:00 PM,not_food,0.9563
receipt_image_664_jpg.rf.9WxDlRPyHn34mPma9DEV.jpg,99 SPEED MART S/B (519537-X),not_food,0.8246
receipt_image_664_jpg.rf.9WxDlRPyHn34mPma9DEV.jpg,"LOT P.T. 2811, JALAN ANGSA,",not_food,0.9319
receipt_image_664_jpg.rf.9WxDlRPyHn34mPma9DEV.jpg,GST ID. NO : 000181747712,not_food,0.9556
receipt_image_664_jpg.rf.9WxDlRPyHn34mPma9DEV.jpg,09:06PM,not_food,0.9501
receipt_image_664_jpg.rf.9WxDlRPyHn34mPma9DEV.jpg,69547,not_food,0.9583
receipt_image_664_jpg.rf.9WxDlRPyHn34mPma9DEV.jpg,19-03-18,not_food,0.9527
receipt_image_664_jpg.rf.9WxDlRPyHn34mPma9DEV.jpg,103 SUNQUICK OREN B40ML,not_food,0.9588
receipt_image_664_jpg.rf.9WxDlRPyHn34mPma9DEV.jpg,RM11.40 s,not_food,0.954
receipt_image_664_jpg.rf.9WxDlRPyHn34mPma9DEV.jpg,Total Sales (Inclusive GST) RH,not_food,0.8131
receipt_image_664_jpg.rf.9WxDlRPyHn34mPma9DEV.jpg,11.40,not_food,0.9584
receipt_image_664_jpg.rf.9WxDlRPyHn34mPma9DEV.jpg,11.40,not_food,0.9584
receipt_image_664_jpg.rf.9WxDlRPyHn34mPma9DEV.jpg,CHANGE RH,not_food,0.8795
receipt_image_664_jpg.rf.9WxDlRPyHn34mPma9DEV.jpg,.00,not_food,0.9566
receipt_image_664_jpg.rf.9WxDlRPyHn34mPma9DEV.jpg,GST Summary,not_food,0.9459
receipt_image_664_jpg.rf.9WxDlRPyHn34mPma9DEV.jpg,Tax(RM),not_food,0.8685
receipt_image_664_jpg.rf.9WxDlRPyHn34mPma9DEV.jpg,s =6%,not_food,0.8998
receipt_image_664_jpg.rf.9WxDlRPyHn34mPma9DEV.jpg,10.75,not_food,0.9562
receipt_image_664_jpg.rf.9WxDlRPyHn34mPma9DEV.jpg,-65,not_food,0.9508
